sensor_id,zone_id,timestamp,displacement_mm_day,vibration,pore_pressure,strain,rainfall_mm,risk_level
SNS-zone_01-01,zone_01,2025-08-22T00:00:00Z,12.32,0.028,39.76,127.35,29.1,safe
SNS-zone_02-01,zone_02,2025-08-22T00:00:00Z,10.88,0.03,38.76,124.97,29.1,safe
SNS-zone_03-01,zone_03,2025-08-22T00:00:00Z,14.6,0.03,46.55,152.24,29.1,safe
SNS-zone_04-01,zone_04,2025-08-22T00:00:00Z,14.72,0.027,39.27,147.29,29.1,safe
SNS-zone_05-01,zone_05,2025-08-22T00:00:00Z,9.43,0.027,34.56,119.54,29.1,safe
SNS-zone_06-01,zone_06,2025-08-22T00:00:00Z,69.85,0.209,78.47,521.12,29.1,warning
SNS-zone_07-01,zone_07,2025-08-22T00:00:00Z,73.35,0.224,75.95,522.95,29.1,warning
SNS-zone_08-01,zone_08,2025-08-22T00:00:00Z,67.56,0.204,76.84,534.23,29.1,warning
SNS-zone_09-01,zone_09,2025-08-22T00:00:00Z,12.31,0.035,34.94,121.73,29.1,safe
SNS-zone_10-01,zone_10,2025-08-22T00:00:00Z,69.26,0.201,79.46,556.83,29.1,warning
SNS-zone_11-01,zone_11,2025-08-22T00:00:00Z,75.23,0.308,125.26,868.11,29.1,warning
SNS-zone_12-01,zone_12,2025-08-22T00:00:00Z,75.47,0.313,123.23,866.43,29.1,warning
SNS-zone_13-01,zone_13,2025-08-22T00:00:00Z,9.37,0.018,35.63,114.69,29.1,safe
SNS-zone_14-01,zone_14,2025-08-22T00:00:00Z,11.42,0.032,38.05,119.57,29.1,safe
SNS-zone_15-01,zone_15,2025-08-22T00:00:00Z,10.56,0.024,40.31,113.19,29.1,safe
SNS-zone_16-01,zone_16,2025-08-22T00:00:00Z,12.2,0.031,44.55,131.22,29.1,safe
SNS-zone_01-01,zone_01,2025-08-23T00:00:00Z,13.99,0.033,42.56,133.52,14.6,safe
SNS-zone_02-01,zone_02,2025-08-23T00:00:00Z,12.91,0.03,41.55,131.03,14.6,safe
SNS-zone_03-01,zone_03,2025-08-23T00:00:00Z,16.95,0.036,49.13,161.06,14.6,safe
SNS-zone_04-01,zone_04,2025-08-23T00:00:00Z,17.92,0.037,42.49,147.66,14.6,safe
SNS-zone_05-01,zone_05,2025-08-23T00:00:00Z,14.9,0.027,35.5,130.15,14.6,safe
SNS-zone_06-01,zone_06,2025-08-23T00:00:00Z,75.21,0.213,81.36,531.84,14.6,warning
SNS-zone_07-01,zone_07,2025-08-23T00:00:00Z,75.5,0.22,79.62,542.95,14.6,warning
SNS-zone_08-01,zone_08,2025-08-23T00:00:00Z,68.46,0.202,79.05,541.89,14.6,warning
SNS-zone_09-01,zone_09,2025-08-23T00:00:00Z,11.76,0.029,36.28,124.74,14.6,safe
SNS-zone_10-01,zone_10,2025-08-23T00:00:00Z,70.22,0.215,82.51,563.38,14.6,warning
SNS-zone_11-01,zone_11,2025-08-23T00:00:00Z,120.5,0.443,133.63,1094.74,14.6,evacuation
SNS-zone_12-01,zone_12,2025-08-23T00:00:00Z,120.5,0.431,130.69,1094.84,14.6,evacuation
SNS-zone_13-01,zone_13,2025-08-23T00:00:00Z,13.0,0.027,35.31,125.36,14.6,safe
SNS-zone_14-01,zone_14,2025-08-23T00:00:00Z,12.09,0.03,40.3,128.2,14.6,safe
SNS-zone_15-01,zone_15,2025-08-23T00:00:00Z,14.13,0.031,42.86,138.63,14.6,safe
SNS-zone_16-01,zone_16,2025-08-23T00:00:00Z,14.35,0.028,46.89,131.99,14.6,safe
SNS-zone_01-01,zone_01,2025-08-24T00:00:00Z,18.29,0.027,44.01,148.28,28.6,safe
SNS-zone_02-01,zone_02,2025-08-24T00:00:00Z,19.95,0.04,43.68,152.89,28.6,safe
SNS-zone_03-01,zone_03,2025-08-24T00:00:00Z,52.8,0.081,54.27,247.73,28.6,warning
SNS-zone_04-01,zone_04,2025-08-24T00:00:00Z,52.57,0.081,44.59,245.96,28.6,warning
SNS-zone_05-01,zone_05,2025-08-24T00:00:00Z,18.98,0.034,40.82,147.04,28.6,safe
SNS-zone_06-01,zone_06,2025-08-24T00:00:00Z,85.91,0.241,89.14,555.35,28.6,warning
SNS-zone_07-01,zone_07,2025-08-24T00:00:00Z,83.91,0.238,84.81,578.69,28.6,warning
SNS-zone_08-01,zone_08,2025-08-24T00:00:00Z,139.01,0.319,91.17,780.0,28.6,evacuation
SNS-zone_09-01,zone_09,2025-08-24T00:00:00Z,18.15,0.033,39.83,142.24,28.6,safe
SNS-zone_10-01,zone_10,2025-08-24T00:00:00Z,136.29,0.325,93.43,780.0,28.6,evacuation
SNS-zone_11-01,zone_11,2025-08-24T00:00:00Z,120.5,0.438,156.48,1136.42,28.6,evacuation
SNS-zone_12-01,zone_12,2025-08-24T00:00:00Z,120.5,0.445,151.15,1118.81,28.6,evacuation
SNS-zone_13-01,zone_13,2025-08-24T00:00:00Z,19.16,0.038,37.78,144.36,28.6,safe
SNS-zone_14-01,zone_14,2025-08-24T00:00:00Z,17.48,0.043,42.5,144.82,28.6,safe
SNS-zone_15-01,zone_15,2025-08-24T00:00:00Z,18.4,0.034,47.14,155.36,28.6,safe
SNS-zone_16-01,zone_16,2025-08-24T00:00:00Z,18.79,0.027,47.89,144.7,28.6,safe
SNS-zone_01-01,zone_01,2025-08-25T00:00:00Z,17.48,0.035,41.95,139.04,7.8,safe
SNS-zone_02-01,zone_02,2025-08-25T00:00:00Z,18.87,0.031,44.29,149.72,7.8,safe
SNS-zone_03-01,zone_03,2025-08-25T00:00:00Z,51.85,0.074,54.72,246.92,7.8,warning
SNS-zone_04-01,zone_04,2025-08-25T00:00:00Z,51.75,0.076,45.19,232.66,7.8,warning
SNS-zone_05-01,zone_05,2025-08-25T00:00:00Z,17.72,0.027,39.86,143.6,7.8,safe
SNS-zone_06-01,zone_06,2025-08-25T00:00:00Z,80.08,0.231,89.03,565.37,7.8,warning
SNS-zone_07-01,zone_07,2025-08-25T00:00:00Z,80.02,0.23,88.63,556.37,7.8,warning
SNS-zone_08-01,zone_08,2025-08-25T00:00:00Z,140.19,0.327,89.5,777.92,7.8,evacuation
SNS-zone_09-01,zone_09,2025-08-25T00:00:00Z,18.6,0.038,39.04,143.33,7.8,safe
SNS-zone_10-01,zone_10,2025-08-25T00:00:00Z,137.66,0.319,97.35,780.0,7.8,evacuation
SNS-zone_11-01,zone_11,2025-08-25T00:00:00Z,120.5,0.423,151.49,1106.28,7.8,evacuation
SNS-zone_12-01,zone_12,2025-08-25T00:00:00Z,120.5,0.436,148.36,1131.33,7.8,evacuation
SNS-zone_13-01,zone_13,2025-08-25T00:00:00Z,17.47,0.036,38.04,138.3,7.8,safe
SNS-zone_14-01,zone_14,2025-08-25T00:00:00Z,19.18,0.037,42.25,144.51,7.8,safe
SNS-zone_15-01,zone_15,2025-08-25T00:00:00Z,17.12,0.036,44.02,140.26,7.8,safe
SNS-zone_16-01,zone_16,2025-08-25T00:00:00Z,18.42,0.037,51.23,156.05,7.8,safe
SNS-zone_01-01,zone_01,2025-08-26T00:00:00Z,14.71,0.03,41.39,141.68,1.7,safe
SNS-zone_02-01,zone_02,2025-08-26T00:00:00Z,15.32,0.034,42.61,136.51,1.7,safe
SNS-zone_03-01,zone_03,2025-08-26T00:00:00Z,52.16,0.079,52.92,246.36,1.7,warning
SNS-zone_04-01,zone_04,2025-08-26T00:00:00Z,49.96,0.075,44.42,228.98,1.7,safe
SNS-zone_05-01,zone_05,2025-08-26T00:00:00Z,17.21,0.032,37.47,134.46,1.7,safe
SNS-zone_06-01,zone_06,2025-08-26T00:00:00Z,74.93,0.211,86.85,554.8,1.7,warning
SNS-zone_07-01,zone_07,2025-08-26T00:00:00Z,80.73,0.231,85.12,558.27,1.7,warning
SNS-zone_08-01,zone_08,2025-08-26T00:00:00Z,135.93,0.323,84.73,768.18,1.7,evacuation
SNS-zone_09-01,zone_09,2025-08-26T00:00:00Z,15.56,0.031,38.04,129.58,1.7,safe
SNS-zone_10-01,zone_10,2025-08-26T00:00:00Z,132.4,0.334,86.43,774.21,1.7,evacuation
SNS-zone_11-01,zone_11,2025-08-26T00:00:00Z,120.5,0.435,146.76,1121.65,1.7,evacuation
SNS-zone_12-01,zone_12,2025-08-26T00:00:00Z,120.5,0.449,140.84,1092.32,1.7,evacuation
SNS-zone_13-01,zone_13,2025-08-26T00:00:00Z,16.15,0.033,34.44,132.89,1.7,safe
SNS-zone_14-01,zone_14,2025-08-26T00:00:00Z,15.83,0.035,42.25,138.27,1.7,safe
SNS-zone_15-01,zone_15,2025-08-26T00:00:00Z,15.01,0.033,42.77,140.92,1.7,safe
SNS-zone_16-01,zone_16,2025-08-26T00:00:00Z,16.63,0.034,47.41,144.54,1.7,safe
SNS-zone_01-01,zone_01,2025-08-27T00:00:00Z,12.86,0.03,41.2,129.0,1.2,safe
SNS-zone_02-01,zone_02,2025-08-27T00:00:00Z,14.02,0.037,42.41,136.52,1.2,safe
SNS-zone_03-01,zone_03,2025-08-27T00:00:00Z,17.41,0.032,48.07,156.07,1.2,safe
SNS-zone_04-01,zone_04,2025-08-27T00:00:00Z,17.24,0.03,40.39,144.87,1.2,safe
SNS-zone_05-01,zone_05,2025-08-27T00:00:00Z,13.03,0.028,36.28,117.34,1.2,safe
SNS-zone_06-01,zone_06,2025-08-27T00:00:00Z,76.69,0.226,84.24,538.66,1.2,warning
SNS-zone_07-01,zone_07,2025-08-27T00:00:00Z,74.1,0.219,81.39,515.6,1.2,warning
SNS-zone_08-01,zone_08,2025-08-27T00:00:00Z,72.35,0.209,79.68,572.65,1.2,warning
SNS-zone_09-01,zone_09,2025-08-27T00:00:00Z,13.53,0.032,33.38,123.86,1.2,safe
SNS-zone_10-01,zone_10,2025-08-27T00:00:00Z,71.49,0.199,84.17,557.26,1.2,warning
SNS-zone_11-01,zone_11,2025-08-27T00:00:00Z,120.5,0.465,136.97,1077.74,1.2,evacuation
SNS-zone_12-01,zone_12,2025-08-27T00:00:00Z,120.5,0.44,130.16,1070.82,1.2,evacuation
SNS-zone_13-01,zone_13,2025-08-27T00:00:00Z,11.95,0.035,35.82,121.31,1.2,safe
SNS-zone_14-01,zone_14,2025-08-27T00:00:00Z,14.24,0.03,42.36,133.71,1.2,safe
SNS-zone_15-01,zone_15,2025-08-27T00:00:00Z,14.41,0.031,43.57,134.5,1.2,safe
SNS-zone_16-01,zone_16,2025-08-27T00:00:00Z,13.16,0.028,46.28,142.6,1.2,safe
SNS-zone_01-01,zone_01,2025-08-28T00:00:00Z,13.69,0.029,39.29,128.69,4.9,safe
SNS-zone_02-01,zone_02,2025-08-28T00:00:00Z,15.47,0.025,40.82,139.3,4.9,safe
SNS-zone_03-01,zone_03,2025-08-28T00:00:00Z,16.62,0.034,48.88,156.38,4.9,safe
SNS-zone_04-01,zone_04,2025-08-28T00:00:00Z,17.72,0.03,39.94,141.99,4.9,safe
SNS-zone_05-01,zone_05,2025-08-28T00:00:00Z,13.35,0.03,36.6,126.72,4.9,safe
SNS-zone_06-01,zone_06,2025-08-28T00:00:00Z,71.36,0.205,81.39,534.49,4.9,warning
SNS-zone_07-01,zone_07,2025-08-28T00:00:00Z,73.54,0.22,80.68,517.95,4.9,warning
SNS-zone_08-01,zone_08,2025-08-28T00:00:00Z,69.97,0.218,81.54,551.29,4.9,warning
SNS-zone_09-01,zone_09,2025-08-28T00:00:00Z,13.67,0.03,36.73,119.5,4.9,safe
SNS-zone_10-01,zone_10,2025-08-28T00:00:00Z,71.48,0.203,85.65,568.73,4.9,warning
SNS-zone_11-01,zone_11,2025-08-28T00:00:00Z,120.5,0.424,132.94,1084.96,4.9,evacuation
SNS-zone_12-01,zone_12,2025-08-28T00:00:00Z,120.5,0.454,126.87,1097.66,4.9,evacuation
SNS-zone_13-01,zone_13,2025-08-28T00:00:00Z,13.15,0.031,35.67,125.86,4.9,safe
SNS-zone_14-01,zone_14,2025-08-28T00:00:00Z,13.5,0.025,42.72,132.01,4.9,safe
SNS-zone_15-01,zone_15,2025-08-28T00:00:00Z,12.66,0.026,42.16,127.34,4.9,safe
SNS-zone_16-01,zone_16,2025-08-28T00:00:00Z,13.49,0.026,46.83,145.41,4.9,safe
SNS-zone_01-01,zone_01,2025-08-29T00:00:00Z,14.82,0.027,39.91,134.41,6.7,safe
SNS-zone_02-01,zone_02,2025-08-29T00:00:00Z,13.64,0.033,41.4,138.44,6.7,safe
SNS-zone_03-01,zone_03,2025-08-29T00:00:00Z,15.39,0.035,47.27,147.77,6.7,safe
SNS-zone_04-01,zone_04,2025-08-29T00:00:00Z,17.67,0.034,40.31,146.76,6.7,safe
SNS-zone_05-01,zone_05,2025-08-29T00:00:00Z,13.18,0.028,37.63,125.73,6.7,safe
SNS-zone_06-01,zone_06,2025-08-29T00:00:00Z,73.75,0.215,80.46,533.46,6.7,warning
SNS-zone_07-01,zone_07,2025-08-29T00:00:00Z,75.19,0.201,79.79,549.72,6.7,warning
SNS-zone_08-01,zone_08,2025-08-29T00:00:00Z,72.32,0.212,81.31,554.74,6.7,warning
SNS-zone_09-01,zone_09,2025-08-29T00:00:00Z,12.37,0.034,35.01,122.45,6.7,safe
SNS-zone_10-01,zone_10,2025-08-29T00:00:00Z,70.29,0.2,87.2,571.28,6.7,warning
SNS-zone_11-01,zone_11,2025-08-29T00:00:00Z,120.5,0.463,133.78,1088.68,6.7,evacuation
SNS-zone_12-01,zone_12,2025-08-29T00:00:00Z,120.5,0.438,130.04,1095.17,6.7,evacuation
SNS-zone_13-01,zone_13,2025-08-29T00:00:00Z,13.15,0.036,36.41,128.32,6.7,safe
SNS-zone_14-01,zone_14,2025-08-29T00:00:00Z,13.63,0.028,37.46,131.53,6.7,safe
SNS-zone_15-01,zone_15,2025-08-29T00:00:00Z,13.01,0.027,44.41,140.0,6.7,safe
SNS-zone_16-01,zone_16,2025-08-29T00:00:00Z,12.61,0.035,44.27,134.5,6.7,safe
SNS-zone_01-01,zone_01,2025-08-30T00:00:00Z,13.05,0.022,42.13,133.48,9.7,safe
SNS-zone_02-01,zone_02,2025-08-30T00:00:00Z,13.04,0.026,40.77,130.32,9.7,safe
SNS-zone_03-01,zone_03,2025-08-30T00:00:00Z,17.5,0.042,47.29,153.4,9.7,safe
SNS-zone_04-01,zone_04,2025-08-30T00:00:00Z,16.5,0.036,41.64,148.21,9.7,safe
SNS-zone_05-01,zone_05,2025-08-30T00:00:00Z,15.15,0.032,37.53,130.13,9.7,safe
SNS-zone_06-01,zone_06,2025-08-30T00:00:00Z,73.61,0.214,84.03,529.89,9.7,warning
SNS-zone_07-01,zone_07,2025-08-30T00:00:00Z,75.31,0.205,80.14,547.28,9.7,warning
SNS-zone_08-01,zone_08,2025-08-30T00:00:00Z,72.29,0.219,82.28,557.92,9.7,warning
SNS-zone_09-01,zone_09,2025-08-30T00:00:00Z,14.04,0.028,37.83,130.22,9.7,safe
SNS-zone_10-01,zone_10,2025-08-30T00:00:00Z,72.66,0.217,85.28,574.52,9.7,warning
SNS-zone_11-01,zone_11,2025-08-30T00:00:00Z,120.5,0.445,131.77,1077.19,9.7,evacuation
SNS-zone_12-01,zone_12,2025-08-30T00:00:00Z,120.5,0.457,134.51,1084.59,9.7,evacuation
SNS-zone_13-01,zone_13,2025-08-30T00:00:00Z,15.89,0.039,37.22,131.46,9.7,safe
SNS-zone_14-01,zone_14,2025-08-30T00:00:00Z,13.09,0.031,40.09,131.04,9.7,safe
SNS-zone_15-01,zone_15,2025-08-30T00:00:00Z,14.74,0.033,43.5,142.04,9.7,safe
SNS-zone_16-01,zone_16,2025-08-30T00:00:00Z,12.17,0.016,47.94,137.95,9.7,safe
SNS-zone_01-01,zone_01,2025-08-31T00:00:00Z,12.69,0.03,38.45,130.71,1.3,safe
SNS-zone_02-01,zone_02,2025-08-31T00:00:00Z,13.01,0.031,39.27,136.09,1.3,safe
SNS-zone_03-01,zone_03,2025-08-31T00:00:00Z,16.44,0.026,48.75,155.16,1.3,safe
SNS-zone_04-01,zone_04,2025-08-31T00:00:00Z,16.94,0.04,39.96,140.79,1.3,safe
SNS-zone_05-01,zone_05,2025-08-31T00:00:00Z,11.74,0.022,36.29,123.18,1.3,safe
SNS-zone_06-01,zone_06,2025-08-31T00:00:00Z,72.69,0.214,84.2,541.9,1.3,warning
SNS-zone_07-01,zone_07,2025-08-31T00:00:00Z,73.06,0.212,82.43,531.14,1.3,warning
SNS-zone_08-01,zone_08,2025-08-31T00:00:00Z,72.36,0.22,77.02,571.74,1.3,warning
SNS-zone_09-01,zone_09,2025-08-31T00:00:00Z,12.88,0.032,35.96,119.92,1.3,safe
SNS-zone_10-01,zone_10,2025-08-31T00:00:00Z,67.97,0.209,83.53,556.03,1.3,warning
SNS-zone_11-01,zone_11,2025-08-31T00:00:00Z,120.5,0.437,129.04,1078.31,1.3,evacuation
SNS-zone_12-01,zone_12,2025-08-31T00:00:00Z,120.5,0.443,128.53,1068.96,1.3,evacuation
SNS-zone_13-01,zone_13,2025-08-31T00:00:00Z,12.82,0.027,34.21,126.33,1.3,safe
SNS-zone_14-01,zone_14,2025-08-31T00:00:00Z,13.89,0.031,38.48,127.31,1.3,safe
SNS-zone_15-01,zone_15,2025-08-31T00:00:00Z,12.84,0.023,43.08,140.05,1.3,safe
SNS-zone_16-01,zone_16,2025-08-31T00:00:00Z,13.43,0.03,45.99,137.66,1.3,safe
SNS-zone_01-01,zone_01,2025-09-01T00:00:00Z,12.49,0.026,40.05,123.11,7.1,safe
SNS-zone_02-01,zone_02,2025-09-01T00:00:00Z,13.09,0.027,38.66,133.72,7.1,safe
SNS-zone_03-01,zone_03,2025-09-01T00:00:00Z,16.54,0.051,50.31,158.76,7.1,safe
SNS-zone_04-01,zone_04,2025-09-01T00:00:00Z,16.1,0.034,40.79,144.11,7.1,safe
SNS-zone_05-01,zone_05,2025-09-01T00:00:00Z,13.02,0.03,33.89,122.0,7.1,safe
SNS-zone_06-01,zone_06,2025-09-01T00:00:00Z,72.86,0.218,80.21,526.8,7.1,warning
SNS-zone_07-01,zone_07,2025-09-01T00:00:00Z,74.8,0.22,78.49,523.21,7.1,warning
SNS-zone_08-01,zone_08,2025-09-01T00:00:00Z,70.1,0.223,81.08,563.96,7.1,warning
SNS-zone_09-01,zone_09,2025-09-01T00:00:00Z,13.39,0.023,36.25,130.85,7.1,safe
SNS-zone_10-01,zone_10,2025-09-01T00:00:00Z,70.11,0.201,83.44,551.0,7.1,warning
SNS-zone_11-01,zone_11,2025-09-01T00:00:00Z,120.5,0.439,133.92,1092.98,7.1,evacuation
SNS-zone_12-01,zone_12,2025-09-01T00:00:00Z,120.5,0.419,127.57,1096.28,7.1,evacuation
SNS-zone_13-01,zone_13,2025-09-01T00:00:00Z,13.46,0.036,35.38,123.38,7.1,safe
SNS-zone_14-01,zone_14,2025-09-01T00:00:00Z,12.67,0.023,40.27,128.94,7.1,safe
SNS-zone_15-01,zone_15,2025-09-01T00:00:00Z,12.96,0.032,41.98,128.52,7.1,safe
SNS-zone_16-01,zone_16,2025-09-01T00:00:00Z,12.1,0.027,45.25,135.55,7.1,safe
SNS-zone_01-01,zone_01,2025-09-02T00:00:00Z,17.76,0.027,42.72,145.99,23.6,safe
SNS-zone_02-01,zone_02,2025-09-02T00:00:00Z,16.93,0.036,42.67,139.42,23.6,safe
SNS-zone_03-01,zone_03,2025-09-02T00:00:00Z,53.03,0.08,50.78,247.36,23.6,warning
SNS-zone_04-01,zone_04,2025-09-02T00:00:00Z,50.79,0.08,45.26,233.24,23.6,warning
SNS-zone_05-01,zone_05,2025-09-02T00:00:00Z,16.13,0.028,38.65,136.06,23.6,safe
SNS-zone_06-01,zone_06,2025-09-02T00:00:00Z,81.36,0.221,89.9,577.57,23.6,warning
SNS-zone_07-01,zone_07,2025-09-02T00:00:00Z,79.68,0.229,85.47,577.34,23.6,warning
SNS-zone_08-01,zone_08,2025-09-02T00:00:00Z,135.65,0.324,86.09,760.97,23.6,evacuation
SNS-zone_09-01,zone_09,2025-09-02T00:00:00Z,16.23,0.029,38.18,128.7,23.6,safe
SNS-zone_10-01,zone_10,2025-09-02T00:00:00Z,137.8,0.336,87.44,780.0,23.6,evacuation
SNS-zone_11-01,zone_11,2025-09-02T00:00:00Z,120.5,0.44,151.29,1118.5,23.6,evacuation
SNS-zone_12-01,zone_12,2025-09-02T00:00:00Z,120.5,0.431,142.56,1072.67,23.6,evacuation
SNS-zone_13-01,zone_13,2025-09-02T00:00:00Z,18.47,0.035,36.01,142.94,23.6,safe
SNS-zone_14-01,zone_14,2025-09-02T00:00:00Z,16.78,0.036,43.67,145.45,23.6,safe
SNS-zone_15-01,zone_15,2025-09-02T00:00:00Z,16.39,0.039,42.6,133.2,23.6,safe
SNS-zone_16-01,zone_16,2025-09-02T00:00:00Z,16.82,0.027,49.07,145.9,23.6,safe
SNS-zone_01-01,zone_01,2025-09-03T00:00:00Z,19.79,0.039,46.01,150.41,22.6,safe
SNS-zone_02-01,zone_02,2025-09-03T00:00:00Z,20.44,0.036,44.77,149.74,22.6,safe
SNS-zone_03-01,zone_03,2025-09-03T00:00:00Z,52.7,0.08,56.19,251.91,22.6,warning
SNS-zone_04-01,zone_04,2025-09-03T00:00:00Z,53.76,0.078,45.52,250.84,22.6,warning
SNS-zone_05-01,zone_05,2025-09-03T00:00:00Z,19.02,0.032,42.37,146.46,22.6,safe
SNS-zone_06-01,zone_06,2025-09-03T00:00:00Z,85.26,0.233,91.52,584.96,22.6,warning
SNS-zone_07-01,zone_07,2025-09-03T00:00:00Z,88.06,0.255,92.51,581.12,22.6,warning
SNS-zone_08-01,zone_08,2025-09-03T00:00:00Z,142.53,0.333,92.48,780.0,22.6,evacuation
SNS-zone_09-01,zone_09,2025-09-03T00:00:00Z,20.59,0.041,43.46,159.89,22.6,safe
SNS-zone_10-01,zone_10,2025-09-03T00:00:00Z,136.38,0.328,98.38,780.0,22.6,evacuation
SNS-zone_11-01,zone_11,2025-09-03T00:00:00Z,120.5,0.448,158.33,1124.83,22.6,evacuation
SNS-zone_12-01,zone_12,2025-09-03T00:00:00Z,120.5,0.466,159.26,1155.75,22.6,evacuation
SNS-zone_13-01,zone_13,2025-09-03T00:00:00Z,19.7,0.036,39.02,144.64,22.6,safe
SNS-zone_14-01,zone_14,2025-09-03T00:00:00Z,19.94,0.032,43.41,155.95,22.6,safe
SNS-zone_15-01,zone_15,2025-09-03T00:00:00Z,21.83,0.041,46.27,161.51,22.6,safe
SNS-zone_16-01,zone_16,2025-09-03T00:00:00Z,21.15,0.04,47.83,156.55,22.6,safe
SNS-zone_01-01,zone_01,2025-09-04T00:00:00Z,28.19,0.045,52.28,176.81,42.0,safe
SNS-zone_02-01,zone_02,2025-09-04T00:00:00Z,27.15,0.043,50.58,182.7,42.0,safe
SNS-zone_03-01,zone_03,2025-09-04T00:00:00Z,56.86,0.079,61.25,260.0,42.0,warning
SNS-zone_04-01,zone_04,2025-09-04T00:00:00Z,55.33,0.082,52.67,259.56,42.0,warning
SNS-zone_05-01,zone_05,2025-09-04T00:00:00Z,27.18,0.048,46.06,168.82,42.0,safe
SNS-zone_06-01,zone_06,2025-09-04T00:00:00Z,97.13,0.264,104.73,638.06,42.0,warning
SNS-zone_07-01,zone_07,2025-09-04T00:00:00Z,97.37,0.263,98.98,626.75,42.0,warning
SNS-zone_08-01,zone_08,2025-09-04T00:00:00Z,149.98,0.347,99.75,780.0,42.0,evacuation
SNS-zone_09-01,zone_09,2025-09-04T00:00:00Z,27.14,0.047,43.44,170.28,42.0,safe
SNS-zone_10-01,zone_10,2025-09-04T00:00:00Z,150.53,0.351,112.82,780.0,42.0,evacuation
SNS-zone_11-01,zone_11,2025-09-04T00:00:00Z,120.5,0.445,192.71,1192.63,42.0,evacuation
SNS-zone_12-01,zone_12,2025-09-04T00:00:00Z,120.5,0.416,189.19,1191.53,42.0,evacuation
SNS-zone_13-01,zone_13,2025-09-04T00:00:00Z,29.02,0.044,45.22,175.18,42.0,safe
SNS-zone_14-01,zone_14,2025-09-04T00:00:00Z,26.85,0.045,51.62,171.5,42.0,safe
SNS-zone_15-01,zone_15,2025-09-04T00:00:00Z,26.61,0.044,50.81,176.84,42.0,safe
SNS-zone_16-01,zone_16,2025-09-04T00:00:00Z,27.0,0.044,57.1,180.09,42.0,safe
SNS-zone_01-01,zone_01,2025-09-05T00:00:00Z,24.64,0.041,48.79,165.89,2.6,safe
SNS-zone_02-01,zone_02,2025-09-05T00:00:00Z,24.61,0.035,47.64,160.78,2.6,safe
SNS-zone_03-01,zone_03,2025-09-05T00:00:00Z,55.69,0.083,59.2,260.0,2.6,warning
SNS-zone_04-01,zone_04,2025-09-05T00:00:00Z,54.17,0.082,49.68,243.4,2.6,warning
SNS-zone_05-01,zone_05,2025-09-05T00:00:00Z,24.27,0.036,43.13,156.77,2.6,safe
SNS-zone_06-01,zone_06,2025-09-05T00:00:00Z,95.85,0.24,94.25,616.82,2.6,warning
SNS-zone_07-01,zone_07,2025-09-05T00:00:00Z,92.42,0.242,97.99,613.57,2.6,warning
SNS-zone_08-01,zone_08,2025-09-05T00:00:00Z,149.9,0.348,98.41,780.0,2.6,evacuation
SNS-zone_09-01,zone_09,2025-09-05T00:00:00Z,22.65,0.039,41.78,168.48,2.6,safe
SNS-zone_10-01,zone_10,2025-09-05T00:00:00Z,144.65,0.337,105.59,780.0,2.6,evacuation
SNS-zone_11-01,zone_11,2025-09-05T00:00:00Z,120.5,0.455,179.33,1182.89,2.6,evacuation
SNS-zone_12-01,zone_12,2025-09-05T00:00:00Z,120.5,0.451,169.77,1163.18,2.6,evacuation
SNS-zone_13-01,zone_13,2025-09-05T00:00:00Z,23.71,0.036,41.0,152.89,2.6,safe
SNS-zone_14-01,zone_14,2025-09-05T00:00:00Z,22.33,0.041,49.32,162.28,2.6,safe
SNS-zone_15-01,zone_15,2025-09-05T00:00:00Z,22.65,0.047,47.48,157.74,2.6,safe
SNS-zone_16-01,zone_16,2025-09-05T00:00:00Z,25.37,0.045,52.61,180.02,2.6,safe
SNS-zone_01-01,zone_01,2025-09-06T00:00:00Z,20.82,0.043,45.53,158.29,6.1,safe
SNS-zone_02-01,zone_02,2025-09-06T00:00:00Z,22.78,0.05,44.17,156.06,6.1,safe
SNS-zone_03-01,zone_03,2025-09-06T00:00:00Z,54.38,0.088,56.92,260.0,6.1,warning
SNS-zone_04-01,zone_04,2025-09-06T00:00:00Z,53.52,0.08,45.04,246.62,6.1,warning
SNS-zone_05-01,zone_05,2025-09-06T00:00:00Z,21.52,0.038,41.89,155.23,6.1,safe
SNS-zone_06-01,zone_06,2025-09-06T00:00:00Z,89.23,0.252,95.09,599.09,6.1,warning
SNS-zone_07-01,zone_07,2025-09-06T00:00:00Z,90.27,0.258,91.46,603.44,6.1,warning
SNS-zone_08-01,zone_08,2025-09-06T00:00:00Z,143.24,0.339,93.33,780.0,6.1,evacuation
SNS-zone_09-01,zone_09,2025-09-06T00:00:00Z,21.86,0.04,41.01,151.61,6.1,safe
SNS-zone_10-01,zone_10,2025-09-06T00:00:00Z,141.45,0.343,98.79,780.0,6.1,evacuation
SNS-zone_11-01,zone_11,2025-09-06T00:00:00Z,120.5,0.442,169.81,1142.42,6.1,evacuation
SNS-zone_12-01,zone_12,2025-09-06T00:00:00Z,120.5,0.459,162.39,1160.28,6.1,evacuation
SNS-zone_13-01,zone_13,2025-09-06T00:00:00Z,22.01,0.042,42.97,151.77,6.1,safe
SNS-zone_14-01,zone_14,2025-09-06T00:00:00Z,22.08,0.037,45.32,154.97,6.1,safe
SNS-zone_15-01,zone_15,2025-09-06T00:00:00Z,21.94,0.038,50.33,163.61,6.1,safe
SNS-zone_16-01,zone_16,2025-09-06T00:00:00Z,21.63,0.038,52.92,166.32,6.1,safe
SNS-zone_01-01,zone_01,2025-09-07T00:00:00Z,21.3,0.036,45.83,157.99,7.9,safe
SNS-zone_02-01,zone_02,2025-09-07T00:00:00Z,20.65,0.046,44.5,159.67,7.9,safe
SNS-zone_03-01,zone_03,2025-09-07T00:00:00Z,53.75,0.085,56.41,257.46,7.9,warning
SNS-zone_04-01,zone_04,2025-09-07T00:00:00Z,54.04,0.08,48.88,246.14,7.9,warning
SNS-zone_05-01,zone_05,2025-09-07T00:00:00Z,19.2,0.035,41.2,153.96,7.9,safe
SNS-zone_06-01,zone_06,2025-09-07T00:00:00Z,87.48,0.24,94.22,596.68,7.9,warning
SNS-zone_07-01,zone_07,2025-09-07T00:00:00Z,88.07,0.251,90.64,587.64,7.9,warning
SNS-zone_08-01,zone_08,2025-09-07T00:00:00Z,141.62,0.339,92.47,780.0,7.9,evacuation
SNS-zone_09-01,zone_09,2025-09-07T00:00:00Z,20.4,0.037,42.28,145.82,7.9,safe
SNS-zone_10-01,zone_10,2025-09-07T00:00:00Z,140.83,0.34,98.55,780.0,7.9,evacuation
SNS-zone_11-01,zone_11,2025-09-07T00:00:00Z,120.5,0.445,167.34,1117.64,7.9,evacuation
SNS-zone_12-01,zone_12,2025-09-07T00:00:00Z,120.5,0.45,161.82,1154.39,7.9,evacuation
SNS-zone_13-01,zone_13,2025-09-07T00:00:00Z,19.62,0.043,38.31,141.03,7.9,safe
SNS-zone_14-01,zone_14,2025-09-07T00:00:00Z,19.6,0.035,44.25,150.53,7.9,safe
SNS-zone_15-01,zone_15,2025-09-07T00:00:00Z,21.6,0.035,45.69,164.6,7.9,safe
SNS-zone_16-01,zone_16,2025-09-07T00:00:00Z,21.46,0.039,48.79,162.3,7.9,safe
SNS-zone_01-01,zone_01,2025-09-08T00:00:00Z,20.17,0.043,45.2,153.0,5.8,safe
SNS-zone_02-01,zone_02,2025-09-08T00:00:00Z,19.91,0.039,46.63,158.18,5.8,safe
SNS-zone_03-01,zone_03,2025-09-08T00:00:00Z,53.13,0.079,54.31,252.23,5.8,warning
SNS-zone_04-01,zone_04,2025-09-08T00:00:00Z,51.27,0.074,45.3,233.78,5.8,warning
SNS-zone_05-01,zone_05,2025-09-08T00:00:00Z,18.28,0.03,40.8,144.98,5.8,safe
SNS-zone_06-01,zone_06,2025-09-08T00:00:00Z,82.15,0.231,93.71,576.96,5.8,warning
SNS-zone_07-01,zone_07,2025-09-08T00:00:00Z,84.68,0.243,91.34,577.67,5.8,warning
SNS-zone_08-01,zone_08,2025-09-08T00:00:00Z,140.29,0.324,85.86,780.0,5.8,evacuation
SNS-zone_09-01,zone_09,2025-09-08T00:00:00Z,20.08,0.038,39.37,151.2,5.8,safe
SNS-zone_10-01,zone_10,2025-09-08T00:00:00Z,138.82,0.335,94.33,780.0,5.8,evacuation
SNS-zone_11-01,zone_11,2025-09-08T00:00:00Z,120.5,0.439,156.62,1148.12,5.8,evacuation
SNS-zone_12-01,zone_12,2025-09-08T00:00:00Z,120.5,0.438,154.19,1126.28,5.8,evacuation
SNS-zone_13-01,zone_13,2025-09-08T00:00:00Z,16.99,0.032,38.53,143.01,5.8,safe
SNS-zone_14-01,zone_14,2025-09-08T00:00:00Z,19.2,0.035,42.83,140.91,5.8,safe
SNS-zone_15-01,zone_15,2025-09-08T00:00:00Z,18.58,0.04,45.66,148.15,5.8,safe
SNS-zone_16-01,zone_16,2025-09-08T00:00:00Z,17.74,0.036,49.3,147.89,5.8,safe
SNS-zone_01-01,zone_01,2025-09-09T00:00:00Z,17.3,0.033,39.93,140.8,1.6,safe
SNS-zone_02-01,zone_02,2025-09-09T00:00:00Z,16.2,0.033,43.59,138.56,1.6,safe
SNS-zone_03-01,zone_03,2025-09-09T00:00:00Z,51.73,0.078,53.14,247.64,1.6,warning
SNS-zone_04-01,zone_04,2025-09-09T00:00:00Z,51.57,0.07,41.15,232.31,1.6,warning
SNS-zone_05-01,zone_05,2025-09-09T00:00:00Z,16.36,0.036,39.04,137.33,1.6,safe
SNS-zone_06-01,zone_06,2025-09-09T00:00:00Z,79.08,0.226,88.48,545.07,1.6,warning
SNS-zone_07-01,zone_07,2025-09-09T00:00:00Z,79.32,0.223,86.88,546.89,1.6,warning
SNS-zone_08-01,zone_08,2025-09-09T00:00:00Z,136.65,0.313,83.21,771.99,1.6,evacuation
SNS-zone_09-01,zone_09,2025-09-09T00:00:00Z,15.66,0.034,37.21,133.58,1.6,safe
SNS-zone_10-01,zone_10,2025-09-09T00:00:00Z,132.24,0.31,87.96,765.8,1.6,evacuation
SNS-zone_11-01,zone_11,2025-09-09T00:00:00Z,120.5,0.435,147.27,1099.82,1.6,evacuation
SNS-zone_12-01,zone_12,2025-09-09T00:00:00Z,120.5,0.459,143.18,1102.63,1.6,evacuation
SNS-zone_13-01,zone_13,2025-09-09T00:00:00Z,16.39,0.035,35.3,135.25,1.6,safe
SNS-zone_14-01,zone_14,2025-09-09T00:00:00Z,15.78,0.033,44.64,147.11,1.6,safe
SNS-zone_15-01,zone_15,2025-09-09T00:00:00Z,17.02,0.033,42.63,145.65,1.6,safe
SNS-zone_16-01,zone_16,2025-09-09T00:00:00Z,16.47,0.03,47.14,145.96,1.6,safe
SNS-zone_01-01,zone_01,2025-09-10T00:00:00Z,13.14,0.031,41.77,131.62,1.5,safe
SNS-zone_02-01,zone_02,2025-09-10T00:00:00Z,14.37,0.035,41.2,137.6,1.5,safe
SNS-zone_03-01,zone_03,2025-09-10T00:00:00Z,19.54,0.037,53.15,171.09,1.5,safe
SNS-zone_04-01,zone_04,2025-09-10T00:00:00Z,19.32,0.037,42.62,155.35,1.5,safe
SNS-zone_05-01,zone_05,2025-09-10T00:00:00Z,14.19,0.039,35.81,130.27,1.5,safe
SNS-zone_06-01,zone_06,2025-09-10T00:00:00Z,79.15,0.234,84.63,543.69,1.5,warning
SNS-zone_07-01,zone_07,2025-09-10T00:00:00Z,78.64,0.215,85.3,544.3,1.5,warning
SNS-zone_08-01,zone_08,2025-09-10T00:00:00Z,130.22,0.318,82.85,753.8,1.5,evacuation
SNS-zone_09-01,zone_09,2025-09-10T00:00:00Z,14.35,0.031,37.3,128.1,1.5,safe
SNS-zone_10-01,zone_10,2025-09-10T00:00:00Z,133.18,0.315,88.22,771.01,1.5,evacuation
SNS-zone_11-01,zone_11,2025-09-10T00:00:00Z,120.5,0.442,135.94,1093.12,1.5,evacuation
SNS-zone_12-01,zone_12,2025-09-10T00:00:00Z,120.5,0.444,137.32,1114.04,1.5,evacuation
SNS-zone_13-01,zone_13,2025-09-10T00:00:00Z,14.05,0.028,38.58,131.35,1.5,safe
SNS-zone_14-01,zone_14,2025-09-10T00:00:00Z,13.68,0.036,39.86,132.23,1.5,safe
SNS-zone_15-01,zone_15,2025-09-10T00:00:00Z,14.85,0.025,43.99,143.9,1.5,safe
SNS-zone_16-01,zone_16,2025-09-10T00:00:00Z,13.44,0.032,45.34,136.55,1.5,safe
SNS-zone_01-01,zone_01,2025-09-11T00:00:00Z,15.39,0.03,44.22,137.34,12.3,safe
SNS-zone_02-01,zone_02,2025-09-11T00:00:00Z,16.98,0.033,42.21,137.63,12.3,safe
SNS-zone_03-01,zone_03,2025-09-11T00:00:00Z,51.93,0.083,51.18,249.74,12.3,warning
SNS-zone_04-01,zone_04,2025-09-11T00:00:00Z,51.71,0.074,43.66,237.89,12.3,warning
SNS-zone_05-01,zone_05,2025-09-11T00:00:00Z,16.27,0.041,37.8,135.21,12.3,safe
SNS-zone_06-01,zone_06,2025-09-11T00:00:00Z,78.28,0.22,90.0,548.33,12.3,warning
SNS-zone_07-01,zone_07,2025-09-11T00:00:00Z,77.14,0.216,86.62,554.48,12.3,warning
SNS-zone_08-01,zone_08,2025-09-11T00:00:00Z,138.16,0.329,85.38,770.72,12.3,evacuation
SNS-zone_09-01,zone_09,2025-09-11T00:00:00Z,14.92,0.036,35.44,127.29,12.3,safe
SNS-zone_10-01,zone_10,2025-09-11T00:00:00Z,140.28,0.336,92.33,780.0,12.3,evacuation
SNS-zone_11-01,zone_11,2025-09-11T00:00:00Z,120.5,0.462,140.51,1120.68,12.3,evacuation
SNS-zone_12-01,zone_12,2025-09-11T00:00:00Z,120.5,0.437,143.67,1108.62,12.3,evacuation
SNS-zone_13-01,zone_13,2025-09-11T00:00:00Z,16.51,0.034,35.19,135.18,12.3,safe
SNS-zone_14-01,zone_14,2025-09-11T00:00:00Z,15.74,0.034,40.83,141.72,12.3,safe
SNS-zone_15-01,zone_15,2025-09-11T00:00:00Z,15.74,0.028,43.22,129.64,12.3,safe
SNS-zone_16-01,zone_16,2025-09-11T00:00:00Z,15.78,0.028,45.24,143.76,12.3,safe
SNS-zone_01-01,zone_01,2025-09-12T00:00:00Z,20.43,0.04,46.77,153.35,26.6,safe
SNS-zone_02-01,zone_02,2025-09-12T00:00:00Z,18.67,0.035,44.09,147.98,26.6,safe
SNS-zone_03-01,zone_03,2025-09-12T00:00:00Z,52.89,0.077,55.58,247.36,26.6,warning
SNS-zone_04-01,zone_04,2025-09-12T00:00:00Z,54.03,0.088,46.62,243.63,26.6,warning
SNS-zone_05-01,zone_05,2025-09-12T00:00:00Z,20.24,0.027,38.64,139.58,26.6,safe
SNS-zone_06-01,zone_06,2025-09-12T00:00:00Z,87.3,0.252,92.39,585.26,26.6,warning
SNS-zone_07-01,zone_07,2025-09-12T00:00:00Z,85.3,0.238,94.42,595.78,26.6,warning
SNS-zone_08-01,zone_08,2025-09-12T00:00:00Z,141.6,0.333,90.6,780.0,26.6,evacuation
SNS-zone_09-01,zone_09,2025-09-12T00:00:00Z,20.31,0.043,39.59,148.19,26.6,safe
SNS-zone_10-01,zone_10,2025-09-12T00:00:00Z,140.21,0.324,98.13,780.0,26.6,evacuation
SNS-zone_11-01,zone_11,2025-09-12T00:00:00Z,120.5,0.445,162.73,1128.53,26.6,evacuation
SNS-zone_12-01,zone_12,2025-09-12T00:00:00Z,120.5,0.445,157.74,1119.03,26.6,evacuation
SNS-zone_13-01,zone_13,2025-09-12T00:00:00Z,19.62,0.037,40.05,142.11,26.6,safe
SNS-zone_14-01,zone_14,2025-09-12T00:00:00Z,20.24,0.037,42.32,156.19,26.6,safe
SNS-zone_15-01,zone_15,2025-09-12T00:00:00Z,20.92,0.035,45.61,152.56,26.6,safe
SNS-zone_16-01,zone_16,2025-09-12T00:00:00Z,19.86,0.036,51.82,159.25,26.6,safe
SNS-zone_01-01,zone_01,2025-09-13T00:00:00Z,18.71,0.034,44.14,145.66,2.8,safe
SNS-zone_02-01,zone_02,2025-09-13T00:00:00Z,18.44,0.043,45.31,145.01,2.8,safe
SNS-zone_03-01,zone_03,2025-09-13T00:00:00Z,51.72,0.076,55.43,253.39,2.8,warning
SNS-zone_04-01,zone_04,2025-09-13T00:00:00Z,52.12,0.078,43.95,235.36,2.8,warning
SNS-zone_05-01,zone_05,2025-09-13T00:00:00Z,18.05,0.034,39.68,140.83,2.8,safe
SNS-zone_06-01,zone_06,2025-09-13T00:00:00Z,80.01,0.208,86.98,568.64,2.8,warning
SNS-zone_07-01,zone_07,2025-09-13T00:00:00Z,79.66,0.224,88.3,542.94,2.8,warning
SNS-zone_08-01,zone_08,2025-09-13T00:00:00Z,135.37,0.328,86.57,780.0,2.8,evacuation
SNS-zone_09-01,zone_09,2025-09-13T00:00:00Z,17.89,0.032,40.92,141.06,2.8,safe
SNS-zone_10-01,zone_10,2025-09-13T00:00:00Z,138.41,0.309,91.44,780.0,2.8,evacuation
SNS-zone_11-01,zone_11,2025-09-13T00:00:00Z,120.5,0.44,150.27,1133.37,2.8,evacuation
SNS-zone_12-01,zone_12,2025-09-13T00:00:00Z,120.5,0.433,146.73,1129.99,2.8,evacuation
SNS-zone_13-01,zone_13,2025-09-13T00:00:00Z,19.22,0.036,39.65,147.94,2.8,safe
SNS-zone_14-01,zone_14,2025-09-13T00:00:00Z,18.25,0.028,39.43,141.38,2.8,safe
SNS-zone_15-01,zone_15,2025-09-13T00:00:00Z,16.64,0.032,46.06,137.33,2.8,safe
SNS-zone_16-01,zone_16,2025-09-13T00:00:00Z,18.74,0.035,46.51,147.32,2.8,safe
SNS-zone_01-01,zone_01,2025-09-14T00:00:00Z,18.62,0.037,44.93,150.3,17.9,safe
SNS-zone_02-01,zone_02,2025-09-14T00:00:00Z,20.26,0.033,46.18,153.51,17.9,safe
SNS-zone_03-01,zone_03,2025-09-14T00:00:00Z,51.99,0.065,56.35,252.94,17.9,warning
SNS-zone_04-01,zone_04,2025-09-14T00:00:00Z,52.47,0.079,43.91,234.51,17.9,warning
SNS-zone_05-01,zone_05,2025-09-14T00:00:00Z,19.59,0.034,44.22,152.7,17.9,safe
SNS-zone_06-01,zone_06,2025-09-14T00:00:00Z,90.5,0.237,91.43,598.47,17.9,warning
SNS-zone_07-01,zone_07,2025-09-14T00:00:00Z,84.14,0.239,91.35,570.0,17.9,warning
SNS-zone_08-01,zone_08,2025-09-14T00:00:00Z,139.59,0.323,92.13,780.0,17.9,evacuation
SNS-zone_09-01,zone_09,2025-09-14T00:00:00Z,19.45,0.038,40.08,147.98,17.9,safe
SNS-zone_10-01,zone_10,2025-09-14T00:00:00Z,140.13,0.336,98.01,780.0,17.9,evacuation
SNS-zone_11-01,zone_11,2025-09-14T00:00:00Z,120.5,0.455,162.91,1150.12,17.9,evacuation
SNS-zone_12-01,zone_12,2025-09-14T00:00:00Z,120.5,0.457,160.71,1127.77,17.9,evacuation
SNS-zone_13-01,zone_13,2025-09-14T00:00:00Z,19.8,0.037,39.65,142.04,17.9,safe
SNS-zone_14-01,zone_14,2025-09-14T00:00:00Z,20.57,0.034,41.95,147.59,17.9,safe
SNS-zone_15-01,zone_15,2025-09-14T00:00:00Z,18.67,0.039,44.6,151.15,17.9,safe
SNS-zone_16-01,zone_16,2025-09-14T00:00:00Z,20.96,0.036,50.58,156.63,17.9,safe
SNS-zone_01-01,zone_01,2025-09-15T00:00:00Z,19.76,0.035,45.52,146.84,12.3,safe
SNS-zone_02-01,zone_02,2025-09-15T00:00:00Z,20.82,0.044,44.37,161.32,12.3,safe
SNS-zone_03-01,zone_03,2025-09-15T00:00:00Z,51.67,0.08,55.88,256.07,12.3,warning
SNS-zone_04-01,zone_04,2025-09-15T00:00:00Z,53.5,0.087,47.32,236.03,12.3,warning
SNS-zone_05-01,zone_05,2025-09-15T00:00:00Z,19.76,0.044,40.96,145.84,12.3,safe
SNS-zone_06-01,zone_06,2025-09-15T00:00:00Z,86.02,0.243,91.93,586.65,12.3,warning
SNS-zone_07-01,zone_07,2025-09-15T00:00:00Z,85.89,0.228,92.17,591.53,12.3,warning
SNS-zone_08-01,zone_08,2025-09-15T00:00:00Z,138.35,0.319,91.39,780.0,12.3,evacuation
SNS-zone_09-01,zone_09,2025-09-15T00:00:00Z,20.96,0.039,41.16,158.03,12.3,safe
SNS-zone_10-01,zone_10,2025-09-15T00:00:00Z,135.97,0.321,94.86,780.0,12.3,evacuation
SNS-zone_11-01,zone_11,2025-09-15T00:00:00Z,120.5,0.452,159.05,1137.01,12.3,evacuation
SNS-zone_12-01,zone_12,2025-09-15T00:00:00Z,120.5,0.438,155.96,1126.08,12.3,evacuation
SNS-zone_13-01,zone_13,2025-09-15T00:00:00Z,19.85,0.04,37.81,150.78,12.3,safe
SNS-zone_14-01,zone_14,2025-09-15T00:00:00Z,19.44,0.036,44.02,150.47,12.3,safe
SNS-zone_15-01,zone_15,2025-09-15T00:00:00Z,20.84,0.029,47.39,162.11,12.3,safe
SNS-zone_16-01,zone_16,2025-09-15T00:00:00Z,20.32,0.033,51.63,163.25,12.3,safe
SNS-zone_01-01,zone_01,2025-09-16T00:00:00Z,21.19,0.04,46.49,156.36,19.5,safe
SNS-zone_02-01,zone_02,2025-09-16T00:00:00Z,20.94,0.031,45.46,155.82,19.5,safe
SNS-zone_03-01,zone_03,2025-09-16T00:00:00Z,55.02,0.088,58.42,258.86,19.5,warning
SNS-zone_04-01,zone_04,2025-09-16T00:00:00Z,53.18,0.08,47.92,246.09,19.5,warning
SNS-zone_05-01,zone_05,2025-09-16T00:00:00Z,21.94,0.038,43.22,145.99,19.5,safe
SNS-zone_06-01,zone_06,2025-09-16T00:00:00Z,91.82,0.254,93.03,606.84,19.5,warning
SNS-zone_07-01,zone_07,2025-09-16T00:00:00Z,91.76,0.249,93.62,606.07,19.5,warning
SNS-zone_08-01,zone_08,2025-09-16T00:00:00Z,146.21,0.345,94.4,780.0,19.5,evacuation
SNS-zone_09-01,zone_09,2025-09-16T00:00:00Z,21.55,0.043,42.75,158.49,19.5,safe
SNS-zone_10-01,zone_10,2025-09-16T00:00:00Z,143.06,0.327,103.01,780.0,19.5,evacuation
SNS-zone_11-01,zone_11,2025-09-16T00:00:00Z,120.5,0.451,167.02,1156.57,19.5,evacuation
SNS-zone_12-01,zone_12,2025-09-16T00:00:00Z,120.5,0.455,166.69,1133.0,19.5,evacuation
SNS-zone_13-01,zone_13,2025-09-16T00:00:00Z,21.78,0.039,39.39,147.25,19.5,safe
SNS-zone_14-01,zone_14,2025-09-16T00:00:00Z,21.43,0.039,43.88,156.47,19.5,safe
SNS-zone_15-01,zone_15,2025-09-16T00:00:00Z,21.41,0.041,48.26,156.48,19.5,safe
SNS-zone_16-01,zone_16,2025-09-16T00:00:00Z,21.7,0.032,50.77,159.5,19.5,safe
SNS-zone_01-01,zone_01,2025-09-17T00:00:00Z,19.06,0.036,47.01,153.48,1.2,safe
SNS-zone_02-01,zone_02,2025-09-17T00:00:00Z,18.8,0.029,44.53,147.23,1.2,safe
SNS-zone_03-01,zone_03,2025-09-17T00:00:00Z,52.34,0.073,56.26,257.9,1.2,warning
SNS-zone_04-01,zone_04,2025-09-17T00:00:00Z,52.68,0.077,44.53,237.72,1.2,warning
SNS-zone_05-01,zone_05,2025-09-17T00:00:00Z,18.73,0.041,43.19,151.88,1.2,safe
SNS-zone_06-01,zone_06,2025-09-17T00:00:00Z,86.25,0.24,89.34,580.39,1.2,warning
SNS-zone_07-01,zone_07,2025-09-17T00:00:00Z,82.22,0.244,93.61,582.3,1.2,warning
SNS-zone_08-01,zone_08,2025-09-17T00:00:00Z,136.21,0.338,87.27,780.0,1.2,evacuation
SNS-zone_09-01,zone_09,2025-09-17T00:00:00Z,18.99,0.03,41.13,143.15,1.2,safe
SNS-zone_10-01,zone_10,2025-09-17T00:00:00Z,140.42,0.344,97.19,780.0,1.2,evacuation
SNS-zone_11-01,zone_11,2025-09-17T00:00:00Z,120.5,0.462,154.2,1112.51,1.2,evacuation
SNS-zone_12-01,zone_12,2025-09-17T00:00:00Z,120.5,0.434,149.78,1134.12,1.2,evacuation
SNS-zone_13-01,zone_13,2025-09-17T00:00:00Z,19.44,0.041,40.07,155.67,1.2,safe
SNS-zone_14-01,zone_14,2025-09-17T00:00:00Z,20.47,0.041,43.28,154.65,1.2,safe
SNS-zone_15-01,zone_15,2025-09-17T00:00:00Z,17.52,0.036,43.67,147.61,1.2,safe
SNS-zone_16-01,zone_16,2025-09-17T00:00:00Z,20.0,0.042,48.67,156.78,1.2,safe
SNS-zone_01-01,zone_01,2025-09-18T00:00:00Z,16.55,0.043,40.72,139.76,1.4,safe
SNS-zone_02-01,zone_02,2025-09-18T00:00:00Z,16.15,0.021,43.22,136.62,1.4,safe
SNS-zone_03-01,zone_03,2025-09-18T00:00:00Z,51.01,0.072,51.98,242.79,1.4,warning
SNS-zone_04-01,zone_04,2025-09-18T00:00:00Z,50.35,0.078,42.72,232.73,1.4,warning
SNS-zone_05-01,zone_05,2025-09-18T00:00:00Z,15.9,0.035,38.72,126.01,1.4,safe
SNS-zone_06-01,zone_06,2025-09-18T00:00:00Z,78.72,0.221,85.23,558.87,1.4,warning
SNS-zone_07-01,zone_07,2025-09-18T00:00:00Z,81.51,0.224,85.01,553.84,1.4,warning
SNS-zone_08-01,zone_08,2025-09-18T00:00:00Z,133.4,0.313,84.29,745.23,1.4,evacuation
SNS-zone_09-01,zone_09,2025-09-18T00:00:00Z,17.8,0.038,38.66,139.0,1.4,safe
SNS-zone_10-01,zone_10,2025-09-18T00:00:00Z,136.47,0.337,90.91,777.05,1.4,evacuation
SNS-zone_11-01,zone_11,2025-09-18T00:00:00Z,120.5,0.434,144.61,1127.91,1.4,evacuation
SNS-zone_12-01,zone_12,2025-09-18T00:00:00Z,120.5,0.445,137.3,1093.7,1.4,evacuation
SNS-zone_13-01,zone_13,2025-09-18T00:00:00Z,17.12,0.029,37.72,136.76,1.4,safe
SNS-zone_14-01,zone_14,2025-09-18T00:00:00Z,16.75,0.037,41.61,139.25,1.4,safe
SNS-zone_15-01,zone_15,2025-09-18T00:00:00Z,15.87,0.035,44.32,144.82,1.4,safe
SNS-zone_16-01,zone_16,2025-09-18T00:00:00Z,15.96,0.033,47.94,151.15,1.4,safe
SNS-zone_01-01,zone_01,2025-09-19T00:00:00Z,14.84,0.027,41.34,135.96,1.2,safe
SNS-zone_02-01,zone_02,2025-09-19T00:00:00Z,16.02,0.031,41.29,145.51,1.2,safe
SNS-zone_03-01,zone_03,2025-09-19T00:00:00Z,18.38,0.035,52.6,165.49,1.2,safe
SNS-zone_04-01,zone_04,2025-09-19T00:00:00Z,19.25,0.036,42.65,155.6,1.2,safe
SNS-zone_05-01,zone_05,2025-09-19T00:00:00Z,14.74,0.03,36.23,125.24,1.2,safe
SNS-zone_06-01,zone_06,2025-09-19T00:00:00Z,75.72,0.214,82.38,545.65,1.2,warning
SNS-zone_07-01,zone_07,2025-09-19T00:00:00Z,77.88,0.235,83.05,556.66,1.2,warning
SNS-zone_08-01,zone_08,2025-09-19T00:00:00Z,136.11,0.328,81.57,775.13,1.2,evacuation
SNS-zone_09-01,zone_09,2025-09-19T00:00:00Z,14.38,0.019,38.7,137.33,1.2,safe
SNS-zone_10-01,zone_10,2025-09-19T00:00:00Z,134.58,0.315,84.65,775.72,1.2,evacuation
SNS-zone_11-01,zone_11,2025-09-19T00:00:00Z,120.5,0.472,135.9,1114.24,1.2,evacuation
SNS-zone_12-01,zone_12,2025-09-19T00:00:00Z,120.5,0.466,134.15,1082.64,1.2,evacuation
SNS-zone_13-01,zone_13,2025-09-19T00:00:00Z,15.41,0.033,37.92,132.73,1.2,safe
SNS-zone_14-01,zone_14,2025-09-19T00:00:00Z,14.78,0.031,40.37,135.52,1.2,safe
SNS-zone_15-01,zone_15,2025-09-19T00:00:00Z,13.66,0.033,42.93,133.31,1.2,safe
SNS-zone_16-01,zone_16,2025-09-19T00:00:00Z,13.75,0.034,47.57,144.48,1.2,safe
SNS-zone_01-01,zone_01,2025-09-20T00:00:00Z,13.64,0.026,41.78,136.86,1.4,safe
SNS-zone_02-01,zone_02,2025-09-20T00:00:00Z,13.41,0.031,39.57,126.72,1.4,safe
SNS-zone_03-01,zone_03,2025-09-20T00:00:00Z,16.95,0.035,47.49,146.71,1.4,safe
SNS-zone_04-01,zone_04,2025-09-20T00:00:00Z,15.64,0.03,41.84,140.72,1.4,safe
SNS-zone_05-01,zone_05,2025-09-20T00:00:00Z,13.25,0.034,36.25,122.22,1.4,safe
SNS-zone_06-01,zone_06,2025-09-20T00:00:00Z,73.82,0.204,81.33,517.37,1.4,warning
SNS-zone_07-01,zone_07,2025-09-20T00:00:00Z,75.59,0.226,79.65,533.1,1.4,warning
SNS-zone_08-01,zone_08,2025-09-20T00:00:00Z,69.66,0.212,78.42,563.94,1.4,warning
SNS-zone_09-01,zone_09,2025-09-20T00:00:00Z,12.3,0.03,35.4,120.19,1.4,safe
SNS-zone_10-01,zone_10,2025-09-20T00:00:00Z,70.88,0.201,87.21,574.14,1.4,warning
SNS-zone_11-01,zone_11,2025-09-20T00:00:00Z,120.5,0.471,132.89,1082.45,1.4,evacuation
SNS-zone_12-01,zone_12,2025-09-20T00:00:00Z,120.5,0.439,124.76,1082.47,1.4,evacuation
SNS-zone_13-01,zone_13,2025-09-20T00:00:00Z,13.71,0.031,36.94,122.69,1.4,safe
SNS-zone_14-01,zone_14,2025-09-20T00:00:00Z,12.5,0.032,42.98,129.58,1.4,safe
SNS-zone_15-01,zone_15,2025-09-20T00:00:00Z,12.77,0.028,43.36,132.36,1.4,safe
SNS-zone_16-01,zone_16,2025-09-20T00:00:00Z,12.39,0.031,45.72,134.84,1.4,safe
SNS-zone_01-01,zone_01,2025-09-21T00:00:00Z,10.43,0.035,41.0,127.49,0.6,safe
SNS-zone_02-01,zone_02,2025-09-21T00:00:00Z,12.54,0.028,40.25,128.96,0.6,safe
SNS-zone_03-01,zone_03,2025-09-21T00:00:00Z,16.56,0.035,46.66,156.04,0.6,safe
SNS-zone_04-01,zone_04,2025-09-21T00:00:00Z,15.73,0.038,41.0,145.46,0.6,safe
SNS-zone_05-01,zone_05,2025-09-21T00:00:00Z,10.22,0.026,34.55,117.09,0.6,safe
SNS-zone_06-01,zone_06,2025-09-21T00:00:00Z,69.9,0.216,79.9,527.01,0.6,warning
SNS-zone_07-01,zone_07,2025-09-21T00:00:00Z,71.67,0.199,77.71,524.37,0.6,warning
SNS-zone_08-01,zone_08,2025-09-21T00:00:00Z,66.98,0.202,72.88,529.49,0.6,warning
SNS-zone_09-01,zone_09,2025-09-21T00:00:00Z,11.87,0.024,36.45,125.97,0.6,safe
SNS-zone_10-01,zone_10,2025-09-21T00:00:00Z,66.15,0.197,84.48,558.15,0.6,warning
SNS-zone_11-01,zone_11,2025-09-21T00:00:00Z,77.33,0.312,125.35,884.63,0.6,warning
SNS-zone_12-01,zone_12,2025-09-21T00:00:00Z,77.66,0.309,119.76,865.38,0.6,warning
SNS-zone_13-01,zone_13,2025-09-21T00:00:00Z,12.45,0.034,34.4,126.84,0.6,safe
SNS-zone_14-01,zone_14,2025-09-21T00:00:00Z,11.32,0.029,37.75,119.36,0.6,safe
SNS-zone_15-01,zone_15,2025-09-21T00:00:00Z,11.09,0.032,41.09,115.25,0.6,safe
SNS-zone_16-01,zone_16,2025-09-21T00:00:00Z,12.04,0.026,44.67,137.07,0.6,safe
SNS-zone_01-01,zone_01,2025-09-22T00:00:00Z,9.74,0.024,37.13,119.62,0.0,safe
SNS-zone_02-01,zone_02,2025-09-22T00:00:00Z,9.53,0.027,37.39,118.1,0.0,safe
SNS-zone_03-01,zone_03,2025-09-22T00:00:00Z,12.68,0.031,48.55,147.14,0.0,safe
SNS-zone_04-01,zone_04,2025-09-22T00:00:00Z,13.64,0.035,37.61,133.72,0.0,safe
SNS-zone_05-01,zone_05,2025-09-22T00:00:00Z,11.29,0.027,34.59,119.19,0.0,safe
SNS-zone_06-01,zone_06,2025-09-22T00:00:00Z,71.1,0.216,78.53,519.67,0.0,warning
SNS-zone_07-01,zone_07,2025-09-22T00:00:00Z,68.52,0.212,73.08,491.22,0.0,warning
SNS-zone_08-01,zone_08,2025-09-22T00:00:00Z,65.49,0.214,75.39,534.5,0.0,warning
SNS-zone_09-01,zone_09,2025-09-22T00:00:00Z,10.51,0.02,33.94,115.04,0.0,safe
SNS-zone_10-01,zone_10,2025-09-22T00:00:00Z,66.83,0.196,76.83,549.64,0.0,warning
SNS-zone_11-01,zone_11,2025-09-22T00:00:00Z,74.79,0.311,123.03,887.95,0.0,warning
SNS-zone_12-01,zone_12,2025-09-22T00:00:00Z,73.78,0.326,118.91,837.11,0.0,warning
SNS-zone_13-01,zone_13,2025-09-22T00:00:00Z,9.57,0.023,32.48,118.15,0.0,safe
SNS-zone_14-01,zone_14,2025-09-22T00:00:00Z,9.94,0.019,38.16,123.7,0.0,safe
SNS-zone_15-01,zone_15,2025-09-22T00:00:00Z,9.71,0.025,42.0,120.23,0.0,safe
SNS-zone_16-01,zone_16,2025-09-22T00:00:00Z,10.17,0.029,42.09,124.38,0.0,safe
SNS-zone_01-01,zone_01,2025-09-23T00:00:00Z,10.5,0.028,36.64,116.26,5.6,safe
SNS-zone_02-01,zone_02,2025-09-23T00:00:00Z,9.8,0.025,39.7,128.17,5.6,safe
SNS-zone_03-01,zone_03,2025-09-23T00:00:00Z,14.67,0.034,47.58,151.71,5.6,safe
SNS-zone_04-01,zone_04,2025-09-23T00:00:00Z,13.35,0.035,38.71,136.99,5.6,safe
SNS-zone_05-01,zone_05,2025-09-23T00:00:00Z,11.1,0.026,33.24,118.94,5.6,safe
SNS-zone_06-01,zone_06,2025-09-23T00:00:00Z,72.54,0.213,76.56,537.92,5.6,warning
SNS-zone_07-01,zone_07,2025-09-23T00:00:00Z,69.35,0.218,77.08,503.93,5.6,warning
SNS-zone_08-01,zone_08,2025-09-23T00:00:00Z,68.88,0.21,73.55,538.0,5.6,warning
SNS-zone_09-01,zone_09,2025-09-23T00:00:00Z,11.56,0.028,36.7,129.34,5.6,safe
SNS-zone_10-01,zone_10,2025-09-23T00:00:00Z,67.65,0.22,80.41,541.53,5.6,warning
SNS-zone_11-01,zone_11,2025-09-23T00:00:00Z,72.9,0.295,117.82,854.06,5.6,warning
SNS-zone_12-01,zone_12,2025-09-23T00:00:00Z,73.26,0.311,116.4,854.93,5.6,warning
SNS-zone_13-01,zone_13,2025-09-23T00:00:00Z,10.87,0.034,32.14,114.26,5.6,safe
SNS-zone_14-01,zone_14,2025-09-23T00:00:00Z,10.31,0.019,36.88,115.62,5.6,safe
SNS-zone_15-01,zone_15,2025-09-23T00:00:00Z,11.24,0.024,39.79,125.97,5.6,safe
SNS-zone_16-01,zone_16,2025-09-23T00:00:00Z,11.26,0.027,42.36,134.04,5.6,safe
SNS-zone_01-01,zone_01,2025-09-24T00:00:00Z,18.48,0.034,42.41,142.86,32.6,safe
SNS-zone_02-01,zone_02,2025-09-24T00:00:00Z,16.64,0.037,43.01,132.55,32.6,safe
SNS-zone_03-01,zone_03,2025-09-24T00:00:00Z,51.02,0.077,51.59,243.98,32.6,warning
SNS-zone_04-01,zone_04,2025-09-24T00:00:00Z,51.74,0.067,43.24,232.01,32.6,warning
SNS-zone_05-01,zone_05,2025-09-24T00:00:00Z,18.39,0.033,36.59,134.48,32.6,safe
SNS-zone_06-01,zone_06,2025-09-24T00:00:00Z,83.43,0.228,88.61,571.5,32.6,warning
SNS-zone_07-01,zone_07,2025-09-24T00:00:00Z,81.61,0.231,90.36,573.57,32.6,warning
SNS-zone_08-01,zone_08,2025-09-24T00:00:00Z,136.86,0.331,85.68,780.0,32.6,evacuation
SNS-zone_09-01,zone_09,2025-09-24T00:00:00Z,18.33,0.04,39.8,140.21,32.6,safe
SNS-zone_10-01,zone_10,2025-09-24T00:00:00Z,135.36,0.318,89.45,780.0,32.6,evacuation
SNS-zone_11-01,zone_11,2025-09-24T00:00:00Z,120.5,0.45,146.21,1106.84,32.6,evacuation
SNS-zone_12-01,zone_12,2025-09-24T00:00:00Z,120.5,0.457,150.74,1131.44,32.6,evacuation
SNS-zone_13-01,zone_13,2025-09-24T00:00:00Z,17.36,0.04,38.21,137.23,32.6,safe
SNS-zone_14-01,zone_14,2025-09-24T00:00:00Z,17.79,0.032,41.89,148.9,32.6,safe
SNS-zone_15-01,zone_15,2025-09-24T00:00:00Z,17.93,0.039,43.03,147.75,32.6,safe
SNS-zone_16-01,zone_16,2025-09-24T00:00:00Z,16.62,0.032,48.24,145.78,32.6,safe
SNS-zone_01-01,zone_01,2025-09-25T00:00:00Z,13.99,0.036,42.82,136.59,0.5,safe
SNS-zone_02-01,zone_02,2025-09-25T00:00:00Z,14.75,0.033,42.45,137.36,0.5,safe
SNS-zone_03-01,zone_03,2025-09-25T00:00:00Z,20.96,0.043,50.12,173.62,0.5,safe
SNS-zone_04-01,zone_04,2025-09-25T00:00:00Z,19.52,0.031,42.56,155.92,0.5,safe
SNS-zone_05-01,zone_05,2025-09-25T00:00:00Z,14.02,0.022,37.87,124.33,0.5,safe
SNS-zone_06-01,zone_06,2025-09-25T00:00:00Z,77.47,0.215,86.06,552.12,0.5,warning
SNS-zone_07-01,zone_07,2025-09-25T00:00:00Z,77.18,0.229,83.92,546.47,0.5,warning
SNS-zone_08-01,zone_08,2025-09-25T00:00:00Z,131.19,0.314,81.04,773.29,0.5,evacuation
SNS-zone_09-01,zone_09,2025-09-25T00:00:00Z,15.71,0.037,38.21,135.47,0.5,safe
SNS-zone_10-01,zone_10,2025-09-25T00:00:00Z,133.92,0.329,88.01,770.25,0.5,evacuation
SNS-zone_11-01,zone_11,2025-09-25T00:00:00Z,120.5,0.435,140.05,1119.7,0.5,evacuation
SNS-zone_12-01,zone_12,2025-09-25T00:00:00Z,120.5,0.431,136.14,1106.45,0.5,evacuation
SNS-zone_13-01,zone_13,2025-09-25T00:00:00Z,14.65,0.031,36.99,127.67,0.5,safe
SNS-zone_14-01,zone_14,2025-09-25T00:00:00Z,15.48,0.031,41.63,142.83,0.5,safe
SNS-zone_15-01,zone_15,2025-09-25T00:00:00Z,16.45,0.036,41.92,133.6,0.5,safe
SNS-zone_16-01,zone_16,2025-09-25T00:00:00Z,14.92,0.032,48.39,138.75,0.5,safe
SNS-zone_01-01,zone_01,2025-09-26T00:00:00Z,16.44,0.036,40.88,140.47,13.5,safe
SNS-zone_02-01,zone_02,2025-09-26T00:00:00Z,15.87,0.027,40.55,140.87,13.5,safe
SNS-zone_03-01,zone_03,2025-09-26T00:00:00Z,51.21,0.077,52.79,242.56,13.5,warning
SNS-zone_04-01,zone_04,2025-09-26T00:00:00Z,49.6,0.07,42.9,235.97,13.5,safe
SNS-zone_05-01,zone_05,2025-09-26T00:00:00Z,15.86,0.028,39.14,147.82,13.5,safe
SNS-zone_06-01,zone_06,2025-09-26T00:00:00Z,80.07,0.225,83.39,562.22,13.5,warning
SNS-zone_07-01,zone_07,2025-09-26T00:00:00Z,77.62,0.213,89.36,554.89,13.5,warning
SNS-zone_08-01,zone_08,2025-09-26T00:00:00Z,132.07,0.318,85.86,760.6,13.5,evacuation
SNS-zone_09-01,zone_09,2025-09-26T00:00:00Z,15.11,0.028,38.83,139.77,13.5,safe
SNS-zone_10-01,zone_10,2025-09-26T00:00:00Z,135.75,0.332,89.77,780.0,13.5,evacuation
SNS-zone_11-01,zone_11,2025-09-26T00:00:00Z,120.5,0.432,145.6,1111.62,13.5,evacuation
SNS-zone_12-01,zone_12,2025-09-26T00:00:00Z,120.5,0.445,146.3,1099.92,13.5,evacuation
SNS-zone_13-01,zone_13,2025-09-26T00:00:00Z,17.12,0.033,36.14,128.6,13.5,safe
SNS-zone_14-01,zone_14,2025-09-26T00:00:00Z,16.35,0.03,39.47,133.6,13.5,safe
SNS-zone_15-01,zone_15,2025-09-26T00:00:00Z,15.66,0.036,41.68,144.67,13.5,safe
SNS-zone_16-01,zone_16,2025-09-26T00:00:00Z,16.27,0.036,48.53,153.31,13.5,safe
SNS-zone_01-01,zone_01,2025-09-27T00:00:00Z,17.9,0.036,43.29,147.67,20.0,safe
SNS-zone_02-01,zone_02,2025-09-27T00:00:00Z,17.87,0.035,44.52,148.73,20.0,safe
SNS-zone_03-01,zone_03,2025-09-27T00:00:00Z,51.55,0.076,55.49,251.8,20.0,warning
SNS-zone_04-01,zone_04,2025-09-27T00:00:00Z,53.3,0.074,46.87,240.89,20.0,warning
SNS-zone_05-01,zone_05,2025-09-27T00:00:00Z,18.51,0.033,38.87,143.14,20.0,safe
SNS-zone_06-01,zone_06,2025-09-27T00:00:00Z,83.33,0.232,93.12,570.25,20.0,warning
SNS-zone_07-01,zone_07,2025-09-27T00:00:00Z,83.5,0.238,92.39,566.66,20.0,warning
SNS-zone_08-01,zone_08,2025-09-27T00:00:00Z,133.59,0.312,89.93,774.71,20.0,evacuation
SNS-zone_09-01,zone_09,2025-09-27T00:00:00Z,18.89,0.04,41.44,150.61,20.0,safe
SNS-zone_10-01,zone_10,2025-09-27T00:00:00Z,136.74,0.32,96.95,780.0,20.0,evacuation
SNS-zone_11-01,zone_11,2025-09-27T00:00:00Z,120.5,0.456,158.52,1127.42,20.0,evacuation
SNS-zone_12-01,zone_12,2025-09-27T00:00:00Z,120.5,0.465,157.77,1133.81,20.0,evacuation
SNS-zone_13-01,zone_13,2025-09-27T00:00:00Z,19.23,0.039,39.58,141.82,20.0,safe
SNS-zone_14-01,zone_14,2025-09-27T00:00:00Z,18.69,0.038,43.04,147.76,20.0,safe
SNS-zone_15-01,zone_15,2025-09-27T00:00:00Z,18.54,0.037,45.12,149.53,20.0,safe
SNS-zone_16-01,zone_16,2025-09-27T00:00:00Z,18.52,0.029,48.05,153.2,20.0,safe
SNS-zone_01-01,zone_01,2025-09-28T00:00:00Z,17.4,0.035,43.72,142.13,3.5,safe
SNS-zone_02-01,zone_02,2025-09-28T00:00:00Z,18.05,0.032,41.03,140.51,3.5,safe
SNS-zone_03-01,zone_03,2025-09-28T00:00:00Z,51.05,0.084,51.18,242.39,3.5,warning
SNS-zone_04-01,zone_04,2025-09-28T00:00:00Z,51.06,0.074,44.38,236.32,3.5,warning
SNS-zone_05-01,zone_05,2025-09-28T00:00:00Z,16.34,0.026,39.54,132.17,3.5,safe
SNS-zone_06-01,zone_06,2025-09-28T00:00:00Z,82.34,0.242,87.59,561.67,3.5,warning
SNS-zone_07-01,zone_07,2025-09-28T00:00:00Z,82.18,0.234,89.64,571.87,3.5,warning
SNS-zone_08-01,zone_08,2025-09-28T00:00:00Z,134.38,0.321,86.57,764.36,3.5,evacuation
SNS-zone_09-01,zone_09,2025-09-28T00:00:00Z,17.53,0.026,39.5,142.2,3.5,safe
SNS-zone_10-01,zone_10,2025-09-28T00:00:00Z,136.3,0.333,89.53,774.29,3.5,evacuation
SNS-zone_11-01,zone_11,2025-09-28T00:00:00Z,120.5,0.462,149.41,1108.89,3.5,evacuation
SNS-zone_12-01,zone_12,2025-09-28T00:00:00Z,120.5,0.464,144.6,1105.47,3.5,evacuation
SNS-zone_13-01,zone_13,2025-09-28T00:00:00Z,17.1,0.036,36.73,139.05,3.5,safe
SNS-zone_14-01,zone_14,2025-09-28T00:00:00Z,17.44,0.038,41.73,142.81,3.5,safe
SNS-zone_15-01,zone_15,2025-09-28T00:00:00Z,16.75,0.034,46.03,139.39,3.5,safe
SNS-zone_16-01,zone_16,2025-09-28T00:00:00Z,15.71,0.036,48.49,150.13,3.5,safe
SNS-zone_01-01,zone_01,2025-09-29T00:00:00Z,14.36,0.033,42.16,143.29,0.7,safe
SNS-zone_02-01,zone_02,2025-09-29T00:00:00Z,15.85,0.033,41.77,134.92,0.7,safe
SNS-zone_03-01,zone_03,2025-09-29T00:00:00Z,17.91,0.03,52.1,164.24,0.7,safe
SNS-zone_04-01,zone_04,2025-09-29T00:00:00Z,17.19,0.033,40.14,147.06,0.7,safe
SNS-zone_05-01,zone_05,2025-09-29T00:00:00Z,14.51,0.028,34.74,126.84,0.7,safe
SNS-zone_06-01,zone_06,2025-09-29T00:00:00Z,77.21,0.213,87.95,562.49,0.7,warning
SNS-zone_07-01,zone_07,2025-09-29T00:00:00Z,75.96,0.216,85.44,544.19,0.7,warning
SNS-zone_08-01,zone_08,2025-09-29T00:00:00Z,132.42,0.305,80.42,746.78,0.7,evacuation
SNS-zone_09-01,zone_09,2025-09-29T00:00:00Z,14.04,0.026,37.99,131.16,0.7,safe
SNS-zone_10-01,zone_10,2025-09-29T00:00:00Z,129.56,0.303,88.91,752.44,0.7,evacuation
SNS-zone_11-01,zone_11,2025-09-29T00:00:00Z,120.5,0.442,139.88,1091.68,0.7,evacuation
SNS-zone_12-01,zone_12,2025-09-29T00:00:00Z,120.5,0.44,136.46,1104.68,0.7,evacuation
SNS-zone_13-01,zone_13,2025-09-29T00:00:00Z,15.89,0.035,35.73,132.77,0.7,safe
SNS-zone_14-01,zone_14,2025-09-29T00:00:00Z,14.86,0.031,40.49,133.72,0.7,safe
SNS-zone_15-01,zone_15,2025-09-29T00:00:00Z,13.89,0.029,42.5,136.27,0.7,safe
SNS-zone_16-01,zone_16,2025-09-29T00:00:00Z,14.39,0.029,47.23,142.17,0.7,safe
SNS-zone_01-01,zone_01,2025-09-30T00:00:00Z,14.05,0.034,39.34,128.09,2.3,safe
SNS-zone_02-01,zone_02,2025-09-30T00:00:00Z,14.08,0.029,41.13,134.73,2.3,safe
SNS-zone_03-01,zone_03,2025-09-30T00:00:00Z,16.93,0.041,51.43,158.66,2.3,safe
SNS-zone_04-01,zone_04,2025-09-30T00:00:00Z,17.86,0.035,40.54,153.0,2.3,safe
SNS-zone_05-01,zone_05,2025-09-30T00:00:00Z,14.5,0.024,38.01,130.28,2.3,safe
SNS-zone_06-01,zone_06,2025-09-30T00:00:00Z,76.27,0.22,84.22,551.25,2.3,warning
SNS-zone_07-01,zone_07,2025-09-30T00:00:00Z,74.21,0.221,78.47,538.77,2.3,warning
SNS-zone_08-01,zone_08,2025-09-30T00:00:00Z,69.42,0.216,81.79,555.23,2.3,warning
SNS-zone_09-01,zone_09,2025-09-30T00:00:00Z,14.81,0.031,35.7,134.08,2.3,safe
SNS-zone_10-01,zone_10,2025-09-30T00:00:00Z,72.05,0.21,83.78,565.91,2.3,warning
SNS-zone_11-01,zone_11,2025-09-30T00:00:00Z,120.5,0.462,131.98,1066.86,2.3,evacuation
SNS-zone_12-01,zone_12,2025-09-30T00:00:00Z,120.5,0.502,130.59,1077.23,2.3,evacuation
SNS-zone_13-01,zone_13,2025-09-30T00:00:00Z,14.42,0.032,37.56,135.4,2.3,safe
SNS-zone_14-01,zone_14,2025-09-30T00:00:00Z,12.82,0.025,38.84,131.58,2.3,safe
SNS-zone_15-01,zone_15,2025-09-30T00:00:00Z,12.81,0.024,42.46,134.39,2.3,safe
SNS-zone_16-01,zone_16,2025-09-30T00:00:00Z,13.25,0.03,44.46,138.5,2.3,safe
SNS-zone_01-01,zone_01,2025-10-01T00:00:00Z,13.69,0.032,42.77,138.75,10.4,safe
SNS-zone_02-01,zone_02,2025-10-01T00:00:00Z,14.41,0.019,40.16,129.48,10.4,safe
SNS-zone_03-01,zone_03,2025-10-01T00:00:00Z,17.17,0.04,49.35,154.8,10.4,safe
SNS-zone_04-01,zone_04,2025-10-01T00:00:00Z,18.68,0.038,41.43,145.99,10.4,safe
SNS-zone_05-01,zone_05,2025-10-01T00:00:00Z,13.86,0.027,36.36,125.64,10.4,safe
SNS-zone_06-01,zone_06,2025-10-01T00:00:00Z,75.25,0.21,78.21,527.75,10.4,warning
SNS-zone_07-01,zone_07,2025-10-01T00:00:00Z,76.43,0.214,83.09,547.44,10.4,warning
SNS-zone_08-01,zone_08,2025-10-01T00:00:00Z,130.9,0.326,80.23,753.0,10.4,evacuation
SNS-zone_09-01,zone_09,2025-10-01T00:00:00Z,14.15,0.028,37.77,132.78,10.4,safe
SNS-zone_10-01,zone_10,2025-10-01T00:00:00Z,127.94,0.307,88.61,763.34,10.4,evacuation
SNS-zone_11-01,zone_11,2025-10-01T00:00:00Z,120.5,0.437,139.04,1102.1,10.4,evacuation
SNS-zone_12-01,zone_12,2025-10-01T00:00:00Z,120.5,0.467,136.41,1088.26,10.4,evacuation
SNS-zone_13-01,zone_13,2025-10-01T00:00:00Z,14.52,0.032,37.15,125.87,10.4,safe
SNS-zone_14-01,zone_14,2025-10-01T00:00:00Z,15.16,0.035,39.94,133.9,10.4,safe
SNS-zone_15-01,zone_15,2025-10-01T00:00:00Z,14.15,0.034,41.66,141.75,10.4,safe
SNS-zone_16-01,zone_16,2025-10-01T00:00:00Z,14.96,0.025,47.98,146.31,10.4,safe
SNS-zone_01-01,zone_01,2025-10-02T00:00:00Z,19.46,0.033,45.02,150.25,22.4,safe
SNS-zone_02-01,zone_02,2025-10-02T00:00:00Z,18.67,0.031,44.03,138.78,22.4,safe
SNS-zone_03-01,zone_03,2025-10-02T00:00:00Z,49.84,0.077,52.42,240.68,22.4,safe
SNS-zone_04-01,zone_04,2025-10-02T00:00:00Z,52.65,0.075,45.25,233.17,22.4,warning
SNS-zone_05-01,zone_05,2025-10-02T00:00:00Z,17.64,0.035,38.55,137.18,22.4,safe
SNS-zone_06-01,zone_06,2025-10-02T00:00:00Z,82.0,0.222,89.21,562.5,22.4,warning
SNS-zone_07-01,zone_07,2025-10-02T00:00:00Z,82.92,0.235,87.3,571.48,22.4,warning
SNS-zone_08-01,zone_08,2025-10-02T00:00:00Z,137.31,0.325,85.27,764.91,22.4,evacuation
SNS-zone_09-01,zone_09,2025-10-02T00:00:00Z,17.74,0.035,40.61,140.57,22.4,safe
SNS-zone_10-01,zone_10,2025-10-02T00:00:00Z,136.56,0.317,93.36,780.0,22.4,evacuation
SNS-zone_11-01,zone_11,2025-10-02T00:00:00Z,120.5,0.472,151.36,1117.51,22.4,evacuation
SNS-zone_12-01,zone_12,2025-10-02T00:00:00Z,120.5,0.43,151.52,1144.93,22.4,evacuation
SNS-zone_13-01,zone_13,2025-10-02T00:00:00Z,18.41,0.032,38.57,141.11,22.4,safe
SNS-zone_14-01,zone_14,2025-10-02T00:00:00Z,17.1,0.039,42.02,135.89,22.4,safe
SNS-zone_15-01,zone_15,2025-10-02T00:00:00Z,19.08,0.036,46.38,166.22,22.4,safe
SNS-zone_16-01,zone_16,2025-10-02T00:00:00Z,17.09,0.031,48.29,148.42,22.4,safe
SNS-zone_01-01,zone_01,2025-10-03T00:00:00Z,25.29,0.044,48.87,169.15,43.1,safe
SNS-zone_02-01,zone_02,2025-10-03T00:00:00Z,27.59,0.042,49.47,175.72,43.1,safe
SNS-zone_03-01,zone_03,2025-10-03T00:00:00Z,55.23,0.086,63.12,260.0,43.1,warning
SNS-zone_04-01,zone_04,2025-10-03T00:00:00Z,55.68,0.088,49.65,255.71,43.1,warning
SNS-zone_05-01,zone_05,2025-10-03T00:00:00Z,25.22,0.039,44.85,169.94,43.1,safe
SNS-zone_06-01,zone_06,2025-10-03T00:00:00Z,97.77,0.255,99.85,627.6,43.1,warning
SNS-zone_07-01,zone_07,2025-10-03T00:00:00Z,95.53,0.262,100.78,645.0,43.1,warning
SNS-zone_08-01,zone_08,2025-10-03T00:00:00Z,147.15,0.334,100.86,780.0,43.1,evacuation
SNS-zone_09-01,zone_09,2025-10-03T00:00:00Z,26.21,0.046,42.85,162.89,43.1,safe
SNS-zone_10-01,zone_10,2025-10-03T00:00:00Z,149.92,0.342,109.58,780.0,43.1,evacuation
SNS-zone_11-01,zone_11,2025-10-03T00:00:00Z,120.5,0.46,185.13,1174.28,43.1,evacuation
SNS-zone_12-01,zone_12,2025-10-03T00:00:00Z,120.5,0.452,179.12,1161.29,43.1,evacuation
SNS-zone_13-01,zone_13,2025-10-03T00:00:00Z,24.9,0.041,43.64,168.59,43.1,safe
SNS-zone_14-01,zone_14,2025-10-03T00:00:00Z,26.54,0.049,46.7,166.07,43.1,safe
SNS-zone_15-01,zone_15,2025-10-03T00:00:00Z,26.76,0.052,52.2,180.62,43.1,safe
SNS-zone_16-01,zone_16,2025-10-03T00:00:00Z,26.79,0.049,53.51,180.07,43.1,safe
SNS-zone_01-01,zone_01,2025-10-04T00:00:00Z,26.14,0.05,49.93,172.72,14.3,safe
SNS-zone_02-01,zone_02,2025-10-04T00:00:00Z,26.58,0.041,48.21,169.24,14.3,safe
SNS-zone_03-01,zone_03,2025-10-04T00:00:00Z,55.09,0.083,59.01,260.0,14.3,warning
SNS-zone_04-01,zone_04,2025-10-04T00:00:00Z,55.0,0.082,49.76,256.81,14.3,warning
SNS-zone_05-01,zone_05,2025-10-04T00:00:00Z,25.79,0.045,42.18,160.02,14.3,safe
SNS-zone_06-01,zone_06,2025-10-04T00:00:00Z,95.85,0.231,99.61,630.23,14.3,warning
SNS-zone_07-01,zone_07,2025-10-04T00:00:00Z,94.99,0.253,101.01,622.26,14.3,warning
SNS-zone_08-01,zone_08,2025-10-04T00:00:00Z,150.32,0.346,100.16,780.0,14.3,evacuation
SNS-zone_09-01,zone_09,2025-10-04T00:00:00Z,24.91,0.044,44.78,163.51,14.3,safe
SNS-zone_10-01,zone_10,2025-10-04T00:00:00Z,146.44,0.341,108.37,780.0,14.3,evacuation
SNS-zone_11-01,zone_11,2025-10-04T00:00:00Z,120.5,0.451,180.12,1191.77,14.3,evacuation
SNS-zone_12-01,zone_12,2025-10-04T00:00:00Z,120.5,0.448,178.56,1194.47,14.3,evacuation
SNS-zone_13-01,zone_13,2025-10-04T00:00:00Z,25.93,0.038,42.88,166.76,14.3,safe
SNS-zone_14-01,zone_14,2025-10-04T00:00:00Z,24.13,0.045,50.4,164.03,14.3,safe
SNS-zone_15-01,zone_15,2025-10-04T00:00:00Z,25.08,0.042,49.68,171.13,14.3,safe
SNS-zone_16-01,zone_16,2025-10-04T00:00:00Z,25.53,0.049,51.73,177.04,14.3,safe
SNS-zone_01-01,zone_01,2025-10-05T00:00:00Z,24.57,0.039,47.0,168.18,3.2,safe
SNS-zone_02-01,zone_02,2025-10-05T00:00:00Z,21.63,0.045,45.83,157.83,3.2,safe
SNS-zone_03-01,zone_03,2025-10-05T00:00:00Z,54.08,0.077,57.77,249.56,3.2,warning
SNS-zone_04-01,zone_04,2025-10-05T00:00:00Z,54.28,0.075,49.51,245.49,3.2,warning
SNS-zone_05-01,zone_05,2025-10-05T00:00:00Z,23.51,0.035,39.28,157.32,3.2,safe
SNS-zone_06-01,zone_06,2025-10-05T00:00:00Z,92.39,0.242,97.59,604.62,3.2,warning
SNS-zone_07-01,zone_07,2025-10-05T00:00:00Z,87.41,0.235,95.71,582.41,3.2,warning
SNS-zone_08-01,zone_08,2025-10-05T00:00:00Z,146.29,0.342,95.75,780.0,3.2,evacuation
SNS-zone_09-01,zone_09,2025-10-05T00:00:00Z,22.77,0.044,41.2,157.18,3.2,safe
SNS-zone_10-01,zone_10,2025-10-05T00:00:00Z,143.18,0.33,103.6,780.0,3.2,evacuation
SNS-zone_11-01,zone_11,2025-10-05T00:00:00Z,120.5,0.439,171.53,1161.9,3.2,evacuation
SNS-zone_12-01,zone_12,2025-10-05T00:00:00Z,120.5,0.424,172.09,1154.55,3.2,evacuation
SNS-zone_13-01,zone_13,2025-10-05T00:00:00Z,22.64,0.037,41.8,152.78,3.2,safe
SNS-zone_14-01,zone_14,2025-10-05T00:00:00Z,23.02,0.048,46.31,158.89,3.2,safe
SNS-zone_15-01,zone_15,2025-10-05T00:00:00Z,23.65,0.04,48.48,163.17,3.2,safe
SNS-zone_16-01,zone_16,2025-10-05T00:00:00Z,22.12,0.039,49.74,166.93,3.2,safe
SNS-zone_01-01,zone_01,2025-10-06T00:00:00Z,20.89,0.041,44.63,153.33,5.8,safe
SNS-zone_02-01,zone_02,2025-10-06T00:00:00Z,20.3,0.031,45.56,152.66,5.8,safe
SNS-zone_03-01,zone_03,2025-10-06T00:00:00Z,52.43,0.08,57.16,254.91,5.8,warning
SNS-zone_04-01,zone_04,2025-10-06T00:00:00Z,53.75,0.087,44.68,247.74,5.8,warning
SNS-zone_05-01,zone_05,2025-10-06T00:00:00Z,21.84,0.036,39.18,147.56,5.8,safe
SNS-zone_06-01,zone_06,2025-10-06T00:00:00Z,85.9,0.222,92.06,586.95,5.8,warning
SNS-zone_07-01,zone_07,2025-10-06T00:00:00Z,86.67,0.227,92.43,599.91,5.8,warning
SNS-zone_08-01,zone_08,2025-10-06T00:00:00Z,141.0,0.338,92.17,780.0,5.8,evacuation
SNS-zone_09-01,zone_09,2025-10-06T00:00:00Z,19.75,0.033,40.01,145.17,5.8,safe
SNS-zone_10-01,zone_10,2025-10-06T00:00:00Z,145.06,0.331,96.37,780.0,5.8,evacuation
SNS-zone_11-01,zone_11,2025-10-06T00:00:00Z,120.5,0.455,162.23,1157.28,5.8,evacuation
SNS-zone_12-01,zone_12,2025-10-06T00:00:00Z,120.5,0.449,158.8,1138.52,5.8,evacuation
SNS-zone_13-01,zone_13,2025-10-06T00:00:00Z,19.46,0.042,39.33,151.85,5.8,safe
SNS-zone_14-01,zone_14,2025-10-06T00:00:00Z,19.53,0.032,44.57,149.88,5.8,safe
SNS-zone_15-01,zone_15,2025-10-06T00:00:00Z,20.32,0.035,47.02,147.83,5.8,safe
SNS-zone_16-01,zone_16,2025-10-06T00:00:00Z,19.26,0.029,49.24,151.6,5.8,safe
SNS-zone_01-01,zone_01,2025-10-07T00:00:00Z,18.15,0.029,44.8,144.46,2.8,safe
SNS-zone_02-01,zone_02,2025-10-07T00:00:00Z,18.15,0.048,44.74,147.05,2.8,safe
SNS-zone_03-01,zone_03,2025-10-07T00:00:00Z,52.35,0.077,54.08,246.93,2.8,warning
SNS-zone_04-01,zone_04,2025-10-07T00:00:00Z,53.15,0.074,45.81,240.52,2.8,warning
SNS-zone_05-01,zone_05,2025-10-07T00:00:00Z,17.93,0.038,36.78,137.58,2.8,safe
SNS-zone_06-01,zone_06,2025-10-07T00:00:00Z,85.4,0.247,87.39,569.67,2.8,warning
SNS-zone_07-01,zone_07,2025-10-07T00:00:00Z,85.38,0.244,86.94,577.43,2.8,warning
SNS-zone_08-01,zone_08,2025-10-07T00:00:00Z,138.22,0.325,90.56,780.0,2.8,evacuation
SNS-zone_09-01,zone_09,2025-10-07T00:00:00Z,17.28,0.039,40.23,150.06,2.8,safe
SNS-zone_10-01,zone_10,2025-10-07T00:00:00Z,140.14,0.331,90.9,780.0,2.8,evacuation
SNS-zone_11-01,zone_11,2025-10-07T00:00:00Z,120.5,0.437,155.96,1125.97,2.8,evacuation
SNS-zone_12-01,zone_12,2025-10-07T00:00:00Z,120.5,0.453,150.04,1105.71,2.8,evacuation
SNS-zone_13-01,zone_13,2025-10-07T00:00:00Z,18.03,0.038,38.96,140.35,2.8,safe
SNS-zone_14-01,zone_14,2025-10-07T00:00:00Z,17.68,0.033,44.81,148.71,2.8,safe
SNS-zone_15-01,zone_15,2025-10-07T00:00:00Z,19.36,0.032,46.09,147.55,2.8,safe
SNS-zone_16-01,zone_16,2025-10-07T00:00:00Z,18.93,0.037,48.88,149.16,2.8,safe
SNS-zone_01-01,zone_01,2025-10-08T00:00:00Z,17.8,0.03,42.89,145.76,6.0,safe
SNS-zone_02-01,zone_02,2025-10-08T00:00:00Z,16.52,0.038,43.32,140.59,6.0,safe
SNS-zone_03-01,zone_03,2025-10-08T00:00:00Z,51.86,0.078,54.2,247.36,6.0,warning
SNS-zone_04-01,zone_04,2025-10-08T00:00:00Z,52.07,0.079,44.98,239.58,6.0,warning
SNS-zone_05-01,zone_05,2025-10-08T00:00:00Z,15.9,0.037,37.12,135.8,6.0,safe
SNS-zone_06-01,zone_06,2025-10-08T00:00:00Z,78.46,0.223,88.38,562.05,6.0,warning
SNS-zone_07-01,zone_07,2025-10-08T00:00:00Z,80.14,0.225,90.19,563.89,6.0,warning
SNS-zone_08-01,zone_08,2025-10-08T00:00:00Z,138.27,0.333,89.18,780.0,6.0,evacuation
SNS-zone_09-01,zone_09,2025-10-08T00:00:00Z,17.81,0.045,39.0,134.1,6.0,safe
SNS-zone_10-01,zone_10,2025-10-08T00:00:00Z,138.47,0.349,91.55,780.0,6.0,evacuation
SNS-zone_11-01,zone_11,2025-10-08T00:00:00Z,120.5,0.462,148.34,1119.19,6.0,evacuation
SNS-zone_12-01,zone_12,2025-10-08T00:00:00Z,120.5,0.433,144.25,1121.33,6.0,evacuation
SNS-zone_13-01,zone_13,2025-10-08T00:00:00Z,16.66,0.04,39.9,134.41,6.0,safe
SNS-zone_14-01,zone_14,2025-10-08T00:00:00Z,15.59,0.037,41.44,140.39,6.0,safe
SNS-zone_15-01,zone_15,2025-10-08T00:00:00Z,15.46,0.025,44.56,139.34,6.0,safe
SNS-zone_16-01,zone_16,2025-10-08T00:00:00Z,17.12,0.035,49.1,143.64,6.0,safe
SNS-zone_01-01,zone_01,2025-10-09T00:00:00Z,15.16,0.032,41.96,134.01,0.4,safe
SNS-zone_02-01,zone_02,2025-10-09T00:00:00Z,13.7,0.027,41.62,137.35,0.4,safe
SNS-zone_03-01,zone_03,2025-10-09T00:00:00Z,17.25,0.034,52.22,165.43,0.4,safe
SNS-zone_04-01,zone_04,2025-10-09T00:00:00Z,19.92,0.041,42.61,161.11,0.4,safe
SNS-zone_05-01,zone_05,2025-10-09T00:00:00Z,15.72,0.037,35.48,131.9,0.4,safe
SNS-zone_06-01,zone_06,2025-10-09T00:00:00Z,77.5,0.228,83.48,550.93,0.4,warning
SNS-zone_07-01,zone_07,2025-10-09T00:00:00Z,76.67,0.225,79.25,545.68,0.4,warning
SNS-zone_08-01,zone_08,2025-10-09T00:00:00Z,132.86,0.325,81.0,757.94,0.4,evacuation
SNS-zone_09-01,zone_09,2025-10-09T00:00:00Z,14.76,0.033,37.1,123.81,0.4,safe
SNS-zone_10-01,zone_10,2025-10-09T00:00:00Z,135.39,0.324,87.53,780.0,0.4,evacuation
SNS-zone_11-01,zone_11,2025-10-09T00:00:00Z,120.5,0.458,138.37,1098.14,0.4,evacuation
SNS-zone_12-01,zone_12,2025-10-09T00:00:00Z,120.5,0.459,135.27,1087.52,0.4,evacuation
SNS-zone_13-01,zone_13,2025-10-09T00:00:00Z,14.05,0.024,34.35,125.51,0.4,safe
SNS-zone_14-01,zone_14,2025-10-09T00:00:00Z,13.62,0.023,39.57,134.42,0.4,safe
SNS-zone_15-01,zone_15,2025-10-09T00:00:00Z,14.24,0.035,44.64,144.89,0.4,safe
SNS-zone_16-01,zone_16,2025-10-09T00:00:00Z,14.73,0.032,46.51,139.33,0.4,safe
SNS-zone_01-01,zone_01,2025-10-10T00:00:00Z,13.13,0.032,41.23,133.3,4.7,safe
SNS-zone_02-01,zone_02,2025-10-10T00:00:00Z,14.91,0.037,43.2,136.52,4.7,safe
SNS-zone_03-01,zone_03,2025-10-10T00:00:00Z,18.89,0.035,51.12,158.08,4.7,safe
SNS-zone_04-01,zone_04,2025-10-10T00:00:00Z,18.34,0.04,42.62,150.16,4.7,safe
SNS-zone_05-01,zone_05,2025-10-10T00:00:00Z,12.03,0.032,36.77,123.7,4.7,safe
SNS-zone_06-01,zone_06,2025-10-10T00:00:00Z,76.28,0.216,85.2,534.73,4.7,warning
SNS-zone_07-01,zone_07,2025-10-10T00:00:00Z,75.1,0.228,82.55,533.14,4.7,warning
SNS-zone_08-01,zone_08,2025-10-10T00:00:00Z,73.94,0.22,83.55,562.24,4.7,warning
SNS-zone_09-01,zone_09,2025-10-10T00:00:00Z,14.13,0.026,36.07,126.4,4.7,safe
SNS-zone_10-01,zone_10,2025-10-10T00:00:00Z,72.77,0.212,84.61,575.39,4.7,warning
SNS-zone_11-01,zone_11,2025-10-10T00:00:00Z,120.5,0.46,133.67,1096.45,4.7,evacuation
SNS-zone_12-01,zone_12,2025-10-10T00:00:00Z,120.5,0.461,130.83,1077.17,4.7,evacuation
SNS-zone_13-01,zone_13,2025-10-10T00:00:00Z,14.73,0.036,37.36,129.16,4.7,safe
SNS-zone_14-01,zone_14,2025-10-10T00:00:00Z,13.32,0.031,41.59,128.31,4.7,safe
SNS-zone_15-01,zone_15,2025-10-10T00:00:00Z,13.19,0.029,41.67,131.72,4.7,safe
SNS-zone_16-01,zone_16,2025-10-10T00:00:00Z,15.96,0.039,46.65,145.07,4.7,safe
SNS-zone_01-01,zone_01,2025-10-11T00:00:00Z,13.79,0.026,41.64,128.39,2.9,safe
SNS-zone_02-01,zone_02,2025-10-11T00:00:00Z,13.63,0.027,40.32,134.0,2.9,safe
SNS-zone_03-01,zone_03,2025-10-11T00:00:00Z,16.0,0.031,49.24,161.02,2.9,safe
SNS-zone_04-01,zone_04,2025-10-11T00:00:00Z,17.47,0.037,39.09,140.8,2.9,safe
SNS-zone_05-01,zone_05,2025-10-11T00:00:00Z,12.63,0.017,35.08,123.2,2.9,safe
SNS-zone_06-01,zone_06,2025-10-11T00:00:00Z,74.72,0.228,86.7,561.96,2.9,warning
SNS-zone_07-01,zone_07,2025-10-11T00:00:00Z,74.07,0.227,78.73,531.15,2.9,warning
SNS-zone_08-01,zone_08,2025-10-11T00:00:00Z,71.3,0.237,80.32,555.58,2.9,warning
SNS-zone_09-01,zone_09,2025-10-11T00:00:00Z,13.13,0.026,35.86,120.82,2.9,safe
SNS-zone_10-01,zone_10,2025-10-11T00:00:00Z,72.23,0.222,83.76,584.96,2.9,warning
SNS-zone_11-01,zone_11,2025-10-11T00:00:00Z,120.5,0.454,131.74,1073.72,2.9,evacuation
SNS-zone_12-01,zone_12,2025-10-11T00:00:00Z,120.5,0.447,126.84,1102.22,2.9,evacuation
SNS-zone_13-01,zone_13,2025-10-11T00:00:00Z,12.85,0.038,37.14,124.9,2.9,safe
SNS-zone_14-01,zone_14,2025-10-11T00:00:00Z,12.38,0.019,38.15,128.09,2.9,safe
SNS-zone_15-01,zone_15,2025-10-11T00:00:00Z,12.32,0.03,42.12,133.9,2.9,safe
SNS-zone_16-01,zone_16,2025-10-11T00:00:00Z,12.87,0.024,45.74,136.78,2.9,safe
SNS-zone_01-01,zone_01,2025-10-12T00:00:00Z,11.77,0.043,39.79,129.08,0.1,safe
SNS-zone_02-01,zone_02,2025-10-12T00:00:00Z,12.18,0.027,38.43,125.17,0.1,safe
SNS-zone_03-01,zone_03,2025-10-12T00:00:00Z,14.9,0.031,47.45,144.39,0.1,safe
SNS-zone_04-01,zone_04,2025-10-12T00:00:00Z,15.18,0.027,38.54,139.06,0.1,safe
SNS-zone_05-01,zone_05,2025-10-12T00:00:00Z,10.64,0.026,37.15,123.42,0.1,safe
SNS-zone_06-01,zone_06,2025-10-12T00:00:00Z,71.08,0.196,79.43,521.27,0.1,warning
SNS-zone_07-01,zone_07,2025-10-12T00:00:00Z,68.69,0.211,78.76,503.7,0.1,warning
SNS-zone_08-01,zone_08,2025-10-12T00:00:00Z,66.02,0.221,74.03,536.79,0.1,warning
SNS-zone_09-01,zone_09,2025-10-12T00:00:00Z,13.44,0.026,36.8,129.65,0.1,safe
SNS-zone_10-01,zone_10,2025-10-12T00:00:00Z,66.71,0.216,83.63,556.15,0.1,warning
SNS-zone_11-01,zone_11,2025-10-12T00:00:00Z,75.1,0.297,124.2,895.86,0.1,warning
SNS-zone_12-01,zone_12,2025-10-12T00:00:00Z,78.69,0.32,124.29,902.29,0.1,warning
SNS-zone_13-01,zone_13,2025-10-12T00:00:00Z,11.56,0.029,35.36,127.1,0.1,safe
SNS-zone_14-01,zone_14,2025-10-12T00:00:00Z,11.39,0.023,40.31,121.51,0.1,safe
SNS-zone_15-01,zone_15,2025-10-12T00:00:00Z,10.79,0.024,40.22,124.4,0.1,safe
SNS-zone_16-01,zone_16,2025-10-12T00:00:00Z,9.77,0.026,44.62,124.07,0.1,safe
SNS-zone_01-01,zone_01,2025-10-13T00:00:00Z,11.19,0.03,39.06,128.63,1.0,safe
SNS-zone_02-01,zone_02,2025-10-13T00:00:00Z,10.62,0.022,37.35,129.82,1.0,safe
SNS-zone_03-01,zone_03,2025-10-13T00:00:00Z,13.19,0.029,47.49,144.59,1.0,safe
SNS-zone_04-01,zone_04,2025-10-13T00:00:00Z,12.99,0.031,39.23,138.08,1.0,safe
SNS-zone_05-01,zone_05,2025-10-13T00:00:00Z,10.6,0.023,35.96,119.07,1.0,safe
SNS-zone_06-01,zone_06,2025-10-13T00:00:00Z,70.35,0.212,77.39,511.62,1.0,warning
SNS-zone_07-01,zone_07,2025-10-13T00:00:00Z,67.85,0.206,75.12,513.62,1.0,warning
SNS-zone_08-01,zone_08,2025-10-13T00:00:00Z,65.39,0.203,73.01,540.09,1.0,warning
SNS-zone_09-01,zone_09,2025-10-13T00:00:00Z,10.3,0.03,35.0,116.83,1.0,safe
SNS-zone_10-01,zone_10,2025-10-13T00:00:00Z,65.06,0.195,76.49,549.19,1.0,warning
SNS-zone_11-01,zone_11,2025-10-13T00:00:00Z,73.89,0.303,123.66,845.69,1.0,warning
SNS-zone_12-01,zone_12,2025-10-13T00:00:00Z,71.25,0.29,118.64,837.71,1.0,warning
SNS-zone_13-01,zone_13,2025-10-13T00:00:00Z,10.34,0.018,33.26,120.57,1.0,safe
SNS-zone_14-01,zone_14,2025-10-13T00:00:00Z,10.76,0.024,38.8,129.05,1.0,safe
SNS-zone_15-01,zone_15,2025-10-13T00:00:00Z,10.35,0.033,39.97,124.85,1.0,safe
SNS-zone_16-01,zone_16,2025-10-13T00:00:00Z,11.42,0.028,44.97,130.93,1.0,safe
SNS-zone_01-01,zone_01,2025-10-14T00:00:00Z,9.76,0.025,37.17,116.2,0.0,safe
SNS-zone_02-01,zone_02,2025-10-14T00:00:00Z,10.28,0.028,37.79,120.91,0.0,safe
SNS-zone_03-01,zone_03,2025-10-14T00:00:00Z,12.37,0.03,44.24,146.04,0.0,safe
SNS-zone_04-01,zone_04,2025-10-14T00:00:00Z,11.35,0.027,38.34,127.01,0.0,safe
SNS-zone_05-01,zone_05,2025-10-14T00:00:00Z,7.65,0.019,34.69,114.1,0.0,safe
SNS-zone_06-01,zone_06,2025-10-14T00:00:00Z,64.91,0.191,77.18,495.66,0.0,warning
SNS-zone_07-01,zone_07,2025-10-14T00:00:00Z,67.44,0.216,73.47,498.93,0.0,warning
SNS-zone_08-01,zone_08,2025-10-14T00:00:00Z,64.7,0.21,72.02,530.04,0.0,warning
SNS-zone_09-01,zone_09,2025-10-14T00:00:00Z,9.87,0.031,35.12,116.07,0.0,safe
SNS-zone_10-01,zone_10,2025-10-14T00:00:00Z,66.14,0.208,73.42,544.02,0.0,warning
SNS-zone_11-01,zone_11,2025-10-14T00:00:00Z,71.51,0.296,116.79,827.16,0.0,warning
SNS-zone_12-01,zone_12,2025-10-14T00:00:00Z,70.61,0.283,117.95,833.09,0.0,warning
SNS-zone_13-01,zone_13,2025-10-14T00:00:00Z,10.26,0.032,32.88,113.73,0.0,safe
SNS-zone_14-01,zone_14,2025-10-14T00:00:00Z,9.49,0.03,37.22,121.49,0.0,safe
SNS-zone_15-01,zone_15,2025-10-14T00:00:00Z,9.95,0.025,38.98,122.68,0.0,safe
SNS-zone_16-01,zone_16,2025-10-14T00:00:00Z,8.08,0.021,43.96,124.38,0.0,safe
SNS-zone_01-01,zone_01,2025-10-15T00:00:00Z,8.29,0.017,36.28,124.05,0.0,safe
SNS-zone_02-01,zone_02,2025-10-15T00:00:00Z,8.56,0.028,35.88,114.27,0.0,safe
SNS-zone_03-01,zone_03,2025-10-15T00:00:00Z,11.57,0.036,45.47,133.4,0.0,safe
SNS-zone_04-01,zone_04,2025-10-15T00:00:00Z,12.36,0.034,38.18,128.48,0.0,safe
SNS-zone_05-01,zone_05,2025-10-15T00:00:00Z,8.35,0.025,34.65,115.73,0.0,safe
SNS-zone_06-01,zone_06,2025-10-15T00:00:00Z,62.44,0.206,72.76,478.21,0.0,warning
SNS-zone_07-01,zone_07,2025-10-15T00:00:00Z,65.35,0.189,70.43,502.67,0.0,warning
SNS-zone_08-01,zone_08,2025-10-15T00:00:00Z,62.72,0.2,73.39,525.78,0.0,warning
SNS-zone_09-01,zone_09,2025-10-15T00:00:00Z,7.44,0.016,34.18,119.17,0.0,safe
SNS-zone_10-01,zone_10,2025-10-15T00:00:00Z,61.6,0.209,73.89,522.82,0.0,warning
SNS-zone_11-01,zone_11,2025-10-15T00:00:00Z,71.92,0.286,108.28,840.64,0.0,warning
SNS-zone_12-01,zone_12,2025-10-15T00:00:00Z,71.22,0.305,109.92,844.27,0.0,warning
SNS-zone_13-01,zone_13,2025-10-15T00:00:00Z,8.17,0.023,34.39,110.16,0.0,safe
SNS-zone_14-01,zone_14,2025-10-15T00:00:00Z,8.13,0.024,35.38,110.99,0.0,safe
SNS-zone_15-01,zone_15,2025-10-15T00:00:00Z,8.17,0.02,38.37,117.94,0.0,safe
SNS-zone_16-01,zone_16,2025-10-15T00:00:00Z,7.85,0.026,41.96,121.75,0.0,safe
SNS-zone_01-01,zone_01,2025-10-16T00:00:00Z,6.17,0.026,37.12,108.76,0.0,safe
SNS-zone_02-01,zone_02,2025-10-16T00:00:00Z,9.53,0.027,38.08,122.09,0.0,safe
SNS-zone_03-01,zone_03,2025-10-16T00:00:00Z,11.42,0.036,44.73,134.29,0.0,safe
SNS-zone_04-01,zone_04,2025-10-16T00:00:00Z,9.16,0.021,33.97,114.81,0.0,safe
SNS-zone_05-01,zone_05,2025-10-16T00:00:00Z,6.77,0.023,30.56,107.56,0.0,safe
SNS-zone_06-01,zone_06,2025-10-16T00:00:00Z,62.95,0.205,71.44,481.13,0.0,warning
SNS-zone_07-01,zone_07,2025-10-16T00:00:00Z,64.47,0.197,69.98,497.1,0.0,warning
SNS-zone_08-01,zone_08,2025-10-16T00:00:00Z,61.03,0.205,70.67,514.24,0.0,warning
SNS-zone_09-01,zone_09,2025-10-16T00:00:00Z,6.96,0.03,33.1,118.14,0.0,safe
SNS-zone_10-01,zone_10,2025-10-16T00:00:00Z,64.2,0.201,72.88,520.29,0.0,warning
SNS-zone_11-01,zone_11,2025-10-16T00:00:00Z,71.38,0.284,105.41,813.51,0.0,warning
SNS-zone_12-01,zone_12,2025-10-16T00:00:00Z,68.25,0.285,101.92,820.16,0.0,warning
SNS-zone_13-01,zone_13,2025-10-16T00:00:00Z,8.96,0.022,35.45,116.01,0.0,safe
SNS-zone_14-01,zone_14,2025-10-16T00:00:00Z,6.14,0.017,36.57,114.4,0.0,safe
SNS-zone_15-01,zone_15,2025-10-16T00:00:00Z,7.99,0.027,36.24,117.62,0.0,safe
SNS-zone_16-01,zone_16,2025-10-16T00:00:00Z,7.74,0.031,42.73,121.27,0.0,safe
SNS-zone_01-01,zone_01,2025-10-17T00:00:00Z,5.98,0.024,35.92,105.99,0.0,safe
SNS-zone_02-01,zone_02,2025-10-17T00:00:00Z,6.56,0.021,36.48,112.22,0.0,safe
SNS-zone_03-01,zone_03,2025-10-17T00:00:00Z,9.81,0.026,44.84,134.28,0.0,safe
SNS-zone_04-01,zone_04,2025-10-17T00:00:00Z,9.7,0.028,34.19,119.43,0.0,safe
SNS-zone_05-01,zone_05,2025-10-17T00:00:00Z,7.16,0.02,33.68,105.37,0.0,safe
SNS-zone_06-01,zone_06,2025-10-17T00:00:00Z,62.7,0.193,74.5,491.1,0.0,warning
SNS-zone_07-01,zone_07,2025-10-17T00:00:00Z,62.83,0.186,68.25,489.8,0.0,warning
SNS-zone_08-01,zone_08,2025-10-17T00:00:00Z,57.62,0.184,71.48,504.53,0.0,warning
SNS-zone_09-01,zone_09,2025-10-17T00:00:00Z,6.57,0.024,35.45,119.48,0.0,safe
SNS-zone_10-01,zone_10,2025-10-17T00:00:00Z,58.25,0.194,70.53,503.92,0.0,warning
SNS-zone_11-01,zone_11,2025-10-17T00:00:00Z,69.7,0.284,101.56,813.19,0.0,warning
SNS-zone_12-01,zone_12,2025-10-17T00:00:00Z,68.69,0.286,105.76,801.0,0.0,warning
SNS-zone_13-01,zone_13,2025-10-17T00:00:00Z,7.03,0.023,32.04,102.15,0.0,safe
SNS-zone_14-01,zone_14,2025-10-17T00:00:00Z,7.83,0.025,34.95,113.56,0.0,safe
SNS-zone_15-01,zone_15,2025-10-17T00:00:00Z,7.45,0.026,37.76,117.28,0.0,safe
SNS-zone_16-01,zone_16,2025-10-17T00:00:00Z,8.2,0.026,39.42,116.87,0.0,safe
SNS-zone_01-01,zone_01,2025-10-18T00:00:00Z,6.5,0.02,34.59,108.83,0.0,safe
SNS-zone_02-01,zone_02,2025-10-18T00:00:00Z,7.38,0.028,36.12,108.42,0.0,safe
SNS-zone_03-01,zone_03,2025-10-18T00:00:00Z,8.88,0.021,44.88,123.18,0.0,safe
SNS-zone_04-01,zone_04,2025-10-18T00:00:00Z,8.98,0.025,36.53,123.91,0.0,safe
SNS-zone_05-01,zone_05,2025-10-18T00:00:00Z,4.48,0.022,32.06,107.71,0.0,safe
SNS-zone_06-01,zone_06,2025-10-18T00:00:00Z,63.17,0.201,69.22,476.64,0.0,warning
SNS-zone_07-01,zone_07,2025-10-18T00:00:00Z,60.59,0.189,66.56,476.05,0.0,warning
SNS-zone_08-01,zone_08,2025-10-18T00:00:00Z,59.6,0.192,67.33,510.36,0.0,warning
SNS-zone_09-01,zone_09,2025-10-18T00:00:00Z,6.47,0.021,34.57,108.36,0.0,safe
SNS-zone_10-01,zone_10,2025-10-18T00:00:00Z,62.26,0.207,71.12,522.5,0.0,warning
SNS-zone_11-01,zone_11,2025-10-18T00:00:00Z,71.33,0.274,102.34,806.36,0.0,warning
SNS-zone_12-01,zone_12,2025-10-18T00:00:00Z,67.14,0.291,98.25,794.7,0.0,warning
SNS-zone_13-01,zone_13,2025-10-18T00:00:00Z,4.89,0.026,33.19,106.55,0.0,safe
SNS-zone_14-01,zone_14,2025-10-18T00:00:00Z,5.49,0.019,33.56,108.87,0.0,safe
SNS-zone_15-01,zone_15,2025-10-18T00:00:00Z,5.45,0.021,36.2,106.34,0.0,safe
SNS-zone_16-01,zone_16,2025-10-18T00:00:00Z,5.77,0.026,40.52,115.34,0.0,safe
SNS-zone_01-01,zone_01,2025-10-19T00:00:00Z,6.44,0.023,37.74,103.87,0.1,safe
SNS-zone_02-01,zone_02,2025-10-19T00:00:00Z,5.84,0.019,37.24,101.49,0.1,safe
SNS-zone_03-01,zone_03,2025-10-19T00:00:00Z,8.54,0.03,42.85,127.55,0.1,safe
SNS-zone_04-01,zone_04,2025-10-19T00:00:00Z,9.14,0.022,33.98,116.27,0.1,safe
SNS-zone_05-01,zone_05,2025-10-19T00:00:00Z,4.67,0.029,33.16,107.66,0.1,safe
SNS-zone_06-01,zone_06,2025-10-19T00:00:00Z,58.51,0.193,72.67,481.41,0.1,warning
SNS-zone_07-01,zone_07,2025-10-19T00:00:00Z,58.27,0.183,69.3,450.75,0.1,warning
SNS-zone_08-01,zone_08,2025-10-19T00:00:00Z,56.88,0.167,63.79,498.47,0.1,warning
SNS-zone_09-01,zone_09,2025-10-19T00:00:00Z,6.42,0.022,32.94,108.11,0.1,safe
SNS-zone_10-01,zone_10,2025-10-19T00:00:00Z,60.84,0.2,69.5,531.17,0.1,warning
SNS-zone_11-01,zone_11,2025-10-19T00:00:00Z,67.5,0.293,101.78,791.67,0.1,warning
SNS-zone_12-01,zone_12,2025-10-19T00:00:00Z,67.68,0.278,95.07,781.89,0.1,warning
SNS-zone_13-01,zone_13,2025-10-19T00:00:00Z,7.29,0.025,30.71,103.51,0.1,safe
SNS-zone_14-01,zone_14,2025-10-19T00:00:00Z,6.7,0.023,34.12,104.42,0.1,safe
SNS-zone_15-01,zone_15,2025-10-19T00:00:00Z,4.43,0.019,36.67,112.86,0.1,safe
SNS-zone_16-01,zone_16,2025-10-19T00:00:00Z,5.5,0.026,41.21,127.98,0.1,safe
SNS-zone_01-01,zone_01,2025-10-20T00:00:00Z,6.49,0.022,34.28,105.11,0.9,safe
SNS-zone_02-01,zone_02,2025-10-20T00:00:00Z,5.79,0.019,37.13,105.73,0.9,safe
SNS-zone_03-01,zone_03,2025-10-20T00:00:00Z,8.26,0.028,40.61,117.1,0.9,safe
SNS-zone_04-01,zone_04,2025-10-20T00:00:00Z,7.41,0.025,35.09,113.97,0.9,safe
SNS-zone_05-01,zone_05,2025-10-20T00:00:00Z,6.42,0.016,30.02,103.44,0.9,safe
SNS-zone_06-01,zone_06,2025-10-20T00:00:00Z,58.33,0.183,73.68,463.69,0.9,warning
SNS-zone_07-01,zone_07,2025-10-20T00:00:00Z,58.62,0.173,67.98,457.63,0.9,warning
SNS-zone_08-01,zone_08,2025-10-20T00:00:00Z,58.88,0.19,69.15,515.77,0.9,warning
SNS-zone_09-01,zone_09,2025-10-20T00:00:00Z,3.43,0.022,34.94,103.7,0.9,safe
SNS-zone_10-01,zone_10,2025-10-20T00:00:00Z,57.28,0.193,67.34,499.82,0.9,warning
SNS-zone_11-01,zone_11,2025-10-20T00:00:00Z,63.12,0.3,102.19,773.84,0.9,warning
SNS-zone_12-01,zone_12,2025-10-20T00:00:00Z,66.44,0.297,98.84,806.82,0.9,warning
SNS-zone_13-01,zone_13,2025-10-20T00:00:00Z,5.56,0.024,30.94,99.9,0.9,safe
SNS-zone_14-01,zone_14,2025-10-20T00:00:00Z,5.8,0.019,34.68,105.0,0.9,safe
SNS-zone_15-01,zone_15,2025-10-20T00:00:00Z,6.8,0.02,37.08,102.73,0.9,safe
SNS-zone_16-01,zone_16,2025-10-20T00:00:00Z,5.52,0.02,41.68,111.6,0.9,safe
SNS-zone_01-01,zone_01,2025-10-21T00:00:00Z,6.17,0.02,35.44,104.0,0.0,safe
SNS-zone_02-01,zone_02,2025-10-21T00:00:00Z,5.92,0.02,36.37,108.25,0.0,safe
SNS-zone_03-01,zone_03,2025-10-21T00:00:00Z,8.09,0.03,42.53,122.82,0.0,safe
SNS-zone_04-01,zone_04,2025-10-21T00:00:00Z,7.04,0.028,35.47,113.21,0.0,safe
SNS-zone_05-01,zone_05,2025-10-21T00:00:00Z,6.15,0.026,31.99,102.54,0.0,safe
SNS-zone_06-01,zone_06,2025-10-21T00:00:00Z,58.34,0.172,70.45,466.34,0.0,warning
SNS-zone_07-01,zone_07,2025-10-21T00:00:00Z,59.6,0.199,66.41,477.78,0.0,warning
SNS-zone_08-01,zone_08,2025-10-21T00:00:00Z,58.19,0.198,62.76,504.26,0.0,warning
SNS-zone_09-01,zone_09,2025-10-21T00:00:00Z,5.43,0.025,34.33,106.63,0.0,safe
SNS-zone_10-01,zone_10,2025-10-21T00:00:00Z,58.23,0.186,69.73,504.02,0.0,warning
SNS-zone_11-01,zone_11,2025-10-21T00:00:00Z,68.43,0.289,100.16,815.46,0.0,warning
SNS-zone_12-01,zone_12,2025-10-21T00:00:00Z,66.09,0.282,100.12,779.47,0.0,warning
SNS-zone_13-01,zone_13,2025-10-21T00:00:00Z,5.43,0.023,32.14,97.94,0.0,safe
SNS-zone_14-01,zone_14,2025-10-21T00:00:00Z,5.87,0.025,33.12,102.84,0.0,safe
SNS-zone_15-01,zone_15,2025-10-21T00:00:00Z,5.21,0.027,36.19,106.62,0.0,safe
SNS-zone_16-01,zone_16,2025-10-21T00:00:00Z,4.69,0.022,41.64,107.78,0.0,safe
SNS-zone_01-01,zone_01,2025-10-22T00:00:00Z,4.69,0.022,34.07,110.8,0.0,safe
SNS-zone_02-01,zone_02,2025-10-22T00:00:00Z,4.48,0.019,34.72,110.39,0.0,safe
SNS-zone_03-01,zone_03,2025-10-22T00:00:00Z,7.91,0.027,43.65,126.63,0.0,safe
SNS-zone_04-01,zone_04,2025-10-22T00:00:00Z,9.1,0.03,35.45,125.01,0.0,safe
SNS-zone_05-01,zone_05,2025-10-22T00:00:00Z,4.02,0.02,29.23,97.34,0.0,safe
SNS-zone_06-01,zone_06,2025-10-22T00:00:00Z,60.55,0.196,70.52,480.15,0.0,warning
SNS-zone_07-01,zone_07,2025-10-22T00:00:00Z,55.86,0.187,65.43,458.75,0.0,warning
SNS-zone_08-01,zone_08,2025-10-22T00:00:00Z,57.22,0.183,64.83,489.59,0.0,warning
SNS-zone_09-01,zone_09,2025-10-22T00:00:00Z,4.97,0.027,34.61,106.07,0.0,safe
SNS-zone_10-01,zone_10,2025-10-22T00:00:00Z,59.87,0.198,68.66,515.86,0.0,warning
SNS-zone_11-01,zone_11,2025-10-22T00:00:00Z,68.14,0.284,99.55,805.49,0.0,warning
SNS-zone_12-01,zone_12,2025-10-22T00:00:00Z,65.49,0.279,95.69,766.28,0.0,warning
SNS-zone_13-01,zone_13,2025-10-22T00:00:00Z,5.04,0.014,31.47,109.19,0.0,safe
SNS-zone_14-01,zone_14,2025-10-22T00:00:00Z,4.37,0.018,33.97,101.89,0.0,safe
SNS-zone_15-01,zone_15,2025-10-22T00:00:00Z,5.98,0.016,37.28,110.55,0.0,safe
SNS-zone_16-01,zone_16,2025-10-22T00:00:00Z,4.6,0.026,40.55,106.27,0.0,safe
SNS-zone_01-01,zone_01,2025-10-23T00:00:00Z,5.73,0.025,32.97,113.5,0.0,safe
SNS-zone_02-01,zone_02,2025-10-23T00:00:00Z,6.21,0.02,36.5,114.06,0.0,safe
SNS-zone_03-01,zone_03,2025-10-23T00:00:00Z,7.87,0.029,41.35,130.88,0.0,safe
SNS-zone_04-01,zone_04,2025-10-23T00:00:00Z,7.79,0.022,33.02,113.89,0.0,safe
SNS-zone_05-01,zone_05,2025-10-23T00:00:00Z,5.64,0.025,30.23,103.92,0.0,safe
SNS-zone_06-01,zone_06,2025-10-23T00:00:00Z,57.63,0.189,70.37,474.63,0.0,warning
SNS-zone_07-01,zone_07,2025-10-23T00:00:00Z,54.01,0.179,67.26,444.67,0.0,warning
SNS-zone_08-01,zone_08,2025-10-23T00:00:00Z,54.91,0.176,67.38,482.9,0.0,warning
SNS-zone_09-01,zone_09,2025-10-23T00:00:00Z,4.44,0.024,30.16,104.7,0.0,safe
SNS-zone_10-01,zone_10,2025-10-23T00:00:00Z,56.15,0.181,69.35,492.72,0.0,warning
SNS-zone_11-01,zone_11,2025-10-23T00:00:00Z,120.5,0.434,97.06,1025.05,0.0,evacuation
SNS-zone_12-01,zone_12,2025-10-23T00:00:00Z,120.5,0.461,94.15,1027.65,0.0,evacuation
SNS-zone_13-01,zone_13,2025-10-23T00:00:00Z,4.41,0.016,28.18,99.43,0.0,safe
SNS-zone_14-01,zone_14,2025-10-23T00:00:00Z,4.7,0.026,35.3,104.01,0.0,safe
SNS-zone_15-01,zone_15,2025-10-23T00:00:00Z,3.77,0.019,33.83,102.71,0.0,safe
SNS-zone_16-01,zone_16,2025-10-23T00:00:00Z,3.9,0.018,40.45,103.69,0.0,safe
SNS-zone_01-01,zone_01,2025-10-24T00:00:00Z,4.43,0.017,32.52,106.47,0.0,safe
SNS-zone_02-01,zone_02,2025-10-24T00:00:00Z,4.8,0.022,35.41,101.85,0.0,safe
SNS-zone_03-01,zone_03,2025-10-24T00:00:00Z,7.26,0.026,41.15,117.36,0.0,safe
SNS-zone_04-01,zone_04,2025-10-24T00:00:00Z,7.73,0.021,34.75,118.01,0.0,safe
SNS-zone_05-01,zone_05,2025-10-24T00:00:00Z,5.3,0.029,30.83,99.85,0.0,safe
SNS-zone_06-01,zone_06,2025-10-24T00:00:00Z,55.37,0.184,68.5,455.56,0.0,warning
SNS-zone_07-01,zone_07,2025-10-24T00:00:00Z,57.72,0.188,67.12,464.04,0.0,warning
SNS-zone_08-01,zone_08,2025-10-24T00:00:00Z,56.62,0.187,62.67,498.23,0.0,warning
SNS-zone_09-01,zone_09,2025-10-24T00:00:00Z,4.46,0.018,33.24,98.73,0.0,safe
SNS-zone_10-01,zone_10,2025-10-24T00:00:00Z,55.77,0.183,66.91,501.81,0.0,warning
SNS-zone_11-01,zone_11,2025-10-24T00:00:00Z,120.5,0.442,93.88,1007.87,0.0,evacuation
SNS-zone_12-01,zone_12,2025-10-24T00:00:00Z,120.5,0.433,91.27,1005.75,0.0,evacuation
SNS-zone_13-01,zone_13,2025-10-24T00:00:00Z,5.58,0.023,29.56,102.75,0.0,safe
SNS-zone_14-01,zone_14,2025-10-24T00:00:00Z,6.15,0.018,34.58,112.83,0.0,safe
SNS-zone_15-01,zone_15,2025-10-24T00:00:00Z,4.52,0.017,35.95,113.45,0.0,safe
SNS-zone_16-01,zone_16,2025-10-24T00:00:00Z,5.29,0.015,40.78,117.08,0.0,safe
SNS-zone_01-01,zone_01,2025-10-25T00:00:00Z,8.97,0.025,37.49,114.06,15.1,safe
SNS-zone_02-01,zone_02,2025-10-25T00:00:00Z,9.3,0.026,35.82,114.87,15.1,safe
SNS-zone_03-01,zone_03,2025-10-25T00:00:00Z,9.67,0.025,45.86,129.56,15.1,safe
SNS-zone_04-01,zone_04,2025-10-25T00:00:00Z,10.66,0.027,38.14,128.28,15.1,safe
SNS-zone_05-01,zone_05,2025-10-25T00:00:00Z,10.04,0.021,32.25,114.7,15.1,safe
SNS-zone_06-01,zone_06,2025-10-25T00:00:00Z,65.11,0.206,73.86,498.77,15.1,warning
SNS-zone_07-01,zone_07,2025-10-25T00:00:00Z,65.67,0.201,72.22,497.17,15.1,warning
SNS-zone_08-01,zone_08,2025-10-25T00:00:00Z,63.74,0.195,68.58,533.46,15.1,warning
SNS-zone_09-01,zone_09,2025-10-25T00:00:00Z,7.85,0.021,36.3,114.18,15.1,safe
SNS-zone_10-01,zone_10,2025-10-25T00:00:00Z,65.39,0.205,72.79,527.56,15.1,warning
SNS-zone_11-01,zone_11,2025-10-25T00:00:00Z,120.5,0.442,110.57,1060.62,15.1,evacuation
SNS-zone_12-01,zone_12,2025-10-25T00:00:00Z,120.5,0.467,107.98,1040.1,15.1,evacuation
SNS-zone_13-01,zone_13,2025-10-25T00:00:00Z,8.01,0.027,33.7,109.79,15.1,safe
SNS-zone_14-01,zone_14,2025-10-25T00:00:00Z,9.57,0.029,37.52,125.37,15.1,safe
SNS-zone_15-01,zone_15,2025-10-25T00:00:00Z,8.35,0.029,39.71,118.49,15.1,safe
SNS-zone_16-01,zone_16,2025-10-25T00:00:00Z,9.49,0.027,42.52,129.89,15.1,safe
SNS-zone_01-01,zone_01,2025-10-26T00:00:00Z,7.07,0.018,32.72,106.94,1.3,safe
SNS-zone_02-01,zone_02,2025-10-26T00:00:00Z,7.68,0.022,37.27,116.77,1.3,safe
SNS-zone_03-01,zone_03,2025-10-26T00:00:00Z,9.65,0.028,44.52,134.1,1.3,safe
SNS-zone_04-01,zone_04,2025-10-26T00:00:00Z,11.23,0.036,36.63,122.86,1.3,safe
SNS-zone_05-01,zone_05,2025-10-26T00:00:00Z,7.99,0.029,34.57,115.6,1.3,safe
SNS-zone_06-01,zone_06,2025-10-26T00:00:00Z,63.78,0.194,76.04,483.7,1.3,warning
SNS-zone_07-01,zone_07,2025-10-26T00:00:00Z,63.78,0.199,70.81,490.74,1.3,warning
SNS-zone_08-01,zone_08,2025-10-26T00:00:00Z,62.45,0.194,69.64,530.32,1.3,warning
SNS-zone_09-01,zone_09,2025-10-26T00:00:00Z,7.45,0.016,35.21,111.24,1.3,safe
SNS-zone_10-01,zone_10,2025-10-26T00:00:00Z,59.97,0.199,74.11,525.56,1.3,warning
SNS-zone_11-01,zone_11,2025-10-26T00:00:00Z,120.5,0.45,112.32,1058.43,1.3,evacuation
SNS-zone_12-01,zone_12,2025-10-26T00:00:00Z,120.5,0.453,108.5,1059.41,1.3,evacuation
SNS-zone_13-01,zone_13,2025-10-26T00:00:00Z,6.17,0.026,30.89,102.05,1.3,safe
SNS-zone_14-01,zone_14,2025-10-26T00:00:00Z,7.64,0.022,37.18,110.89,1.3,safe
SNS-zone_15-01,zone_15,2025-10-26T00:00:00Z,7.69,0.025,40.04,120.7,1.3,safe
SNS-zone_16-01,zone_16,2025-10-26T00:00:00Z,8.37,0.024,44.76,128.5,1.3,safe
SNS-zone_01-01,zone_01,2025-10-27T00:00:00Z,6.24,0.022,38.2,110.23,0.8,safe
SNS-zone_02-01,zone_02,2025-10-27T00:00:00Z,6.3,0.03,37.65,112.05,0.8,safe
SNS-zone_03-01,zone_03,2025-10-27T00:00:00Z,9.41,0.033,44.18,135.74,0.8,safe
SNS-zone_04-01,zone_04,2025-10-27T00:00:00Z,9.54,0.029,34.32,121.51,0.8,safe
SNS-zone_05-01,zone_05,2025-10-27T00:00:00Z,6.91,0.023,33.02,111.8,0.8,safe
SNS-zone_06-01,zone_06,2025-10-27T00:00:00Z,59.83,0.191,73.04,488.84,0.8,warning
SNS-zone_07-01,zone_07,2025-10-27T00:00:00Z,64.6,0.193,71.15,491.99,0.8,warning
SNS-zone_08-01,zone_08,2025-10-27T00:00:00Z,61.76,0.197,67.26,518.18,0.8,warning
SNS-zone_09-01,zone_09,2025-10-27T00:00:00Z,7.39,0.032,32.01,102.63,0.8,safe
SNS-zone_10-01,zone_10,2025-10-27T00:00:00Z,59.79,0.194,75.09,517.26,0.8,warning
SNS-zone_11-01,zone_11,2025-10-27T00:00:00Z,120.5,0.464,107.63,1058.61,0.8,evacuation
SNS-zone_12-01,zone_12,2025-10-27T00:00:00Z,120.5,0.448,102.7,1038.18,0.8,evacuation
SNS-zone_13-01,zone_13,2025-10-27T00:00:00Z,8.07,0.025,32.52,102.06,0.8,safe
SNS-zone_14-01,zone_14,2025-10-27T00:00:00Z,8.46,0.029,33.68,111.21,0.8,safe
SNS-zone_15-01,zone_15,2025-10-27T00:00:00Z,7.54,0.022,37.95,112.1,0.8,safe
SNS-zone_16-01,zone_16,2025-10-27T00:00:00Z,6.68,0.022,40.67,116.5,0.8,safe
SNS-zone_01-01,zone_01,2025-10-28T00:00:00Z,5.75,0.021,37.61,114.81,0.5,safe
SNS-zone_02-01,zone_02,2025-10-28T00:00:00Z,6.35,0.023,35.08,110.89,0.5,safe
SNS-zone_03-01,zone_03,2025-10-28T00:00:00Z,8.95,0.024,43.38,131.39,0.5,safe
SNS-zone_04-01,zone_04,2025-10-28T00:00:00Z,9.39,0.025,36.02,123.34,0.5,safe
SNS-zone_05-01,zone_05,2025-10-28T00:00:00Z,5.17,0.018,33.12,105.64,0.5,safe
SNS-zone_06-01,zone_06,2025-10-28T00:00:00Z,63.57,0.201,72.91,484.1,0.5,warning
SNS-zone_07-01,zone_07,2025-10-28T00:00:00Z,59.47,0.192,71.25,465.47,0.5,warning
SNS-zone_08-01,zone_08,2025-10-28T00:00:00Z,61.47,0.19,67.84,515.89,0.5,warning
SNS-zone_09-01,zone_09,2025-10-28T00:00:00Z,6.25,0.02,31.22,104.41,0.5,safe
SNS-zone_10-01,zone_10,2025-10-28T00:00:00Z,57.79,0.179,71.79,506.32,0.5,warning
SNS-zone_11-01,zone_11,2025-10-28T00:00:00Z,120.5,0.44,104.85,1055.06,0.5,evacuation
SNS-zone_12-01,zone_12,2025-10-28T00:00:00Z,120.5,0.455,100.88,1038.0,0.5,evacuation
SNS-zone_13-01,zone_13,2025-10-28T00:00:00Z,5.81,0.021,32.72,108.39,0.5,safe
SNS-zone_14-01,zone_14,2025-10-28T00:00:00Z,7.76,0.018,33.88,108.91,0.5,safe
SNS-zone_15-01,zone_15,2025-10-28T00:00:00Z,7.62,0.018,36.92,113.5,0.5,safe
SNS-zone_16-01,zone_16,2025-10-28T00:00:00Z,6.07,0.025,39.16,111.38,0.5,safe
SNS-zone_01-01,zone_01,2025-10-29T00:00:00Z,9.69,0.023,36.5,119.21,12.1,safe
SNS-zone_02-01,zone_02,2025-10-29T00:00:00Z,9.72,0.03,38.29,122.98,12.1,safe
SNS-zone_03-01,zone_03,2025-10-29T00:00:00Z,12.91,0.036,46.06,134.92,12.1,safe
SNS-zone_04-01,zone_04,2025-10-29T00:00:00Z,12.99,0.027,39.67,138.58,12.1,safe
SNS-zone_05-01,zone_05,2025-10-29T00:00:00Z,9.82,0.028,35.83,118.95,12.1,safe
SNS-zone_06-01,zone_06,2025-10-29T00:00:00Z,66.35,0.215,75.71,495.51,12.1,warning
SNS-zone_07-01,zone_07,2025-10-29T00:00:00Z,64.76,0.194,74.59,492.13,12.1,warning
SNS-zone_08-01,zone_08,2025-10-29T00:00:00Z,62.12,0.196,73.01,526.49,12.1,warning
SNS-zone_09-01,zone_09,2025-10-29T00:00:00Z,8.56,0.023,33.62,108.56,12.1,safe
SNS-zone_10-01,zone_10,2025-10-29T00:00:00Z,60.96,0.202,76.83,507.82,12.1,warning
SNS-zone_11-01,zone_11,2025-10-29T00:00:00Z,120.5,0.459,114.34,1066.82,12.1,evacuation
SNS-zone_12-01,zone_12,2025-10-29T00:00:00Z,120.5,0.44,111.81,1062.4,12.1,evacuation
SNS-zone_13-01,zone_13,2025-10-29T00:00:00Z,7.58,0.022,37.01,119.38,12.1,safe
SNS-zone_14-01,zone_14,2025-10-29T00:00:00Z,10.21,0.026,38.93,123.17,12.1,safe
SNS-zone_15-01,zone_15,2025-10-29T00:00:00Z,6.76,0.023,38.39,111.48,12.1,safe
SNS-zone_16-01,zone_16,2025-10-29T00:00:00Z,9.27,0.025,42.88,120.46,12.1,safe
SNS-zone_01-01,zone_01,2025-10-30T00:00:00Z,15.4,0.035,42.46,139.12,30.1,safe
SNS-zone_02-01,zone_02,2025-10-30T00:00:00Z,15.51,0.04,42.53,141.71,30.1,safe
SNS-zone_03-01,zone_03,2025-10-30T00:00:00Z,50.79,0.076,52.25,244.32,30.1,warning
SNS-zone_04-01,zone_04,2025-10-30T00:00:00Z,50.88,0.077,42.78,229.52,30.1,warning
SNS-zone_05-01,zone_05,2025-10-30T00:00:00Z,17.01,0.035,36.71,144.16,30.1,safe
SNS-zone_06-01,zone_06,2025-10-30T00:00:00Z,79.72,0.236,84.92,541.03,30.1,warning
SNS-zone_07-01,zone_07,2025-10-30T00:00:00Z,80.09,0.227,83.3,560.54,30.1,warning
SNS-zone_08-01,zone_08,2025-10-30T00:00:00Z,134.4,0.33,82.84,766.37,30.1,evacuation
SNS-zone_09-01,zone_09,2025-10-30T00:00:00Z,15.77,0.034,40.6,142.23,30.1,safe
SNS-zone_10-01,zone_10,2025-10-30T00:00:00Z,132.49,0.322,88.02,777.35,30.1,evacuation
SNS-zone_11-01,zone_11,2025-10-30T00:00:00Z,120.5,0.437,141.86,1108.5,30.1,evacuation
SNS-zone_12-01,zone_12,2025-10-30T00:00:00Z,120.5,0.45,135.96,1076.05,30.1,evacuation
SNS-zone_13-01,zone_13,2025-10-30T00:00:00Z,15.29,0.036,35.04,131.34,30.1,safe
SNS-zone_14-01,zone_14,2025-10-30T00:00:00Z,15.86,0.031,41.76,135.84,30.1,safe
SNS-zone_15-01,zone_15,2025-10-30T00:00:00Z,17.29,0.036,43.41,146.55,30.1,safe
SNS-zone_16-01,zone_16,2025-10-30T00:00:00Z,15.83,0.027,48.73,140.57,30.1,safe
SNS-zone_01-01,zone_01,2025-10-31T00:00:00Z,14.24,0.023,43.94,146.04,6.7,safe
SNS-zone_02-01,zone_02,2025-10-31T00:00:00Z,14.45,0.03,41.57,139.85,6.7,safe
SNS-zone_03-01,zone_03,2025-10-31T00:00:00Z,20.54,0.041,49.64,166.07,6.7,safe
SNS-zone_04-01,zone_04,2025-10-31T00:00:00Z,19.86,0.046,41.87,150.62,6.7,safe
SNS-zone_05-01,zone_05,2025-10-31T00:00:00Z,14.78,0.031,39.51,130.74,6.7,safe
SNS-zone_06-01,zone_06,2025-10-31T00:00:00Z,77.97,0.226,86.77,551.37,6.7,warning
SNS-zone_07-01,zone_07,2025-10-31T00:00:00Z,75.8,0.224,82.41,551.71,6.7,warning
SNS-zone_08-01,zone_08,2025-10-31T00:00:00Z,133.48,0.325,83.89,770.71,6.7,evacuation
SNS-zone_09-01,zone_09,2025-10-31T00:00:00Z,12.99,0.035,39.35,128.25,6.7,safe
SNS-zone_10-01,zone_10,2025-10-31T00:00:00Z,133.46,0.317,89.62,780.0,6.7,evacuation
SNS-zone_11-01,zone_11,2025-10-31T00:00:00Z,120.5,0.464,136.69,1100.15,6.7,evacuation
SNS-zone_12-01,zone_12,2025-10-31T00:00:00Z,120.5,0.461,136.43,1091.05,6.7,evacuation
SNS-zone_13-01,zone_13,2025-10-31T00:00:00Z,16.37,0.038,38.78,133.08,6.7,safe
SNS-zone_14-01,zone_14,2025-10-31T00:00:00Z,17.37,0.036,43.27,150.54,6.7,safe
SNS-zone_15-01,zone_15,2025-10-31T00:00:00Z,14.94,0.028,41.28,134.32,6.7,safe
SNS-zone_16-01,zone_16,2025-10-31T00:00:00Z,15.05,0.029,47.54,143.12,6.7,safe
SNS-zone_01-01,zone_01,2025-11-01T00:00:00Z,13.68,0.028,40.36,133.36,0.0,safe
SNS-zone_02-01,zone_02,2025-11-01T00:00:00Z,13.89,0.03,37.8,127.78,0.0,safe
SNS-zone_03-01,zone_03,2025-11-01T00:00:00Z,16.12,0.033,50.98,158.37,0.0,safe
SNS-zone_04-01,zone_04,2025-11-01T00:00:00Z,17.11,0.033,39.89,148.82,0.0,safe
SNS-zone_05-01,zone_05,2025-11-01T00:00:00Z,12.9,0.03,36.84,128.63,0.0,safe
SNS-zone_06-01,zone_06,2025-11-01T00:00:00Z,71.48,0.204,85.93,538.14,0.0,warning
SNS-zone_07-01,zone_07,2025-11-01T00:00:00Z,75.2,0.216,78.79,532.88,0.0,warning
SNS-zone_08-01,zone_08,2025-11-01T00:00:00Z,70.64,0.216,78.67,555.02,0.0,warning
SNS-zone_09-01,zone_09,2025-11-01T00:00:00Z,14.62,0.029,36.28,135.93,0.0,safe
SNS-zone_10-01,zone_10,2025-11-01T00:00:00Z,70.74,0.216,87.13,555.12,0.0,warning
SNS-zone_11-01,zone_11,2025-11-01T00:00:00Z,120.5,0.429,131.86,1101.75,0.0,evacuation
SNS-zone_12-01,zone_12,2025-11-01T00:00:00Z,120.5,0.435,127.89,1105.12,0.0,evacuation
SNS-zone_13-01,zone_13,2025-11-01T00:00:00Z,12.69,0.026,36.02,124.23,0.0,safe
SNS-zone_14-01,zone_14,2025-11-01T00:00:00Z,12.57,0.027,39.16,125.33,0.0,safe
SNS-zone_15-01,zone_15,2025-11-01T00:00:00Z,11.76,0.031,40.92,123.15,0.0,safe
SNS-zone_16-01,zone_16,2025-11-01T00:00:00Z,12.97,0.026,46.09,136.08,0.0,safe
SNS-zone_01-01,zone_01,2025-11-02T00:00:00Z,11.16,0.031,39.07,122.4,0.0,safe
SNS-zone_02-01,zone_02,2025-11-02T00:00:00Z,11.71,0.026,39.73,129.63,0.0,safe
SNS-zone_03-01,zone_03,2025-11-02T00:00:00Z,13.27,0.029,49.31,146.95,0.0,safe
SNS-zone_04-01,zone_04,2025-11-02T00:00:00Z,13.99,0.032,40.72,144.64,0.0,safe
SNS-zone_05-01,zone_05,2025-11-02T00:00:00Z,11.97,0.029,34.07,124.65,0.0,safe
SNS-zone_06-01,zone_06,2025-11-02T00:00:00Z,70.63,0.209,79.26,516.48,0.0,warning
SNS-zone_07-01,zone_07,2025-11-02T00:00:00Z,69.89,0.209,78.12,513.27,0.0,warning
SNS-zone_08-01,zone_08,2025-11-02T00:00:00Z,67.4,0.214,76.0,557.81,0.0,warning
SNS-zone_09-01,zone_09,2025-11-02T00:00:00Z,10.74,0.022,35.5,117.31,0.0,safe
SNS-zone_10-01,zone_10,2025-11-02T00:00:00Z,66.41,0.205,81.23,538.84,0.0,warning
SNS-zone_11-01,zone_11,2025-11-02T00:00:00Z,120.5,0.442,125.97,1083.75,0.0,evacuation
SNS-zone_12-01,zone_12,2025-11-02T00:00:00Z,120.5,0.449,123.04,1072.47,0.0,evacuation
SNS-zone_13-01,zone_13,2025-11-02T00:00:00Z,10.97,0.029,34.65,115.33,0.0,safe
SNS-zone_14-01,zone_14,2025-11-02T00:00:00Z,13.0,0.025,41.05,134.33,0.0,safe
SNS-zone_15-01,zone_15,2025-11-02T00:00:00Z,11.15,0.032,40.59,126.38,0.0,safe
SNS-zone_16-01,zone_16,2025-11-02T00:00:00Z,11.38,0.023,45.49,134.77,0.0,safe
SNS-zone_01-01,zone_01,2025-11-03T00:00:00Z,9.64,0.027,38.74,124.35,0.0,safe
SNS-zone_02-01,zone_02,2025-11-03T00:00:00Z,9.99,0.028,39.06,124.88,0.0,safe
SNS-zone_03-01,zone_03,2025-11-03T00:00:00Z,13.73,0.029,47.55,143.56,0.0,safe
SNS-zone_04-01,zone_04,2025-11-03T00:00:00Z,13.12,0.028,37.94,136.56,0.0,safe
SNS-zone_05-01,zone_05,2025-11-03T00:00:00Z,9.22,0.02,35.78,118.36,0.0,safe
SNS-zone_06-01,zone_06,2025-11-03T00:00:00Z,69.91,0.212,75.19,497.62,0.0,warning
SNS-zone_07-01,zone_07,2025-11-03T00:00:00Z,69.37,0.201,74.2,523.86,0.0,warning
SNS-zone_08-01,zone_08,2025-11-03T00:00:00Z,66.5,0.208,73.01,535.96,0.0,warning
SNS-zone_09-01,zone_09,2025-11-03T00:00:00Z,9.03,0.027,35.91,118.59,0.0,safe
SNS-zone_10-01,zone_10,2025-11-03T00:00:00Z,61.94,0.193,78.56,536.62,0.0,warning
SNS-zone_11-01,zone_11,2025-11-03T00:00:00Z,120.5,0.458,116.81,1080.26,0.0,evacuation
SNS-zone_12-01,zone_12,2025-11-03T00:00:00Z,120.5,0.462,118.65,1043.29,0.0,evacuation
SNS-zone_13-01,zone_13,2025-11-03T00:00:00Z,10.04,0.025,34.58,122.61,0.0,safe
SNS-zone_14-01,zone_14,2025-11-03T00:00:00Z,10.0,0.027,38.63,112.89,0.0,safe
SNS-zone_15-01,zone_15,2025-11-03T00:00:00Z,10.63,0.024,39.85,120.95,0.0,safe
SNS-zone_16-01,zone_16,2025-11-03T00:00:00Z,11.22,0.024,45.56,124.39,0.0,safe
SNS-zone_01-01,zone_01,2025-11-04T00:00:00Z,9.58,0.023,38.47,117.0,0.0,safe
SNS-zone_02-01,zone_02,2025-11-04T00:00:00Z,9.95,0.029,36.59,116.98,0.0,safe
SNS-zone_03-01,zone_03,2025-11-04T00:00:00Z,11.31,0.027,45.86,141.69,0.0,safe
SNS-zone_04-01,zone_04,2025-11-04T00:00:00Z,11.85,0.037,36.91,124.22,0.0,safe
SNS-zone_05-01,zone_05,2025-11-04T00:00:00Z,8.57,0.022,32.35,107.4,0.0,safe
SNS-zone_06-01,zone_06,2025-11-04T00:00:00Z,64.38,0.186,74.95,496.11,0.0,warning
SNS-zone_07-01,zone_07,2025-11-04T00:00:00Z,63.13,0.19,70.26,482.87,0.0,warning
SNS-zone_08-01,zone_08,2025-11-04T00:00:00Z,65.51,0.203,72.75,534.26,0.0,warning
SNS-zone_09-01,zone_09,2025-11-04T00:00:00Z,10.32,0.029,32.83,117.93,0.0,safe
SNS-zone_10-01,zone_10,2025-11-04T00:00:00Z,65.14,0.213,73.3,530.88,0.0,warning
SNS-zone_11-01,zone_11,2025-11-04T00:00:00Z,120.5,0.464,112.82,1033.09,0.0,evacuation
SNS-zone_12-01,zone_12,2025-11-04T00:00:00Z,120.5,0.444,107.06,1057.39,0.0,evacuation
SNS-zone_13-01,zone_13,2025-11-04T00:00:00Z,9.61,0.026,32.82,113.63,0.0,safe
SNS-zone_14-01,zone_14,2025-11-04T00:00:00Z,8.43,0.022,35.8,113.62,0.0,safe
SNS-zone_15-01,zone_15,2025-11-04T00:00:00Z,10.59,0.029,39.51,129.61,0.0,safe
SNS-zone_16-01,zone_16,2025-11-04T00:00:00Z,8.02,0.026,43.31,121.37,0.0,safe
SNS-zone_01-01,zone_01,2025-11-05T00:00:00Z,8.65,0.025,37.71,117.17,0.0,safe
SNS-zone_02-01,zone_02,2025-11-05T00:00:00Z,9.64,0.024,37.56,118.54,0.0,safe
SNS-zone_03-01,zone_03,2025-11-05T00:00:00Z,10.65,0.021,41.66,127.45,0.0,safe
SNS-zone_04-01,zone_04,2025-11-05T00:00:00Z,11.61,0.025,36.43,128.58,0.0,safe
SNS-zone_05-01,zone_05,2025-11-05T00:00:00Z,8.83,0.018,32.85,111.06,0.0,safe
SNS-zone_06-01,zone_06,2025-11-05T00:00:00Z,62.11,0.186,74.22,490.16,0.0,warning
SNS-zone_07-01,zone_07,2025-11-05T00:00:00Z,64.45,0.184,72.13,477.95,0.0,warning
SNS-zone_08-01,zone_08,2025-11-05T00:00:00Z,62.51,0.201,72.85,522.99,0.0,warning
SNS-zone_09-01,zone_09,2025-11-05T00:00:00Z,8.66,0.024,33.44,117.08,0.0,safe
SNS-zone_10-01,zone_10,2025-11-05T00:00:00Z,62.16,0.202,74.65,522.19,0.0,warning
SNS-zone_11-01,zone_11,2025-11-05T00:00:00Z,120.5,0.429,107.79,1060.08,0.0,evacuation
SNS-zone_12-01,zone_12,2025-11-05T00:00:00Z,120.5,0.433,106.55,1031.77,0.0,evacuation
SNS-zone_13-01,zone_13,2025-11-05T00:00:00Z,8.18,0.019,29.63,99.92,0.0,safe
SNS-zone_14-01,zone_14,2025-11-05T00:00:00Z,8.1,0.03,36.16,106.71,0.0,safe
SNS-zone_15-01,zone_15,2025-11-05T00:00:00Z,9.29,0.016,38.65,122.98,0.0,safe
SNS-zone_16-01,zone_16,2025-11-05T00:00:00Z,8.6,0.015,41.91,118.95,0.0,safe
SNS-zone_01-01,zone_01,2025-11-06T00:00:00Z,6.94,0.022,37.8,115.43,0.0,safe
SNS-zone_02-01,zone_02,2025-11-06T00:00:00Z,7.17,0.016,36.6,115.68,0.0,safe
SNS-zone_03-01,zone_03,2025-11-06T00:00:00Z,10.14,0.028,42.96,137.23,0.0,safe
SNS-zone_04-01,zone_04,2025-11-06T00:00:00Z,10.68,0.033,36.53,124.79,0.0,safe
SNS-zone_05-01,zone_05,2025-11-06T00:00:00Z,6.75,0.024,34.0,108.35,0.0,safe
SNS-zone_06-01,zone_06,2025-11-06T00:00:00Z,63.1,0.195,72.2,480.51,0.0,warning
SNS-zone_07-01,zone_07,2025-11-06T00:00:00Z,62.86,0.182,71.05,480.94,0.0,warning
SNS-zone_08-01,zone_08,2025-11-06T00:00:00Z,60.88,0.19,69.55,507.5,0.0,warning
SNS-zone_09-01,zone_09,2025-11-06T00:00:00Z,7.45,0.024,36.36,117.44,0.0,safe
SNS-zone_10-01,zone_10,2025-11-06T00:00:00Z,59.59,0.192,71.61,515.83,0.0,warning
SNS-zone_11-01,zone_11,2025-11-06T00:00:00Z,120.5,0.445,110.71,1035.69,0.0,evacuation
SNS-zone_12-01,zone_12,2025-11-06T00:00:00Z,120.5,0.456,105.86,1025.83,0.0,evacuation
SNS-zone_13-01,zone_13,2025-11-06T00:00:00Z,6.58,0.02,30.63,102.29,0.0,safe
SNS-zone_14-01,zone_14,2025-11-06T00:00:00Z,6.65,0.022,34.52,107.63,0.0,safe
SNS-zone_15-01,zone_15,2025-11-06T00:00:00Z,7.69,0.02,36.7,106.67,0.0,safe
SNS-zone_16-01,zone_16,2025-11-06T00:00:00Z,8.2,0.015,42.81,131.77,0.0,safe
SNS-zone_01-01,zone_01,2025-11-07T00:00:00Z,7.68,0.027,35.55,115.84,0.0,safe
SNS-zone_02-01,zone_02,2025-11-07T00:00:00Z,5.95,0.028,34.96,111.53,0.0,safe
SNS-zone_03-01,zone_03,2025-11-07T00:00:00Z,9.69,0.024,43.15,129.17,0.0,safe
SNS-zone_04-01,zone_04,2025-11-07T00:00:00Z,10.06,0.023,37.29,123.06,0.0,safe
SNS-zone_05-01,zone_05,2025-11-07T00:00:00Z,7.68,0.02,32.48,111.07,0.0,safe
SNS-zone_06-01,zone_06,2025-11-07T00:00:00Z,62.26,0.216,69.35,494.22,0.0,warning
SNS-zone_07-01,zone_07,2025-11-07T00:00:00Z,63.22,0.189,70.36,486.71,0.0,warning
SNS-zone_08-01,zone_08,2025-11-07T00:00:00Z,57.73,0.189,66.89,491.32,0.0,warning
SNS-zone_09-01,zone_09,2025-11-07T00:00:00Z,5.46,0.018,34.34,107.37,0.0,safe
SNS-zone_10-01,zone_10,2025-11-07T00:00:00Z,61.45,0.197,71.18,515.38,0.0,warning
SNS-zone_11-01,zone_11,2025-11-07T00:00:00Z,120.5,0.425,102.54,1026.99,0.0,evacuation
SNS-zone_12-01,zone_12,2025-11-07T00:00:00Z,120.5,0.454,103.79,1033.53,0.0,evacuation
SNS-zone_13-01,zone_13,2025-11-07T00:00:00Z,6.98,0.023,32.67,100.09,0.0,safe
SNS-zone_14-01,zone_14,2025-11-07T00:00:00Z,7.02,0.024,37.04,114.85,0.0,safe
SNS-zone_15-01,zone_15,2025-11-07T00:00:00Z,6.6,0.021,36.71,110.06,0.0,safe
SNS-zone_16-01,zone_16,2025-11-07T00:00:00Z,5.23,0.023,42.12,120.9,0.0,safe
SNS-zone_01-01,zone_01,2025-11-08T00:00:00Z,6.31,0.021,37.01,113.59,0.0,safe
SNS-zone_02-01,zone_02,2025-11-08T00:00:00Z,6.16,0.026,35.77,109.41,0.0,safe
SNS-zone_03-01,zone_03,2025-11-08T00:00:00Z,7.33,0.024,42.02,122.18,0.0,safe
SNS-zone_04-01,zone_04,2025-11-08T00:00:00Z,8.88,0.017,34.94,121.32,0.0,safe
SNS-zone_05-01,zone_05,2025-11-08T00:00:00Z,6.45,0.026,34.54,107.88,0.0,safe
SNS-zone_06-01,zone_06,2025-11-08T00:00:00Z,61.36,0.205,71.48,466.04,0.0,warning
SNS-zone_07-01,zone_07,2025-11-08T00:00:00Z,58.13,0.187,68.76,474.93,0.0,warning
SNS-zone_08-01,zone_08,2025-11-08T00:00:00Z,58.54,0.204,68.02,483.72,0.0,warning
SNS-zone_09-01,zone_09,2025-11-08T00:00:00Z,7.69,0.019,32.36,108.21,0.0,safe
SNS-zone_10-01,zone_10,2025-11-08T00:00:00Z,59.59,0.201,69.03,510.14,0.0,warning
SNS-zone_11-01,zone_11,2025-11-08T00:00:00Z,120.5,0.434,101.64,1035.6,0.0,evacuation
SNS-zone_12-01,zone_12,2025-11-08T00:00:00Z,120.5,0.455,103.52,1044.39,0.0,evacuation
SNS-zone_13-01,zone_13,2025-11-08T00:00:00Z,6.03,0.022,31.97,104.4,0.0,safe
SNS-zone_14-01,zone_14,2025-11-08T00:00:00Z,6.54,0.021,35.24,101.73,0.0,safe
SNS-zone_15-01,zone_15,2025-11-08T00:00:00Z,6.08,0.016,38.2,110.08,0.0,safe
SNS-zone_16-01,zone_16,2025-11-08T00:00:00Z,6.92,0.024,39.74,113.11,0.0,safe
SNS-zone_01-01,zone_01,2025-11-09T00:00:00Z,5.78,0.024,35.52,108.33,0.0,safe
SNS-zone_02-01,zone_02,2025-11-09T00:00:00Z,6.07,0.024,34.51,111.44,0.0,safe
SNS-zone_03-01,zone_03,2025-11-09T00:00:00Z,7.9,0.027,42.91,122.46,0.0,safe
SNS-zone_04-01,zone_04,2025-11-09T00:00:00Z,8.36,0.03,35.35,117.22,0.0,safe
SNS-zone_05-01,zone_05,2025-11-09T00:00:00Z,6.2,0.021,31.96,115.01,0.0,safe
SNS-zone_06-01,zone_06,2025-11-09T00:00:00Z,58.49,0.185,72.08,482.15,0.0,warning
SNS-zone_07-01,zone_07,2025-11-09T00:00:00Z,58.77,0.185,64.82,466.63,0.0,warning
SNS-zone_08-01,zone_08,2025-11-09T00:00:00Z,58.9,0.184,69.1,520.5,0.0,warning
SNS-zone_09-01,zone_09,2025-11-09T00:00:00Z,4.84,0.018,32.73,108.37,0.0,safe
SNS-zone_10-01,zone_10,2025-11-09T00:00:00Z,57.55,0.192,68.24,506.03,0.0,warning
SNS-zone_11-01,zone_11,2025-11-09T00:00:00Z,120.5,0.451,99.2,1026.22,0.0,evacuation
SNS-zone_12-01,zone_12,2025-11-09T00:00:00Z,120.5,0.442,101.03,1021.11,0.0,evacuation
SNS-zone_13-01,zone_13,2025-11-09T00:00:00Z,4.62,0.026,32.27,100.61,0.0,safe
SNS-zone_14-01,zone_14,2025-11-09T00:00:00Z,9.04,0.027,36.08,111.56,0.0,safe
SNS-zone_15-01,zone_15,2025-11-09T00:00:00Z,5.35,0.022,38.16,105.45,0.0,safe
SNS-zone_16-01,zone_16,2025-11-09T00:00:00Z,7.28,0.021,40.86,124.67,0.0,safe
SNS-zone_01-01,zone_01,2025-11-10T00:00:00Z,7.22,0.018,33.9,105.59,0.0,safe
SNS-zone_02-01,zone_02,2025-11-10T00:00:00Z,6.34,0.025,35.63,98.61,0.0,safe
SNS-zone_03-01,zone_03,2025-11-10T00:00:00Z,8.45,0.022,41.13,121.48,0.0,safe
SNS-zone_04-01,zone_04,2025-11-10T00:00:00Z,8.88,0.029,35.61,119.07,0.0,safe
SNS-zone_05-01,zone_05,2025-11-10T00:00:00Z,5.64,0.015,31.06,106.98,0.0,safe
SNS-zone_06-01,zone_06,2025-11-10T00:00:00Z,59.12,0.197,69.35,461.86,0.0,warning
SNS-zone_07-01,zone_07,2025-11-10T00:00:00Z,56.57,0.179,66.94,463.63,0.0,warning
SNS-zone_08-01,zone_08,2025-11-10T00:00:00Z,56.21,0.177,69.97,499.73,0.0,warning
SNS-zone_09-01,zone_09,2025-11-10T00:00:00Z,6.63,0.024,33.63,105.9,0.0,safe
SNS-zone_10-01,zone_10,2025-11-10T00:00:00Z,59.61,0.2,66.97,490.93,0.0,warning
SNS-zone_11-01,zone_11,2025-11-10T00:00:00Z,120.5,0.408,100.67,1030.64,0.0,evacuation
SNS-zone_12-01,zone_12,2025-11-10T00:00:00Z,120.5,0.458,98.29,1021.31,0.0,evacuation
SNS-zone_13-01,zone_13,2025-11-10T00:00:00Z,6.22,0.028,32.86,108.23,0.0,safe
SNS-zone_14-01,zone_14,2025-11-10T00:00:00Z,7.18,0.025,33.77,103.97,0.0,safe
SNS-zone_15-01,zone_15,2025-11-10T00:00:00Z,5.12,0.019,35.78,107.69,0.0,safe
SNS-zone_16-01,zone_16,2025-11-10T00:00:00Z,5.83,0.019,41.65,109.16,0.0,safe
SNS-zone_01-01,zone_01,2025-11-11T00:00:00Z,5.9,0.024,36.07,111.33,0.0,safe
SNS-zone_02-01,zone_02,2025-11-11T00:00:00Z,3.8,0.025,34.44,104.05,0.0,safe
SNS-zone_03-01,zone_03,2025-11-11T00:00:00Z,7.1,0.026,40.69,125.48,0.0,safe
SNS-zone_04-01,zone_04,2025-11-11T00:00:00Z,8.55,0.024,36.85,116.24,0.0,safe
SNS-zone_05-01,zone_05,2025-11-11T00:00:00Z,4.8,0.019,28.91,91.77,0.0,safe
SNS-zone_06-01,zone_06,2025-11-11T00:00:00Z,56.15,0.189,67.85,451.78,0.0,warning
SNS-zone_07-01,zone_07,2025-11-11T00:00:00Z,57.17,0.182,63.1,463.41,0.0,warning
SNS-zone_08-01,zone_08,2025-11-11T00:00:00Z,57.76,0.196,66.14,496.17,0.0,warning
SNS-zone_09-01,zone_09,2025-11-11T00:00:00Z,7.22,0.022,31.61,110.85,0.0,safe
SNS-zone_10-01,zone_10,2025-11-11T00:00:00Z,60.0,0.203,65.76,491.73,0.0,warning
SNS-zone_11-01,zone_11,2025-11-11T00:00:00Z,120.5,0.452,98.4,1015.52,0.0,evacuation
SNS-zone_12-01,zone_12,2025-11-11T00:00:00Z,120.5,0.457,95.46,1040.21,0.0,evacuation
SNS-zone_13-01,zone_13,2025-11-11T00:00:00Z,5.16,0.02,33.3,100.14,0.0,safe
SNS-zone_14-01,zone_14,2025-11-11T00:00:00Z,5.01,0.025,32.58,102.73,0.0,safe
SNS-zone_15-01,zone_15,2025-11-11T00:00:00Z,5.21,0.013,39.28,113.18,0.0,safe
SNS-zone_16-01,zone_16,2025-11-11T00:00:00Z,5.55,0.02,43.0,119.63,0.0,safe
SNS-zone_01-01,zone_01,2025-11-12T00:00:00Z,4.32,0.017,34.5,103.62,0.0,safe
SNS-zone_02-01,zone_02,2025-11-12T00:00:00Z,5.8,0.027,34.91,113.77,0.0,safe
SNS-zone_03-01,zone_03,2025-11-12T00:00:00Z,7.65,0.023,43.41,121.8,0.0,safe
SNS-zone_04-01,zone_04,2025-11-12T00:00:00Z,7.62,0.021,34.3,117.97,0.0,safe
SNS-zone_05-01,zone_05,2025-11-12T00:00:00Z,4.33,0.02,31.72,94.57,0.0,safe
SNS-zone_06-01,zone_06,2025-11-12T00:00:00Z,55.12,0.181,68.29,451.65,0.0,warning
SNS-zone_07-01,zone_07,2025-11-12T00:00:00Z,57.79,0.185,69.74,469.49,0.0,warning
SNS-zone_08-01,zone_08,2025-11-12T00:00:00Z,56.0,0.194,65.91,486.94,0.0,warning
SNS-zone_09-01,zone_09,2025-11-12T00:00:00Z,4.95,0.028,31.8,100.49,0.0,safe
SNS-zone_10-01,zone_10,2025-11-12T00:00:00Z,56.23,0.193,67.44,495.85,0.0,warning
SNS-zone_11-01,zone_11,2025-11-12T00:00:00Z,120.5,0.45,99.74,1018.4,0.0,evacuation
SNS-zone_12-01,zone_12,2025-11-12T00:00:00Z,120.5,0.45,92.23,1031.29,0.0,evacuation
SNS-zone_13-01,zone_13,2025-11-12T00:00:00Z,3.78,0.014,34.58,100.24,0.0,safe
SNS-zone_14-01,zone_14,2025-11-12T00:00:00Z,5.57,0.022,32.83,104.55,0.0,safe
SNS-zone_15-01,zone_15,2025-11-12T00:00:00Z,4.17,0.021,35.32,100.04,0.0,safe
SNS-zone_16-01,zone_16,2025-11-12T00:00:00Z,5.06,0.015,39.4,109.42,0.0,safe
SNS-zone_01-01,zone_01,2025-11-13T00:00:00Z,4.73,0.019,35.54,102.16,0.0,safe
SNS-zone_02-01,zone_02,2025-11-13T00:00:00Z,5.45,0.015,36.92,108.98,0.0,safe
SNS-zone_03-01,zone_03,2025-11-13T00:00:00Z,8.08,0.028,41.13,119.75,0.0,safe
SNS-zone_04-01,zone_04,2025-11-13T00:00:00Z,5.39,0.019,34.66,115.84,0.0,safe
SNS-zone_05-01,zone_05,2025-11-13T00:00:00Z,3.5,0.022,32.04,101.91,0.0,safe
SNS-zone_06-01,zone_06,2025-11-13T00:00:00Z,54.93,0.174,67.0,470.97,0.0,warning
SNS-zone_07-01,zone_07,2025-11-13T00:00:00Z,56.26,0.187,66.18,454.65,0.0,warning
SNS-zone_08-01,zone_08,2025-11-13T00:00:00Z,57.84,0.177,64.24,504.79,0.0,warning
SNS-zone_09-01,zone_09,2025-11-13T00:00:00Z,4.96,0.02,31.16,101.11,0.0,safe
SNS-zone_10-01,zone_10,2025-11-13T00:00:00Z,55.24,0.172,65.58,493.78,0.0,warning
SNS-zone_11-01,zone_11,2025-11-13T00:00:00Z,120.5,0.449,92.67,1031.68,0.0,evacuation
SNS-zone_12-01,zone_12,2025-11-13T00:00:00Z,120.5,0.46,91.69,1023.68,0.0,evacuation
SNS-zone_13-01,zone_13,2025-11-13T00:00:00Z,3.89,0.011,30.91,97.9,0.0,safe
SNS-zone_14-01,zone_14,2025-11-13T00:00:00Z,3.83,0.017,35.14,106.08,0.0,safe
SNS-zone_15-01,zone_15,2025-11-13T00:00:00Z,5.13,0.018,37.47,107.62,0.0,safe
SNS-zone_16-01,zone_16,2025-11-13T00:00:00Z,5.42,0.021,38.72,109.07,0.0,safe
SNS-zone_01-01,zone_01,2025-11-14T00:00:00Z,4.25,0.021,34.76,100.14,0.0,safe
SNS-zone_02-01,zone_02,2025-11-14T00:00:00Z,4.02,0.019,34.55,111.35,0.0,safe
SNS-zone_03-01,zone_03,2025-11-14T00:00:00Z,8.29,0.028,42.99,125.68,0.0,safe
SNS-zone_04-01,zone_04,2025-11-14T00:00:00Z,6.58,0.012,34.52,117.47,0.0,safe
SNS-zone_05-01,zone_05,2025-11-14T00:00:00Z,5.67,0.02,32.05,112.68,0.0,safe
SNS-zone_06-01,zone_06,2025-11-14T00:00:00Z,55.69,0.187,68.31,454.91,0.0,warning
SNS-zone_07-01,zone_07,2025-11-14T00:00:00Z,54.63,0.197,64.36,440.48,0.0,warning
SNS-zone_08-01,zone_08,2025-11-14T00:00:00Z,59.29,0.198,67.2,505.82,0.0,warning
SNS-zone_09-01,zone_09,2025-11-14T00:00:00Z,4.61,0.023,32.42,105.21,0.0,safe
SNS-zone_10-01,zone_10,2025-11-14T00:00:00Z,60.76,0.205,65.85,498.88,0.0,warning
SNS-zone_11-01,zone_11,2025-11-14T00:00:00Z,120.5,0.458,90.66,1015.33,0.0,evacuation
SNS-zone_12-01,zone_12,2025-11-14T00:00:00Z,120.5,0.445,93.97,1029.24,0.0,evacuation
SNS-zone_13-01,zone_13,2025-11-14T00:00:00Z,5.68,0.021,31.41,101.64,0.0,safe
SNS-zone_14-01,zone_14,2025-11-14T00:00:00Z,4.97,0.018,35.21,104.81,0.0,safe
SNS-zone_15-01,zone_15,2025-11-14T00:00:00Z,6.36,0.026,37.46,112.0,0.0,safe
SNS-zone_16-01,zone_16,2025-11-14T00:00:00Z,4.95,0.016,40.1,115.58,0.0,safe
SNS-zone_01-01,zone_01,2025-11-15T00:00:00Z,4.17,0.021,34.46,101.02,0.0,safe
SNS-zone_02-01,zone_02,2025-11-15T00:00:00Z,5.01,0.027,34.92,105.61,0.0,safe
SNS-zone_03-01,zone_03,2025-11-15T00:00:00Z,6.19,0.015,44.54,117.77,0.0,safe
SNS-zone_04-01,zone_04,2025-11-15T00:00:00Z,6.6,0.03,34.34,110.88,0.0,safe
SNS-zone_05-01,zone_05,2025-11-15T00:00:00Z,4.24,0.026,30.96,99.23,0.0,safe
SNS-zone_06-01,zone_06,2025-11-15T00:00:00Z,55.44,0.192,70.4,450.53,0.0,warning
SNS-zone_07-01,zone_07,2025-11-15T00:00:00Z,56.35,0.188,66.8,449.75,0.0,warning
SNS-zone_08-01,zone_08,2025-11-15T00:00:00Z,55.57,0.176,66.81,492.82,0.0,warning
SNS-zone_09-01,zone_09,2025-11-15T00:00:00Z,2.15,0.011,32.99,97.64,0.0,safe
SNS-zone_10-01,zone_10,2025-11-15T00:00:00Z,56.75,0.197,65.59,498.66,0.0,warning
SNS-zone_11-01,zone_11,2025-11-15T00:00:00Z,120.5,0.471,90.77,1029.56,0.0,evacuation
SNS-zone_12-01,zone_12,2025-11-15T00:00:00Z,120.5,0.442,91.37,1018.69,0.0,evacuation
SNS-zone_13-01,zone_13,2025-11-15T00:00:00Z,4.72,0.023,30.4,99.61,0.0,safe
SNS-zone_14-01,zone_14,2025-11-15T00:00:00Z,5.58,0.017,34.8,104.54,0.0,safe
SNS-zone_15-01,zone_15,2025-11-15T00:00:00Z,5.18,0.019,36.45,102.86,0.0,safe
SNS-zone_16-01,zone_16,2025-11-15T00:00:00Z,5.18,0.015,40.42,115.83,0.0,safe
SNS-zone_01-01,zone_01,2025-11-16T00:00:00Z,3.34,0.018,32.35,95.74,0.0,safe
SNS-zone_02-01,zone_02,2025-11-16T00:00:00Z,4.63,0.015,33.95,100.48,0.0,safe
SNS-zone_03-01,zone_03,2025-11-16T00:00:00Z,5.05,0.023,42.56,117.21,0.0,safe
SNS-zone_04-01,zone_04,2025-11-16T00:00:00Z,7.17,0.029,33.22,114.22,0.0,safe
SNS-zone_05-01,zone_05,2025-11-16T00:00:00Z,3.78,0.023,29.15,101.64,0.0,safe
SNS-zone_06-01,zone_06,2025-11-16T00:00:00Z,58.2,0.188,68.37,448.17,0.0,warning
SNS-zone_07-01,zone_07,2025-11-16T00:00:00Z,55.92,0.184,65.46,447.2,0.0,warning
SNS-zone_08-01,zone_08,2025-11-16T00:00:00Z,56.55,0.197,65.02,496.14,0.0,warning
SNS-zone_09-01,zone_09,2025-11-16T00:00:00Z,5.65,0.02,33.21,101.38,0.0,safe
SNS-zone_10-01,zone_10,2025-11-16T00:00:00Z,58.79,0.194,66.08,495.93,0.0,warning
SNS-zone_11-01,zone_11,2025-11-16T00:00:00Z,120.5,0.473,95.21,995.97,0.0,evacuation
SNS-zone_12-01,zone_12,2025-11-16T00:00:00Z,120.5,0.434,97.17,1032.69,0.0,evacuation
SNS-zone_13-01,zone_13,2025-11-16T00:00:00Z,3.82,0.023,32.02,98.15,0.0,safe
SNS-zone_14-01,zone_14,2025-11-16T00:00:00Z,3.31,0.014,34.57,95.75,0.0,safe
SNS-zone_15-01,zone_15,2025-11-16T00:00:00Z,5.44,0.013,36.45,104.87,0.0,safe
SNS-zone_16-01,zone_16,2025-11-16T00:00:00Z,5.84,0.023,39.98,112.6,0.0,safe
SNS-zone_01-01,zone_01,2025-11-17T00:00:00Z,5.57,0.02,34.4,109.63,0.0,safe
SNS-zone_02-01,zone_02,2025-11-17T00:00:00Z,4.36,0.017,33.91,101.04,0.0,safe
SNS-zone_03-01,zone_03,2025-11-17T00:00:00Z,6.8,0.028,41.85,123.1,0.0,safe
SNS-zone_04-01,zone_04,2025-11-17T00:00:00Z,5.87,0.024,33.42,114.16,0.0,safe
SNS-zone_05-01,zone_05,2025-11-17T00:00:00Z,5.07,0.027,30.27,101.83,0.0,safe
SNS-zone_06-01,zone_06,2025-11-17T00:00:00Z,54.82,0.183,71.87,458.76,0.0,warning
SNS-zone_07-01,zone_07,2025-11-17T00:00:00Z,54.21,0.167,64.77,454.59,0.0,warning
SNS-zone_08-01,zone_08,2025-11-17T00:00:00Z,54.86,0.184,63.24,499.26,0.0,warning
SNS-zone_09-01,zone_09,2025-11-17T00:00:00Z,5.37,0.028,31.67,103.11,0.0,safe
SNS-zone_10-01,zone_10,2025-11-17T00:00:00Z,53.98,0.185,66.71,483.84,0.0,warning
SNS-zone_11-01,zone_11,2025-11-17T00:00:00Z,120.5,0.466,92.58,1013.78,0.0,evacuation
SNS-zone_12-01,zone_12,2025-11-17T00:00:00Z,120.5,0.461,90.95,1007.15,0.0,evacuation
SNS-zone_13-01,zone_13,2025-11-17T00:00:00Z,2.81,0.02,28.79,94.31,0.0,safe
SNS-zone_14-01,zone_14,2025-11-17T00:00:00Z,3.32,0.014,33.18,91.71,0.0,safe
SNS-zone_15-01,zone_15,2025-11-17T00:00:00Z,5.19,0.016,35.32,99.98,0.0,safe
SNS-zone_16-01,zone_16,2025-11-17T00:00:00Z,3.56,0.021,40.55,115.49,0.0,safe
SNS-zone_01-01,zone_01,2025-11-18T00:00:00Z,3.51,0.018,33.96,100.71,0.0,safe
SNS-zone_02-01,zone_02,2025-11-18T00:00:00Z,4.25,0.023,32.91,95.38,0.0,safe
SNS-zone_03-01,zone_03,2025-11-18T00:00:00Z,5.83,0.025,40.42,115.0,0.0,safe
SNS-zone_04-01,zone_04,2025-11-18T00:00:00Z,5.94,0.025,32.31,110.18,0.0,safe
SNS-zone_05-01,zone_05,2025-11-18T00:00:00Z,5.14,0.023,30.75,111.72,0.0,safe
SNS-zone_06-01,zone_06,2025-11-18T00:00:00Z,54.68,0.175,67.3,451.02,0.0,warning
SNS-zone_07-01,zone_07,2025-11-18T00:00:00Z,56.17,0.176,66.44,450.1,0.0,warning
SNS-zone_08-01,zone_08,2025-11-18T00:00:00Z,55.44,0.199,64.88,481.67,0.0,warning
SNS-zone_09-01,zone_09,2025-11-18T00:00:00Z,4.51,0.023,32.85,102.23,0.0,safe
SNS-zone_10-01,zone_10,2025-11-18T00:00:00Z,59.2,0.202,65.36,494.24,0.0,warning
SNS-zone_11-01,zone_11,2025-11-18T00:00:00Z,120.5,0.448,99.24,1040.81,0.0,evacuation
SNS-zone_12-01,zone_12,2025-11-18T00:00:00Z,120.5,0.447,93.53,1010.12,0.0,evacuation
SNS-zone_13-01,zone_13,2025-11-18T00:00:00Z,3.85,0.016,29.59,93.75,0.0,safe
SNS-zone_14-01,zone_14,2025-11-18T00:00:00Z,3.3,0.026,34.41,99.4,0.0,safe
SNS-zone_15-01,zone_15,2025-11-18T00:00:00Z,4.22,0.015,36.05,107.17,0.0,safe
SNS-zone_16-01,zone_16,2025-11-18T00:00:00Z,2.99,0.02,40.19,109.55,0.0,safe
SNS-zone_01-01,zone_01,2025-11-19T00:00:00Z,3.6,0.025,34.32,103.47,0.0,safe
SNS-zone_02-01,zone_02,2025-11-19T00:00:00Z,3.09,0.015,34.66,99.31,0.0,safe
SNS-zone_03-01,zone_03,2025-11-19T00:00:00Z,6.67,0.018,42.59,127.52,0.0,safe
SNS-zone_04-01,zone_04,2025-11-19T00:00:00Z,3.98,0.015,33.31,107.0,0.0,safe
SNS-zone_05-01,zone_05,2025-11-19T00:00:00Z,4.84,0.03,30.68,98.9,0.0,safe
SNS-zone_06-01,zone_06,2025-11-19T00:00:00Z,55.66,0.189,70.43,463.15,0.0,warning
SNS-zone_07-01,zone_07,2025-11-19T00:00:00Z,55.39,0.185,64.92,451.38,0.0,warning
SNS-zone_08-01,zone_08,2025-11-19T00:00:00Z,53.75,0.167,63.47,477.27,0.0,warning
SNS-zone_09-01,zone_09,2025-11-19T00:00:00Z,4.33,0.023,30.24,98.37,0.0,safe
SNS-zone_10-01,zone_10,2025-11-19T00:00:00Z,55.42,0.18,67.56,485.02,0.0,warning
SNS-zone_11-01,zone_11,2025-11-19T00:00:00Z,120.5,0.466,90.88,1006.32,0.0,evacuation
SNS-zone_12-01,zone_12,2025-11-19T00:00:00Z,120.5,0.445,92.58,1006.22,0.0,evacuation
SNS-zone_13-01,zone_13,2025-11-19T00:00:00Z,3.31,0.015,31.25,96.27,0.0,safe
SNS-zone_14-01,zone_14,2025-11-19T00:00:00Z,4.53,0.029,33.54,98.99,0.0,safe
SNS-zone_15-01,zone_15,2025-11-19T00:00:00Z,5.21,0.027,35.44,101.73,0.0,safe
SNS-zone_16-01,zone_16,2025-11-19T00:00:00Z,4.01,0.017,41.48,106.3,0.0,safe
SNS-zone_01-01,zone_01,2025-11-20T00:00:00Z,4.53,0.018,33.77,105.79,0.0,safe
SNS-zone_02-01,zone_02,2025-11-20T00:00:00Z,5.28,0.021,34.92,98.59,0.0,safe
SNS-zone_03-01,zone_03,2025-11-20T00:00:00Z,7.47,0.031,43.47,128.78,0.0,safe
SNS-zone_04-01,zone_04,2025-11-20T00:00:00Z,3.99,0.02,31.66,106.22,0.0,safe
SNS-zone_05-01,zone_05,2025-11-20T00:00:00Z,3.99,0.024,30.81,95.14,0.0,safe
SNS-zone_06-01,zone_06,2025-11-20T00:00:00Z,53.65,0.178,67.68,446.26,0.0,warning
SNS-zone_07-01,zone_07,2025-11-20T00:00:00Z,54.05,0.186,68.42,439.64,0.0,warning
SNS-zone_08-01,zone_08,2025-11-20T00:00:00Z,53.91,0.178,63.17,485.9,0.0,warning
SNS-zone_09-01,zone_09,2025-11-20T00:00:00Z,3.38,0.014,32.08,98.43,0.0,safe
SNS-zone_10-01,zone_10,2025-11-20T00:00:00Z,52.69,0.169,64.99,471.56,0.0,warning
SNS-zone_11-01,zone_11,2025-11-20T00:00:00Z,120.5,0.475,96.52,1045.89,0.0,evacuation
SNS-zone_12-01,zone_12,2025-11-20T00:00:00Z,120.5,0.432,92.03,1004.95,0.0,evacuation
SNS-zone_13-01,zone_13,2025-11-20T00:00:00Z,4.91,0.021,28.65,96.21,0.0,safe
SNS-zone_14-01,zone_14,2025-11-20T00:00:00Z,4.03,0.019,32.92,106.15,0.0,safe
SNS-zone_15-01,zone_15,2025-11-20T00:00:00Z,4.89,0.016,34.52,103.22,0.0,safe
SNS-zone_16-01,zone_16,2025-11-20T00:00:00Z,3.32,0.024,38.89,110.9,0.0,safe
SNS-zone_01-01,zone_01,2025-11-21T00:00:00Z,4.18,0.017,34.14,102.99,0.0,safe
SNS-zone_02-01,zone_02,2025-11-21T00:00:00Z,4.71,0.017,34.32,104.91,0.0,safe
SNS-zone_03-01,zone_03,2025-11-21T00:00:00Z,5.79,0.025,39.45,113.86,0.0,safe
SNS-zone_04-01,zone_04,2025-11-21T00:00:00Z,7.32,0.03,33.78,116.39,0.0,safe
SNS-zone_05-01,zone_05,2025-11-21T00:00:00Z,3.78,0.013,31.61,101.14,0.0,safe
SNS-zone_06-01,zone_06,2025-11-21T00:00:00Z,53.94,0.196,66.19,445.74,0.0,warning
SNS-zone_07-01,zone_07,2025-11-21T00:00:00Z,55.28,0.18,68.22,448.16,0.0,warning
SNS-zone_08-01,zone_08,2025-11-21T00:00:00Z,57.4,0.188,65.88,502.15,0.0,warning
SNS-zone_09-01,zone_09,2025-11-21T00:00:00Z,4.76,0.022,29.97,101.7,0.0,safe
SNS-zone_10-01,zone_10,2025-11-21T00:00:00Z,56.23,0.192,68.27,501.79,0.0,warning
SNS-zone_11-01,zone_11,2025-11-21T00:00:00Z,120.5,0.475,92.68,994.65,0.0,evacuation
SNS-zone_12-01,zone_12,2025-11-21T00:00:00Z,120.5,0.446,93.44,1033.82,0.0,evacuation
SNS-zone_13-01,zone_13,2025-11-21T00:00:00Z,3.58,0.029,28.56,98.04,0.0,safe
SNS-zone_14-01,zone_14,2025-11-21T00:00:00Z,3.95,0.021,33.6,100.34,0.0,safe
SNS-zone_15-01,zone_15,2025-11-21T00:00:00Z,4.61,0.025,35.18,104.73,0.0,safe
SNS-zone_16-01,zone_16,2025-11-21T00:00:00Z,3.86,0.022,39.24,100.16,0.0,safe
SNS-zone_01-01,zone_01,2025-11-22T00:00:00Z,4.54,0.024,33.88,108.97,0.0,safe
SNS-zone_02-01,zone_02,2025-11-22T00:00:00Z,3.51,0.019,34.1,105.23,0.0,safe
SNS-zone_03-01,zone_03,2025-11-22T00:00:00Z,6.78,0.026,40.14,125.59,0.0,safe
SNS-zone_04-01,zone_04,2025-11-22T00:00:00Z,6.14,0.021,32.36,102.72,0.0,safe
SNS-zone_05-01,zone_05,2025-11-22T00:00:00Z,4.5,0.017,30.77,106.49,0.0,safe
SNS-zone_06-01,zone_06,2025-11-22T00:00:00Z,54.31,0.181,63.05,460.45,0.0,warning
SNS-zone_07-01,zone_07,2025-11-22T00:00:00Z,55.55,0.179,63.12,439.75,0.0,warning
SNS-zone_08-01,zone_08,2025-11-22T00:00:00Z,52.96,0.175,64.48,478.67,0.0,warning
SNS-zone_09-01,zone_09,2025-11-22T00:00:00Z,3.61,0.019,33.83,95.15,0.0,safe
SNS-zone_10-01,zone_10,2025-11-22T00:00:00Z,57.44,0.19,66.09,491.43,0.0,warning
SNS-zone_11-01,zone_11,2025-11-22T00:00:00Z,120.5,0.466,91.88,1006.69,0.0,evacuation
SNS-zone_12-01,zone_12,2025-11-22T00:00:00Z,120.5,0.442,87.76,1012.72,0.0,evacuation
SNS-zone_13-01,zone_13,2025-11-22T00:00:00Z,3.98,0.017,27.98,96.99,0.0,safe
SNS-zone_14-01,zone_14,2025-11-22T00:00:00Z,3.63,0.017,34.19,98.25,0.0,safe
SNS-zone_15-01,zone_15,2025-11-22T00:00:00Z,3.2,0.013,37.47,98.87,0.0,safe
SNS-zone_16-01,zone_16,2025-11-22T00:00:00Z,3.63,0.021,41.44,108.83,0.0,safe
SNS-zone_01-01,zone_01,2025-11-23T00:00:00Z,3.5,0.02,36.42,106.95,0.0,safe
SNS-zone_02-01,zone_02,2025-11-23T00:00:00Z,4.07,0.013,36.75,102.36,0.0,safe
SNS-zone_03-01,zone_03,2025-11-23T00:00:00Z,5.35,0.026,41.72,115.05,0.0,safe
SNS-zone_04-01,zone_04,2025-11-23T00:00:00Z,6.64,0.025,33.71,112.24,0.0,safe
SNS-zone_05-01,zone_05,2025-11-23T00:00:00Z,3.4,0.024,29.0,89.72,0.0,safe
SNS-zone_06-01,zone_06,2025-11-23T00:00:00Z,54.64,0.162,69.36,451.16,0.0,warning
SNS-zone_07-01,zone_07,2025-11-23T00:00:00Z,54.68,0.182,63.28,445.18,0.0,warning
SNS-zone_08-01,zone_08,2025-11-23T00:00:00Z,59.06,0.176,65.43,504.6,0.0,warning
SNS-zone_09-01,zone_09,2025-11-23T00:00:00Z,3.44,0.016,31.83,97.96,0.0,safe
SNS-zone_10-01,zone_10,2025-11-23T00:00:00Z,53.22,0.182,67.08,508.99,0.0,warning
SNS-zone_11-01,zone_11,2025-11-23T00:00:00Z,120.5,0.442,91.12,1011.71,0.0,evacuation
SNS-zone_12-01,zone_12,2025-11-23T00:00:00Z,120.5,0.437,91.57,1012.6,0.0,evacuation
SNS-zone_13-01,zone_13,2025-11-23T00:00:00Z,3.42,0.017,31.36,98.33,0.0,safe
SNS-zone_14-01,zone_14,2025-11-23T00:00:00Z,2.84,0.022,31.82,98.02,0.0,safe
SNS-zone_15-01,zone_15,2025-11-23T00:00:00Z,5.0,0.018,34.65,107.36,0.0,safe
SNS-zone_16-01,zone_16,2025-11-23T00:00:00Z,4.28,0.02,41.5,111.7,0.0,safe
SNS-zone_01-01,zone_01,2025-11-24T00:00:00Z,3.45,0.016,36.44,100.01,0.0,safe
SNS-zone_02-01,zone_02,2025-11-24T00:00:00Z,2.83,0.02,32.29,98.38,0.0,safe
SNS-zone_03-01,zone_03,2025-11-24T00:00:00Z,6.08,0.014,42.3,119.29,0.0,safe
SNS-zone_04-01,zone_04,2025-11-24T00:00:00Z,7.84,0.021,34.84,115.14,0.0,safe
SNS-zone_05-01,zone_05,2025-11-24T00:00:00Z,4.35,0.02,32.38,105.95,0.0,safe
SNS-zone_06-01,zone_06,2025-11-24T00:00:00Z,53.25,0.174,68.34,444.36,0.0,warning
SNS-zone_07-01,zone_07,2025-11-24T00:00:00Z,52.94,0.177,65.1,450.25,0.0,warning
SNS-zone_08-01,zone_08,2025-11-24T00:00:00Z,55.35,0.18,63.5,486.71,0.0,warning
SNS-zone_09-01,zone_09,2025-11-24T00:00:00Z,3.74,0.02,30.04,92.48,0.0,safe
SNS-zone_10-01,zone_10,2025-11-24T00:00:00Z,57.05,0.189,65.95,502.21,0.0,warning
SNS-zone_11-01,zone_11,2025-11-24T00:00:00Z,120.5,0.444,94.27,1027.42,0.0,evacuation
SNS-zone_12-01,zone_12,2025-11-24T00:00:00Z,120.5,0.424,90.69,1033.66,0.0,evacuation
SNS-zone_13-01,zone_13,2025-11-24T00:00:00Z,3.55,0.023,31.79,97.09,0.0,safe
SNS-zone_14-01,zone_14,2025-11-24T00:00:00Z,2.19,0.013,34.54,97.27,0.0,safe
SNS-zone_15-01,zone_15,2025-11-24T00:00:00Z,5.22,0.022,35.71,114.43,0.0,safe
SNS-zone_16-01,zone_16,2025-11-24T00:00:00Z,2.94,0.022,37.71,100.3,0.0,safe
SNS-zone_01-01,zone_01,2025-11-25T00:00:00Z,3.66,0.02,31.25,95.12,0.0,safe
SNS-zone_02-01,zone_02,2025-11-25T00:00:00Z,4.79,0.021,32.55,100.38,0.0,safe
SNS-zone_03-01,zone_03,2025-11-25T00:00:00Z,7.62,0.025,40.06,117.01,0.0,safe
SNS-zone_04-01,zone_04,2025-11-25T00:00:00Z,5.45,0.02,34.28,115.69,0.0,safe
SNS-zone_05-01,zone_05,2025-11-25T00:00:00Z,3.81,0.013,30.4,96.34,0.0,safe
SNS-zone_06-01,zone_06,2025-11-25T00:00:00Z,57.96,0.183,71.09,470.93,0.0,warning
SNS-zone_07-01,zone_07,2025-11-25T00:00:00Z,57.71,0.185,63.25,461.27,0.0,warning
SNS-zone_08-01,zone_08,2025-11-25T00:00:00Z,53.27,0.188,64.56,473.29,0.0,warning
SNS-zone_09-01,zone_09,2025-11-25T00:00:00Z,4.97,0.023,31.44,107.93,0.0,safe
SNS-zone_10-01,zone_10,2025-11-25T00:00:00Z,52.88,0.186,65.89,477.01,0.0,warning
SNS-zone_11-01,zone_11,2025-11-25T00:00:00Z,120.5,0.451,91.04,1038.62,0.0,evacuation
SNS-zone_12-01,zone_12,2025-11-25T00:00:00Z,120.5,0.441,94.09,1030.65,0.0,evacuation
SNS-zone_13-01,zone_13,2025-11-25T00:00:00Z,4.13,0.015,29.08,89.62,0.0,safe
SNS-zone_14-01,zone_14,2025-11-25T00:00:00Z,3.74,0.019,33.65,103.37,0.0,safe
SNS-zone_15-01,zone_15,2025-11-25T00:00:00Z,4.32,0.021,32.52,104.87,0.0,safe
SNS-zone_16-01,zone_16,2025-11-25T00:00:00Z,3.65,0.018,39.01,104.49,0.0,safe
SNS-zone_01-01,zone_01,2025-11-26T00:00:00Z,5.57,0.019,34.2,109.78,0.0,safe
SNS-zone_02-01,zone_02,2025-11-26T00:00:00Z,4.78,0.017,36.37,105.41,0.0,safe
SNS-zone_03-01,zone_03,2025-11-26T00:00:00Z,5.07,0.025,42.54,119.47,0.0,safe
SNS-zone_04-01,zone_04,2025-11-26T00:00:00Z,5.7,0.021,33.29,112.07,0.0,safe
SNS-zone_05-01,zone_05,2025-11-26T00:00:00Z,4.03,0.02,30.82,101.56,0.0,safe
SNS-zone_06-01,zone_06,2025-11-26T00:00:00Z,55.0,0.179,65.81,466.89,0.0,warning
SNS-zone_07-01,zone_07,2025-11-26T00:00:00Z,57.06,0.187,67.55,460.3,0.0,warning
SNS-zone_08-01,zone_08,2025-11-26T00:00:00Z,55.92,0.201,62.27,475.16,0.0,warning
SNS-zone_09-01,zone_09,2025-11-26T00:00:00Z,5.27,0.021,30.36,107.35,0.0,safe
SNS-zone_10-01,zone_10,2025-11-26T00:00:00Z,56.94,0.178,66.43,494.25,0.0,warning
SNS-zone_11-01,zone_11,2025-11-26T00:00:00Z,120.5,0.47,87.69,1009.2,0.0,evacuation
SNS-zone_12-01,zone_12,2025-11-26T00:00:00Z,120.5,0.431,86.88,995.3,0.0,evacuation
SNS-zone_13-01,zone_13,2025-11-26T00:00:00Z,3.27,0.021,30.77,94.52,0.0,safe
SNS-zone_14-01,zone_14,2025-11-26T00:00:00Z,3.29,0.019,31.19,97.23,0.0,safe
SNS-zone_15-01,zone_15,2025-11-26T00:00:00Z,4.35,0.016,36.57,100.73,0.0,safe
SNS-zone_16-01,zone_16,2025-11-26T00:00:00Z,3.94,0.019,41.44,106.91,0.0,safe
SNS-zone_01-01,zone_01,2025-11-27T00:00:00Z,4.45,0.027,32.71,96.37,0.0,safe
SNS-zone_02-01,zone_02,2025-11-27T00:00:00Z,3.48,0.015,31.85,97.53,0.0,safe
SNS-zone_03-01,zone_03,2025-11-27T00:00:00Z,8.36,0.029,41.34,118.82,0.0,safe
SNS-zone_04-01,zone_04,2025-11-27T00:00:00Z,7.4,0.024,33.19,109.89,0.0,safe
SNS-zone_05-01,zone_05,2025-11-27T00:00:00Z,3.36,0.022,30.3,96.67,0.0,safe
SNS-zone_06-01,zone_06,2025-11-27T00:00:00Z,55.26,0.169,63.63,458.25,0.0,warning
SNS-zone_07-01,zone_07,2025-11-27T00:00:00Z,54.03,0.181,63.21,444.39,0.0,warning
SNS-zone_08-01,zone_08,2025-11-27T00:00:00Z,54.76,0.18,62.68,485.62,0.0,warning
SNS-zone_09-01,zone_09,2025-11-27T00:00:00Z,3.61,0.016,33.81,93.39,0.0,safe
SNS-zone_10-01,zone_10,2025-11-27T00:00:00Z,57.25,0.188,67.51,504.88,0.0,warning
SNS-zone_11-01,zone_11,2025-11-27T00:00:00Z,120.5,0.448,95.17,1050.52,0.0,evacuation
SNS-zone_12-01,zone_12,2025-11-27T00:00:00Z,120.5,0.457,87.96,1010.2,0.0,evacuation
SNS-zone_13-01,zone_13,2025-11-27T00:00:00Z,4.71,0.022,29.61,99.74,0.0,safe
SNS-zone_14-01,zone_14,2025-11-27T00:00:00Z,2.82,0.012,31.77,96.95,0.0,safe
SNS-zone_15-01,zone_15,2025-11-27T00:00:00Z,4.91,0.022,35.3,102.54,0.0,safe
SNS-zone_16-01,zone_16,2025-11-27T00:00:00Z,3.65,0.017,41.5,104.69,0.0,safe
SNS-zone_01-01,zone_01,2025-11-28T00:00:00Z,3.67,0.024,35.19,95.66,0.0,safe
SNS-zone_02-01,zone_02,2025-11-28T00:00:00Z,4.1,0.017,34.26,101.64,0.0,safe
SNS-zone_03-01,zone_03,2025-11-28T00:00:00Z,6.67,0.02,41.1,122.76,0.0,safe
SNS-zone_04-01,zone_04,2025-11-28T00:00:00Z,4.75,0.016,34.74,110.47,0.0,safe
SNS-zone_05-01,zone_05,2025-11-28T00:00:00Z,4.11,0.017,29.12,97.83,0.0,safe
SNS-zone_06-01,zone_06,2025-11-28T00:00:00Z,54.89,0.174,68.21,455.07,0.0,warning
SNS-zone_07-01,zone_07,2025-11-28T00:00:00Z,55.05,0.171,65.57,454.36,0.0,warning
SNS-zone_08-01,zone_08,2025-11-28T00:00:00Z,55.94,0.193,64.32,496.73,0.0,warning
SNS-zone_09-01,zone_09,2025-11-28T00:00:00Z,2.85,0.018,34.29,99.56,0.0,safe
SNS-zone_10-01,zone_10,2025-11-28T00:00:00Z,60.22,0.184,67.47,508.07,0.0,warning
SNS-zone_11-01,zone_11,2025-11-28T00:00:00Z,120.5,0.431,95.67,993.63,0.0,evacuation
SNS-zone_12-01,zone_12,2025-11-28T00:00:00Z,120.5,0.442,92.89,1016.56,0.0,evacuation
SNS-zone_13-01,zone_13,2025-11-28T00:00:00Z,4.3,0.023,31.79,106.44,0.0,safe
SNS-zone_14-01,zone_14,2025-11-28T00:00:00Z,3.69,0.016,31.45,96.49,0.0,safe
SNS-zone_15-01,zone_15,2025-11-28T00:00:00Z,5.31,0.014,36.05,107.24,0.0,safe
SNS-zone_16-01,zone_16,2025-11-28T00:00:00Z,4.59,0.016,39.54,113.55,0.0,safe
SNS-zone_01-01,zone_01,2025-11-29T00:00:00Z,5.03,0.018,33.63,97.68,0.0,safe
SNS-zone_02-01,zone_02,2025-11-29T00:00:00Z,4.39,0.025,34.62,99.25,0.0,safe
SNS-zone_03-01,zone_03,2025-11-29T00:00:00Z,4.56,0.022,41.58,118.7,0.0,safe
SNS-zone_04-01,zone_04,2025-11-29T00:00:00Z,5.27,0.026,34.94,112.88,0.0,safe
SNS-zone_05-01,zone_05,2025-11-29T00:00:00Z,4.22,0.021,29.78,93.35,0.0,safe
SNS-zone_06-01,zone_06,2025-11-29T00:00:00Z,53.57,0.162,69.71,441.79,0.0,warning
SNS-zone_07-01,zone_07,2025-11-29T00:00:00Z,53.36,0.186,63.27,441.73,0.0,warning
SNS-zone_08-01,zone_08,2025-11-29T00:00:00Z,54.84,0.193,63.74,503.52,0.0,warning
SNS-zone_09-01,zone_09,2025-11-29T00:00:00Z,3.68,0.017,31.59,98.88,0.0,safe
SNS-zone_10-01,zone_10,2025-11-29T00:00:00Z,56.0,0.188,64.52,476.68,0.0,warning
SNS-zone_11-01,zone_11,2025-11-29T00:00:00Z,120.5,0.437,84.4,1004.69,0.0,evacuation
SNS-zone_12-01,zone_12,2025-11-29T00:00:00Z,120.5,0.461,90.66,1018.07,0.0,evacuation
SNS-zone_13-01,zone_13,2025-11-29T00:00:00Z,5.07,0.019,29.66,100.85,0.0,safe
SNS-zone_14-01,zone_14,2025-11-29T00:00:00Z,4.05,0.02,32.61,97.7,0.0,safe
SNS-zone_15-01,zone_15,2025-11-29T00:00:00Z,5.75,0.018,36.45,111.74,0.0,safe
SNS-zone_16-01,zone_16,2025-11-29T00:00:00Z,3.78,0.014,38.24,108.87,0.0,safe
SNS-zone_01-01,zone_01,2025-11-30T00:00:00Z,4.07,0.022,33.77,100.11,0.0,safe
SNS-zone_02-01,zone_02,2025-11-30T00:00:00Z,4.04,0.02,34.29,105.26,0.0,safe
SNS-zone_03-01,zone_03,2025-11-30T00:00:00Z,6.88,0.024,42.06,124.15,0.0,safe
SNS-zone_04-01,zone_04,2025-11-30T00:00:00Z,6.24,0.02,34.98,111.64,0.0,safe
SNS-zone_05-01,zone_05,2025-11-30T00:00:00Z,4.88,0.017,29.4,108.41,0.0,safe
SNS-zone_06-01,zone_06,2025-11-30T00:00:00Z,55.08,0.177,70.14,459.64,0.0,warning
SNS-zone_07-01,zone_07,2025-11-30T00:00:00Z,53.61,0.176,62.85,451.83,0.0,warning
SNS-zone_08-01,zone_08,2025-11-30T00:00:00Z,55.2,0.185,62.38,481.29,0.0,warning
SNS-zone_09-01,zone_09,2025-11-30T00:00:00Z,4.2,0.023,30.5,102.93,0.0,safe
SNS-zone_10-01,zone_10,2025-11-30T00:00:00Z,57.35,0.196,66.24,506.75,0.0,warning
SNS-zone_11-01,zone_11,2025-11-30T00:00:00Z,120.5,0.462,93.63,1026.18,0.0,evacuation
SNS-zone_12-01,zone_12,2025-11-30T00:00:00Z,120.5,0.451,89.12,1011.97,0.0,evacuation
SNS-zone_13-01,zone_13,2025-11-30T00:00:00Z,4.92,0.028,30.62,102.31,0.0,safe
SNS-zone_14-01,zone_14,2025-11-30T00:00:00Z,4.16,0.023,32.99,104.79,0.0,safe
SNS-zone_15-01,zone_15,2025-11-30T00:00:00Z,3.27,0.017,34.38,108.67,0.0,safe
SNS-zone_16-01,zone_16,2025-11-30T00:00:00Z,3.55,0.021,38.65,109.81,0.0,safe
SNS-zone_01-01,zone_01,2025-12-01T00:00:00Z,3.91,0.021,32.48,100.6,0.0,safe
SNS-zone_02-01,zone_02,2025-12-01T00:00:00Z,4.25,0.021,35.55,101.87,0.0,safe
SNS-zone_03-01,zone_03,2025-12-01T00:00:00Z,5.46,0.027,40.24,121.68,0.0,safe
SNS-zone_04-01,zone_04,2025-12-01T00:00:00Z,5.47,0.024,35.71,107.37,0.0,safe
SNS-zone_05-01,zone_05,2025-12-01T00:00:00Z,3.44,0.014,31.12,101.65,0.0,safe
SNS-zone_06-01,zone_06,2025-12-01T00:00:00Z,52.51,0.159,66.91,443.02,0.0,warning
SNS-zone_07-01,zone_07,2025-12-01T00:00:00Z,53.92,0.177,65.77,451.28,0.0,warning
SNS-zone_08-01,zone_08,2025-12-01T00:00:00Z,54.42,0.189,61.81,495.19,0.0,warning
SNS-zone_09-01,zone_09,2025-12-01T00:00:00Z,3.02,0.025,31.23,95.47,0.0,safe
SNS-zone_10-01,zone_10,2025-12-01T00:00:00Z,56.42,0.19,61.66,492.51,0.0,warning
SNS-zone_11-01,zone_11,2025-12-01T00:00:00Z,120.5,0.458,91.75,1025.28,0.0,evacuation
SNS-zone_12-01,zone_12,2025-12-01T00:00:00Z,120.5,0.457,86.89,1008.33,0.0,evacuation
SNS-zone_13-01,zone_13,2025-12-01T00:00:00Z,4.44,0.019,31.59,96.31,0.0,safe
SNS-zone_14-01,zone_14,2025-12-01T00:00:00Z,4.69,0.018,34.99,105.71,0.0,safe
SNS-zone_15-01,zone_15,2025-12-01T00:00:00Z,3.9,0.026,34.87,101.45,0.0,safe
SNS-zone_16-01,zone_16,2025-12-01T00:00:00Z,5.09,0.016,40.46,110.51,0.0,safe
SNS-zone_01-01,zone_01,2025-12-02T00:00:00Z,3.12,0.024,34.61,94.43,0.0,safe
SNS-zone_02-01,zone_02,2025-12-02T00:00:00Z,4.11,0.019,33.03,101.06,0.0,safe
SNS-zone_03-01,zone_03,2025-12-02T00:00:00Z,6.06,0.027,41.0,115.74,0.0,safe
SNS-zone_04-01,zone_04,2025-12-02T00:00:00Z,5.26,0.019,32.98,101.96,0.0,safe
SNS-zone_05-01,zone_05,2025-12-02T00:00:00Z,3.32,0.015,31.05,96.3,0.0,safe
SNS-zone_06-01,zone_06,2025-12-02T00:00:00Z,53.64,0.178,66.53,454.32,0.0,warning
SNS-zone_07-01,zone_07,2025-12-02T00:00:00Z,51.79,0.177,66.13,440.23,0.0,warning
SNS-zone_08-01,zone_08,2025-12-02T00:00:00Z,56.86,0.186,59.54,494.02,0.0,warning
SNS-zone_09-01,zone_09,2025-12-02T00:00:00Z,4.58,0.022,32.98,105.83,0.0,safe
SNS-zone_10-01,zone_10,2025-12-02T00:00:00Z,53.87,0.167,62.42,470.44,0.0,warning
SNS-zone_11-01,zone_11,2025-12-02T00:00:00Z,120.5,0.437,92.71,1011.82,0.0,evacuation
SNS-zone_12-01,zone_12,2025-12-02T00:00:00Z,120.5,0.437,89.44,1020.01,0.0,evacuation
SNS-zone_13-01,zone_13,2025-12-02T00:00:00Z,4.58,0.021,30.37,101.94,0.0,safe
SNS-zone_14-01,zone_14,2025-12-02T00:00:00Z,3.32,0.021,32.97,99.25,0.0,safe
SNS-zone_15-01,zone_15,2025-12-02T00:00:00Z,4.96,0.025,34.45,105.3,0.0,safe
SNS-zone_16-01,zone_16,2025-12-02T00:00:00Z,2.55,0.016,37.95,101.03,0.0,safe
SNS-zone_01-01,zone_01,2025-12-03T00:00:00Z,3.42,0.019,34.16,106.98,0.0,safe
SNS-zone_02-01,zone_02,2025-12-03T00:00:00Z,2.51,0.018,34.25,96.51,0.0,safe
SNS-zone_03-01,zone_03,2025-12-03T00:00:00Z,7.57,0.023,42.08,120.92,0.0,safe
SNS-zone_04-01,zone_04,2025-12-03T00:00:00Z,6.21,0.025,33.84,114.94,0.0,safe
SNS-zone_05-01,zone_05,2025-12-03T00:00:00Z,3.35,0.017,31.46,99.84,0.0,safe
SNS-zone_06-01,zone_06,2025-12-03T00:00:00Z,56.11,0.187,69.28,469.42,0.0,warning
SNS-zone_07-01,zone_07,2025-12-03T00:00:00Z,56.33,0.195,65.89,453.74,0.0,warning
SNS-zone_08-01,zone_08,2025-12-03T00:00:00Z,53.74,0.195,65.31,479.63,0.0,warning
SNS-zone_09-01,zone_09,2025-12-03T00:00:00Z,4.55,0.014,32.34,99.3,0.0,safe
SNS-zone_10-01,zone_10,2025-12-03T00:00:00Z,53.83,0.182,65.53,505.0,0.0,warning
SNS-zone_11-01,zone_11,2025-12-03T00:00:00Z,120.5,0.438,93.48,1024.42,0.0,evacuation
SNS-zone_12-01,zone_12,2025-12-03T00:00:00Z,120.5,0.454,91.18,999.42,0.0,evacuation
SNS-zone_13-01,zone_13,2025-12-03T00:00:00Z,4.59,0.027,30.43,96.06,0.0,safe
SNS-zone_14-01,zone_14,2025-12-03T00:00:00Z,3.99,0.02,32.57,97.68,0.0,safe
SNS-zone_15-01,zone_15,2025-12-03T00:00:00Z,4.08,0.02,37.56,104.86,0.0,safe
SNS-zone_16-01,zone_16,2025-12-03T00:00:00Z,4.03,0.019,40.31,107.05,0.0,safe
SNS-zone_01-01,zone_01,2025-12-04T00:00:00Z,4.07,0.026,35.17,111.69,0.0,safe
SNS-zone_02-01,zone_02,2025-12-04T00:00:00Z,3.19,0.015,34.59,105.78,0.0,safe
SNS-zone_03-01,zone_03,2025-12-04T00:00:00Z,6.53,0.019,41.56,120.34,0.0,safe
SNS-zone_04-01,zone_04,2025-12-04T00:00:00Z,5.86,0.027,33.7,112.13,0.0,safe
SNS-zone_05-01,zone_05,2025-12-04T00:00:00Z,4.13,0.02,30.33,95.23,0.0,safe
SNS-zone_06-01,zone_06,2025-12-04T00:00:00Z,52.61,0.19,67.87,454.02,0.0,warning
SNS-zone_07-01,zone_07,2025-12-04T00:00:00Z,56.07,0.175,63.73,459.59,0.0,warning
SNS-zone_08-01,zone_08,2025-12-04T00:00:00Z,52.22,0.18,63.52,475.52,0.0,warning
SNS-zone_09-01,zone_09,2025-12-04T00:00:00Z,5.0,0.024,33.06,98.91,0.0,safe
SNS-zone_10-01,zone_10,2025-12-04T00:00:00Z,52.67,0.182,67.86,479.3,0.0,warning
SNS-zone_11-01,zone_11,2025-12-04T00:00:00Z,120.5,0.438,91.43,1009.9,0.0,evacuation
SNS-zone_12-01,zone_12,2025-12-04T00:00:00Z,120.5,0.443,90.29,1027.92,0.0,evacuation
SNS-zone_13-01,zone_13,2025-12-04T00:00:00Z,5.18,0.025,27.82,97.85,0.0,safe
SNS-zone_14-01,zone_14,2025-12-04T00:00:00Z,3.42,0.021,32.78,96.55,0.0,safe
SNS-zone_15-01,zone_15,2025-12-04T00:00:00Z,2.69,0.019,35.55,106.76,0.0,safe
SNS-zone_16-01,zone_16,2025-12-04T00:00:00Z,4.83,0.016,38.12,105.39,0.0,safe
SNS-zone_01-01,zone_01,2025-12-05T00:00:00Z,4.79,0.026,33.45,105.87,0.0,safe
SNS-zone_02-01,zone_02,2025-12-05T00:00:00Z,4.35,0.027,35.56,101.98,0.0,safe
SNS-zone_03-01,zone_03,2025-12-05T00:00:00Z,6.59,0.028,42.34,118.62,0.0,safe
SNS-zone_04-01,zone_04,2025-12-05T00:00:00Z,5.64,0.016,34.08,106.02,0.0,safe
SNS-zone_05-01,zone_05,2025-12-05T00:00:00Z,3.39,0.025,32.3,103.35,0.0,safe
SNS-zone_06-01,zone_06,2025-12-05T00:00:00Z,56.94,0.175,68.46,450.16,0.0,warning
SNS-zone_07-01,zone_07,2025-12-05T00:00:00Z,53.99,0.177,65.47,454.03,0.0,warning
SNS-zone_08-01,zone_08,2025-12-05T00:00:00Z,55.04,0.194,66.16,485.38,0.0,warning
SNS-zone_09-01,zone_09,2025-12-05T00:00:00Z,4.01,0.02,34.21,98.98,0.0,safe
SNS-zone_10-01,zone_10,2025-12-05T00:00:00Z,54.39,0.182,63.89,481.73,0.0,warning
SNS-zone_11-01,zone_11,2025-12-05T00:00:00Z,120.5,0.455,95.34,1013.5,0.0,evacuation
SNS-zone_12-01,zone_12,2025-12-05T00:00:00Z,120.5,0.457,93.88,1019.98,0.0,evacuation
SNS-zone_13-01,zone_13,2025-12-05T00:00:00Z,4.29,0.023,30.72,101.29,0.0,safe
SNS-zone_14-01,zone_14,2025-12-05T00:00:00Z,3.67,0.017,33.32,101.5,0.0,safe
SNS-zone_15-01,zone_15,2025-12-05T00:00:00Z,2.36,0.021,34.27,89.04,0.0,safe
SNS-zone_16-01,zone_16,2025-12-05T00:00:00Z,4.47,0.023,40.35,103.21,0.0,safe
SNS-zone_01-01,zone_01,2025-12-06T00:00:00Z,4.56,0.013,32.59,106.03,0.0,safe
SNS-zone_02-01,zone_02,2025-12-06T00:00:00Z,4.74,0.018,32.97,106.65,0.0,safe
SNS-zone_03-01,zone_03,2025-12-06T00:00:00Z,6.12,0.025,42.68,121.83,0.0,safe
SNS-zone_04-01,zone_04,2025-12-06T00:00:00Z,6.47,0.022,34.73,115.17,0.0,safe
SNS-zone_05-01,zone_05,2025-12-06T00:00:00Z,2.84,0.016,29.49,95.47,0.0,safe
SNS-zone_06-01,zone_06,2025-12-06T00:00:00Z,54.45,0.18,69.38,466.44,0.0,warning
SNS-zone_07-01,zone_07,2025-12-06T00:00:00Z,56.11,0.189,64.36,453.25,0.0,warning
SNS-zone_08-01,zone_08,2025-12-06T00:00:00Z,53.89,0.185,64.22,491.6,0.0,warning
SNS-zone_09-01,zone_09,2025-12-06T00:00:00Z,3.52,0.012,31.53,99.86,0.0,safe
SNS-zone_10-01,zone_10,2025-12-06T00:00:00Z,55.58,0.191,68.86,498.1,0.0,warning
SNS-zone_11-01,zone_11,2025-12-06T00:00:00Z,120.5,0.455,94.75,1011.79,0.0,evacuation
SNS-zone_12-01,zone_12,2025-12-06T00:00:00Z,120.5,0.457,89.6,1009.36,0.0,evacuation
SNS-zone_13-01,zone_13,2025-12-06T00:00:00Z,4.84,0.02,29.88,95.14,0.0,safe
SNS-zone_14-01,zone_14,2025-12-06T00:00:00Z,3.23,0.013,34.78,100.27,0.0,safe
SNS-zone_15-01,zone_15,2025-12-06T00:00:00Z,3.64,0.017,34.92,104.11,0.0,safe
SNS-zone_16-01,zone_16,2025-12-06T00:00:00Z,3.71,0.021,38.47,106.97,0.0,safe
SNS-zone_01-01,zone_01,2025-12-07T00:00:00Z,2.38,0.02,32.33,95.19,0.0,safe
SNS-zone_02-01,zone_02,2025-12-07T00:00:00Z,3.81,0.02,36.07,104.97,0.0,safe
SNS-zone_03-01,zone_03,2025-12-07T00:00:00Z,6.03,0.026,40.24,109.76,0.0,safe
SNS-zone_04-01,zone_04,2025-12-07T00:00:00Z,5.62,0.022,35.62,115.61,0.0,safe
SNS-zone_05-01,zone_05,2025-12-07T00:00:00Z,4.04,0.015,32.71,97.45,0.0,safe
SNS-zone_06-01,zone_06,2025-12-07T00:00:00Z,53.73,0.169,66.28,437.08,0.0,warning
SNS-zone_07-01,zone_07,2025-12-07T00:00:00Z,56.55,0.179,64.51,450.18,0.0,warning
SNS-zone_08-01,zone_08,2025-12-07T00:00:00Z,55.28,0.182,64.0,477.94,0.0,warning
SNS-zone_09-01,zone_09,2025-12-07T00:00:00Z,4.02,0.021,30.46,98.07,0.0,safe
SNS-zone_10-01,zone_10,2025-12-07T00:00:00Z,54.89,0.186,66.62,486.34,0.0,warning
SNS-zone_11-01,zone_11,2025-12-07T00:00:00Z,120.5,0.441,91.24,1028.86,0.0,evacuation
SNS-zone_12-01,zone_12,2025-12-07T00:00:00Z,120.5,0.466,94.08,1037.95,0.0,evacuation
SNS-zone_13-01,zone_13,2025-12-07T00:00:00Z,4.8,0.019,31.28,102.78,0.0,safe
SNS-zone_14-01,zone_14,2025-12-07T00:00:00Z,2.66,0.021,33.01,100.69,0.0,safe
SNS-zone_15-01,zone_15,2025-12-07T00:00:00Z,4.08,0.013,36.31,104.41,0.0,safe
SNS-zone_16-01,zone_16,2025-12-07T00:00:00Z,3.97,0.021,39.9,106.71,0.0,safe
SNS-zone_01-01,zone_01,2025-12-08T00:00:00Z,4.07,0.014,35.55,110.38,0.0,safe
SNS-zone_02-01,zone_02,2025-12-08T00:00:00Z,4.65,0.013,34.24,107.01,0.0,safe
SNS-zone_03-01,zone_03,2025-12-08T00:00:00Z,7.21,0.023,39.4,118.99,0.0,safe
SNS-zone_04-01,zone_04,2025-12-08T00:00:00Z,6.48,0.024,33.2,112.68,0.0,safe
SNS-zone_05-01,zone_05,2025-12-08T00:00:00Z,3.55,0.023,31.77,98.64,0.0,safe
SNS-zone_06-01,zone_06,2025-12-08T00:00:00Z,55.35,0.168,69.59,461.91,0.0,warning
SNS-zone_07-01,zone_07,2025-12-08T00:00:00Z,53.37,0.185,67.65,462.98,0.0,warning
SNS-zone_08-01,zone_08,2025-12-08T00:00:00Z,54.72,0.187,64.0,494.88,0.0,warning
SNS-zone_09-01,zone_09,2025-12-08T00:00:00Z,4.09,0.016,34.44,105.1,0.0,safe
SNS-zone_10-01,zone_10,2025-12-08T00:00:00Z,56.7,0.194,67.59,494.15,0.0,warning
SNS-zone_11-01,zone_11,2025-12-08T00:00:00Z,120.5,0.46,93.09,1004.92,0.0,evacuation
SNS-zone_12-01,zone_12,2025-12-08T00:00:00Z,120.5,0.438,93.18,1010.58,0.0,evacuation
SNS-zone_13-01,zone_13,2025-12-08T00:00:00Z,3.47,0.018,31.35,104.82,0.0,safe
SNS-zone_14-01,zone_14,2025-12-08T00:00:00Z,4.03,0.016,34.37,98.96,0.0,safe
SNS-zone_15-01,zone_15,2025-12-08T00:00:00Z,4.49,0.025,34.67,101.18,0.0,safe
SNS-zone_16-01,zone_16,2025-12-08T00:00:00Z,5.45,0.017,39.22,113.57,0.0,safe
SNS-zone_01-01,zone_01,2025-12-09T00:00:00Z,3.96,0.019,31.7,100.92,0.0,safe
SNS-zone_02-01,zone_02,2025-12-09T00:00:00Z,2.67,0.022,35.96,105.11,0.0,safe
SNS-zone_03-01,zone_03,2025-12-09T00:00:00Z,5.78,0.012,40.52,123.74,0.0,safe
SNS-zone_04-01,zone_04,2025-12-09T00:00:00Z,5.98,0.027,34.02,120.32,0.0,safe
SNS-zone_05-01,zone_05,2025-12-09T00:00:00Z,3.97,0.022,29.88,97.33,0.0,safe
SNS-zone_06-01,zone_06,2025-12-09T00:00:00Z,52.2,0.171,67.19,455.29,0.0,warning
SNS-zone_07-01,zone_07,2025-12-09T00:00:00Z,51.31,0.175,64.63,439.4,0.0,warning
SNS-zone_08-01,zone_08,2025-12-09T00:00:00Z,55.02,0.189,65.53,496.27,0.0,warning
SNS-zone_09-01,zone_09,2025-12-09T00:00:00Z,3.58,0.019,33.11,100.31,0.0,safe
SNS-zone_10-01,zone_10,2025-12-09T00:00:00Z,55.06,0.184,65.16,483.62,0.0,warning
SNS-zone_11-01,zone_11,2025-12-09T00:00:00Z,120.5,0.439,93.79,1022.35,0.0,evacuation
SNS-zone_12-01,zone_12,2025-12-09T00:00:00Z,120.5,0.435,93.43,1026.5,0.0,evacuation
SNS-zone_13-01,zone_13,2025-12-09T00:00:00Z,3.05,0.019,28.43,93.76,0.0,safe
SNS-zone_14-01,zone_14,2025-12-09T00:00:00Z,5.15,0.019,35.27,106.65,0.0,safe
SNS-zone_15-01,zone_15,2025-12-09T00:00:00Z,4.53,0.023,38.47,114.16,0.0,safe
SNS-zone_16-01,zone_16,2025-12-09T00:00:00Z,4.04,0.025,38.79,112.57,0.0,safe
SNS-zone_01-01,zone_01,2025-12-10T00:00:00Z,3.93,0.022,31.27,93.61,0.0,safe
SNS-zone_02-01,zone_02,2025-12-10T00:00:00Z,3.68,0.018,33.09,95.79,0.0,safe
SNS-zone_03-01,zone_03,2025-12-10T00:00:00Z,6.28,0.018,42.81,117.23,0.0,safe
SNS-zone_04-01,zone_04,2025-12-10T00:00:00Z,6.09,0.024,34.79,116.02,0.0,safe
SNS-zone_05-01,zone_05,2025-12-10T00:00:00Z,3.83,0.018,31.17,98.73,0.0,safe
SNS-zone_06-01,zone_06,2025-12-10T00:00:00Z,54.07,0.191,65.88,444.74,0.0,warning
SNS-zone_07-01,zone_07,2025-12-10T00:00:00Z,56.41,0.19,67.01,453.2,0.0,warning
SNS-zone_08-01,zone_08,2025-12-10T00:00:00Z,54.99,0.189,64.02,477.95,0.0,warning
SNS-zone_09-01,zone_09,2025-12-10T00:00:00Z,2.96,0.017,33.43,89.74,0.0,safe
SNS-zone_10-01,zone_10,2025-12-10T00:00:00Z,55.15,0.174,67.92,492.64,0.0,warning
SNS-zone_11-01,zone_11,2025-12-10T00:00:00Z,120.5,0.452,95.13,1017.16,0.0,evacuation
SNS-zone_12-01,zone_12,2025-12-10T00:00:00Z,120.5,0.462,93.11,1033.81,0.0,evacuation
SNS-zone_13-01,zone_13,2025-12-10T00:00:00Z,3.17,0.014,32.64,98.68,0.0,safe
SNS-zone_14-01,zone_14,2025-12-10T00:00:00Z,3.45,0.024,35.07,102.77,0.0,safe
SNS-zone_15-01,zone_15,2025-12-10T00:00:00Z,4.16,0.017,35.02,111.56,0.0,safe
SNS-zone_16-01,zone_16,2025-12-10T00:00:00Z,3.26,0.02,38.88,101.34,0.0,safe
SNS-zone_01-01,zone_01,2025-12-11T00:00:00Z,3.25,0.014,34.19,98.35,0.0,safe
SNS-zone_02-01,zone_02,2025-12-11T00:00:00Z,4.63,0.026,34.03,108.78,0.0,safe
SNS-zone_03-01,zone_03,2025-12-11T00:00:00Z,5.25,0.026,43.29,115.45,0.0,safe
SNS-zone_04-01,zone_04,2025-12-11T00:00:00Z,5.76,0.01,33.96,109.83,0.0,safe
SNS-zone_05-01,zone_05,2025-12-11T00:00:00Z,4.21,0.016,28.69,104.23,0.0,safe
SNS-zone_06-01,zone_06,2025-12-11T00:00:00Z,51.92,0.175,66.51,426.86,0.0,warning
SNS-zone_07-01,zone_07,2025-12-11T00:00:00Z,55.63,0.166,66.28,459.25,0.0,warning
SNS-zone_08-01,zone_08,2025-12-11T00:00:00Z,54.25,0.174,63.92,491.95,0.0,warning
SNS-zone_09-01,zone_09,2025-12-11T00:00:00Z,4.13,0.021,32.75,105.86,0.0,safe
SNS-zone_10-01,zone_10,2025-12-11T00:00:00Z,54.64,0.185,64.95,479.16,0.0,warning
SNS-zone_11-01,zone_11,2025-12-11T00:00:00Z,120.5,0.468,92.52,998.52,0.0,evacuation
SNS-zone_12-01,zone_12,2025-12-11T00:00:00Z,120.5,0.434,94.64,1022.27,0.0,evacuation
SNS-zone_13-01,zone_13,2025-12-11T00:00:00Z,5.35,0.023,29.68,95.95,0.0,safe
SNS-zone_14-01,zone_14,2025-12-11T00:00:00Z,4.67,0.02,32.42,103.95,0.0,safe
SNS-zone_15-01,zone_15,2025-12-11T00:00:00Z,3.1,0.014,34.41,99.41,0.0,safe
SNS-zone_16-01,zone_16,2025-12-11T00:00:00Z,4.43,0.017,42.12,105.6,0.0,safe
SNS-zone_01-01,zone_01,2025-12-12T00:00:00Z,4.77,0.022,33.67,99.54,0.0,safe
SNS-zone_02-01,zone_02,2025-12-12T00:00:00Z,3.84,0.016,33.72,94.56,0.0,safe
SNS-zone_03-01,zone_03,2025-12-12T00:00:00Z,5.25,0.017,41.68,119.01,0.0,safe
SNS-zone_04-01,zone_04,2025-12-12T00:00:00Z,5.61,0.022,34.18,116.41,0.0,safe
SNS-zone_05-01,zone_05,2025-12-12T00:00:00Z,3.31,0.02,29.53,98.32,0.0,safe
SNS-zone_06-01,zone_06,2025-12-12T00:00:00Z,51.88,0.18,66.82,453.88,0.0,warning
SNS-zone_07-01,zone_07,2025-12-12T00:00:00Z,52.29,0.184,64.62,440.94,0.0,warning
SNS-zone_08-01,zone_08,2025-12-12T00:00:00Z,56.55,0.188,63.23,492.0,0.0,warning
SNS-zone_09-01,zone_09,2025-12-12T00:00:00Z,2.14,0.021,31.52,93.86,0.0,safe
SNS-zone_10-01,zone_10,2025-12-12T00:00:00Z,55.12,0.178,64.73,488.0,0.0,warning
SNS-zone_11-01,zone_11,2025-12-12T00:00:00Z,120.5,0.448,93.69,1029.34,0.0,evacuation
SNS-zone_12-01,zone_12,2025-12-12T00:00:00Z,120.5,0.449,88.42,996.35,0.0,evacuation
SNS-zone_13-01,zone_13,2025-12-12T00:00:00Z,3.98,0.015,30.75,100.46,0.0,safe
SNS-zone_14-01,zone_14,2025-12-12T00:00:00Z,3.42,0.013,32.24,99.83,0.0,safe
SNS-zone_15-01,zone_15,2025-12-12T00:00:00Z,4.18,0.018,37.66,110.34,0.0,safe
SNS-zone_16-01,zone_16,2025-12-12T00:00:00Z,3.35,0.02,38.61,103.95,0.0,safe
SNS-zone_01-01,zone_01,2025-12-13T00:00:00Z,3.37,0.015,33.11,99.08,0.0,safe
SNS-zone_02-01,zone_02,2025-12-13T00:00:00Z,5.29,0.018,35.55,101.88,0.0,safe
SNS-zone_03-01,zone_03,2025-12-13T00:00:00Z,6.85,0.025,42.59,125.37,0.0,safe
SNS-zone_04-01,zone_04,2025-12-13T00:00:00Z,5.96,0.024,32.5,104.72,0.0,safe
SNS-zone_05-01,zone_05,2025-12-13T00:00:00Z,3.27,0.012,30.27,96.51,0.0,safe
SNS-zone_06-01,zone_06,2025-12-13T00:00:00Z,56.06,0.176,67.78,463.99,0.0,warning
SNS-zone_07-01,zone_07,2025-12-13T00:00:00Z,55.74,0.172,65.45,457.16,0.0,warning
SNS-zone_08-01,zone_08,2025-12-13T00:00:00Z,55.27,0.183,64.44,474.96,0.0,warning
SNS-zone_09-01,zone_09,2025-12-13T00:00:00Z,4.02,0.015,31.72,101.24,0.0,safe
SNS-zone_10-01,zone_10,2025-12-13T00:00:00Z,55.12,0.188,64.79,496.56,0.0,warning
SNS-zone_11-01,zone_11,2025-12-13T00:00:00Z,120.5,0.465,89.17,1029.78,0.0,evacuation
SNS-zone_12-01,zone_12,2025-12-13T00:00:00Z,120.5,0.444,89.65,1017.48,0.0,evacuation
SNS-zone_13-01,zone_13,2025-12-13T00:00:00Z,5.54,0.031,32.26,103.98,0.0,safe
SNS-zone_14-01,zone_14,2025-12-13T00:00:00Z,4.44,0.014,33.58,106.53,0.0,safe
SNS-zone_15-01,zone_15,2025-12-13T00:00:00Z,2.95,0.02,34.29,96.18,0.0,safe
SNS-zone_16-01,zone_16,2025-12-13T00:00:00Z,4.88,0.013,40.18,112.99,0.0,safe
SNS-zone_01-01,zone_01,2025-12-14T00:00:00Z,3.04,0.018,33.08,106.55,0.0,safe
SNS-zone_02-01,zone_02,2025-12-14T00:00:00Z,4.23,0.021,34.36,99.7,0.0,safe
SNS-zone_03-01,zone_03,2025-12-14T00:00:00Z,6.0,0.024,43.39,117.34,0.0,safe
SNS-zone_04-01,zone_04,2025-12-14T00:00:00Z,6.77,0.023,34.27,109.89,0.0,safe
SNS-zone_05-01,zone_05,2025-12-14T00:00:00Z,4.7,0.014,30.63,94.97,0.0,safe
SNS-zone_06-01,zone_06,2025-12-14T00:00:00Z,55.24,0.183,65.96,456.76,0.0,warning
SNS-zone_07-01,zone_07,2025-12-14T00:00:00Z,54.24,0.172,60.36,440.94,0.0,warning
SNS-zone_08-01,zone_08,2025-12-14T00:00:00Z,54.01,0.179,66.9,483.96,0.0,warning
SNS-zone_09-01,zone_09,2025-12-14T00:00:00Z,5.31,0.016,32.94,103.29,0.0,safe
SNS-zone_10-01,zone_10,2025-12-14T00:00:00Z,55.6,0.194,64.31,501.62,0.0,warning
SNS-zone_11-01,zone_11,2025-12-14T00:00:00Z,120.5,0.444,90.83,1011.14,0.0,evacuation
SNS-zone_12-01,zone_12,2025-12-14T00:00:00Z,120.5,0.445,88.24,998.25,0.0,evacuation
SNS-zone_13-01,zone_13,2025-12-14T00:00:00Z,4.32,0.018,29.79,103.87,0.0,safe
SNS-zone_14-01,zone_14,2025-12-14T00:00:00Z,5.36,0.017,35.01,108.01,0.0,safe
SNS-zone_15-01,zone_15,2025-12-14T00:00:00Z,4.48,0.02,36.28,99.71,0.0,safe
SNS-zone_16-01,zone_16,2025-12-14T00:00:00Z,3.88,0.023,38.09,106.79,0.0,safe
SNS-zone_01-01,zone_01,2025-12-15T00:00:00Z,4.17,0.019,32.91,100.76,0.0,safe
SNS-zone_02-01,zone_02,2025-12-15T00:00:00Z,3.99,0.019,33.83,103.97,0.0,safe
SNS-zone_03-01,zone_03,2025-12-15T00:00:00Z,5.19,0.023,43.78,119.06,0.0,safe
SNS-zone_04-01,zone_04,2025-12-15T00:00:00Z,6.56,0.025,32.29,112.23,0.0,safe
SNS-zone_05-01,zone_05,2025-12-15T00:00:00Z,3.51,0.018,32.36,103.57,0.0,safe
SNS-zone_06-01,zone_06,2025-12-15T00:00:00Z,54.92,0.18,66.31,447.05,0.0,warning
SNS-zone_07-01,zone_07,2025-12-15T00:00:00Z,52.91,0.182,61.84,439.04,0.0,warning
SNS-zone_08-01,zone_08,2025-12-15T00:00:00Z,54.13,0.185,63.83,486.47,0.0,warning
SNS-zone_09-01,zone_09,2025-12-15T00:00:00Z,2.22,0.019,32.11,97.0,0.0,safe
SNS-zone_10-01,zone_10,2025-12-15T00:00:00Z,56.09,0.196,66.49,504.09,0.0,warning
SNS-zone_11-01,zone_11,2025-12-15T00:00:00Z,120.5,0.46,91.75,1025.87,0.0,evacuation
SNS-zone_12-01,zone_12,2025-12-15T00:00:00Z,120.5,0.465,94.4,1041.37,0.0,evacuation
SNS-zone_13-01,zone_13,2025-12-15T00:00:00Z,2.71,0.016,28.62,101.23,0.0,safe
SNS-zone_14-01,zone_14,2025-12-15T00:00:00Z,3.96,0.019,33.03,101.93,0.0,safe
SNS-zone_15-01,zone_15,2025-12-15T00:00:00Z,4.32,0.015,34.42,105.16,0.0,safe
SNS-zone_16-01,zone_16,2025-12-15T00:00:00Z,4.04,0.018,39.41,109.0,0.0,safe
SNS-zone_01-01,zone_01,2025-12-16T00:00:00Z,4.61,0.018,34.48,101.87,0.0,safe
SNS-zone_02-01,zone_02,2025-12-16T00:00:00Z,3.91,0.018,33.87,101.3,0.0,safe
SNS-zone_03-01,zone_03,2025-12-16T00:00:00Z,5.22,0.031,41.21,121.98,0.0,safe
SNS-zone_04-01,zone_04,2025-12-16T00:00:00Z,6.33,0.021,33.93,117.96,0.0,safe
SNS-zone_05-01,zone_05,2025-12-16T00:00:00Z,4.35,0.02,30.27,95.2,0.0,safe
SNS-zone_06-01,zone_06,2025-12-16T00:00:00Z,53.02,0.169,70.44,440.38,0.0,warning
SNS-zone_07-01,zone_07,2025-12-16T00:00:00Z,56.42,0.19,65.24,447.96,0.0,warning
SNS-zone_08-01,zone_08,2025-12-16T00:00:00Z,53.43,0.181,65.38,479.77,0.0,warning
SNS-zone_09-01,zone_09,2025-12-16T00:00:00Z,3.85,0.016,34.2,103.49,0.0,safe
SNS-zone_10-01,zone_10,2025-12-16T00:00:00Z,56.61,0.176,66.52,485.61,0.0,warning
SNS-zone_11-01,zone_11,2025-12-16T00:00:00Z,120.5,0.476,93.49,1014.39,0.0,evacuation
SNS-zone_12-01,zone_12,2025-12-16T00:00:00Z,120.5,0.462,89.59,1010.84,0.0,evacuation
SNS-zone_13-01,zone_13,2025-12-16T00:00:00Z,3.11,0.015,30.05,99.31,0.0,safe
SNS-zone_14-01,zone_14,2025-12-16T00:00:00Z,3.93,0.017,33.76,102.63,0.0,safe
SNS-zone_15-01,zone_15,2025-12-16T00:00:00Z,5.87,0.021,36.82,112.93,0.0,safe
SNS-zone_16-01,zone_16,2025-12-16T00:00:00Z,4.9,0.02,39.46,109.84,0.0,safe
SNS-zone_01-01,zone_01,2025-12-17T00:00:00Z,2.16,0.023,33.42,90.88,0.0,safe
SNS-zone_02-01,zone_02,2025-12-17T00:00:00Z,5.28,0.02,34.08,107.41,0.0,safe
SNS-zone_03-01,zone_03,2025-12-17T00:00:00Z,5.28,0.022,41.51,111.81,0.0,safe
SNS-zone_04-01,zone_04,2025-12-17T00:00:00Z,5.13,0.022,34.09,105.27,0.0,safe
SNS-zone_05-01,zone_05,2025-12-17T00:00:00Z,2.94,0.017,30.0,96.42,0.0,safe
SNS-zone_06-01,zone_06,2025-12-17T00:00:00Z,54.39,0.176,69.62,455.05,0.0,warning
SNS-zone_07-01,zone_07,2025-12-17T00:00:00Z,55.05,0.189,64.99,448.15,0.0,warning
SNS-zone_08-01,zone_08,2025-12-17T00:00:00Z,53.81,0.193,64.81,490.26,0.0,warning
SNS-zone_09-01,zone_09,2025-12-17T00:00:00Z,2.78,0.017,31.76,95.83,0.0,safe
SNS-zone_10-01,zone_10,2025-12-17T00:00:00Z,55.1,0.192,65.78,484.08,0.0,warning
SNS-zone_11-01,zone_11,2025-12-17T00:00:00Z,120.5,0.453,93.31,1022.47,0.0,evacuation
SNS-zone_12-01,zone_12,2025-12-17T00:00:00Z,120.5,0.439,89.82,1026.37,0.0,evacuation
SNS-zone_13-01,zone_13,2025-12-17T00:00:00Z,4.24,0.019,29.68,93.57,0.0,safe
SNS-zone_14-01,zone_14,2025-12-17T00:00:00Z,3.54,0.025,33.02,107.49,0.0,safe
SNS-zone_15-01,zone_15,2025-12-17T00:00:00Z,3.83,0.02,35.27,99.96,0.0,safe
SNS-zone_16-01,zone_16,2025-12-17T00:00:00Z,5.04,0.028,39.32,105.91,0.0,safe
SNS-zone_01-01,zone_01,2025-12-18T00:00:00Z,3.8,0.02,35.72,105.72,0.0,safe
SNS-zone_02-01,zone_02,2025-12-18T00:00:00Z,3.73,0.021,35.23,107.41,0.0,safe
SNS-zone_03-01,zone_03,2025-12-18T00:00:00Z,6.38,0.02,42.6,122.06,0.0,safe
SNS-zone_04-01,zone_04,2025-12-18T00:00:00Z,5.8,0.02,35.25,110.84,0.0,safe
SNS-zone_05-01,zone_05,2025-12-18T00:00:00Z,3.03,0.022,30.27,101.94,0.0,safe
SNS-zone_06-01,zone_06,2025-12-18T00:00:00Z,52.73,0.171,68.7,452.11,0.0,warning
SNS-zone_07-01,zone_07,2025-12-18T00:00:00Z,52.99,0.175,65.43,445.77,0.0,warning
SNS-zone_08-01,zone_08,2025-12-18T00:00:00Z,54.27,0.205,62.21,476.49,0.0,warning
SNS-zone_09-01,zone_09,2025-12-18T00:00:00Z,3.5,0.018,32.55,99.54,0.0,safe
SNS-zone_10-01,zone_10,2025-12-18T00:00:00Z,54.2,0.171,62.15,476.57,0.0,warning
SNS-zone_11-01,zone_11,2025-12-18T00:00:00Z,120.5,0.463,86.42,1005.29,0.0,evacuation
SNS-zone_12-01,zone_12,2025-12-18T00:00:00Z,120.5,0.44,89.35,1012.85,0.0,evacuation
SNS-zone_13-01,zone_13,2025-12-18T00:00:00Z,4.34,0.021,31.96,101.1,0.0,safe
SNS-zone_14-01,zone_14,2025-12-18T00:00:00Z,5.06,0.021,34.09,107.84,0.0,safe
SNS-zone_15-01,zone_15,2025-12-18T00:00:00Z,2.49,0.018,34.29,99.57,0.0,safe
SNS-zone_16-01,zone_16,2025-12-18T00:00:00Z,3.48,0.023,37.95,108.07,0.0,safe
SNS-zone_01-01,zone_01,2025-12-19T00:00:00Z,4.9,0.017,37.44,107.42,0.0,safe
SNS-zone_02-01,zone_02,2025-12-19T00:00:00Z,4.36,0.015,34.27,96.87,0.0,safe
SNS-zone_03-01,zone_03,2025-12-19T00:00:00Z,6.67,0.017,39.96,123.28,0.0,safe
SNS-zone_04-01,zone_04,2025-12-19T00:00:00Z,6.24,0.028,33.28,104.54,0.0,safe
SNS-zone_05-01,zone_05,2025-12-19T00:00:00Z,3.76,0.027,31.62,91.88,0.0,safe
SNS-zone_06-01,zone_06,2025-12-19T00:00:00Z,53.05,0.177,66.21,444.15,0.0,warning
SNS-zone_07-01,zone_07,2025-12-19T00:00:00Z,52.24,0.179,65.78,443.79,0.0,warning
SNS-zone_08-01,zone_08,2025-12-19T00:00:00Z,57.52,0.182,63.21,482.42,0.0,warning
SNS-zone_09-01,zone_09,2025-12-19T00:00:00Z,4.06,0.023,31.79,99.89,0.0,safe
SNS-zone_10-01,zone_10,2025-12-19T00:00:00Z,52.96,0.189,68.19,480.24,0.0,warning
SNS-zone_11-01,zone_11,2025-12-19T00:00:00Z,120.5,0.438,92.49,1021.85,0.0,evacuation
SNS-zone_12-01,zone_12,2025-12-19T00:00:00Z,120.5,0.457,90.16,993.71,0.0,evacuation
SNS-zone_13-01,zone_13,2025-12-19T00:00:00Z,5.6,0.022,29.81,97.97,0.0,safe
SNS-zone_14-01,zone_14,2025-12-19T00:00:00Z,3.79,0.015,31.62,97.54,0.0,safe
SNS-zone_15-01,zone_15,2025-12-19T00:00:00Z,2.97,0.014,34.97,101.76,0.0,safe
SNS-zone_16-01,zone_16,2025-12-19T00:00:00Z,3.13,0.028,37.67,105.06,0.0,safe
SNS-zone_01-01,zone_01,2025-12-20T00:00:00Z,4.16,0.014,31.82,96.97,0.0,safe
SNS-zone_02-01,zone_02,2025-12-20T00:00:00Z,4.11,0.028,32.96,108.06,0.0,safe
SNS-zone_03-01,zone_03,2025-12-20T00:00:00Z,6.46,0.017,43.18,128.56,0.0,safe
SNS-zone_04-01,zone_04,2025-12-20T00:00:00Z,6.58,0.026,33.12,106.11,0.0,safe
SNS-zone_05-01,zone_05,2025-12-20T00:00:00Z,3.4,0.023,30.39,98.26,0.0,safe
SNS-zone_06-01,zone_06,2025-12-20T00:00:00Z,50.5,0.169,68.25,435.64,0.0,warning
SNS-zone_07-01,zone_07,2025-12-20T00:00:00Z,56.03,0.183,64.96,460.82,0.0,warning
SNS-zone_08-01,zone_08,2025-12-20T00:00:00Z,53.73,0.177,62.75,477.65,0.0,warning
SNS-zone_09-01,zone_09,2025-12-20T00:00:00Z,3.72,0.016,32.05,98.46,0.0,safe
SNS-zone_10-01,zone_10,2025-12-20T00:00:00Z,53.34,0.185,66.66,489.47,0.0,warning
SNS-zone_11-01,zone_11,2025-12-20T00:00:00Z,120.5,0.463,89.33,1017.51,0.0,evacuation
SNS-zone_12-01,zone_12,2025-12-20T00:00:00Z,120.5,0.439,89.84,1011.63,0.0,evacuation
SNS-zone_13-01,zone_13,2025-12-20T00:00:00Z,4.81,0.02,30.41,104.4,0.0,safe
SNS-zone_14-01,zone_14,2025-12-20T00:00:00Z,4.39,0.015,31.64,101.65,0.0,safe
SNS-zone_15-01,zone_15,2025-12-20T00:00:00Z,5.41,0.015,35.49,109.63,0.0,safe
SNS-zone_16-01,zone_16,2025-12-20T00:00:00Z,3.8,0.02,40.85,99.39,0.0,safe
SNS-zone_01-01,zone_01,2025-12-21T00:00:00Z,3.14,0.022,32.97,105.54,0.0,safe
SNS-zone_02-01,zone_02,2025-12-21T00:00:00Z,4.4,0.018,35.16,97.03,0.0,safe
SNS-zone_03-01,zone_03,2025-12-21T00:00:00Z,5.88,0.029,39.63,119.27,0.0,safe
SNS-zone_04-01,zone_04,2025-12-21T00:00:00Z,6.31,0.024,34.73,108.47,0.0,safe
SNS-zone_05-01,zone_05,2025-12-21T00:00:00Z,5.02,0.016,30.43,104.86,0.0,safe
SNS-zone_06-01,zone_06,2025-12-21T00:00:00Z,52.38,0.188,70.54,452.45,0.0,warning
SNS-zone_07-01,zone_07,2025-12-21T00:00:00Z,54.45,0.165,65.29,453.42,0.0,warning
SNS-zone_08-01,zone_08,2025-12-21T00:00:00Z,56.74,0.196,62.51,498.87,0.0,warning
SNS-zone_09-01,zone_09,2025-12-21T00:00:00Z,5.63,0.02,31.76,99.78,0.0,safe
SNS-zone_10-01,zone_10,2025-12-21T00:00:00Z,55.61,0.18,69.7,494.39,0.0,warning
SNS-zone_11-01,zone_11,2025-12-21T00:00:00Z,120.5,0.449,93.58,1024.32,0.0,evacuation
SNS-zone_12-01,zone_12,2025-12-21T00:00:00Z,120.5,0.454,95.26,1008.5,0.0,evacuation
SNS-zone_13-01,zone_13,2025-12-21T00:00:00Z,4.26,0.013,30.62,89.83,0.0,safe
SNS-zone_14-01,zone_14,2025-12-21T00:00:00Z,4.93,0.021,32.53,99.1,0.0,safe
SNS-zone_15-01,zone_15,2025-12-21T00:00:00Z,4.12,0.012,34.12,96.93,0.0,safe
SNS-zone_16-01,zone_16,2025-12-21T00:00:00Z,3.69,0.02,39.79,104.23,0.0,safe
SNS-zone_01-01,zone_01,2025-12-22T00:00:00Z,5.18,0.017,33.74,104.86,0.0,safe
SNS-zone_02-01,zone_02,2025-12-22T00:00:00Z,3.5,0.017,33.45,99.53,0.0,safe
SNS-zone_03-01,zone_03,2025-12-22T00:00:00Z,5.81,0.027,42.12,115.95,0.0,safe
SNS-zone_04-01,zone_04,2025-12-22T00:00:00Z,5.8,0.025,32.5,112.62,0.0,safe
SNS-zone_05-01,zone_05,2025-12-22T00:00:00Z,4.77,0.02,29.65,88.21,0.0,safe
SNS-zone_06-01,zone_06,2025-12-22T00:00:00Z,54.59,0.176,65.47,444.48,0.0,warning
SNS-zone_07-01,zone_07,2025-12-22T00:00:00Z,51.78,0.174,64.36,450.84,0.0,warning
SNS-zone_08-01,zone_08,2025-12-22T00:00:00Z,55.14,0.178,64.93,483.37,0.0,warning
SNS-zone_09-01,zone_09,2025-12-22T00:00:00Z,3.8,0.02,31.73,97.7,0.0,safe
SNS-zone_10-01,zone_10,2025-12-22T00:00:00Z,53.76,0.183,64.16,492.83,0.0,warning
SNS-zone_11-01,zone_11,2025-12-22T00:00:00Z,120.5,0.435,94.11,1020.94,0.0,evacuation
SNS-zone_12-01,zone_12,2025-12-22T00:00:00Z,120.5,0.435,89.39,1017.21,0.0,evacuation
SNS-zone_13-01,zone_13,2025-12-22T00:00:00Z,3.55,0.022,29.55,91.23,0.0,safe
SNS-zone_14-01,zone_14,2025-12-22T00:00:00Z,4.41,0.02,33.2,98.67,0.0,safe
SNS-zone_15-01,zone_15,2025-12-22T00:00:00Z,4.26,0.021,36.29,106.94,0.0,safe
SNS-zone_16-01,zone_16,2025-12-22T00:00:00Z,5.5,0.024,38.23,116.31,0.0,safe
SNS-zone_01-01,zone_01,2025-12-23T00:00:00Z,4.43,0.019,35.57,100.62,0.0,safe
SNS-zone_02-01,zone_02,2025-12-23T00:00:00Z,4.6,0.021,32.02,96.97,0.0,safe
SNS-zone_03-01,zone_03,2025-12-23T00:00:00Z,7.3,0.03,40.11,120.26,0.0,safe
SNS-zone_04-01,zone_04,2025-12-23T00:00:00Z,5.22,0.021,33.94,111.36,0.0,safe
SNS-zone_05-01,zone_05,2025-12-23T00:00:00Z,3.62,0.018,28.74,94.11,0.0,safe
SNS-zone_06-01,zone_06,2025-12-23T00:00:00Z,52.91,0.184,66.38,468.72,0.0,warning
SNS-zone_07-01,zone_07,2025-12-23T00:00:00Z,55.35,0.172,64.55,455.33,0.0,warning
SNS-zone_08-01,zone_08,2025-12-23T00:00:00Z,53.24,0.192,64.64,472.91,0.0,warning
SNS-zone_09-01,zone_09,2025-12-23T00:00:00Z,4.83,0.015,30.14,102.27,0.0,safe
SNS-zone_10-01,zone_10,2025-12-23T00:00:00Z,57.27,0.2,66.52,477.53,0.0,warning
SNS-zone_11-01,zone_11,2025-12-23T00:00:00Z,120.5,0.43,95.28,1022.07,0.0,evacuation
SNS-zone_12-01,zone_12,2025-12-23T00:00:00Z,120.5,0.445,87.4,1014.47,0.0,evacuation
SNS-zone_13-01,zone_13,2025-12-23T00:00:00Z,3.83,0.019,30.28,92.47,0.0,safe
SNS-zone_14-01,zone_14,2025-12-23T00:00:00Z,4.18,0.021,33.63,102.35,0.0,safe
SNS-zone_15-01,zone_15,2025-12-23T00:00:00Z,3.47,0.025,35.58,104.53,0.0,safe
SNS-zone_16-01,zone_16,2025-12-23T00:00:00Z,3.47,0.025,39.47,106.66,0.0,safe
SNS-zone_01-01,zone_01,2025-12-24T00:00:00Z,2.89,0.026,32.69,101.61,0.0,safe
SNS-zone_02-01,zone_02,2025-12-24T00:00:00Z,3.26,0.017,36.88,93.29,0.0,safe
SNS-zone_03-01,zone_03,2025-12-24T00:00:00Z,5.89,0.021,42.09,118.15,0.0,safe
SNS-zone_04-01,zone_04,2025-12-24T00:00:00Z,6.63,0.028,31.14,108.84,0.0,safe
SNS-zone_05-01,zone_05,2025-12-24T00:00:00Z,3.12,0.026,29.8,104.44,0.0,safe
SNS-zone_06-01,zone_06,2025-12-24T00:00:00Z,54.74,0.184,69.81,444.58,0.0,warning
SNS-zone_07-01,zone_07,2025-12-24T00:00:00Z,53.5,0.173,64.77,432.57,0.0,warning
SNS-zone_08-01,zone_08,2025-12-24T00:00:00Z,55.59,0.184,67.41,501.11,0.0,warning
SNS-zone_09-01,zone_09,2025-12-24T00:00:00Z,3.22,0.029,29.47,94.17,0.0,safe
SNS-zone_10-01,zone_10,2025-12-24T00:00:00Z,55.65,0.18,65.6,483.3,0.0,warning
SNS-zone_11-01,zone_11,2025-12-24T00:00:00Z,120.5,0.438,94.91,1027.73,0.0,evacuation
SNS-zone_12-01,zone_12,2025-12-24T00:00:00Z,120.5,0.439,91.03,1025.73,0.0,evacuation
SNS-zone_13-01,zone_13,2025-12-24T00:00:00Z,3.87,0.02,27.12,94.37,0.0,safe
SNS-zone_14-01,zone_14,2025-12-24T00:00:00Z,6.05,0.012,36.06,106.62,0.0,safe
SNS-zone_15-01,zone_15,2025-12-24T00:00:00Z,3.18,0.015,35.05,96.66,0.0,safe
SNS-zone_16-01,zone_16,2025-12-24T00:00:00Z,4.16,0.022,40.4,113.13,0.0,safe
SNS-zone_01-01,zone_01,2025-12-25T00:00:00Z,4.45,0.018,32.07,98.35,0.0,safe
SNS-zone_02-01,zone_02,2025-12-25T00:00:00Z,5.57,0.023,35.72,102.73,0.0,safe
SNS-zone_03-01,zone_03,2025-12-25T00:00:00Z,6.06,0.022,41.79,117.92,0.0,safe
SNS-zone_04-01,zone_04,2025-12-25T00:00:00Z,3.46,0.02,32.61,103.89,0.0,safe
SNS-zone_05-01,zone_05,2025-12-25T00:00:00Z,5.27,0.021,29.07,98.01,0.0,safe
SNS-zone_06-01,zone_06,2025-12-25T00:00:00Z,52.72,0.182,69.76,458.83,0.0,warning
SNS-zone_07-01,zone_07,2025-12-25T00:00:00Z,53.83,0.188,64.57,435.41,0.0,warning
SNS-zone_08-01,zone_08,2025-12-25T00:00:00Z,55.92,0.187,61.58,489.71,0.0,warning
SNS-zone_09-01,zone_09,2025-12-25T00:00:00Z,2.55,0.018,32.84,94.5,0.0,safe
SNS-zone_10-01,zone_10,2025-12-25T00:00:00Z,58.58,0.202,66.38,508.41,0.0,warning
SNS-zone_11-01,zone_11,2025-12-25T00:00:00Z,120.5,0.453,90.44,1004.65,0.0,evacuation
SNS-zone_12-01,zone_12,2025-12-25T00:00:00Z,120.5,0.45,91.95,1013.45,0.0,evacuation
SNS-zone_13-01,zone_13,2025-12-25T00:00:00Z,4.18,0.016,28.4,92.1,0.0,safe
SNS-zone_14-01,zone_14,2025-12-25T00:00:00Z,4.15,0.021,34.14,106.76,0.0,safe
SNS-zone_15-01,zone_15,2025-12-25T00:00:00Z,2.29,0.02,35.9,101.74,0.0,safe
SNS-zone_16-01,zone_16,2025-12-25T00:00:00Z,4.78,0.024,39.83,112.37,0.0,safe
SNS-zone_01-01,zone_01,2025-12-26T00:00:00Z,3.31,0.015,33.03,99.47,0.0,safe
SNS-zone_02-01,zone_02,2025-12-26T00:00:00Z,3.92,0.013,33.84,112.19,0.0,safe
SNS-zone_03-01,zone_03,2025-12-26T00:00:00Z,4.3,0.016,41.37,117.21,0.0,safe
SNS-zone_04-01,zone_04,2025-12-26T00:00:00Z,5.22,0.02,31.89,117.34,0.0,safe
SNS-zone_05-01,zone_05,2025-12-26T00:00:00Z,3.47,0.019,30.38,100.69,0.0,safe
SNS-zone_06-01,zone_06,2025-12-26T00:00:00Z,53.38,0.175,71.16,446.31,0.0,warning
SNS-zone_07-01,zone_07,2025-12-26T00:00:00Z,54.06,0.173,64.72,451.39,0.0,warning
SNS-zone_08-01,zone_08,2025-12-26T00:00:00Z,56.44,0.182,63.55,481.71,0.0,warning
SNS-zone_09-01,zone_09,2025-12-26T00:00:00Z,2.95,0.015,32.49,97.28,0.0,safe
SNS-zone_10-01,zone_10,2025-12-26T00:00:00Z,54.1,0.18,65.15,478.09,0.0,warning
SNS-zone_11-01,zone_11,2025-12-26T00:00:00Z,120.5,0.453,86.97,1028.3,0.0,evacuation
SNS-zone_12-01,zone_12,2025-12-26T00:00:00Z,120.5,0.43,91.02,1019.88,0.0,evacuation
SNS-zone_13-01,zone_13,2025-12-26T00:00:00Z,5.61,0.018,31.13,102.92,0.0,safe
SNS-zone_14-01,zone_14,2025-12-26T00:00:00Z,4.9,0.015,33.5,108.69,0.0,safe
SNS-zone_15-01,zone_15,2025-12-26T00:00:00Z,3.22,0.018,33.5,99.89,0.0,safe
SNS-zone_16-01,zone_16,2025-12-26T00:00:00Z,3.8,0.017,39.55,105.43,0.0,safe
SNS-zone_01-01,zone_01,2025-12-27T00:00:00Z,3.96,0.016,34.07,101.03,0.0,safe
SNS-zone_02-01,zone_02,2025-12-27T00:00:00Z,4.37,0.02,34.7,108.01,0.0,safe
SNS-zone_03-01,zone_03,2025-12-27T00:00:00Z,4.65,0.015,39.89,107.31,0.0,safe
SNS-zone_04-01,zone_04,2025-12-27T00:00:00Z,5.48,0.021,34.8,102.1,0.0,safe
SNS-zone_05-01,zone_05,2025-12-27T00:00:00Z,2.96,0.012,29.89,91.4,0.0,safe
SNS-zone_06-01,zone_06,2025-12-27T00:00:00Z,51.26,0.175,70.41,430.93,0.0,warning
SNS-zone_07-01,zone_07,2025-12-27T00:00:00Z,53.45,0.183,65.72,440.53,0.0,warning
SNS-zone_08-01,zone_08,2025-12-27T00:00:00Z,55.13,0.18,62.17,474.75,0.0,warning
SNS-zone_09-01,zone_09,2025-12-27T00:00:00Z,4.21,0.023,30.87,102.15,0.0,safe
SNS-zone_10-01,zone_10,2025-12-27T00:00:00Z,53.91,0.182,61.81,474.57,0.0,warning
SNS-zone_11-01,zone_11,2025-12-27T00:00:00Z,120.5,0.438,92.79,989.19,0.0,evacuation
SNS-zone_12-01,zone_12,2025-12-27T00:00:00Z,120.5,0.438,87.64,1029.9,0.0,evacuation
SNS-zone_13-01,zone_13,2025-12-27T00:00:00Z,4.75,0.031,30.5,102.44,0.0,safe
SNS-zone_14-01,zone_14,2025-12-27T00:00:00Z,3.92,0.018,32.45,100.48,0.0,safe
SNS-zone_15-01,zone_15,2025-12-27T00:00:00Z,3.89,0.018,36.28,109.29,0.0,safe
SNS-zone_16-01,zone_16,2025-12-27T00:00:00Z,3.27,0.017,37.43,100.26,0.0,safe
SNS-zone_01-01,zone_01,2025-12-28T00:00:00Z,4.6,0.016,33.05,104.41,0.0,safe
SNS-zone_02-01,zone_02,2025-12-28T00:00:00Z,3.69,0.018,34.76,103.16,0.0,safe
SNS-zone_03-01,zone_03,2025-12-28T00:00:00Z,7.56,0.025,40.42,120.31,0.0,safe
SNS-zone_04-01,zone_04,2025-12-28T00:00:00Z,5.68,0.023,33.6,109.07,0.0,safe
SNS-zone_05-01,zone_05,2025-12-28T00:00:00Z,3.04,0.024,30.48,94.76,0.0,safe
SNS-zone_06-01,zone_06,2025-12-28T00:00:00Z,54.01,0.175,67.03,458.85,0.0,warning
SNS-zone_07-01,zone_07,2025-12-28T00:00:00Z,55.09,0.177,67.58,462.78,0.0,warning
SNS-zone_08-01,zone_08,2025-12-28T00:00:00Z,54.61,0.185,62.72,470.65,0.0,warning
SNS-zone_09-01,zone_09,2025-12-28T00:00:00Z,3.6,0.02,32.88,102.67,0.0,safe
SNS-zone_10-01,zone_10,2025-12-28T00:00:00Z,55.54,0.182,65.74,489.65,0.0,warning
SNS-zone_11-01,zone_11,2025-12-28T00:00:00Z,120.5,0.438,91.37,1025.17,0.0,evacuation
SNS-zone_12-01,zone_12,2025-12-28T00:00:00Z,120.5,0.45,90.52,1006.48,0.0,evacuation
SNS-zone_13-01,zone_13,2025-12-28T00:00:00Z,4.2,0.026,29.41,103.64,0.0,safe
SNS-zone_14-01,zone_14,2025-12-28T00:00:00Z,4.8,0.023,33.95,110.75,0.0,safe
SNS-zone_15-01,zone_15,2025-12-28T00:00:00Z,3.15,0.019,34.47,103.42,0.0,safe
SNS-zone_16-01,zone_16,2025-12-28T00:00:00Z,3.87,0.02,41.23,110.62,0.0,safe
SNS-zone_01-01,zone_01,2025-12-29T00:00:00Z,4.6,0.022,33.86,96.62,0.0,safe
SNS-zone_02-01,zone_02,2025-12-29T00:00:00Z,3.7,0.019,35.14,104.05,0.0,safe
SNS-zone_03-01,zone_03,2025-12-29T00:00:00Z,6.1,0.018,41.75,120.05,0.0,safe
SNS-zone_04-01,zone_04,2025-12-29T00:00:00Z,4.99,0.013,33.74,109.91,0.0,safe
SNS-zone_05-01,zone_05,2025-12-29T00:00:00Z,3.97,0.027,31.9,99.28,0.0,safe
SNS-zone_06-01,zone_06,2025-12-29T00:00:00Z,57.07,0.176,64.46,449.17,0.0,warning
SNS-zone_07-01,zone_07,2025-12-29T00:00:00Z,56.24,0.195,62.02,467.6,0.0,warning
SNS-zone_08-01,zone_08,2025-12-29T00:00:00Z,55.2,0.196,66.23,501.71,0.0,warning
SNS-zone_09-01,zone_09,2025-12-29T00:00:00Z,3.51,0.019,32.35,97.02,0.0,safe
SNS-zone_10-01,zone_10,2025-12-29T00:00:00Z,54.14,0.188,61.97,472.21,0.0,warning
SNS-zone_11-01,zone_11,2025-12-29T00:00:00Z,120.5,0.436,94.87,1035.5,0.0,evacuation
SNS-zone_12-01,zone_12,2025-12-29T00:00:00Z,120.5,0.481,94.54,1010.73,0.0,evacuation
SNS-zone_13-01,zone_13,2025-12-29T00:00:00Z,4.0,0.031,27.93,101.26,0.0,safe
SNS-zone_14-01,zone_14,2025-12-29T00:00:00Z,3.88,0.021,32.4,99.66,0.0,safe
SNS-zone_15-01,zone_15,2025-12-29T00:00:00Z,4.49,0.015,36.41,97.75,0.0,safe
SNS-zone_16-01,zone_16,2025-12-29T00:00:00Z,3.54,0.018,41.26,107.99,0.0,safe
SNS-zone_01-01,zone_01,2025-12-30T00:00:00Z,4.46,0.013,32.95,98.89,0.0,safe
SNS-zone_02-01,zone_02,2025-12-30T00:00:00Z,3.96,0.024,35.75,96.73,0.0,safe
SNS-zone_03-01,zone_03,2025-12-30T00:00:00Z,7.45,0.02,43.01,118.5,0.0,safe
SNS-zone_04-01,zone_04,2025-12-30T00:00:00Z,6.59,0.023,31.46,111.26,0.0,safe
SNS-zone_05-01,zone_05,2025-12-30T00:00:00Z,3.74,0.021,31.09,92.46,0.0,safe
SNS-zone_06-01,zone_06,2025-12-30T00:00:00Z,53.42,0.182,69.82,452.85,0.0,warning
SNS-zone_07-01,zone_07,2025-12-30T00:00:00Z,52.27,0.162,64.3,433.52,0.0,warning
SNS-zone_08-01,zone_08,2025-12-30T00:00:00Z,55.11,0.192,65.39,488.08,0.0,warning
SNS-zone_09-01,zone_09,2025-12-30T00:00:00Z,4.24,0.016,35.12,101.36,0.0,safe
SNS-zone_10-01,zone_10,2025-12-30T00:00:00Z,56.41,0.187,67.14,500.55,0.0,warning
SNS-zone_11-01,zone_11,2025-12-30T00:00:00Z,120.5,0.442,92.06,1028.58,0.0,evacuation
SNS-zone_12-01,zone_12,2025-12-30T00:00:00Z,120.5,0.442,91.23,1031.37,0.0,evacuation
SNS-zone_13-01,zone_13,2025-12-30T00:00:00Z,3.71,0.028,31.12,94.09,0.0,safe
SNS-zone_14-01,zone_14,2025-12-30T00:00:00Z,5.64,0.023,33.89,103.97,0.0,safe
SNS-zone_15-01,zone_15,2025-12-30T00:00:00Z,3.35,0.023,34.43,99.22,0.0,safe
SNS-zone_16-01,zone_16,2025-12-30T00:00:00Z,5.08,0.026,40.72,113.87,0.0,safe
SNS-zone_01-01,zone_01,2025-12-31T00:00:00Z,4.04,0.016,31.79,100.7,0.0,safe
SNS-zone_02-01,zone_02,2025-12-31T00:00:00Z,3.48,0.024,33.31,97.6,0.0,safe
SNS-zone_03-01,zone_03,2025-12-31T00:00:00Z,5.23,0.018,40.94,119.22,0.0,safe
SNS-zone_04-01,zone_04,2025-12-31T00:00:00Z,5.43,0.015,32.25,106.23,0.0,safe
SNS-zone_05-01,zone_05,2025-12-31T00:00:00Z,3.49,0.017,31.46,99.15,0.0,safe
SNS-zone_06-01,zone_06,2025-12-31T00:00:00Z,53.5,0.161,69.78,465.7,0.0,warning
SNS-zone_07-01,zone_07,2025-12-31T00:00:00Z,56.41,0.186,64.71,454.32,0.0,warning
SNS-zone_08-01,zone_08,2025-12-31T00:00:00Z,52.18,0.171,63.28,479.5,0.0,warning
SNS-zone_09-01,zone_09,2025-12-31T00:00:00Z,5.74,0.025,31.6,101.94,0.0,safe
SNS-zone_10-01,zone_10,2025-12-31T00:00:00Z,53.88,0.191,64.56,470.74,0.0,warning
SNS-zone_11-01,zone_11,2025-12-31T00:00:00Z,120.5,0.459,92.26,1022.82,0.0,evacuation
SNS-zone_12-01,zone_12,2025-12-31T00:00:00Z,120.5,0.45,95.2,1038.71,0.0,evacuation
SNS-zone_13-01,zone_13,2025-12-31T00:00:00Z,3.32,0.02,31.15,96.42,0.0,safe
SNS-zone_14-01,zone_14,2025-12-31T00:00:00Z,3.53,0.015,36.25,103.93,0.0,safe
SNS-zone_15-01,zone_15,2025-12-31T00:00:00Z,3.77,0.016,37.09,103.83,0.0,safe
SNS-zone_16-01,zone_16,2025-12-31T00:00:00Z,3.86,0.021,39.57,112.51,0.0,safe
SNS-zone_01-01,zone_01,2026-01-01T00:00:00Z,2.67,0.013,34.51,99.11,0.0,safe
SNS-zone_02-01,zone_02,2026-01-01T00:00:00Z,6.51,0.023,31.83,109.86,0.0,safe
SNS-zone_03-01,zone_03,2026-01-01T00:00:00Z,6.95,0.027,43.87,125.87,0.0,safe
SNS-zone_04-01,zone_04,2026-01-01T00:00:00Z,6.52,0.021,33.04,116.66,0.0,safe
SNS-zone_05-01,zone_05,2026-01-01T00:00:00Z,2.01,0.021,30.24,92.2,0.0,safe
SNS-zone_06-01,zone_06,2026-01-01T00:00:00Z,52.74,0.178,69.2,461.35,0.0,warning
SNS-zone_07-01,zone_07,2026-01-01T00:00:00Z,53.39,0.194,67.38,466.13,0.0,warning
SNS-zone_08-01,zone_08,2026-01-01T00:00:00Z,55.0,0.174,62.26,482.4,0.0,warning
SNS-zone_09-01,zone_09,2026-01-01T00:00:00Z,4.21,0.017,31.74,103.18,0.0,safe
SNS-zone_10-01,zone_10,2026-01-01T00:00:00Z,53.13,0.175,65.19,474.67,0.0,warning
SNS-zone_11-01,zone_11,2026-01-01T00:00:00Z,120.5,0.448,92.9,1013.22,0.0,evacuation
SNS-zone_12-01,zone_12,2026-01-01T00:00:00Z,120.5,0.463,94.27,1006.29,0.0,evacuation
SNS-zone_13-01,zone_13,2026-01-01T00:00:00Z,3.28,0.012,30.92,94.43,0.0,safe
SNS-zone_14-01,zone_14,2026-01-01T00:00:00Z,3.38,0.019,33.52,104.17,0.0,safe
SNS-zone_15-01,zone_15,2026-01-01T00:00:00Z,4.16,0.023,35.76,107.55,0.0,safe
SNS-zone_16-01,zone_16,2026-01-01T00:00:00Z,4.8,0.019,38.47,108.0,0.0,safe
SNS-zone_01-01,zone_01,2026-01-02T00:00:00Z,4.04,0.018,32.96,97.51,0.0,safe
SNS-zone_02-01,zone_02,2026-01-02T00:00:00Z,4.23,0.022,34.33,104.99,0.0,safe
SNS-zone_03-01,zone_03,2026-01-02T00:00:00Z,5.55,0.022,42.6,116.73,0.0,safe
SNS-zone_04-01,zone_04,2026-01-02T00:00:00Z,4.47,0.017,34.83,110.61,0.0,safe
SNS-zone_05-01,zone_05,2026-01-02T00:00:00Z,4.04,0.021,29.7,94.35,0.0,safe
SNS-zone_06-01,zone_06,2026-01-02T00:00:00Z,54.99,0.186,66.62,460.89,0.0,warning
SNS-zone_07-01,zone_07,2026-01-02T00:00:00Z,53.13,0.175,64.66,450.82,0.0,warning
SNS-zone_08-01,zone_08,2026-01-02T00:00:00Z,56.45,0.198,64.29,481.61,0.0,warning
SNS-zone_09-01,zone_09,2026-01-02T00:00:00Z,5.33,0.024,31.42,106.29,0.0,safe
SNS-zone_10-01,zone_10,2026-01-02T00:00:00Z,56.6,0.17,65.58,490.15,0.0,warning
SNS-zone_11-01,zone_11,2026-01-02T00:00:00Z,120.5,0.43,92.99,1017.82,0.0,evacuation
SNS-zone_12-01,zone_12,2026-01-02T00:00:00Z,120.5,0.454,87.52,998.09,0.0,evacuation
SNS-zone_13-01,zone_13,2026-01-02T00:00:00Z,3.73,0.025,31.52,100.48,0.0,safe
SNS-zone_14-01,zone_14,2026-01-02T00:00:00Z,4.67,0.024,32.3,102.47,0.0,safe
SNS-zone_15-01,zone_15,2026-01-02T00:00:00Z,3.88,0.018,32.89,106.02,0.0,safe
SNS-zone_16-01,zone_16,2026-01-02T00:00:00Z,3.93,0.022,40.43,110.46,0.0,safe
SNS-zone_01-01,zone_01,2026-01-03T00:00:00Z,3.54,0.014,34.95,105.28,0.0,safe
SNS-zone_02-01,zone_02,2026-01-03T00:00:00Z,4.07,0.019,35.06,102.55,0.0,safe
SNS-zone_03-01,zone_03,2026-01-03T00:00:00Z,6.11,0.019,42.31,114.74,0.0,safe
SNS-zone_04-01,zone_04,2026-01-03T00:00:00Z,5.8,0.018,34.29,115.94,0.0,safe
SNS-zone_05-01,zone_05,2026-01-03T00:00:00Z,3.25,0.022,30.2,101.35,0.0,safe
SNS-zone_06-01,zone_06,2026-01-03T00:00:00Z,53.27,0.177,65.98,447.48,0.0,warning
SNS-zone_07-01,zone_07,2026-01-03T00:00:00Z,55.92,0.184,62.82,461.04,0.0,warning
SNS-zone_08-01,zone_08,2026-01-03T00:00:00Z,58.18,0.192,61.18,488.52,0.0,warning
SNS-zone_09-01,zone_09,2026-01-03T00:00:00Z,4.37,0.02,33.14,110.0,0.0,safe
SNS-zone_10-01,zone_10,2026-01-03T00:00:00Z,54.77,0.18,65.16,484.67,0.0,warning
SNS-zone_11-01,zone_11,2026-01-03T00:00:00Z,120.5,0.448,94.04,1031.49,0.0,evacuation
SNS-zone_12-01,zone_12,2026-01-03T00:00:00Z,120.5,0.455,91.12,1015.97,0.0,evacuation
SNS-zone_13-01,zone_13,2026-01-03T00:00:00Z,3.91,0.02,30.54,98.75,0.0,safe
SNS-zone_14-01,zone_14,2026-01-03T00:00:00Z,4.3,0.018,32.05,103.66,0.0,safe
SNS-zone_15-01,zone_15,2026-01-03T00:00:00Z,3.75,0.015,37.02,105.43,0.0,safe
SNS-zone_16-01,zone_16,2026-01-03T00:00:00Z,4.31,0.016,38.42,113.0,0.0,safe
SNS-zone_01-01,zone_01,2026-01-04T00:00:00Z,5.15,0.017,34.38,95.3,0.0,safe
SNS-zone_02-01,zone_02,2026-01-04T00:00:00Z,4.91,0.01,34.16,106.73,0.0,safe
SNS-zone_03-01,zone_03,2026-01-04T00:00:00Z,5.94,0.017,41.18,127.16,0.0,safe
SNS-zone_04-01,zone_04,2026-01-04T00:00:00Z,5.78,0.021,34.68,110.42,0.0,safe
SNS-zone_05-01,zone_05,2026-01-04T00:00:00Z,4.4,0.022,29.73,100.41,0.0,safe
SNS-zone_06-01,zone_06,2026-01-04T00:00:00Z,50.98,0.171,69.18,447.56,0.0,warning
SNS-zone_07-01,zone_07,2026-01-04T00:00:00Z,52.16,0.172,62.63,440.22,0.0,warning
SNS-zone_08-01,zone_08,2026-01-04T00:00:00Z,54.91,0.184,60.58,482.34,0.0,warning
SNS-zone_09-01,zone_09,2026-01-04T00:00:00Z,2.84,0.013,32.88,94.69,0.0,safe
SNS-zone_10-01,zone_10,2026-01-04T00:00:00Z,55.1,0.189,65.89,488.37,0.0,warning
SNS-zone_11-01,zone_11,2026-01-04T00:00:00Z,120.5,0.457,88.02,1006.24,0.0,evacuation
SNS-zone_12-01,zone_12,2026-01-04T00:00:00Z,120.5,0.448,92.71,1038.92,0.0,evacuation
SNS-zone_13-01,zone_13,2026-01-04T00:00:00Z,4.25,0.024,31.77,97.96,0.0,safe
SNS-zone_14-01,zone_14,2026-01-04T00:00:00Z,3.97,0.024,31.92,104.54,0.0,safe
SNS-zone_15-01,zone_15,2026-01-04T00:00:00Z,4.58,0.02,34.33,107.29,0.0,safe
SNS-zone_16-01,zone_16,2026-01-04T00:00:00Z,3.34,0.023,39.9,110.98,0.0,safe
SNS-zone_01-01,zone_01,2026-01-05T00:00:00Z,3.84,0.017,34.44,103.58,0.0,safe
SNS-zone_02-01,zone_02,2026-01-05T00:00:00Z,4.16,0.018,35.18,103.6,0.0,safe
SNS-zone_03-01,zone_03,2026-01-05T00:00:00Z,7.19,0.022,41.88,132.32,0.0,safe
SNS-zone_04-01,zone_04,2026-01-05T00:00:00Z,5.99,0.023,32.91,109.21,0.0,safe
SNS-zone_05-01,zone_05,2026-01-05T00:00:00Z,4.81,0.019,28.43,95.52,0.0,safe
SNS-zone_06-01,zone_06,2026-01-05T00:00:00Z,52.89,0.148,66.32,445.08,0.0,warning
SNS-zone_07-01,zone_07,2026-01-05T00:00:00Z,55.53,0.193,64.29,458.02,0.0,warning
SNS-zone_08-01,zone_08,2026-01-05T00:00:00Z,53.58,0.183,62.97,488.66,0.0,warning
SNS-zone_09-01,zone_09,2026-01-05T00:00:00Z,1.96,0.01,33.72,95.18,0.0,safe
SNS-zone_10-01,zone_10,2026-01-05T00:00:00Z,54.27,0.189,64.73,495.32,0.0,warning
SNS-zone_11-01,zone_11,2026-01-05T00:00:00Z,120.5,0.44,87.19,1013.31,0.0,evacuation
SNS-zone_12-01,zone_12,2026-01-05T00:00:00Z,120.5,0.44,89.74,997.99,0.0,evacuation
SNS-zone_13-01,zone_13,2026-01-05T00:00:00Z,2.93,0.02,31.75,103.09,0.0,safe
SNS-zone_14-01,zone_14,2026-01-05T00:00:00Z,2.97,0.016,32.91,96.62,0.0,safe
SNS-zone_15-01,zone_15,2026-01-05T00:00:00Z,4.04,0.026,34.18,107.31,0.0,safe
SNS-zone_16-01,zone_16,2026-01-05T00:00:00Z,5.77,0.024,38.93,116.09,0.0,safe
SNS-zone_01-01,zone_01,2026-01-06T00:00:00Z,3.88,0.02,33.85,106.21,0.0,safe
SNS-zone_02-01,zone_02,2026-01-06T00:00:00Z,4.76,0.022,35.74,102.65,0.0,safe
SNS-zone_03-01,zone_03,2026-01-06T00:00:00Z,6.46,0.022,41.86,122.15,0.0,safe
SNS-zone_04-01,zone_04,2026-01-06T00:00:00Z,6.64,0.019,34.02,116.12,0.0,safe
SNS-zone_05-01,zone_05,2026-01-06T00:00:00Z,4.24,0.011,33.63,100.62,0.0,safe
SNS-zone_06-01,zone_06,2026-01-06T00:00:00Z,52.69,0.17,66.57,450.78,0.0,warning
SNS-zone_07-01,zone_07,2026-01-06T00:00:00Z,53.49,0.182,63.12,450.24,0.0,warning
SNS-zone_08-01,zone_08,2026-01-06T00:00:00Z,54.21,0.19,66.76,483.46,0.0,warning
SNS-zone_09-01,zone_09,2026-01-06T00:00:00Z,3.61,0.021,31.19,103.51,0.0,safe
SNS-zone_10-01,zone_10,2026-01-06T00:00:00Z,56.84,0.196,66.99,499.88,0.0,warning
SNS-zone_11-01,zone_11,2026-01-06T00:00:00Z,120.5,0.443,92.56,1008.05,0.0,evacuation
SNS-zone_12-01,zone_12,2026-01-06T00:00:00Z,120.5,0.43,93.54,1004.07,0.0,evacuation
SNS-zone_13-01,zone_13,2026-01-06T00:00:00Z,4.81,0.024,30.61,97.94,0.0,safe
SNS-zone_14-01,zone_14,2026-01-06T00:00:00Z,3.92,0.024,33.96,98.74,0.0,safe
SNS-zone_15-01,zone_15,2026-01-06T00:00:00Z,2.67,0.017,35.27,103.58,0.0,safe
SNS-zone_16-01,zone_16,2026-01-06T00:00:00Z,4.79,0.021,40.14,106.66,0.0,safe
SNS-zone_01-01,zone_01,2026-01-07T00:00:00Z,3.67,0.017,34.15,99.42,0.0,safe
SNS-zone_02-01,zone_02,2026-01-07T00:00:00Z,2.9,0.022,33.23,96.0,0.0,safe
SNS-zone_03-01,zone_03,2026-01-07T00:00:00Z,3.97,0.02,41.79,117.82,0.0,safe
SNS-zone_04-01,zone_04,2026-01-07T00:00:00Z,5.05,0.024,34.97,111.94,0.0,safe
SNS-zone_05-01,zone_05,2026-01-07T00:00:00Z,2.92,0.017,32.13,93.34,0.0,safe
SNS-zone_06-01,zone_06,2026-01-07T00:00:00Z,56.31,0.19,67.44,466.95,0.0,warning
SNS-zone_07-01,zone_07,2026-01-07T00:00:00Z,54.63,0.184,67.66,468.86,0.0,warning
SNS-zone_08-01,zone_08,2026-01-07T00:00:00Z,53.18,0.173,61.07,484.45,0.0,warning
SNS-zone_09-01,zone_09,2026-01-07T00:00:00Z,4.85,0.02,31.19,101.03,0.0,safe
SNS-zone_10-01,zone_10,2026-01-07T00:00:00Z,55.31,0.199,62.66,483.24,0.0,warning
SNS-zone_11-01,zone_11,2026-01-07T00:00:00Z,120.5,0.437,90.59,1004.45,0.0,evacuation
SNS-zone_12-01,zone_12,2026-01-07T00:00:00Z,120.5,0.449,91.16,1027.83,0.0,evacuation
SNS-zone_13-01,zone_13,2026-01-07T00:00:00Z,2.82,0.02,29.82,90.58,0.0,safe
SNS-zone_14-01,zone_14,2026-01-07T00:00:00Z,4.35,0.01,33.59,95.49,0.0,safe
SNS-zone_15-01,zone_15,2026-01-07T00:00:00Z,4.22,0.02,36.79,102.07,0.0,safe
SNS-zone_16-01,zone_16,2026-01-07T00:00:00Z,3.68,0.024,39.82,109.49,0.0,safe
SNS-zone_01-01,zone_01,2026-01-08T00:00:00Z,3.66,0.027,34.22,102.59,0.0,safe
SNS-zone_02-01,zone_02,2026-01-08T00:00:00Z,4.41,0.022,35.54,107.58,0.0,safe
SNS-zone_03-01,zone_03,2026-01-08T00:00:00Z,7.64,0.023,41.0,120.6,0.0,safe
SNS-zone_04-01,zone_04,2026-01-08T00:00:00Z,6.07,0.019,31.63,106.27,0.0,safe
SNS-zone_05-01,zone_05,2026-01-08T00:00:00Z,4.62,0.021,32.16,100.83,0.0,safe
SNS-zone_06-01,zone_06,2026-01-08T00:00:00Z,54.81,0.179,66.93,451.76,0.0,warning
SNS-zone_07-01,zone_07,2026-01-08T00:00:00Z,53.51,0.185,66.81,449.55,0.0,warning
SNS-zone_08-01,zone_08,2026-01-08T00:00:00Z,57.8,0.192,60.71,478.82,0.0,warning
SNS-zone_09-01,zone_09,2026-01-08T00:00:00Z,3.21,0.019,30.75,93.22,0.0,safe
SNS-zone_10-01,zone_10,2026-01-08T00:00:00Z,54.05,0.185,67.17,489.99,0.0,warning
SNS-zone_11-01,zone_11,2026-01-08T00:00:00Z,120.5,0.439,96.79,1002.08,0.0,evacuation
SNS-zone_12-01,zone_12,2026-01-08T00:00:00Z,120.5,0.417,96.06,1021.45,0.0,evacuation
SNS-zone_13-01,zone_13,2026-01-08T00:00:00Z,5.29,0.026,29.14,104.5,0.0,safe
SNS-zone_14-01,zone_14,2026-01-08T00:00:00Z,3.62,0.01,31.7,100.85,0.0,safe
SNS-zone_15-01,zone_15,2026-01-08T00:00:00Z,3.88,0.013,37.22,101.12,0.0,safe
SNS-zone_16-01,zone_16,2026-01-08T00:00:00Z,3.96,0.012,38.85,103.95,0.0,safe
SNS-zone_01-01,zone_01,2026-01-09T00:00:00Z,3.74,0.017,34.79,107.05,0.0,safe
SNS-zone_02-01,zone_02,2026-01-09T00:00:00Z,4.35,0.023,33.62,105.62,0.0,safe
SNS-zone_03-01,zone_03,2026-01-09T00:00:00Z,5.33,0.021,43.66,118.53,0.0,safe
SNS-zone_04-01,zone_04,2026-01-09T00:00:00Z,5.48,0.022,35.54,108.12,0.0,safe
SNS-zone_05-01,zone_05,2026-01-09T00:00:00Z,4.11,0.023,29.74,97.88,0.0,safe
SNS-zone_06-01,zone_06,2026-01-09T00:00:00Z,53.1,0.176,68.57,462.56,0.0,warning
SNS-zone_07-01,zone_07,2026-01-09T00:00:00Z,55.09,0.192,67.8,455.05,0.0,warning
SNS-zone_08-01,zone_08,2026-01-09T00:00:00Z,50.78,0.182,64.11,470.13,0.0,warning
SNS-zone_09-01,zone_09,2026-01-09T00:00:00Z,5.24,0.01,32.28,104.62,0.0,safe
SNS-zone_10-01,zone_10,2026-01-09T00:00:00Z,53.47,0.181,66.32,486.83,0.0,warning
SNS-zone_11-01,zone_11,2026-01-09T00:00:00Z,120.5,0.462,92.98,999.67,0.0,evacuation
SNS-zone_12-01,zone_12,2026-01-09T00:00:00Z,120.5,0.438,89.92,1030.82,0.0,evacuation
SNS-zone_13-01,zone_13,2026-01-09T00:00:00Z,4.21,0.024,30.42,93.78,0.0,safe
SNS-zone_14-01,zone_14,2026-01-09T00:00:00Z,4.14,0.016,35.34,109.24,0.0,safe
SNS-zone_15-01,zone_15,2026-01-09T00:00:00Z,3.67,0.015,34.73,105.29,0.0,safe
SNS-zone_16-01,zone_16,2026-01-09T00:00:00Z,3.98,0.015,40.29,109.06,0.0,safe
SNS-zone_01-01,zone_01,2026-01-10T00:00:00Z,3.19,0.017,31.3,89.61,0.0,safe
SNS-zone_02-01,zone_02,2026-01-10T00:00:00Z,4.57,0.024,35.82,106.77,0.0,safe
SNS-zone_03-01,zone_03,2026-01-10T00:00:00Z,6.17,0.02,42.28,115.98,0.0,safe
SNS-zone_04-01,zone_04,2026-01-10T00:00:00Z,5.89,0.024,34.75,116.08,0.0,safe
SNS-zone_05-01,zone_05,2026-01-10T00:00:00Z,4.4,0.023,31.62,98.88,0.0,safe
SNS-zone_06-01,zone_06,2026-01-10T00:00:00Z,56.18,0.172,68.94,468.94,0.0,warning
SNS-zone_07-01,zone_07,2026-01-10T00:00:00Z,51.87,0.175,60.95,441.58,0.0,warning
SNS-zone_08-01,zone_08,2026-01-10T00:00:00Z,56.36,0.193,64.63,487.71,0.0,warning
SNS-zone_09-01,zone_09,2026-01-10T00:00:00Z,2.84,0.015,32.51,93.71,0.0,safe
SNS-zone_10-01,zone_10,2026-01-10T00:00:00Z,53.91,0.193,66.01,480.25,0.0,warning
SNS-zone_11-01,zone_11,2026-01-10T00:00:00Z,120.5,0.453,94.43,1036.46,0.0,evacuation
SNS-zone_12-01,zone_12,2026-01-10T00:00:00Z,120.5,0.421,92.19,1016.28,0.0,evacuation
SNS-zone_13-01,zone_13,2026-01-10T00:00:00Z,4.45,0.017,30.73,106.24,0.0,safe
SNS-zone_14-01,zone_14,2026-01-10T00:00:00Z,4.07,0.019,34.03,105.47,0.0,safe
SNS-zone_15-01,zone_15,2026-01-10T00:00:00Z,2.93,0.025,37.52,112.63,0.0,safe
SNS-zone_16-01,zone_16,2026-01-10T00:00:00Z,4.88,0.02,39.13,109.76,0.0,safe
SNS-zone_01-01,zone_01,2026-01-11T00:00:00Z,5.34,0.02,33.77,106.27,0.0,safe
SNS-zone_02-01,zone_02,2026-01-11T00:00:00Z,3.29,0.016,34.36,100.05,0.0,safe
SNS-zone_03-01,zone_03,2026-01-11T00:00:00Z,5.94,0.024,40.54,120.2,0.0,safe
SNS-zone_04-01,zone_04,2026-01-11T00:00:00Z,5.58,0.024,31.31,104.26,0.0,safe
SNS-zone_05-01,zone_05,2026-01-11T00:00:00Z,3.13,0.019,30.35,94.29,0.0,safe
SNS-zone_06-01,zone_06,2026-01-11T00:00:00Z,55.28,0.172,68.63,464.57,0.0,warning
SNS-zone_07-01,zone_07,2026-01-11T00:00:00Z,54.1,0.173,65.99,454.65,0.0,warning
SNS-zone_08-01,zone_08,2026-01-11T00:00:00Z,52.88,0.17,62.75,466.69,0.0,warning
SNS-zone_09-01,zone_09,2026-01-11T00:00:00Z,2.9,0.013,31.39,97.31,0.0,safe
SNS-zone_10-01,zone_10,2026-01-11T00:00:00Z,53.53,0.177,63.61,479.94,0.0,warning
SNS-zone_11-01,zone_11,2026-01-11T00:00:00Z,120.5,0.438,93.49,1031.7,0.0,evacuation
SNS-zone_12-01,zone_12,2026-01-11T00:00:00Z,120.5,0.445,91.66,1003.81,0.0,evacuation
SNS-zone_13-01,zone_13,2026-01-11T00:00:00Z,4.26,0.019,30.12,94.62,0.0,safe
SNS-zone_14-01,zone_14,2026-01-11T00:00:00Z,4.88,0.021,33.99,101.51,0.0,safe
SNS-zone_15-01,zone_15,2026-01-11T00:00:00Z,2.68,0.016,35.82,100.62,0.0,safe
SNS-zone_16-01,zone_16,2026-01-11T00:00:00Z,3.01,0.013,39.61,108.29,0.0,safe
SNS-zone_01-01,zone_01,2026-01-12T00:00:00Z,2.23,0.021,34.74,99.51,0.0,safe
SNS-zone_02-01,zone_02,2026-01-12T00:00:00Z,3.88,0.018,33.58,98.1,0.0,safe
SNS-zone_03-01,zone_03,2026-01-12T00:00:00Z,6.85,0.029,39.14,120.11,0.0,safe
SNS-zone_04-01,zone_04,2026-01-12T00:00:00Z,8.04,0.025,30.77,114.15,0.0,safe
SNS-zone_05-01,zone_05,2026-01-12T00:00:00Z,3.85,0.019,31.55,94.12,0.0,safe
SNS-zone_06-01,zone_06,2026-01-12T00:00:00Z,55.49,0.179,66.65,449.24,0.0,warning
SNS-zone_07-01,zone_07,2026-01-12T00:00:00Z,55.49,0.198,65.93,464.09,0.0,warning
SNS-zone_08-01,zone_08,2026-01-12T00:00:00Z,52.73,0.179,65.8,483.05,0.0,warning
SNS-zone_09-01,zone_09,2026-01-12T00:00:00Z,5.79,0.02,32.62,99.46,0.0,safe
SNS-zone_10-01,zone_10,2026-01-12T00:00:00Z,55.16,0.178,63.91,473.93,0.0,warning
SNS-zone_11-01,zone_11,2026-01-12T00:00:00Z,120.5,0.454,93.95,1025.37,0.0,evacuation
SNS-zone_12-01,zone_12,2026-01-12T00:00:00Z,120.5,0.448,88.15,1021.19,0.0,evacuation
SNS-zone_13-01,zone_13,2026-01-12T00:00:00Z,3.74,0.013,30.86,103.16,0.0,safe
SNS-zone_14-01,zone_14,2026-01-12T00:00:00Z,4.56,0.015,31.16,108.04,0.0,safe
SNS-zone_15-01,zone_15,2026-01-12T00:00:00Z,4.23,0.017,34.12,99.4,0.0,safe
SNS-zone_16-01,zone_16,2026-01-12T00:00:00Z,3.16,0.017,38.23,103.94,0.0,safe
SNS-zone_01-01,zone_01,2026-01-13T00:00:00Z,4.92,0.019,31.97,103.32,0.0,safe
SNS-zone_02-01,zone_02,2026-01-13T00:00:00Z,4.17,0.016,32.12,100.35,0.0,safe
SNS-zone_03-01,zone_03,2026-01-13T00:00:00Z,6.88,0.029,41.8,124.23,0.0,safe
SNS-zone_04-01,zone_04,2026-01-13T00:00:00Z,7.87,0.028,35.34,120.58,0.0,safe
SNS-zone_05-01,zone_05,2026-01-13T00:00:00Z,4.15,0.024,30.6,102.29,0.0,safe
SNS-zone_06-01,zone_06,2026-01-13T00:00:00Z,53.93,0.172,70.67,450.3,0.0,warning
SNS-zone_07-01,zone_07,2026-01-13T00:00:00Z,54.41,0.176,65.34,437.96,0.0,warning
SNS-zone_08-01,zone_08,2026-01-13T00:00:00Z,57.05,0.194,63.8,488.36,0.0,warning
SNS-zone_09-01,zone_09,2026-01-13T00:00:00Z,3.76,0.022,29.16,98.67,0.0,safe
SNS-zone_10-01,zone_10,2026-01-13T00:00:00Z,55.69,0.19,69.2,489.11,0.0,warning
SNS-zone_11-01,zone_11,2026-01-13T00:00:00Z,120.5,0.443,88.91,1013.42,0.0,evacuation
SNS-zone_12-01,zone_12,2026-01-13T00:00:00Z,120.5,0.447,95.03,1017.01,0.0,evacuation
SNS-zone_13-01,zone_13,2026-01-13T00:00:00Z,4.53,0.016,31.62,98.38,0.0,safe
SNS-zone_14-01,zone_14,2026-01-13T00:00:00Z,4.7,0.021,33.32,103.06,0.0,safe
SNS-zone_15-01,zone_15,2026-01-13T00:00:00Z,3.54,0.017,35.41,110.76,0.0,safe
SNS-zone_16-01,zone_16,2026-01-13T00:00:00Z,3.28,0.022,39.36,110.18,0.0,safe
SNS-zone_01-01,zone_01,2026-01-14T00:00:00Z,5.82,0.022,34.5,107.64,0.0,safe
SNS-zone_02-01,zone_02,2026-01-14T00:00:00Z,4.75,0.017,35.19,98.67,0.0,safe
SNS-zone_03-01,zone_03,2026-01-14T00:00:00Z,5.92,0.026,41.9,129.17,0.0,safe
SNS-zone_04-01,zone_04,2026-01-14T00:00:00Z,5.89,0.019,34.08,108.71,0.0,safe
SNS-zone_05-01,zone_05,2026-01-14T00:00:00Z,3.51,0.022,29.75,91.98,0.0,safe
SNS-zone_06-01,zone_06,2026-01-14T00:00:00Z,52.0,0.178,68.43,445.02,0.0,warning
SNS-zone_07-01,zone_07,2026-01-14T00:00:00Z,55.58,0.188,64.55,447.77,0.0,warning
SNS-zone_08-01,zone_08,2026-01-14T00:00:00Z,54.77,0.173,64.06,503.35,0.0,warning
SNS-zone_09-01,zone_09,2026-01-14T00:00:00Z,4.71,0.027,32.28,112.0,0.0,safe
SNS-zone_10-01,zone_10,2026-01-14T00:00:00Z,56.49,0.196,66.52,492.89,0.0,warning
SNS-zone_11-01,zone_11,2026-01-14T00:00:00Z,120.5,0.451,93.16,1017.52,0.0,evacuation
SNS-zone_12-01,zone_12,2026-01-14T00:00:00Z,120.5,0.461,92.45,1020.49,0.0,evacuation
SNS-zone_13-01,zone_13,2026-01-14T00:00:00Z,3.36,0.018,27.78,97.82,0.0,safe
SNS-zone_14-01,zone_14,2026-01-14T00:00:00Z,3.66,0.019,32.96,99.68,0.0,safe
SNS-zone_15-01,zone_15,2026-01-14T00:00:00Z,4.12,0.021,36.18,106.09,0.0,safe
SNS-zone_16-01,zone_16,2026-01-14T00:00:00Z,3.62,0.018,39.15,104.43,0.0,safe
SNS-zone_01-01,zone_01,2026-01-15T00:00:00Z,3.32,0.015,33.19,102.8,0.0,safe
SNS-zone_02-01,zone_02,2026-01-15T00:00:00Z,3.25,0.018,33.47,102.93,0.0,safe
SNS-zone_03-01,zone_03,2026-01-15T00:00:00Z,4.98,0.022,41.96,112.65,0.0,safe
SNS-zone_04-01,zone_04,2026-01-15T00:00:00Z,4.92,0.014,33.1,106.71,0.0,safe
SNS-zone_05-01,zone_05,2026-01-15T00:00:00Z,3.75,0.025,32.2,98.45,0.0,safe
SNS-zone_06-01,zone_06,2026-01-15T00:00:00Z,55.0,0.19,70.17,453.03,0.0,warning
SNS-zone_07-01,zone_07,2026-01-15T00:00:00Z,53.73,0.175,64.9,449.42,0.0,warning
SNS-zone_08-01,zone_08,2026-01-15T00:00:00Z,55.98,0.2,66.31,488.15,0.0,warning
SNS-zone_09-01,zone_09,2026-01-15T00:00:00Z,2.84,0.014,31.56,94.91,0.0,safe
SNS-zone_10-01,zone_10,2026-01-15T00:00:00Z,53.42,0.185,61.83,478.8,0.0,warning
SNS-zone_11-01,zone_11,2026-01-15T00:00:00Z,120.5,0.436,95.83,1025.1,0.0,evacuation
SNS-zone_12-01,zone_12,2026-01-15T00:00:00Z,120.5,0.45,90.3,1011.96,0.0,evacuation
SNS-zone_13-01,zone_13,2026-01-15T00:00:00Z,3.5,0.016,31.67,101.07,0.0,safe
SNS-zone_14-01,zone_14,2026-01-15T00:00:00Z,3.95,0.018,32.01,105.96,0.0,safe
SNS-zone_15-01,zone_15,2026-01-15T00:00:00Z,4.21,0.02,36.71,106.39,0.0,safe
SNS-zone_16-01,zone_16,2026-01-15T00:00:00Z,3.23,0.02,37.68,107.64,0.0,safe
SNS-zone_01-01,zone_01,2026-01-16T00:00:00Z,3.62,0.02,33.83,102.81,0.0,safe
SNS-zone_02-01,zone_02,2026-01-16T00:00:00Z,2.4,0.013,34.08,100.78,0.0,safe
SNS-zone_03-01,zone_03,2026-01-16T00:00:00Z,5.51,0.028,41.45,119.07,0.0,safe
SNS-zone_04-01,zone_04,2026-01-16T00:00:00Z,5.97,0.02,34.15,111.5,0.0,safe
SNS-zone_05-01,zone_05,2026-01-16T00:00:00Z,4.35,0.022,31.07,94.85,0.0,safe
SNS-zone_06-01,zone_06,2026-01-16T00:00:00Z,52.15,0.187,67.29,444.48,0.0,warning
SNS-zone_07-01,zone_07,2026-01-16T00:00:00Z,51.44,0.17,64.13,437.27,0.0,warning
SNS-zone_08-01,zone_08,2026-01-16T00:00:00Z,54.22,0.187,60.66,468.75,0.0,warning
SNS-zone_09-01,zone_09,2026-01-16T00:00:00Z,3.06,0.022,32.73,98.05,0.0,safe
SNS-zone_10-01,zone_10,2026-01-16T00:00:00Z,55.39,0.184,63.86,481.66,0.0,warning
SNS-zone_11-01,zone_11,2026-01-16T00:00:00Z,120.5,0.448,94.05,1034.89,0.0,evacuation
SNS-zone_12-01,zone_12,2026-01-16T00:00:00Z,120.5,0.443,88.03,1014.03,0.0,evacuation
SNS-zone_13-01,zone_13,2026-01-16T00:00:00Z,3.91,0.013,29.11,93.76,0.0,safe
SNS-zone_14-01,zone_14,2026-01-16T00:00:00Z,3.88,0.014,31.94,96.59,0.0,safe
SNS-zone_15-01,zone_15,2026-01-16T00:00:00Z,3.27,0.02,35.49,101.64,0.0,safe
SNS-zone_16-01,zone_16,2026-01-16T00:00:00Z,3.76,0.018,41.32,108.03,0.0,safe
SNS-zone_01-01,zone_01,2026-01-17T00:00:00Z,3.59,0.015,34.99,101.03,0.0,safe
SNS-zone_02-01,zone_02,2026-01-17T00:00:00Z,4.22,0.014,34.47,108.49,0.0,safe
SNS-zone_03-01,zone_03,2026-01-17T00:00:00Z,5.09,0.018,42.11,117.8,0.0,safe
SNS-zone_04-01,zone_04,2026-01-17T00:00:00Z,7.09,0.024,37.61,112.88,0.0,safe
SNS-zone_05-01,zone_05,2026-01-17T00:00:00Z,3.09,0.016,29.35,93.32,0.0,safe
SNS-zone_06-01,zone_06,2026-01-17T00:00:00Z,54.02,0.168,68.13,465.93,0.0,warning
SNS-zone_07-01,zone_07,2026-01-17T00:00:00Z,54.63,0.182,63.97,454.17,0.0,warning
SNS-zone_08-01,zone_08,2026-01-17T00:00:00Z,55.65,0.183,61.98,483.36,0.0,warning
SNS-zone_09-01,zone_09,2026-01-17T00:00:00Z,3.24,0.011,32.07,102.76,0.0,safe
SNS-zone_10-01,zone_10,2026-01-17T00:00:00Z,56.36,0.179,67.34,486.67,0.0,warning
SNS-zone_11-01,zone_11,2026-01-17T00:00:00Z,120.5,0.441,87.83,1017.12,0.0,evacuation
SNS-zone_12-01,zone_12,2026-01-17T00:00:00Z,120.5,0.463,90.62,1031.57,0.0,evacuation
SNS-zone_13-01,zone_13,2026-01-17T00:00:00Z,4.09,0.023,30.05,102.94,0.0,safe
SNS-zone_14-01,zone_14,2026-01-17T00:00:00Z,3.43,0.019,33.59,97.69,0.0,safe
SNS-zone_15-01,zone_15,2026-01-17T00:00:00Z,4.14,0.019,36.14,103.76,0.0,safe
SNS-zone_16-01,zone_16,2026-01-17T00:00:00Z,3.47,0.019,38.97,107.29,0.0,safe
SNS-zone_01-01,zone_01,2026-01-18T00:00:00Z,4.3,0.016,33.21,104.89,0.0,safe
SNS-zone_02-01,zone_02,2026-01-18T00:00:00Z,4.15,0.025,30.77,106.0,0.0,safe
SNS-zone_03-01,zone_03,2026-01-18T00:00:00Z,5.67,0.017,40.81,116.23,0.0,safe
SNS-zone_04-01,zone_04,2026-01-18T00:00:00Z,5.19,0.023,33.19,102.44,0.0,safe
SNS-zone_05-01,zone_05,2026-01-18T00:00:00Z,2.85,0.023,30.19,98.88,0.0,safe
SNS-zone_06-01,zone_06,2026-01-18T00:00:00Z,51.58,0.176,65.52,444.59,0.0,warning
SNS-zone_07-01,zone_07,2026-01-18T00:00:00Z,54.86,0.177,66.69,451.08,0.0,warning
SNS-zone_08-01,zone_08,2026-01-18T00:00:00Z,54.6,0.207,64.69,476.56,0.0,warning
SNS-zone_09-01,zone_09,2026-01-18T00:00:00Z,3.97,0.02,31.8,99.56,0.0,safe
SNS-zone_10-01,zone_10,2026-01-18T00:00:00Z,54.96,0.194,64.76,481.27,0.0,warning
SNS-zone_11-01,zone_11,2026-01-18T00:00:00Z,120.5,0.447,93.46,1016.43,0.0,evacuation
SNS-zone_12-01,zone_12,2026-01-18T00:00:00Z,120.5,0.455,87.94,1018.7,0.0,evacuation
SNS-zone_13-01,zone_13,2026-01-18T00:00:00Z,4.58,0.015,31.74,102.22,0.0,safe
SNS-zone_14-01,zone_14,2026-01-18T00:00:00Z,2.61,0.01,31.59,98.68,0.0,safe
SNS-zone_15-01,zone_15,2026-01-18T00:00:00Z,4.25,0.02,34.99,102.81,0.0,safe
SNS-zone_16-01,zone_16,2026-01-18T00:00:00Z,5.0,0.025,38.75,117.21,0.0,safe
SNS-zone_01-01,zone_01,2026-01-19T00:00:00Z,5.08,0.028,34.79,107.12,0.0,safe
SNS-zone_02-01,zone_02,2026-01-19T00:00:00Z,3.61,0.015,34.65,104.99,0.0,safe
SNS-zone_03-01,zone_03,2026-01-19T00:00:00Z,5.55,0.03,41.12,106.5,0.0,safe
SNS-zone_04-01,zone_04,2026-01-19T00:00:00Z,6.77,0.029,33.1,115.64,0.0,safe
SNS-zone_05-01,zone_05,2026-01-19T00:00:00Z,4.78,0.024,28.12,94.17,0.0,safe
SNS-zone_06-01,zone_06,2026-01-19T00:00:00Z,54.37,0.18,70.61,454.15,0.0,warning
SNS-zone_07-01,zone_07,2026-01-19T00:00:00Z,54.86,0.19,65.46,462.9,0.0,warning
SNS-zone_08-01,zone_08,2026-01-19T00:00:00Z,51.67,0.169,63.11,466.97,0.0,warning
SNS-zone_09-01,zone_09,2026-01-19T00:00:00Z,3.97,0.018,32.92,99.27,0.0,safe
SNS-zone_10-01,zone_10,2026-01-19T00:00:00Z,55.61,0.196,66.13,480.39,0.0,warning
SNS-zone_11-01,zone_11,2026-01-19T00:00:00Z,120.5,0.443,90.21,1005.56,0.0,evacuation
SNS-zone_12-01,zone_12,2026-01-19T00:00:00Z,120.5,0.442,90.93,1005.69,0.0,evacuation
SNS-zone_13-01,zone_13,2026-01-19T00:00:00Z,4.48,0.023,30.45,105.07,0.0,safe
SNS-zone_14-01,zone_14,2026-01-19T00:00:00Z,2.56,0.02,32.25,94.68,0.0,safe
SNS-zone_15-01,zone_15,2026-01-19T00:00:00Z,3.43,0.019,36.85,106.17,0.0,safe
SNS-zone_16-01,zone_16,2026-01-19T00:00:00Z,4.61,0.023,40.03,117.52,0.0,safe
SNS-zone_01-01,zone_01,2026-01-20T00:00:00Z,3.0,0.024,32.82,91.19,0.0,safe
SNS-zone_02-01,zone_02,2026-01-20T00:00:00Z,4.4,0.031,34.97,108.27,0.0,safe
SNS-zone_03-01,zone_03,2026-01-20T00:00:00Z,5.7,0.017,42.58,120.42,0.0,safe
SNS-zone_04-01,zone_04,2026-01-20T00:00:00Z,6.38,0.021,32.9,112.96,0.0,safe
SNS-zone_05-01,zone_05,2026-01-20T00:00:00Z,4.02,0.024,30.38,97.33,0.0,safe
SNS-zone_06-01,zone_06,2026-01-20T00:00:00Z,51.49,0.179,68.04,466.57,0.0,warning
SNS-zone_07-01,zone_07,2026-01-20T00:00:00Z,53.85,0.187,63.92,451.79,0.0,warning
SNS-zone_08-01,zone_08,2026-01-20T00:00:00Z,55.48,0.183,65.47,492.4,0.0,warning
SNS-zone_09-01,zone_09,2026-01-20T00:00:00Z,4.63,0.023,31.46,98.13,0.0,safe
SNS-zone_10-01,zone_10,2026-01-20T00:00:00Z,56.25,0.184,60.42,492.07,0.0,warning
SNS-zone_11-01,zone_11,2026-01-20T00:00:00Z,120.5,0.446,91.56,1026.08,0.0,evacuation
SNS-zone_12-01,zone_12,2026-01-20T00:00:00Z,120.5,0.436,91.73,1007.07,0.0,evacuation
SNS-zone_13-01,zone_13,2026-01-20T00:00:00Z,3.17,0.02,31.76,96.25,0.0,safe
SNS-zone_14-01,zone_14,2026-01-20T00:00:00Z,5.91,0.018,33.56,110.46,0.0,safe
SNS-zone_15-01,zone_15,2026-01-20T00:00:00Z,3.83,0.019,38.08,108.85,0.0,safe
SNS-zone_16-01,zone_16,2026-01-20T00:00:00Z,4.31,0.016,38.66,110.38,0.0,safe
SNS-zone_01-01,zone_01,2026-01-21T00:00:00Z,3.96,0.015,34.53,103.6,0.0,safe
SNS-zone_02-01,zone_02,2026-01-21T00:00:00Z,3.59,0.012,34.86,101.87,0.0,safe
SNS-zone_03-01,zone_03,2026-01-21T00:00:00Z,7.52,0.028,43.31,126.39,0.0,safe
SNS-zone_04-01,zone_04,2026-01-21T00:00:00Z,7.29,0.026,33.0,113.72,0.0,safe
SNS-zone_05-01,zone_05,2026-01-21T00:00:00Z,4.49,0.023,28.97,102.04,0.0,safe
SNS-zone_06-01,zone_06,2026-01-21T00:00:00Z,54.92,0.18,68.21,461.43,0.0,warning
SNS-zone_07-01,zone_07,2026-01-21T00:00:00Z,53.9,0.171,66.59,440.3,0.0,warning
SNS-zone_08-01,zone_08,2026-01-21T00:00:00Z,54.44,0.191,63.48,482.45,0.0,warning
SNS-zone_09-01,zone_09,2026-01-21T00:00:00Z,3.58,0.016,32.21,101.51,0.0,safe
SNS-zone_10-01,zone_10,2026-01-21T00:00:00Z,54.91,0.188,67.79,491.1,0.0,warning
SNS-zone_11-01,zone_11,2026-01-21T00:00:00Z,120.5,0.454,94.93,1031.33,0.0,evacuation
SNS-zone_12-01,zone_12,2026-01-21T00:00:00Z,120.5,0.465,90.77,996.22,0.0,evacuation
SNS-zone_13-01,zone_13,2026-01-21T00:00:00Z,3.88,0.022,31.67,98.82,0.0,safe
SNS-zone_14-01,zone_14,2026-01-21T00:00:00Z,6.17,0.024,31.99,109.24,0.0,safe
SNS-zone_15-01,zone_15,2026-01-21T00:00:00Z,3.58,0.017,33.99,104.51,0.0,safe
SNS-zone_16-01,zone_16,2026-01-21T00:00:00Z,4.88,0.015,39.02,102.34,0.0,safe
SNS-zone_01-01,zone_01,2026-01-22T00:00:00Z,4.1,0.022,36.68,105.63,0.0,safe
SNS-zone_02-01,zone_02,2026-01-22T00:00:00Z,3.67,0.02,33.56,98.63,0.0,safe
SNS-zone_03-01,zone_03,2026-01-22T00:00:00Z,4.93,0.021,41.48,115.46,0.0,safe
SNS-zone_04-01,zone_04,2026-01-22T00:00:00Z,5.02,0.021,32.94,104.81,0.0,safe
SNS-zone_05-01,zone_05,2026-01-22T00:00:00Z,3.58,0.019,33.25,103.99,0.0,safe
SNS-zone_06-01,zone_06,2026-01-22T00:00:00Z,54.9,0.174,66.69,456.64,0.0,warning
SNS-zone_07-01,zone_07,2026-01-22T00:00:00Z,54.51,0.18,65.39,441.75,0.0,warning
SNS-zone_08-01,zone_08,2026-01-22T00:00:00Z,55.75,0.194,64.59,492.83,0.0,warning
SNS-zone_09-01,zone_09,2026-01-22T00:00:00Z,4.17,0.022,32.96,98.87,0.0,safe
SNS-zone_10-01,zone_10,2026-01-22T00:00:00Z,57.02,0.182,71.24,507.79,0.0,warning
SNS-zone_11-01,zone_11,2026-01-22T00:00:00Z,120.5,0.46,93.19,1019.01,0.0,evacuation
SNS-zone_12-01,zone_12,2026-01-22T00:00:00Z,120.5,0.456,90.61,994.09,0.0,evacuation
SNS-zone_13-01,zone_13,2026-01-22T00:00:00Z,5.29,0.013,28.92,95.98,0.0,safe
SNS-zone_14-01,zone_14,2026-01-22T00:00:00Z,4.22,0.02,33.52,96.06,0.0,safe
SNS-zone_15-01,zone_15,2026-01-22T00:00:00Z,3.97,0.02,32.99,96.46,0.0,safe
SNS-zone_16-01,zone_16,2026-01-22T00:00:00Z,4.28,0.019,39.15,102.91,0.0,safe
SNS-zone_01-01,zone_01,2026-01-23T00:00:00Z,4.18,0.021,34.32,99.62,0.0,safe
SNS-zone_02-01,zone_02,2026-01-23T00:00:00Z,4.9,0.02,33.41,103.5,0.0,safe
SNS-zone_03-01,zone_03,2026-01-23T00:00:00Z,5.83,0.022,40.73,118.07,0.0,safe
SNS-zone_04-01,zone_04,2026-01-23T00:00:00Z,5.99,0.018,32.65,102.4,0.0,safe
SNS-zone_05-01,zone_05,2026-01-23T00:00:00Z,3.99,0.025,31.94,98.17,0.0,safe
SNS-zone_06-01,zone_06,2026-01-23T00:00:00Z,54.44,0.191,70.38,463.14,0.0,warning
SNS-zone_07-01,zone_07,2026-01-23T00:00:00Z,52.27,0.173,66.04,453.34,0.0,warning
SNS-zone_08-01,zone_08,2026-01-23T00:00:00Z,55.54,0.181,64.51,497.54,0.0,warning
SNS-zone_09-01,zone_09,2026-01-23T00:00:00Z,4.93,0.022,32.85,106.82,0.0,safe
SNS-zone_10-01,zone_10,2026-01-23T00:00:00Z,53.78,0.184,65.76,490.74,0.0,warning
SNS-zone_11-01,zone_11,2026-01-23T00:00:00Z,120.5,0.449,93.91,1029.98,0.0,evacuation
SNS-zone_12-01,zone_12,2026-01-23T00:00:00Z,120.5,0.444,90.61,1002.49,0.0,evacuation
SNS-zone_13-01,zone_13,2026-01-23T00:00:00Z,5.36,0.024,30.28,103.52,0.0,safe
SNS-zone_14-01,zone_14,2026-01-23T00:00:00Z,3.28,0.025,33.51,97.57,0.0,safe
SNS-zone_15-01,zone_15,2026-01-23T00:00:00Z,4.62,0.018,37.52,113.49,0.0,safe
SNS-zone_16-01,zone_16,2026-01-23T00:00:00Z,4.05,0.017,40.74,113.3,0.0,safe
SNS-zone_01-01,zone_01,2026-01-24T00:00:00Z,5.08,0.019,36.0,113.16,0.0,safe
SNS-zone_02-01,zone_02,2026-01-24T00:00:00Z,4.12,0.016,34.0,105.6,0.0,safe
SNS-zone_03-01,zone_03,2026-01-24T00:00:00Z,5.15,0.016,41.33,114.61,0.0,safe
SNS-zone_04-01,zone_04,2026-01-24T00:00:00Z,6.48,0.019,34.73,111.31,0.0,safe
SNS-zone_05-01,zone_05,2026-01-24T00:00:00Z,2.87,0.021,29.87,92.68,0.0,safe
SNS-zone_06-01,zone_06,2026-01-24T00:00:00Z,54.48,0.174,67.87,460.37,0.0,warning
SNS-zone_07-01,zone_07,2026-01-24T00:00:00Z,53.2,0.174,67.16,440.73,0.0,warning
SNS-zone_08-01,zone_08,2026-01-24T00:00:00Z,53.22,0.167,62.45,479.2,0.0,warning
SNS-zone_09-01,zone_09,2026-01-24T00:00:00Z,5.96,0.025,30.84,97.61,0.0,safe
SNS-zone_10-01,zone_10,2026-01-24T00:00:00Z,55.12,0.187,63.48,478.46,0.0,warning
SNS-zone_11-01,zone_11,2026-01-24T00:00:00Z,120.5,0.46,92.1,1017.98,0.0,evacuation
SNS-zone_12-01,zone_12,2026-01-24T00:00:00Z,120.5,0.43,89.82,1003.84,0.0,evacuation
SNS-zone_13-01,zone_13,2026-01-24T00:00:00Z,3.88,0.01,30.32,91.48,0.0,safe
SNS-zone_14-01,zone_14,2026-01-24T00:00:00Z,5.66,0.019,33.28,98.22,0.0,safe
SNS-zone_15-01,zone_15,2026-01-24T00:00:00Z,3.16,0.015,35.48,98.89,0.0,safe
SNS-zone_16-01,zone_16,2026-01-24T00:00:00Z,4.68,0.015,38.39,109.93,0.0,safe
SNS-zone_01-01,zone_01,2026-01-25T00:00:00Z,3.9,0.024,32.56,100.4,0.0,safe
SNS-zone_02-01,zone_02,2026-01-25T00:00:00Z,3.76,0.016,33.6,95.6,0.0,safe
SNS-zone_03-01,zone_03,2026-01-25T00:00:00Z,4.32,0.026,42.44,121.34,0.0,safe
SNS-zone_04-01,zone_04,2026-01-25T00:00:00Z,5.7,0.026,32.69,111.06,0.0,safe
SNS-zone_05-01,zone_05,2026-01-25T00:00:00Z,4.09,0.014,32.13,105.43,0.0,safe
SNS-zone_06-01,zone_06,2026-01-25T00:00:00Z,54.19,0.198,67.93,445.43,0.0,warning
SNS-zone_07-01,zone_07,2026-01-25T00:00:00Z,53.42,0.181,64.73,444.49,0.0,warning
SNS-zone_08-01,zone_08,2026-01-25T00:00:00Z,54.84,0.18,64.82,495.3,0.0,warning
SNS-zone_09-01,zone_09,2026-01-25T00:00:00Z,3.06,0.018,32.71,97.83,0.0,safe
SNS-zone_10-01,zone_10,2026-01-25T00:00:00Z,55.04,0.185,63.95,491.67,0.0,warning
SNS-zone_11-01,zone_11,2026-01-25T00:00:00Z,120.5,0.463,94.59,1027.66,0.0,evacuation
SNS-zone_12-01,zone_12,2026-01-25T00:00:00Z,120.5,0.427,97.86,1028.52,0.0,evacuation
SNS-zone_13-01,zone_13,2026-01-25T00:00:00Z,5.05,0.023,30.51,102.06,0.0,safe
SNS-zone_14-01,zone_14,2026-01-25T00:00:00Z,3.03,0.02,31.57,93.69,0.0,safe
SNS-zone_15-01,zone_15,2026-01-25T00:00:00Z,5.09,0.026,34.09,96.35,0.0,safe
SNS-zone_16-01,zone_16,2026-01-25T00:00:00Z,5.25,0.025,38.4,106.14,0.0,safe
SNS-zone_01-01,zone_01,2026-01-26T00:00:00Z,5.22,0.019,31.71,101.79,0.0,safe
SNS-zone_02-01,zone_02,2026-01-26T00:00:00Z,4.7,0.021,33.82,104.53,0.0,safe
SNS-zone_03-01,zone_03,2026-01-26T00:00:00Z,3.92,0.019,40.91,112.44,0.0,safe
SNS-zone_04-01,zone_04,2026-01-26T00:00:00Z,5.08,0.018,33.33,108.76,0.0,safe
SNS-zone_05-01,zone_05,2026-01-26T00:00:00Z,3.77,0.019,29.93,96.51,0.0,safe
SNS-zone_06-01,zone_06,2026-01-26T00:00:00Z,52.05,0.181,65.3,453.29,0.0,warning
SNS-zone_07-01,zone_07,2026-01-26T00:00:00Z,53.9,0.182,64.59,433.85,0.0,warning
SNS-zone_08-01,zone_08,2026-01-26T00:00:00Z,56.68,0.183,63.62,501.52,0.0,warning
SNS-zone_09-01,zone_09,2026-01-26T00:00:00Z,3.43,0.01,33.76,99.32,0.0,safe
SNS-zone_10-01,zone_10,2026-01-26T00:00:00Z,55.3,0.177,64.8,493.27,0.0,warning
SNS-zone_11-01,zone_11,2026-01-26T00:00:00Z,120.5,0.442,92.0,1031.41,0.0,evacuation
SNS-zone_12-01,zone_12,2026-01-26T00:00:00Z,120.5,0.463,86.05,1007.17,0.0,evacuation
SNS-zone_13-01,zone_13,2026-01-26T00:00:00Z,4.26,0.016,32.17,100.13,0.0,safe
SNS-zone_14-01,zone_14,2026-01-26T00:00:00Z,3.46,0.025,33.75,91.51,0.0,safe
SNS-zone_15-01,zone_15,2026-01-26T00:00:00Z,4.4,0.014,37.15,101.97,0.0,safe
SNS-zone_16-01,zone_16,2026-01-26T00:00:00Z,4.0,0.011,38.78,108.43,0.0,safe
SNS-zone_01-01,zone_01,2026-01-27T00:00:00Z,2.68,0.018,32.53,100.5,0.0,safe
SNS-zone_02-01,zone_02,2026-01-27T00:00:00Z,3.89,0.019,35.42,104.85,0.0,safe
SNS-zone_03-01,zone_03,2026-01-27T00:00:00Z,5.59,0.024,40.06,123.16,0.0,safe
SNS-zone_04-01,zone_04,2026-01-27T00:00:00Z,7.06,0.024,33.3,115.92,0.0,safe
SNS-zone_05-01,zone_05,2026-01-27T00:00:00Z,3.64,0.019,31.29,98.72,0.0,safe
SNS-zone_06-01,zone_06,2026-01-27T00:00:00Z,54.91,0.18,65.98,464.34,0.0,warning
SNS-zone_07-01,zone_07,2026-01-27T00:00:00Z,56.42,0.169,64.74,448.01,0.0,warning
SNS-zone_08-01,zone_08,2026-01-27T00:00:00Z,55.44,0.184,64.31,490.44,0.0,warning
SNS-zone_09-01,zone_09,2026-01-27T00:00:00Z,3.14,0.018,34.27,101.55,0.0,safe
SNS-zone_10-01,zone_10,2026-01-27T00:00:00Z,56.98,0.189,65.97,499.27,0.0,warning
SNS-zone_11-01,zone_11,2026-01-27T00:00:00Z,120.5,0.428,90.64,1020.22,0.0,evacuation
SNS-zone_12-01,zone_12,2026-01-27T00:00:00Z,120.5,0.466,92.04,1004.47,0.0,evacuation
SNS-zone_13-01,zone_13,2026-01-27T00:00:00Z,4.42,0.015,32.7,97.81,0.0,safe
SNS-zone_14-01,zone_14,2026-01-27T00:00:00Z,3.11,0.019,33.08,99.95,0.0,safe
SNS-zone_15-01,zone_15,2026-01-27T00:00:00Z,4.5,0.016,35.0,104.31,0.0,safe
SNS-zone_16-01,zone_16,2026-01-27T00:00:00Z,4.07,0.023,37.6,103.23,0.0,safe
SNS-zone_01-01,zone_01,2026-01-28T00:00:00Z,2.96,0.025,32.2,96.19,0.0,safe
SNS-zone_02-01,zone_02,2026-01-28T00:00:00Z,3.53,0.018,34.71,91.91,0.0,safe
SNS-zone_03-01,zone_03,2026-01-28T00:00:00Z,4.72,0.02,40.16,113.69,0.0,safe
SNS-zone_04-01,zone_04,2026-01-28T00:00:00Z,6.17,0.021,32.4,113.55,0.0,safe
SNS-zone_05-01,zone_05,2026-01-28T00:00:00Z,3.91,0.019,29.35,96.09,0.0,safe
SNS-zone_06-01,zone_06,2026-01-28T00:00:00Z,51.41,0.184,72.51,456.44,0.0,warning
SNS-zone_07-01,zone_07,2026-01-28T00:00:00Z,54.52,0.168,66.01,443.36,0.0,warning
SNS-zone_08-01,zone_08,2026-01-28T00:00:00Z,52.17,0.184,66.29,476.37,0.0,warning
SNS-zone_09-01,zone_09,2026-01-28T00:00:00Z,4.65,0.021,32.07,108.12,0.0,safe
SNS-zone_10-01,zone_10,2026-01-28T00:00:00Z,55.68,0.17,66.65,497.51,0.0,warning
SNS-zone_11-01,zone_11,2026-01-28T00:00:00Z,120.5,0.44,90.49,1021.75,0.0,evacuation
SNS-zone_12-01,zone_12,2026-01-28T00:00:00Z,120.5,0.45,93.36,1018.7,0.0,evacuation
SNS-zone_13-01,zone_13,2026-01-28T00:00:00Z,3.17,0.01,31.78,104.98,0.0,safe
SNS-zone_14-01,zone_14,2026-01-28T00:00:00Z,4.12,0.023,33.04,96.61,0.0,safe
SNS-zone_15-01,zone_15,2026-01-28T00:00:00Z,5.35,0.021,37.03,107.66,0.0,safe
SNS-zone_16-01,zone_16,2026-01-28T00:00:00Z,4.45,0.018,37.43,101.35,0.0,safe
SNS-zone_01-01,zone_01,2026-01-29T00:00:00Z,2.8,0.017,33.43,97.51,0.0,safe
SNS-zone_02-01,zone_02,2026-01-29T00:00:00Z,4.74,0.025,36.1,109.95,0.0,safe
SNS-zone_03-01,zone_03,2026-01-29T00:00:00Z,5.57,0.029,41.87,121.22,0.0,safe
SNS-zone_04-01,zone_04,2026-01-29T00:00:00Z,7.03,0.025,35.54,121.89,0.0,safe
SNS-zone_05-01,zone_05,2026-01-29T00:00:00Z,4.06,0.025,30.5,96.56,0.0,safe
SNS-zone_06-01,zone_06,2026-01-29T00:00:00Z,53.69,0.182,69.43,451.33,0.0,warning
SNS-zone_07-01,zone_07,2026-01-29T00:00:00Z,56.12,0.179,67.67,438.81,0.0,warning
SNS-zone_08-01,zone_08,2026-01-29T00:00:00Z,57.03,0.187,64.81,502.81,0.0,warning
SNS-zone_09-01,zone_09,2026-01-29T00:00:00Z,4.26,0.018,32.98,105.58,0.0,safe
SNS-zone_10-01,zone_10,2026-01-29T00:00:00Z,56.51,0.191,62.7,476.57,0.0,warning
SNS-zone_11-01,zone_11,2026-01-29T00:00:00Z,120.5,0.451,92.03,1009.28,0.0,evacuation
SNS-zone_12-01,zone_12,2026-01-29T00:00:00Z,120.5,0.446,90.17,1022.49,0.0,evacuation
SNS-zone_13-01,zone_13,2026-01-29T00:00:00Z,4.39,0.019,31.98,101.19,0.0,safe
SNS-zone_14-01,zone_14,2026-01-29T00:00:00Z,3.52,0.024,32.23,101.49,0.0,safe
SNS-zone_15-01,zone_15,2026-01-29T00:00:00Z,3.67,0.02,33.84,103.07,0.0,safe
SNS-zone_16-01,zone_16,2026-01-29T00:00:00Z,5.52,0.021,38.08,104.78,0.0,safe
SNS-zone_01-01,zone_01,2026-01-30T00:00:00Z,3.96,0.022,30.51,97.13,0.0,safe
SNS-zone_02-01,zone_02,2026-01-30T00:00:00Z,4.16,0.018,34.5,100.46,0.0,safe
SNS-zone_03-01,zone_03,2026-01-30T00:00:00Z,5.96,0.021,42.25,119.87,0.0,safe
SNS-zone_04-01,zone_04,2026-01-30T00:00:00Z,7.13,0.022,34.63,116.17,0.0,safe
SNS-zone_05-01,zone_05,2026-01-30T00:00:00Z,3.42,0.015,29.06,106.3,0.0,safe
SNS-zone_06-01,zone_06,2026-01-30T00:00:00Z,54.9,0.173,69.3,465.54,0.0,warning
SNS-zone_07-01,zone_07,2026-01-30T00:00:00Z,53.29,0.175,67.89,446.31,0.0,warning
SNS-zone_08-01,zone_08,2026-01-30T00:00:00Z,53.93,0.198,66.33,492.88,0.0,warning
SNS-zone_09-01,zone_09,2026-01-30T00:00:00Z,4.89,0.018,33.48,107.89,0.0,safe
SNS-zone_10-01,zone_10,2026-01-30T00:00:00Z,53.51,0.184,64.87,484.83,0.0,warning
SNS-zone_11-01,zone_11,2026-01-30T00:00:00Z,120.5,0.462,91.12,996.63,0.0,evacuation
SNS-zone_12-01,zone_12,2026-01-30T00:00:00Z,120.5,0.449,90.34,1024.0,0.0,evacuation
SNS-zone_13-01,zone_13,2026-01-30T00:00:00Z,4.57,0.013,32.54,98.14,0.0,safe
SNS-zone_14-01,zone_14,2026-01-30T00:00:00Z,4.84,0.014,35.33,104.19,0.0,safe
SNS-zone_15-01,zone_15,2026-01-30T00:00:00Z,3.78,0.018,35.04,100.83,0.0,safe
SNS-zone_16-01,zone_16,2026-01-30T00:00:00Z,5.28,0.021,37.29,110.29,0.0,safe
SNS-zone_01-01,zone_01,2026-01-31T00:00:00Z,4.9,0.016,35.96,105.25,0.0,safe
SNS-zone_02-01,zone_02,2026-01-31T00:00:00Z,4.96,0.019,35.13,105.0,0.0,safe
SNS-zone_03-01,zone_03,2026-01-31T00:00:00Z,5.5,0.022,42.69,120.15,0.0,safe
SNS-zone_04-01,zone_04,2026-01-31T00:00:00Z,6.19,0.022,33.38,105.38,0.0,safe
SNS-zone_05-01,zone_05,2026-01-31T00:00:00Z,4.59,0.019,28.84,89.42,0.0,safe
SNS-zone_06-01,zone_06,2026-01-31T00:00:00Z,52.59,0.185,67.42,444.33,0.0,warning
SNS-zone_07-01,zone_07,2026-01-31T00:00:00Z,51.44,0.16,62.88,445.93,0.0,warning
SNS-zone_08-01,zone_08,2026-01-31T00:00:00Z,55.16,0.173,66.17,486.5,0.0,warning
SNS-zone_09-01,zone_09,2026-01-31T00:00:00Z,4.19,0.026,31.99,94.76,0.0,safe
SNS-zone_10-01,zone_10,2026-01-31T00:00:00Z,54.06,0.187,69.3,501.54,0.0,warning
SNS-zone_11-01,zone_11,2026-01-31T00:00:00Z,120.5,0.438,93.65,1034.25,0.0,evacuation
SNS-zone_12-01,zone_12,2026-01-31T00:00:00Z,120.5,0.415,86.96,1015.11,0.0,evacuation
SNS-zone_13-01,zone_13,2026-01-31T00:00:00Z,4.0,0.019,30.49,92.05,0.0,safe
SNS-zone_14-01,zone_14,2026-01-31T00:00:00Z,5.1,0.024,35.11,103.17,0.0,safe
SNS-zone_15-01,zone_15,2026-01-31T00:00:00Z,2.43,0.019,36.16,100.3,0.0,safe
SNS-zone_16-01,zone_16,2026-01-31T00:00:00Z,4.12,0.02,41.13,111.0,0.0,safe
SNS-zone_01-01,zone_01,2026-02-01T00:00:00Z,4.05,0.019,36.83,105.29,0.0,safe
SNS-zone_02-01,zone_02,2026-02-01T00:00:00Z,4.48,0.011,34.39,97.81,0.0,safe
SNS-zone_03-01,zone_03,2026-02-01T00:00:00Z,4.9,0.021,40.67,117.35,0.0,safe
SNS-zone_04-01,zone_04,2026-02-01T00:00:00Z,4.25,0.025,35.24,114.04,0.0,safe
SNS-zone_05-01,zone_05,2026-02-01T00:00:00Z,2.76,0.012,33.04,90.05,0.0,safe
SNS-zone_06-01,zone_06,2026-02-01T00:00:00Z,57.91,0.187,68.02,466.3,0.0,warning
SNS-zone_07-01,zone_07,2026-02-01T00:00:00Z,55.33,0.174,65.34,441.4,0.0,warning
SNS-zone_08-01,zone_08,2026-02-01T00:00:00Z,53.33,0.173,64.55,474.67,0.0,warning
SNS-zone_09-01,zone_09,2026-02-01T00:00:00Z,4.23,0.014,32.18,98.23,0.0,safe
SNS-zone_10-01,zone_10,2026-02-01T00:00:00Z,56.2,0.188,64.31,494.4,0.0,warning
SNS-zone_11-01,zone_11,2026-02-01T00:00:00Z,120.5,0.446,91.47,1052.54,0.0,evacuation
SNS-zone_12-01,zone_12,2026-02-01T00:00:00Z,120.5,0.437,91.67,1012.55,0.0,evacuation
SNS-zone_13-01,zone_13,2026-02-01T00:00:00Z,4.01,0.025,29.58,100.06,0.0,safe
SNS-zone_14-01,zone_14,2026-02-01T00:00:00Z,5.2,0.029,33.03,101.75,0.0,safe
SNS-zone_15-01,zone_15,2026-02-01T00:00:00Z,3.62,0.017,34.97,100.34,0.0,safe
SNS-zone_16-01,zone_16,2026-02-01T00:00:00Z,3.61,0.022,40.03,106.83,0.0,safe
SNS-zone_01-01,zone_01,2026-02-02T00:00:00Z,3.88,0.017,33.98,99.41,0.0,safe
SNS-zone_02-01,zone_02,2026-02-02T00:00:00Z,3.02,0.018,33.73,97.33,0.0,safe
SNS-zone_03-01,zone_03,2026-02-02T00:00:00Z,5.57,0.018,41.87,124.06,0.0,safe
SNS-zone_04-01,zone_04,2026-02-02T00:00:00Z,6.43,0.028,33.37,111.14,0.0,safe
SNS-zone_05-01,zone_05,2026-02-02T00:00:00Z,4.9,0.023,31.54,99.4,0.0,safe
SNS-zone_06-01,zone_06,2026-02-02T00:00:00Z,53.04,0.186,68.02,449.2,0.0,warning
SNS-zone_07-01,zone_07,2026-02-02T00:00:00Z,54.8,0.19,67.08,448.86,0.0,warning
SNS-zone_08-01,zone_08,2026-02-02T00:00:00Z,54.96,0.18,63.16,486.48,0.0,warning
SNS-zone_09-01,zone_09,2026-02-02T00:00:00Z,4.18,0.02,31.47,102.33,0.0,safe
SNS-zone_10-01,zone_10,2026-02-02T00:00:00Z,54.1,0.19,65.98,478.9,0.0,warning
SNS-zone_11-01,zone_11,2026-02-02T00:00:00Z,120.5,0.47,94.97,1033.1,0.0,evacuation
SNS-zone_12-01,zone_12,2026-02-02T00:00:00Z,120.5,0.46,90.67,1008.04,0.0,evacuation
SNS-zone_13-01,zone_13,2026-02-02T00:00:00Z,3.42,0.019,31.36,99.19,0.0,safe
SNS-zone_14-01,zone_14,2026-02-02T00:00:00Z,5.44,0.023,34.37,104.0,0.0,safe
SNS-zone_15-01,zone_15,2026-02-02T00:00:00Z,4.1,0.022,35.66,95.67,0.0,safe
SNS-zone_16-01,zone_16,2026-02-02T00:00:00Z,3.91,0.025,39.69,102.44,0.0,safe
SNS-zone_01-01,zone_01,2026-02-03T00:00:00Z,3.57,0.019,33.71,97.78,0.0,safe
SNS-zone_02-01,zone_02,2026-02-03T00:00:00Z,5.16,0.022,33.85,105.93,0.0,safe
SNS-zone_03-01,zone_03,2026-02-03T00:00:00Z,4.6,0.022,43.33,120.23,0.0,safe
SNS-zone_04-01,zone_04,2026-02-03T00:00:00Z,4.88,0.02,35.1,111.67,0.0,safe
SNS-zone_05-01,zone_05,2026-02-03T00:00:00Z,5.43,0.012,32.13,102.39,0.0,safe
SNS-zone_06-01,zone_06,2026-02-03T00:00:00Z,52.81,0.173,68.03,441.56,0.0,warning
SNS-zone_07-01,zone_07,2026-02-03T00:00:00Z,54.4,0.176,67.07,445.35,0.0,warning
SNS-zone_08-01,zone_08,2026-02-03T00:00:00Z,54.69,0.187,65.91,480.98,0.0,warning
SNS-zone_09-01,zone_09,2026-02-03T00:00:00Z,3.73,0.025,32.61,101.81,0.0,safe
SNS-zone_10-01,zone_10,2026-02-03T00:00:00Z,54.88,0.187,65.1,488.99,0.0,warning
SNS-zone_11-01,zone_11,2026-02-03T00:00:00Z,120.5,0.421,92.22,1014.53,0.0,evacuation
SNS-zone_12-01,zone_12,2026-02-03T00:00:00Z,120.5,0.452,89.02,1010.46,0.0,evacuation
SNS-zone_13-01,zone_13,2026-02-03T00:00:00Z,4.32,0.02,28.67,104.33,0.0,safe
SNS-zone_14-01,zone_14,2026-02-03T00:00:00Z,4.68,0.03,32.26,105.31,0.0,safe
SNS-zone_15-01,zone_15,2026-02-03T00:00:00Z,5.55,0.018,35.31,102.38,0.0,safe
SNS-zone_16-01,zone_16,2026-02-03T00:00:00Z,4.79,0.015,38.56,109.62,0.0,safe
SNS-zone_01-01,zone_01,2026-02-04T00:00:00Z,5.2,0.025,33.44,93.67,0.0,safe
SNS-zone_02-01,zone_02,2026-02-04T00:00:00Z,3.09,0.018,35.14,105.22,0.0,safe
SNS-zone_03-01,zone_03,2026-02-04T00:00:00Z,6.34,0.014,40.32,124.35,0.0,safe
SNS-zone_04-01,zone_04,2026-02-04T00:00:00Z,5.42,0.026,34.02,116.36,0.0,safe
SNS-zone_05-01,zone_05,2026-02-04T00:00:00Z,3.66,0.018,29.48,95.17,0.0,safe
SNS-zone_06-01,zone_06,2026-02-04T00:00:00Z,55.79,0.18,67.96,447.37,0.0,warning
SNS-zone_07-01,zone_07,2026-02-04T00:00:00Z,53.72,0.166,65.41,455.62,0.0,warning
SNS-zone_08-01,zone_08,2026-02-04T00:00:00Z,55.5,0.174,67.52,489.24,0.0,warning
SNS-zone_09-01,zone_09,2026-02-04T00:00:00Z,4.65,0.014,33.04,103.67,0.0,safe
SNS-zone_10-01,zone_10,2026-02-04T00:00:00Z,56.93,0.187,62.93,491.24,0.0,warning
SNS-zone_11-01,zone_11,2026-02-04T00:00:00Z,120.5,0.445,92.28,1015.87,0.0,evacuation
SNS-zone_12-01,zone_12,2026-02-04T00:00:00Z,120.5,0.431,91.06,983.29,0.0,evacuation
SNS-zone_13-01,zone_13,2026-02-04T00:00:00Z,4.02,0.023,28.36,91.0,0.0,safe
SNS-zone_14-01,zone_14,2026-02-04T00:00:00Z,4.58,0.022,34.0,101.51,0.0,safe
SNS-zone_15-01,zone_15,2026-02-04T00:00:00Z,4.33,0.016,35.41,96.54,0.0,safe
SNS-zone_16-01,zone_16,2026-02-04T00:00:00Z,4.2,0.019,40.86,115.38,0.0,safe
SNS-zone_01-01,zone_01,2026-02-05T00:00:00Z,2.34,0.016,35.24,98.01,0.0,safe
SNS-zone_02-01,zone_02,2026-02-05T00:00:00Z,3.14,0.022,35.2,95.05,0.0,safe
SNS-zone_03-01,zone_03,2026-02-05T00:00:00Z,4.01,0.026,41.87,111.4,0.0,safe
SNS-zone_04-01,zone_04,2026-02-05T00:00:00Z,4.93,0.023,33.03,105.43,0.0,safe
SNS-zone_05-01,zone_05,2026-02-05T00:00:00Z,5.02,0.025,31.8,101.34,0.0,safe
SNS-zone_06-01,zone_06,2026-02-05T00:00:00Z,51.25,0.169,68.09,437.53,0.0,warning
SNS-zone_07-01,zone_07,2026-02-05T00:00:00Z,54.27,0.174,62.21,441.4,0.0,warning
SNS-zone_08-01,zone_08,2026-02-05T00:00:00Z,55.35,0.173,63.59,483.06,0.0,warning
SNS-zone_09-01,zone_09,2026-02-05T00:00:00Z,4.36,0.022,30.94,99.46,0.0,safe
SNS-zone_10-01,zone_10,2026-02-05T00:00:00Z,55.35,0.19,66.28,496.06,0.0,warning
SNS-zone_11-01,zone_11,2026-02-05T00:00:00Z,120.5,0.449,93.69,998.92,0.0,evacuation
SNS-zone_12-01,zone_12,2026-02-05T00:00:00Z,120.5,0.447,92.08,1009.58,0.0,evacuation
SNS-zone_13-01,zone_13,2026-02-05T00:00:00Z,3.86,0.018,30.9,96.94,0.0,safe
SNS-zone_14-01,zone_14,2026-02-05T00:00:00Z,4.09,0.018,32.97,101.79,0.0,safe
SNS-zone_15-01,zone_15,2026-02-05T00:00:00Z,3.24,0.017,36.36,108.26,0.0,safe
SNS-zone_16-01,zone_16,2026-02-05T00:00:00Z,2.59,0.013,40.2,103.44,0.0,safe
SNS-zone_01-01,zone_01,2026-02-06T00:00:00Z,3.38,0.026,32.06,93.93,0.0,safe
SNS-zone_02-01,zone_02,2026-02-06T00:00:00Z,3.28,0.023,34.85,97.72,0.0,safe
SNS-zone_03-01,zone_03,2026-02-06T00:00:00Z,5.06,0.029,40.57,115.55,0.0,safe
SNS-zone_04-01,zone_04,2026-02-06T00:00:00Z,7.0,0.027,34.21,116.72,0.0,safe
SNS-zone_05-01,zone_05,2026-02-06T00:00:00Z,4.05,0.02,30.89,102.33,0.0,safe
SNS-zone_06-01,zone_06,2026-02-06T00:00:00Z,54.29,0.175,66.4,449.96,0.0,warning
SNS-zone_07-01,zone_07,2026-02-06T00:00:00Z,54.03,0.184,61.72,443.47,0.0,warning
SNS-zone_08-01,zone_08,2026-02-06T00:00:00Z,57.18,0.182,62.46,501.89,0.0,warning
SNS-zone_09-01,zone_09,2026-02-06T00:00:00Z,4.58,0.02,34.2,108.65,0.0,safe
SNS-zone_10-01,zone_10,2026-02-06T00:00:00Z,57.03,0.188,66.79,503.06,0.0,warning
SNS-zone_11-01,zone_11,2026-02-06T00:00:00Z,120.5,0.471,98.46,1026.4,0.0,evacuation
SNS-zone_12-01,zone_12,2026-02-06T00:00:00Z,120.5,0.46,88.97,1013.6,0.0,evacuation
SNS-zone_13-01,zone_13,2026-02-06T00:00:00Z,3.38,0.023,30.28,90.88,0.0,safe
SNS-zone_14-01,zone_14,2026-02-06T00:00:00Z,3.7,0.023,33.5,99.21,0.0,safe
SNS-zone_15-01,zone_15,2026-02-06T00:00:00Z,4.49,0.022,34.57,110.23,0.0,safe
SNS-zone_16-01,zone_16,2026-02-06T00:00:00Z,4.38,0.023,38.91,105.89,0.0,safe
SNS-zone_01-01,zone_01,2026-02-07T00:00:00Z,5.02,0.016,34.87,108.28,0.0,safe
SNS-zone_02-01,zone_02,2026-02-07T00:00:00Z,5.31,0.023,32.97,100.41,0.0,safe
SNS-zone_03-01,zone_03,2026-02-07T00:00:00Z,5.16,0.029,39.07,120.77,0.0,safe
SNS-zone_04-01,zone_04,2026-02-07T00:00:00Z,4.89,0.025,34.31,107.62,0.0,safe
SNS-zone_05-01,zone_05,2026-02-07T00:00:00Z,2.85,0.018,32.93,96.0,0.0,safe
SNS-zone_06-01,zone_06,2026-02-07T00:00:00Z,56.58,0.168,68.6,474.57,0.0,warning
SNS-zone_07-01,zone_07,2026-02-07T00:00:00Z,53.8,0.168,65.02,457.23,0.0,warning
SNS-zone_08-01,zone_08,2026-02-07T00:00:00Z,53.23,0.184,65.2,492.86,0.0,warning
SNS-zone_09-01,zone_09,2026-02-07T00:00:00Z,3.95,0.026,31.22,95.61,0.0,safe
SNS-zone_10-01,zone_10,2026-02-07T00:00:00Z,57.5,0.186,63.48,490.97,0.0,warning
SNS-zone_11-01,zone_11,2026-02-07T00:00:00Z,120.5,0.448,95.13,1023.91,0.0,evacuation
SNS-zone_12-01,zone_12,2026-02-07T00:00:00Z,120.5,0.419,88.64,1000.98,0.0,evacuation
SNS-zone_13-01,zone_13,2026-02-07T00:00:00Z,4.13,0.021,29.81,98.85,0.0,safe
SNS-zone_14-01,zone_14,2026-02-07T00:00:00Z,4.28,0.021,33.64,96.44,0.0,safe
SNS-zone_15-01,zone_15,2026-02-07T00:00:00Z,5.34,0.025,37.17,105.01,0.0,safe
SNS-zone_16-01,zone_16,2026-02-07T00:00:00Z,4.71,0.024,38.33,113.7,0.0,safe
SNS-zone_01-01,zone_01,2026-02-08T00:00:00Z,4.39,0.023,33.12,97.08,0.0,safe
SNS-zone_02-01,zone_02,2026-02-08T00:00:00Z,4.48,0.019,34.0,100.98,0.0,safe
SNS-zone_03-01,zone_03,2026-02-08T00:00:00Z,5.01,0.027,41.15,125.28,0.0,safe
SNS-zone_04-01,zone_04,2026-02-08T00:00:00Z,6.4,0.019,33.86,110.36,0.0,safe
SNS-zone_05-01,zone_05,2026-02-08T00:00:00Z,5.01,0.015,30.99,101.02,0.0,safe
SNS-zone_06-01,zone_06,2026-02-08T00:00:00Z,53.73,0.175,68.87,454.23,0.0,warning
SNS-zone_07-01,zone_07,2026-02-08T00:00:00Z,51.49,0.165,65.86,435.13,0.0,warning
SNS-zone_08-01,zone_08,2026-02-08T00:00:00Z,52.43,0.181,65.7,485.16,0.0,warning
SNS-zone_09-01,zone_09,2026-02-08T00:00:00Z,4.42,0.012,33.14,107.0,0.0,safe
SNS-zone_10-01,zone_10,2026-02-08T00:00:00Z,55.51,0.174,62.37,486.14,0.0,warning
SNS-zone_11-01,zone_11,2026-02-08T00:00:00Z,120.5,0.449,90.5,1009.74,0.0,evacuation
SNS-zone_12-01,zone_12,2026-02-08T00:00:00Z,120.5,0.437,91.39,1026.91,0.0,evacuation
SNS-zone_13-01,zone_13,2026-02-08T00:00:00Z,2.66,0.02,28.86,90.78,0.0,safe
SNS-zone_14-01,zone_14,2026-02-08T00:00:00Z,3.68,0.01,34.06,109.64,0.0,safe
SNS-zone_15-01,zone_15,2026-02-08T00:00:00Z,4.34,0.025,33.83,102.34,0.0,safe
SNS-zone_16-01,zone_16,2026-02-08T00:00:00Z,2.3,0.017,38.94,105.69,0.0,safe
SNS-zone_01-01,zone_01,2026-02-09T00:00:00Z,3.7,0.021,33.46,103.53,0.0,safe
SNS-zone_02-01,zone_02,2026-02-09T00:00:00Z,3.2,0.016,34.44,103.53,0.0,safe
SNS-zone_03-01,zone_03,2026-02-09T00:00:00Z,5.35,0.021,42.09,118.68,0.0,safe
SNS-zone_04-01,zone_04,2026-02-09T00:00:00Z,6.25,0.022,33.77,108.52,0.0,safe
SNS-zone_05-01,zone_05,2026-02-09T00:00:00Z,4.6,0.02,31.47,92.9,0.0,safe
SNS-zone_06-01,zone_06,2026-02-09T00:00:00Z,54.23,0.172,68.04,448.73,0.0,warning
SNS-zone_07-01,zone_07,2026-02-09T00:00:00Z,53.9,0.17,66.31,449.82,0.0,warning
SNS-zone_08-01,zone_08,2026-02-09T00:00:00Z,56.37,0.183,65.52,492.65,0.0,warning
SNS-zone_09-01,zone_09,2026-02-09T00:00:00Z,2.95,0.017,32.9,98.24,0.0,safe
SNS-zone_10-01,zone_10,2026-02-09T00:00:00Z,54.25,0.179,66.32,507.97,0.0,warning
SNS-zone_11-01,zone_11,2026-02-09T00:00:00Z,120.5,0.468,90.5,1012.6,0.0,evacuation
SNS-zone_12-01,zone_12,2026-02-09T00:00:00Z,120.5,0.45,87.91,1018.39,0.0,evacuation
SNS-zone_13-01,zone_13,2026-02-09T00:00:00Z,3.72,0.012,29.4,104.77,0.0,safe
SNS-zone_14-01,zone_14,2026-02-09T00:00:00Z,4.57,0.021,34.37,105.94,0.0,safe
SNS-zone_15-01,zone_15,2026-02-09T00:00:00Z,4.46,0.022,37.06,107.65,0.0,safe
SNS-zone_16-01,zone_16,2026-02-09T00:00:00Z,3.55,0.014,38.18,111.27,0.0,safe
SNS-zone_01-01,zone_01,2026-02-10T00:00:00Z,4.93,0.023,33.31,99.15,0.0,safe
SNS-zone_02-01,zone_02,2026-02-10T00:00:00Z,3.2,0.018,34.12,89.97,0.0,safe
SNS-zone_03-01,zone_03,2026-02-10T00:00:00Z,7.16,0.019,41.67,126.42,0.0,safe
SNS-zone_04-01,zone_04,2026-02-10T00:00:00Z,6.9,0.029,32.8,110.41,0.0,safe
SNS-zone_05-01,zone_05,2026-02-10T00:00:00Z,3.47,0.022,28.55,91.12,0.0,safe
SNS-zone_06-01,zone_06,2026-02-10T00:00:00Z,54.35,0.186,67.02,457.11,0.0,warning
SNS-zone_07-01,zone_07,2026-02-10T00:00:00Z,52.85,0.169,64.36,447.02,0.0,warning
SNS-zone_08-01,zone_08,2026-02-10T00:00:00Z,54.91,0.178,65.39,480.28,0.0,warning
SNS-zone_09-01,zone_09,2026-02-10T00:00:00Z,4.18,0.017,32.98,106.7,0.0,safe
SNS-zone_10-01,zone_10,2026-02-10T00:00:00Z,53.69,0.18,64.72,492.63,0.0,warning
SNS-zone_11-01,zone_11,2026-02-10T00:00:00Z,120.5,0.446,92.58,1025.89,0.0,evacuation
SNS-zone_12-01,zone_12,2026-02-10T00:00:00Z,120.5,0.445,91.76,1006.5,0.0,evacuation
SNS-zone_13-01,zone_13,2026-02-10T00:00:00Z,5.52,0.018,29.37,100.37,0.0,safe
SNS-zone_14-01,zone_14,2026-02-10T00:00:00Z,4.69,0.021,34.09,100.86,0.0,safe
SNS-zone_15-01,zone_15,2026-02-10T00:00:00Z,3.95,0.026,35.73,109.55,0.0,safe
SNS-zone_16-01,zone_16,2026-02-10T00:00:00Z,4.17,0.022,39.92,107.5,0.0,safe
SNS-zone_01-01,zone_01,2026-02-11T00:00:00Z,3.75,0.014,34.46,103.21,0.0,safe
SNS-zone_02-01,zone_02,2026-02-11T00:00:00Z,4.63,0.019,37.29,107.05,0.0,safe
SNS-zone_03-01,zone_03,2026-02-11T00:00:00Z,6.25,0.028,42.92,124.88,0.0,safe
SNS-zone_04-01,zone_04,2026-02-11T00:00:00Z,5.94,0.014,35.76,108.71,0.0,safe
SNS-zone_05-01,zone_05,2026-02-11T00:00:00Z,2.97,0.013,30.6,99.31,0.0,safe
SNS-zone_06-01,zone_06,2026-02-11T00:00:00Z,54.43,0.189,66.94,460.14,0.0,warning
SNS-zone_07-01,zone_07,2026-02-11T00:00:00Z,51.49,0.188,67.29,437.37,0.0,warning
SNS-zone_08-01,zone_08,2026-02-11T00:00:00Z,54.23,0.185,61.33,488.23,0.0,warning
SNS-zone_09-01,zone_09,2026-02-11T00:00:00Z,4.13,0.016,33.04,94.72,0.0,safe
SNS-zone_10-01,zone_10,2026-02-11T00:00:00Z,56.06,0.192,64.19,478.22,0.0,warning
SNS-zone_11-01,zone_11,2026-02-11T00:00:00Z,120.5,0.439,97.04,1033.28,0.0,evacuation
SNS-zone_12-01,zone_12,2026-02-11T00:00:00Z,120.5,0.44,95.12,1006.22,0.0,evacuation
SNS-zone_13-01,zone_13,2026-02-11T00:00:00Z,4.04,0.02,31.67,98.16,0.0,safe
SNS-zone_14-01,zone_14,2026-02-11T00:00:00Z,3.12,0.016,33.21,101.9,0.0,safe
SNS-zone_15-01,zone_15,2026-02-11T00:00:00Z,4.19,0.013,35.48,104.42,0.0,safe
SNS-zone_16-01,zone_16,2026-02-11T00:00:00Z,3.76,0.022,41.32,108.51,0.0,safe
SNS-zone_01-01,zone_01,2026-02-12T00:00:00Z,3.85,0.023,34.85,100.49,0.0,safe
SNS-zone_02-01,zone_02,2026-02-12T00:00:00Z,4.44,0.024,34.42,98.79,0.0,safe
SNS-zone_03-01,zone_03,2026-02-12T00:00:00Z,5.97,0.016,39.94,115.73,0.0,safe
SNS-zone_04-01,zone_04,2026-02-12T00:00:00Z,4.9,0.021,32.16,111.35,0.0,safe
SNS-zone_05-01,zone_05,2026-02-12T00:00:00Z,3.35,0.021,30.86,95.52,0.0,safe
SNS-zone_06-01,zone_06,2026-02-12T00:00:00Z,53.67,0.169,67.72,452.71,0.0,warning
SNS-zone_07-01,zone_07,2026-02-12T00:00:00Z,52.03,0.172,64.12,442.8,0.0,warning
SNS-zone_08-01,zone_08,2026-02-12T00:00:00Z,56.21,0.188,63.03,481.45,0.0,warning
SNS-zone_09-01,zone_09,2026-02-12T00:00:00Z,4.89,0.016,32.01,103.8,0.0,safe
SNS-zone_10-01,zone_10,2026-02-12T00:00:00Z,55.85,0.194,68.71,500.01,0.0,warning
SNS-zone_11-01,zone_11,2026-02-12T00:00:00Z,120.5,0.442,93.63,1018.05,0.0,evacuation
SNS-zone_12-01,zone_12,2026-02-12T00:00:00Z,120.5,0.451,88.69,999.1,0.0,evacuation
SNS-zone_13-01,zone_13,2026-02-12T00:00:00Z,3.19,0.014,29.48,94.62,0.0,safe
SNS-zone_14-01,zone_14,2026-02-12T00:00:00Z,3.57,0.023,31.63,95.16,0.0,safe
SNS-zone_15-01,zone_15,2026-02-12T00:00:00Z,5.28,0.029,35.25,103.45,0.0,safe
SNS-zone_16-01,zone_16,2026-02-12T00:00:00Z,3.9,0.01,40.46,107.64,0.0,safe
SNS-zone_01-01,zone_01,2026-02-13T00:00:00Z,2.87,0.021,32.9,91.86,0.0,safe
SNS-zone_02-01,zone_02,2026-02-13T00:00:00Z,4.57,0.02,35.25,106.51,0.0,safe
SNS-zone_03-01,zone_03,2026-02-13T00:00:00Z,8.01,0.024,41.69,117.69,0.0,safe
SNS-zone_04-01,zone_04,2026-02-13T00:00:00Z,4.22,0.024,34.39,102.04,0.0,safe
SNS-zone_05-01,zone_05,2026-02-13T00:00:00Z,5.07,0.022,31.09,101.03,0.0,safe
SNS-zone_06-01,zone_06,2026-02-13T00:00:00Z,55.12,0.179,67.48,460.47,0.0,warning
SNS-zone_07-01,zone_07,2026-02-13T00:00:00Z,52.36,0.174,63.39,463.2,0.0,warning
SNS-zone_08-01,zone_08,2026-02-13T00:00:00Z,56.17,0.181,63.66,476.25,0.0,warning
SNS-zone_09-01,zone_09,2026-02-13T00:00:00Z,5.61,0.02,32.02,104.14,0.0,safe
SNS-zone_10-01,zone_10,2026-02-13T00:00:00Z,56.81,0.196,68.58,501.33,0.0,warning
SNS-zone_11-01,zone_11,2026-02-13T00:00:00Z,120.5,0.446,90.78,1021.14,0.0,evacuation
SNS-zone_12-01,zone_12,2026-02-13T00:00:00Z,120.5,0.45,89.2,1014.44,0.0,evacuation
SNS-zone_13-01,zone_13,2026-02-13T00:00:00Z,4.28,0.024,30.29,102.01,0.0,safe
SNS-zone_14-01,zone_14,2026-02-13T00:00:00Z,5.11,0.024,33.61,101.56,0.0,safe
SNS-zone_15-01,zone_15,2026-02-13T00:00:00Z,4.32,0.016,37.06,108.38,0.0,safe
SNS-zone_16-01,zone_16,2026-02-13T00:00:00Z,3.09,0.017,38.42,107.42,0.0,safe
SNS-zone_01-01,zone_01,2026-02-14T00:00:00Z,5.4,0.028,32.21,95.07,0.0,safe
SNS-zone_02-01,zone_02,2026-02-14T00:00:00Z,4.47,0.018,35.2,103.04,0.0,safe
SNS-zone_03-01,zone_03,2026-02-14T00:00:00Z,6.1,0.017,42.04,120.24,0.0,safe
SNS-zone_04-01,zone_04,2026-02-14T00:00:00Z,5.88,0.029,34.27,113.09,0.0,safe
SNS-zone_05-01,zone_05,2026-02-14T00:00:00Z,4.15,0.019,29.94,99.64,0.0,safe
SNS-zone_06-01,zone_06,2026-02-14T00:00:00Z,52.76,0.176,68.22,454.7,0.0,warning
SNS-zone_07-01,zone_07,2026-02-14T00:00:00Z,56.24,0.177,61.43,455.24,0.0,warning
SNS-zone_08-01,zone_08,2026-02-14T00:00:00Z,54.61,0.181,61.04,489.9,0.0,warning
SNS-zone_09-01,zone_09,2026-02-14T00:00:00Z,4.61,0.022,32.78,100.3,0.0,safe
SNS-zone_10-01,zone_10,2026-02-14T00:00:00Z,56.16,0.184,63.91,481.15,0.0,warning
SNS-zone_11-01,zone_11,2026-02-14T00:00:00Z,120.5,0.446,93.09,1018.94,0.0,evacuation
SNS-zone_12-01,zone_12,2026-02-14T00:00:00Z,120.5,0.453,92.33,1007.04,0.0,evacuation
SNS-zone_13-01,zone_13,2026-02-14T00:00:00Z,4.4,0.021,29.79,100.29,0.0,safe
SNS-zone_14-01,zone_14,2026-02-14T00:00:00Z,4.28,0.022,36.83,109.25,0.0,safe
SNS-zone_15-01,zone_15,2026-02-14T00:00:00Z,5.15,0.025,35.34,103.78,0.0,safe
SNS-zone_16-01,zone_16,2026-02-14T00:00:00Z,3.99,0.026,39.02,104.02,0.0,safe
SNS-zone_01-01,zone_01,2026-02-15T00:00:00Z,3.92,0.021,34.0,99.63,0.0,safe
SNS-zone_02-01,zone_02,2026-02-15T00:00:00Z,5.24,0.015,34.52,100.59,0.0,safe
SNS-zone_03-01,zone_03,2026-02-15T00:00:00Z,5.39,0.026,41.55,109.59,0.0,safe
SNS-zone_04-01,zone_04,2026-02-15T00:00:00Z,6.06,0.032,33.66,111.3,0.0,safe
SNS-zone_05-01,zone_05,2026-02-15T00:00:00Z,4.27,0.017,28.3,97.82,0.0,safe
SNS-zone_06-01,zone_06,2026-02-15T00:00:00Z,53.46,0.174,67.33,449.48,0.0,warning
SNS-zone_07-01,zone_07,2026-02-15T00:00:00Z,55.01,0.165,63.22,447.06,0.0,warning
SNS-zone_08-01,zone_08,2026-02-15T00:00:00Z,56.31,0.187,63.07,497.03,0.0,warning
SNS-zone_09-01,zone_09,2026-02-15T00:00:00Z,4.58,0.022,31.8,101.64,0.0,safe
SNS-zone_10-01,zone_10,2026-02-15T00:00:00Z,55.6,0.195,59.95,476.71,0.0,warning
SNS-zone_11-01,zone_11,2026-02-15T00:00:00Z,120.5,0.456,92.42,1020.29,0.0,evacuation
SNS-zone_12-01,zone_12,2026-02-15T00:00:00Z,120.5,0.444,94.84,1026.0,0.0,evacuation
SNS-zone_13-01,zone_13,2026-02-15T00:00:00Z,3.18,0.012,29.7,97.3,0.0,safe
SNS-zone_14-01,zone_14,2026-02-15T00:00:00Z,4.47,0.019,31.72,101.84,0.0,safe
SNS-zone_15-01,zone_15,2026-02-15T00:00:00Z,3.04,0.018,34.0,107.31,0.0,safe
SNS-zone_16-01,zone_16,2026-02-15T00:00:00Z,5.29,0.021,40.92,115.45,0.0,safe
SNS-zone_01-01,zone_01,2026-02-16T00:00:00Z,4.88,0.021,33.7,104.25,0.0,safe
SNS-zone_02-01,zone_02,2026-02-16T00:00:00Z,4.04,0.02,34.59,103.44,0.0,safe
SNS-zone_03-01,zone_03,2026-02-16T00:00:00Z,6.04,0.027,42.42,121.93,0.0,safe
SNS-zone_04-01,zone_04,2026-02-16T00:00:00Z,6.55,0.025,31.4,108.59,0.0,safe
SNS-zone_05-01,zone_05,2026-02-16T00:00:00Z,5.18,0.02,28.92,101.21,0.0,safe
SNS-zone_06-01,zone_06,2026-02-16T00:00:00Z,53.41,0.19,69.01,464.93,0.0,warning
SNS-zone_07-01,zone_07,2026-02-16T00:00:00Z,53.35,0.188,68.12,462.71,0.0,warning
SNS-zone_08-01,zone_08,2026-02-16T00:00:00Z,53.38,0.2,65.22,493.16,0.0,warning
SNS-zone_09-01,zone_09,2026-02-16T00:00:00Z,3.34,0.018,31.28,101.21,0.0,safe
SNS-zone_10-01,zone_10,2026-02-16T00:00:00Z,56.69,0.197,66.2,485.41,0.0,warning
SNS-zone_11-01,zone_11,2026-02-16T00:00:00Z,120.5,0.444,93.47,1033.97,0.0,evacuation
SNS-zone_12-01,zone_12,2026-02-16T00:00:00Z,120.5,0.456,87.18,1018.02,0.0,evacuation
SNS-zone_13-01,zone_13,2026-02-16T00:00:00Z,1.96,0.014,29.95,87.3,0.0,safe
SNS-zone_14-01,zone_14,2026-02-16T00:00:00Z,4.56,0.029,32.37,97.64,0.0,safe
SNS-zone_15-01,zone_15,2026-02-16T00:00:00Z,5.09,0.024,35.01,110.71,0.0,safe
SNS-zone_16-01,zone_16,2026-02-16T00:00:00Z,3.46,0.016,41.29,105.23,0.0,safe
SNS-zone_01-01,zone_01,2026-02-17T00:00:00Z,3.95,0.013,33.31,102.36,0.0,safe
SNS-zone_02-01,zone_02,2026-02-17T00:00:00Z,5.19,0.017,34.13,98.6,0.0,safe
SNS-zone_03-01,zone_03,2026-02-17T00:00:00Z,6.72,0.028,41.54,120.47,0.0,safe
SNS-zone_04-01,zone_04,2026-02-17T00:00:00Z,5.96,0.035,33.13,112.51,0.0,safe
SNS-zone_05-01,zone_05,2026-02-17T00:00:00Z,3.34,0.019,29.1,100.24,0.0,safe
SNS-zone_06-01,zone_06,2026-02-17T00:00:00Z,54.1,0.177,66.22,445.23,0.0,warning
SNS-zone_07-01,zone_07,2026-02-17T00:00:00Z,55.55,0.167,63.1,445.33,0.0,warning
SNS-zone_08-01,zone_08,2026-02-17T00:00:00Z,51.87,0.185,64.93,472.43,0.0,warning
SNS-zone_09-01,zone_09,2026-02-17T00:00:00Z,3.75,0.017,32.53,103.39,0.0,safe
SNS-zone_10-01,zone_10,2026-02-17T00:00:00Z,56.15,0.189,69.29,503.0,0.0,warning
SNS-zone_11-01,zone_11,2026-02-17T00:00:00Z,120.5,0.452,95.01,1009.69,0.0,evacuation
SNS-zone_12-01,zone_12,2026-02-17T00:00:00Z,120.5,0.467,90.58,1023.97,0.0,evacuation
SNS-zone_13-01,zone_13,2026-02-17T00:00:00Z,4.55,0.023,31.59,98.45,0.0,safe
SNS-zone_14-01,zone_14,2026-02-17T00:00:00Z,3.02,0.017,33.56,97.11,0.0,safe
SNS-zone_15-01,zone_15,2026-02-17T00:00:00Z,3.77,0.022,34.97,103.76,0.0,safe
SNS-zone_16-01,zone_16,2026-02-17T00:00:00Z,3.39,0.012,39.98,106.5,0.0,safe
SNS-zone_01-01,zone_01,2026-02-18T00:00:00Z,4.59,0.019,32.13,102.05,0.0,safe
SNS-zone_02-01,zone_02,2026-02-18T00:00:00Z,2.69,0.025,34.27,98.44,0.0,safe
SNS-zone_03-01,zone_03,2026-02-18T00:00:00Z,6.16,0.024,41.66,115.3,0.0,safe
SNS-zone_04-01,zone_04,2026-02-18T00:00:00Z,5.32,0.02,34.89,108.48,0.0,safe
SNS-zone_05-01,zone_05,2026-02-18T00:00:00Z,4.41,0.026,29.8,95.1,0.0,safe
SNS-zone_06-01,zone_06,2026-02-18T00:00:00Z,53.54,0.182,71.43,458.86,0.0,warning
SNS-zone_07-01,zone_07,2026-02-18T00:00:00Z,54.6,0.178,64.14,445.34,0.0,warning
SNS-zone_08-01,zone_08,2026-02-18T00:00:00Z,56.91,0.183,63.23,495.33,0.0,warning
SNS-zone_09-01,zone_09,2026-02-18T00:00:00Z,4.63,0.018,32.03,106.03,0.0,safe
SNS-zone_10-01,zone_10,2026-02-18T00:00:00Z,56.14,0.184,64.56,477.98,0.0,warning
SNS-zone_11-01,zone_11,2026-02-18T00:00:00Z,120.5,0.444,89.61,997.17,0.0,evacuation
SNS-zone_12-01,zone_12,2026-02-18T00:00:00Z,120.5,0.45,93.51,1002.82,0.0,evacuation
SNS-zone_13-01,zone_13,2026-02-18T00:00:00Z,3.87,0.018,31.34,93.23,0.0,safe
SNS-zone_14-01,zone_14,2026-02-18T00:00:00Z,3.29,0.016,36.32,102.39,0.0,safe
SNS-zone_15-01,zone_15,2026-02-18T00:00:00Z,4.14,0.025,35.04,104.55,0.0,safe
SNS-zone_16-01,zone_16,2026-02-18T00:00:00Z,2.79,0.023,39.93,101.89,0.0,safe
SNS-zone_01-01,zone_01,2026-02-19T00:00:00Z,4.28,0.017,33.77,100.25,0.0,safe
SNS-zone_02-01,zone_02,2026-02-19T00:00:00Z,4.18,0.017,34.42,97.86,0.0,safe
SNS-zone_03-01,zone_03,2026-02-19T00:00:00Z,5.49,0.017,40.27,113.79,0.0,safe
SNS-zone_04-01,zone_04,2026-02-19T00:00:00Z,5.74,0.017,31.77,110.39,0.0,safe
SNS-zone_05-01,zone_05,2026-02-19T00:00:00Z,3.63,0.01,32.08,96.48,0.0,safe
SNS-zone_06-01,zone_06,2026-02-19T00:00:00Z,52.72,0.17,66.03,436.22,0.0,warning
SNS-zone_07-01,zone_07,2026-02-19T00:00:00Z,54.16,0.185,66.96,444.89,0.0,warning
SNS-zone_08-01,zone_08,2026-02-19T00:00:00Z,53.66,0.179,64.05,479.91,0.0,warning
SNS-zone_09-01,zone_09,2026-02-19T00:00:00Z,4.25,0.021,34.54,99.03,0.0,safe
SNS-zone_10-01,zone_10,2026-02-19T00:00:00Z,53.94,0.188,62.31,485.0,0.0,warning
SNS-zone_11-01,zone_11,2026-02-19T00:00:00Z,120.5,0.448,88.79,990.18,0.0,evacuation
SNS-zone_12-01,zone_12,2026-02-19T00:00:00Z,120.5,0.447,91.68,1031.47,0.0,evacuation
SNS-zone_13-01,zone_13,2026-02-19T00:00:00Z,3.01,0.019,30.15,96.87,0.0,safe
SNS-zone_14-01,zone_14,2026-02-19T00:00:00Z,3.58,0.018,34.03,96.47,0.0,safe
SNS-zone_15-01,zone_15,2026-02-19T00:00:00Z,2.79,0.014,36.56,101.07,0.0,safe
SNS-zone_16-01,zone_16,2026-02-19T00:00:00Z,4.3,0.018,40.77,111.27,0.0,safe
SNS-zone_01-01,zone_01,2026-02-20T00:00:00Z,3.22,0.012,33.98,101.73,0.0,safe
SNS-zone_02-01,zone_02,2026-02-20T00:00:00Z,3.75,0.021,33.94,106.45,0.0,safe
SNS-zone_03-01,zone_03,2026-02-20T00:00:00Z,7.07,0.019,43.82,132.93,0.0,safe
SNS-zone_04-01,zone_04,2026-02-20T00:00:00Z,6.39,0.022,35.18,110.26,0.0,safe
SNS-zone_05-01,zone_05,2026-02-20T00:00:00Z,2.93,0.017,28.68,94.12,0.0,safe
SNS-zone_06-01,zone_06,2026-02-20T00:00:00Z,54.82,0.182,62.7,464.14,0.0,warning
SNS-zone_07-01,zone_07,2026-02-20T00:00:00Z,50.5,0.176,65.26,441.33,0.0,warning
SNS-zone_08-01,zone_08,2026-02-20T00:00:00Z,58.17,0.175,66.1,487.25,0.0,warning
SNS-zone_09-01,zone_09,2026-02-20T00:00:00Z,4.35,0.02,31.73,100.17,0.0,safe
SNS-zone_10-01,zone_10,2026-02-20T00:00:00Z,55.26,0.183,65.59,473.56,0.0,warning
SNS-zone_11-01,zone_11,2026-02-20T00:00:00Z,120.5,0.444,95.23,1031.83,0.0,evacuation
SNS-zone_12-01,zone_12,2026-02-20T00:00:00Z,120.5,0.438,96.29,1028.55,0.0,evacuation
SNS-zone_13-01,zone_13,2026-02-20T00:00:00Z,4.22,0.019,30.81,101.94,0.0,safe
SNS-zone_14-01,zone_14,2026-02-20T00:00:00Z,3.53,0.024,33.07,97.68,0.0,safe
SNS-zone_15-01,zone_15,2026-02-20T00:00:00Z,4.74,0.019,36.34,106.75,0.0,safe
SNS-zone_16-01,zone_16,2026-02-20T00:00:00Z,3.71,0.02,38.43,100.12,0.0,safe
SNS-zone_01-01,zone_01,2026-02-21T00:00:00Z,4.38,0.024,34.98,105.01,0.0,safe
SNS-zone_02-01,zone_02,2026-02-21T00:00:00Z,4.2,0.024,33.06,103.43,0.0,safe
SNS-zone_03-01,zone_03,2026-02-21T00:00:00Z,4.97,0.017,41.36,114.26,0.0,safe
SNS-zone_04-01,zone_04,2026-02-21T00:00:00Z,6.59,0.022,35.84,114.51,0.0,safe
SNS-zone_05-01,zone_05,2026-02-21T00:00:00Z,3.78,0.021,28.85,97.81,0.0,safe
SNS-zone_06-01,zone_06,2026-02-21T00:00:00Z,53.04,0.169,65.28,442.13,0.0,warning
SNS-zone_07-01,zone_07,2026-02-21T00:00:00Z,55.34,0.184,64.94,447.08,0.0,warning
SNS-zone_08-01,zone_08,2026-02-21T00:00:00Z,52.72,0.187,63.55,478.05,0.0,warning
SNS-zone_09-01,zone_09,2026-02-21T00:00:00Z,4.79,0.016,31.1,96.08,0.0,safe
SNS-zone_10-01,zone_10,2026-02-21T00:00:00Z,54.01,0.177,64.27,487.62,0.0,warning
SNS-zone_11-01,zone_11,2026-02-21T00:00:00Z,120.5,0.451,95.75,1025.09,0.0,evacuation
SNS-zone_12-01,zone_12,2026-02-21T00:00:00Z,120.5,0.446,86.27,988.0,0.0,evacuation
SNS-zone_13-01,zone_13,2026-02-21T00:00:00Z,3.68,0.024,30.51,95.06,0.0,safe
SNS-zone_14-01,zone_14,2026-02-21T00:00:00Z,3.09,0.019,33.04,96.92,0.0,safe
SNS-zone_15-01,zone_15,2026-02-21T00:00:00Z,4.17,0.015,35.74,101.75,0.0,safe
SNS-zone_16-01,zone_16,2026-02-21T00:00:00Z,3.25,0.021,39.42,112.44,0.0,safe
SNS-zone_01-01,zone_01,2026-02-22T00:00:00Z,4.81,0.015,35.74,98.5,0.0,safe
SNS-zone_02-01,zone_02,2026-02-22T00:00:00Z,3.19,0.013,36.29,99.33,0.0,safe
SNS-zone_03-01,zone_03,2026-02-22T00:00:00Z,5.68,0.024,42.76,124.79,0.0,safe
SNS-zone_04-01,zone_04,2026-02-22T00:00:00Z,5.59,0.03,34.01,101.37,0.0,safe
SNS-zone_05-01,zone_05,2026-02-22T00:00:00Z,3.9,0.023,28.18,89.82,0.0,safe
SNS-zone_06-01,zone_06,2026-02-22T00:00:00Z,55.22,0.187,69.38,449.05,0.0,warning
SNS-zone_07-01,zone_07,2026-02-22T00:00:00Z,54.61,0.172,62.08,461.83,0.0,warning
SNS-zone_08-01,zone_08,2026-02-22T00:00:00Z,55.3,0.17,66.68,488.77,0.0,warning
SNS-zone_09-01,zone_09,2026-02-22T00:00:00Z,5.28,0.024,32.63,102.16,0.0,safe
SNS-zone_10-01,zone_10,2026-02-22T00:00:00Z,51.87,0.171,64.41,473.81,0.0,warning
SNS-zone_11-01,zone_11,2026-02-22T00:00:00Z,120.5,0.464,91.61,1029.94,0.0,evacuation
SNS-zone_12-01,zone_12,2026-02-22T00:00:00Z,120.5,0.459,91.12,996.13,0.0,evacuation
SNS-zone_13-01,zone_13,2026-02-22T00:00:00Z,4.7,0.017,27.82,94.4,0.0,safe
SNS-zone_14-01,zone_14,2026-02-22T00:00:00Z,5.3,0.027,31.82,106.2,0.0,safe
SNS-zone_15-01,zone_15,2026-02-22T00:00:00Z,5.01,0.022,33.19,105.53,0.0,safe
SNS-zone_16-01,zone_16,2026-02-22T00:00:00Z,3.61,0.021,40.19,107.87,0.0,safe
SNS-zone_01-01,zone_01,2026-02-23T00:00:00Z,4.05,0.017,33.01,103.09,0.1,safe
SNS-zone_02-01,zone_02,2026-02-23T00:00:00Z,4.4,0.02,34.13,107.05,0.1,safe
SNS-zone_03-01,zone_03,2026-02-23T00:00:00Z,4.85,0.025,44.06,125.02,0.1,safe
SNS-zone_04-01,zone_04,2026-02-23T00:00:00Z,6.35,0.02,34.13,111.59,0.1,safe
SNS-zone_05-01,zone_05,2026-02-23T00:00:00Z,3.31,0.017,31.42,94.43,0.1,safe
SNS-zone_06-01,zone_06,2026-02-23T00:00:00Z,56.98,0.177,70.61,488.43,0.1,warning
SNS-zone_07-01,zone_07,2026-02-23T00:00:00Z,53.06,0.169,63.57,444.54,0.1,warning
SNS-zone_08-01,zone_08,2026-02-23T00:00:00Z,55.15,0.18,64.08,491.29,0.1,warning
SNS-zone_09-01,zone_09,2026-02-23T00:00:00Z,4.68,0.016,33.49,101.82,0.1,safe
SNS-zone_10-01,zone_10,2026-02-23T00:00:00Z,53.62,0.182,65.69,484.37,0.1,warning
SNS-zone_11-01,zone_11,2026-02-23T00:00:00Z,120.5,0.448,90.26,1010.95,0.1,evacuation
SNS-zone_12-01,zone_12,2026-02-23T00:00:00Z,120.5,0.432,91.38,1009.51,0.1,evacuation
SNS-zone_13-01,zone_13,2026-02-23T00:00:00Z,2.83,0.015,30.6,92.19,0.1,safe
SNS-zone_14-01,zone_14,2026-02-23T00:00:00Z,2.35,0.014,33.91,104.08,0.1,safe
SNS-zone_15-01,zone_15,2026-02-23T00:00:00Z,3.02,0.02,37.19,96.21,0.1,safe
SNS-zone_16-01,zone_16,2026-02-23T00:00:00Z,5.31,0.019,39.56,110.43,0.1,safe
SNS-zone_01-01,zone_01,2026-02-24T00:00:00Z,3.42,0.013,33.98,98.13,0.0,safe
SNS-zone_02-01,zone_02,2026-02-24T00:00:00Z,4.14,0.028,34.02,99.02,0.0,safe
SNS-zone_03-01,zone_03,2026-02-24T00:00:00Z,6.83,0.022,40.12,121.56,0.0,safe
SNS-zone_04-01,zone_04,2026-02-24T00:00:00Z,4.74,0.016,33.71,116.43,0.0,safe
SNS-zone_05-01,zone_05,2026-02-24T00:00:00Z,4.29,0.024,27.77,94.75,0.0,safe
SNS-zone_06-01,zone_06,2026-02-24T00:00:00Z,53.58,0.181,72.94,453.47,0.0,warning
SNS-zone_07-01,zone_07,2026-02-24T00:00:00Z,55.38,0.167,65.69,457.92,0.0,warning
SNS-zone_08-01,zone_08,2026-02-24T00:00:00Z,52.82,0.173,63.24,459.22,0.0,warning
SNS-zone_09-01,zone_09,2026-02-24T00:00:00Z,3.81,0.015,29.55,101.36,0.0,safe
SNS-zone_10-01,zone_10,2026-02-24T00:00:00Z,55.78,0.177,68.55,479.75,0.0,warning
SNS-zone_11-01,zone_11,2026-02-24T00:00:00Z,120.5,0.438,92.62,1007.94,0.0,evacuation
SNS-zone_12-01,zone_12,2026-02-24T00:00:00Z,120.5,0.466,88.08,1014.47,0.0,evacuation
SNS-zone_13-01,zone_13,2026-02-24T00:00:00Z,3.38,0.026,30.02,102.53,0.0,safe
SNS-zone_14-01,zone_14,2026-02-24T00:00:00Z,4.15,0.024,32.5,106.21,0.0,safe
SNS-zone_15-01,zone_15,2026-02-24T00:00:00Z,2.63,0.016,36.02,102.38,0.0,safe
SNS-zone_16-01,zone_16,2026-02-24T00:00:00Z,3.01,0.013,40.13,110.06,0.0,safe
SNS-zone_01-01,zone_01,2026-02-25T00:00:00Z,2.94,0.022,32.65,94.06,0.0,safe
SNS-zone_02-01,zone_02,2026-02-25T00:00:00Z,4.16,0.02,32.48,108.81,0.0,safe
SNS-zone_03-01,zone_03,2026-02-25T00:00:00Z,5.44,0.022,40.3,125.17,0.0,safe
SNS-zone_04-01,zone_04,2026-02-25T00:00:00Z,5.67,0.022,32.7,113.56,0.0,safe
SNS-zone_05-01,zone_05,2026-02-25T00:00:00Z,3.52,0.015,29.15,89.49,0.0,safe
SNS-zone_06-01,zone_06,2026-02-25T00:00:00Z,54.69,0.178,66.81,442.51,0.0,warning
SNS-zone_07-01,zone_07,2026-02-25T00:00:00Z,55.5,0.185,66.72,462.09,0.0,warning
SNS-zone_08-01,zone_08,2026-02-25T00:00:00Z,55.53,0.182,61.19,479.23,0.0,warning
SNS-zone_09-01,zone_09,2026-02-25T00:00:00Z,3.26,0.021,33.04,99.58,0.0,safe
SNS-zone_10-01,zone_10,2026-02-25T00:00:00Z,53.63,0.194,65.63,459.76,0.0,warning
SNS-zone_11-01,zone_11,2026-02-25T00:00:00Z,120.5,0.442,95.53,1007.0,0.0,evacuation
SNS-zone_12-01,zone_12,2026-02-25T00:00:00Z,120.5,0.45,89.69,993.37,0.0,evacuation
SNS-zone_13-01,zone_13,2026-02-25T00:00:00Z,4.45,0.022,27.86,99.76,0.0,safe
SNS-zone_14-01,zone_14,2026-02-25T00:00:00Z,3.77,0.021,34.52,100.71,0.0,safe
SNS-zone_15-01,zone_15,2026-02-25T00:00:00Z,3.75,0.017,34.7,92.4,0.0,safe
SNS-zone_16-01,zone_16,2026-02-25T00:00:00Z,3.5,0.022,40.13,109.45,0.0,safe
SNS-zone_01-01,zone_01,2026-02-26T00:00:00Z,6.12,0.022,32.62,107.54,0.0,safe
SNS-zone_02-01,zone_02,2026-02-26T00:00:00Z,3.73,0.025,34.17,100.82,0.0,safe
SNS-zone_03-01,zone_03,2026-02-26T00:00:00Z,5.38,0.026,42.22,116.01,0.0,safe
SNS-zone_04-01,zone_04,2026-02-26T00:00:00Z,7.02,0.026,32.45,114.41,0.0,safe
SNS-zone_05-01,zone_05,2026-02-26T00:00:00Z,4.81,0.021,29.05,95.71,0.0,safe
SNS-zone_06-01,zone_06,2026-02-26T00:00:00Z,53.99,0.183,70.16,456.74,0.0,warning
SNS-zone_07-01,zone_07,2026-02-26T00:00:00Z,55.63,0.174,65.32,469.28,0.0,warning
SNS-zone_08-01,zone_08,2026-02-26T00:00:00Z,50.5,0.17,62.24,480.8,0.0,warning
SNS-zone_09-01,zone_09,2026-02-26T00:00:00Z,4.15,0.022,31.41,97.85,0.0,safe
SNS-zone_10-01,zone_10,2026-02-26T00:00:00Z,55.8,0.19,66.82,487.27,0.0,warning
SNS-zone_11-01,zone_11,2026-02-26T00:00:00Z,120.5,0.462,91.6,1026.18,0.0,evacuation
SNS-zone_12-01,zone_12,2026-02-26T00:00:00Z,120.5,0.457,92.77,1014.73,0.0,evacuation
SNS-zone_13-01,zone_13,2026-02-26T00:00:00Z,3.82,0.018,29.49,93.61,0.0,safe
SNS-zone_14-01,zone_14,2026-02-26T00:00:00Z,4.72,0.023,33.28,106.27,0.0,safe
SNS-zone_15-01,zone_15,2026-02-26T00:00:00Z,4.46,0.022,34.82,103.37,0.0,safe
SNS-zone_16-01,zone_16,2026-02-26T00:00:00Z,3.05,0.015,39.55,102.25,0.0,safe
SNS-zone_01-01,zone_01,2026-02-27T00:00:00Z,4.57,0.021,32.72,99.66,0.0,safe
SNS-zone_02-01,zone_02,2026-02-27T00:00:00Z,5.24,0.02,31.75,96.8,0.0,safe
SNS-zone_03-01,zone_03,2026-02-27T00:00:00Z,5.68,0.022,39.66,116.93,0.0,safe
SNS-zone_04-01,zone_04,2026-02-27T00:00:00Z,7.93,0.022,34.79,125.31,0.0,safe
SNS-zone_05-01,zone_05,2026-02-27T00:00:00Z,3.0,0.021,30.01,94.53,0.0,safe
SNS-zone_06-01,zone_06,2026-02-27T00:00:00Z,51.58,0.172,69.95,452.52,0.0,warning
SNS-zone_07-01,zone_07,2026-02-27T00:00:00Z,53.94,0.167,66.86,449.77,0.0,warning
SNS-zone_08-01,zone_08,2026-02-27T00:00:00Z,52.84,0.183,63.26,485.42,0.0,warning
SNS-zone_09-01,zone_09,2026-02-27T00:00:00Z,4.06,0.022,32.48,106.69,0.0,safe
SNS-zone_10-01,zone_10,2026-02-27T00:00:00Z,55.33,0.198,64.25,479.64,0.0,warning
SNS-zone_11-01,zone_11,2026-02-27T00:00:00Z,120.5,0.446,94.47,1011.98,0.0,evacuation
SNS-zone_12-01,zone_12,2026-02-27T00:00:00Z,120.5,0.457,83.75,1005.19,0.0,evacuation
SNS-zone_13-01,zone_13,2026-02-27T00:00:00Z,3.92,0.019,28.83,90.1,0.0,safe
SNS-zone_14-01,zone_14,2026-02-27T00:00:00Z,4.11,0.02,30.4,97.88,0.0,safe
SNS-zone_15-01,zone_15,2026-02-27T00:00:00Z,3.34,0.017,32.6,101.1,0.0,safe
SNS-zone_16-01,zone_16,2026-02-27T00:00:00Z,4.91,0.016,37.09,108.03,0.0,safe
SNS-zone_01-01,zone_01,2026-02-28T00:00:00Z,3.93,0.017,36.82,109.54,0.0,safe
SNS-zone_02-01,zone_02,2026-02-28T00:00:00Z,4.48,0.022,33.88,96.63,0.0,safe
SNS-zone_03-01,zone_03,2026-02-28T00:00:00Z,6.33,0.026,41.06,122.87,0.0,safe
SNS-zone_04-01,zone_04,2026-02-28T00:00:00Z,6.32,0.016,35.88,115.84,0.0,safe
SNS-zone_05-01,zone_05,2026-02-28T00:00:00Z,4.66,0.018,29.02,94.7,0.0,safe
SNS-zone_06-01,zone_06,2026-02-28T00:00:00Z,55.65,0.174,68.14,448.35,0.0,warning
SNS-zone_07-01,zone_07,2026-02-28T00:00:00Z,52.56,0.168,64.4,439.39,0.0,warning
SNS-zone_08-01,zone_08,2026-02-28T00:00:00Z,54.43,0.184,62.52,495.11,0.0,warning
SNS-zone_09-01,zone_09,2026-02-28T00:00:00Z,3.94,0.02,31.37,98.66,0.0,safe
SNS-zone_10-01,zone_10,2026-02-28T00:00:00Z,56.86,0.185,62.69,490.04,0.0,warning
SNS-zone_11-01,zone_11,2026-02-28T00:00:00Z,120.5,0.45,89.93,1020.29,0.0,evacuation
SNS-zone_12-01,zone_12,2026-02-28T00:00:00Z,120.5,0.447,90.04,1018.69,0.0,evacuation
SNS-zone_13-01,zone_13,2026-02-28T00:00:00Z,4.17,0.021,28.78,93.96,0.0,safe
SNS-zone_14-01,zone_14,2026-02-28T00:00:00Z,2.95,0.017,32.53,99.71,0.0,safe
SNS-zone_15-01,zone_15,2026-02-28T00:00:00Z,2.57,0.015,36.67,104.42,0.0,safe
SNS-zone_16-01,zone_16,2026-02-28T00:00:00Z,3.45,0.015,41.11,109.5,0.0,safe
SNS-zone_01-01,zone_01,2026-03-01T00:00:00Z,5.42,0.028,33.71,102.59,0.0,safe
SNS-zone_02-01,zone_02,2026-03-01T00:00:00Z,2.92,0.016,36.83,103.27,0.0,safe
SNS-zone_03-01,zone_03,2026-03-01T00:00:00Z,5.78,0.026,40.1,122.35,0.0,safe
SNS-zone_04-01,zone_04,2026-03-01T00:00:00Z,5.36,0.026,33.72,112.18,0.0,safe
SNS-zone_05-01,zone_05,2026-03-01T00:00:00Z,3.48,0.018,31.1,97.71,0.0,safe
SNS-zone_06-01,zone_06,2026-03-01T00:00:00Z,53.22,0.177,64.36,455.74,0.0,warning
SNS-zone_07-01,zone_07,2026-03-01T00:00:00Z,53.44,0.165,64.1,446.18,0.0,warning
SNS-zone_08-01,zone_08,2026-03-01T00:00:00Z,53.6,0.182,63.67,465.51,0.0,warning
SNS-zone_09-01,zone_09,2026-03-01T00:00:00Z,4.3,0.018,35.22,95.93,0.0,safe
SNS-zone_10-01,zone_10,2026-03-01T00:00:00Z,56.11,0.19,65.82,502.64,0.0,warning
SNS-zone_11-01,zone_11,2026-03-01T00:00:00Z,120.5,0.433,95.68,1028.43,0.0,evacuation
SNS-zone_12-01,zone_12,2026-03-01T00:00:00Z,120.5,0.471,91.15,1023.41,0.0,evacuation
SNS-zone_13-01,zone_13,2026-03-01T00:00:00Z,5.28,0.017,31.57,92.29,0.0,safe
SNS-zone_14-01,zone_14,2026-03-01T00:00:00Z,3.47,0.023,34.12,106.53,0.0,safe
SNS-zone_15-01,zone_15,2026-03-01T00:00:00Z,4.8,0.024,34.78,109.42,0.0,safe
SNS-zone_16-01,zone_16,2026-03-01T00:00:00Z,2.92,0.022,36.94,100.84,0.0,safe
SNS-zone_01-01,zone_01,2026-03-02T00:00:00Z,3.56,0.023,34.6,104.12,0.0,safe
SNS-zone_02-01,zone_02,2026-03-02T00:00:00Z,4.02,0.021,34.91,100.49,0.0,safe
SNS-zone_03-01,zone_03,2026-03-02T00:00:00Z,6.29,0.023,39.63,110.36,0.0,safe
SNS-zone_04-01,zone_04,2026-03-02T00:00:00Z,5.99,0.021,31.44,112.19,0.0,safe
SNS-zone_05-01,zone_05,2026-03-02T00:00:00Z,2.1,0.02,30.62,86.41,0.0,safe
SNS-zone_06-01,zone_06,2026-03-02T00:00:00Z,53.31,0.169,65.43,434.96,0.0,warning
SNS-zone_07-01,zone_07,2026-03-02T00:00:00Z,54.58,0.189,62.31,440.06,0.0,warning
SNS-zone_08-01,zone_08,2026-03-02T00:00:00Z,56.66,0.179,64.58,473.74,0.0,warning
SNS-zone_09-01,zone_09,2026-03-02T00:00:00Z,3.74,0.016,29.87,88.89,0.0,safe
SNS-zone_10-01,zone_10,2026-03-02T00:00:00Z,55.09,0.196,63.91,500.31,0.0,warning
SNS-zone_11-01,zone_11,2026-03-02T00:00:00Z,120.5,0.455,92.63,1014.36,0.0,evacuation
SNS-zone_12-01,zone_12,2026-03-02T00:00:00Z,120.5,0.453,91.45,1012.55,0.0,evacuation
SNS-zone_13-01,zone_13,2026-03-02T00:00:00Z,4.37,0.016,29.91,91.8,0.0,safe
SNS-zone_14-01,zone_14,2026-03-02T00:00:00Z,3.84,0.021,33.79,104.78,0.0,safe
SNS-zone_15-01,zone_15,2026-03-02T00:00:00Z,5.02,0.021,38.1,105.78,0.0,safe
SNS-zone_16-01,zone_16,2026-03-02T00:00:00Z,4.12,0.025,39.78,100.6,0.0,safe
SNS-zone_01-01,zone_01,2026-03-03T00:00:00Z,2.75,0.017,34.5,96.63,0.0,safe
SNS-zone_02-01,zone_02,2026-03-03T00:00:00Z,3.85,0.014,36.56,107.34,0.0,safe
SNS-zone_03-01,zone_03,2026-03-03T00:00:00Z,5.25,0.024,43.55,117.05,0.0,safe
SNS-zone_04-01,zone_04,2026-03-03T00:00:00Z,6.29,0.021,34.8,113.85,0.0,safe
SNS-zone_05-01,zone_05,2026-03-03T00:00:00Z,3.28,0.02,31.71,96.77,0.0,safe
SNS-zone_06-01,zone_06,2026-03-03T00:00:00Z,52.27,0.175,68.54,456.9,0.0,warning
SNS-zone_07-01,zone_07,2026-03-03T00:00:00Z,54.94,0.178,65.31,463.05,0.0,warning
SNS-zone_08-01,zone_08,2026-03-03T00:00:00Z,55.0,0.184,62.95,482.98,0.0,warning
SNS-zone_09-01,zone_09,2026-03-03T00:00:00Z,4.31,0.021,30.37,98.76,0.0,safe
SNS-zone_10-01,zone_10,2026-03-03T00:00:00Z,56.2,0.197,67.15,499.45,0.0,warning
SNS-zone_11-01,zone_11,2026-03-03T00:00:00Z,120.5,0.469,89.99,1018.87,0.0,evacuation
SNS-zone_12-01,zone_12,2026-03-03T00:00:00Z,120.5,0.467,93.6,1018.78,0.0,evacuation
SNS-zone_13-01,zone_13,2026-03-03T00:00:00Z,4.07,0.021,30.43,99.76,0.0,safe
SNS-zone_14-01,zone_14,2026-03-03T00:00:00Z,4.84,0.015,33.72,109.41,0.0,safe
SNS-zone_15-01,zone_15,2026-03-03T00:00:00Z,5.63,0.02,35.23,111.67,0.0,safe
SNS-zone_16-01,zone_16,2026-03-03T00:00:00Z,3.91,0.024,39.63,112.5,0.0,safe
SNS-zone_01-01,zone_01,2026-03-04T00:00:00Z,4.5,0.015,33.66,103.54,0.0,safe
SNS-zone_02-01,zone_02,2026-03-04T00:00:00Z,4.38,0.021,33.25,108.03,0.0,safe
SNS-zone_03-01,zone_03,2026-03-04T00:00:00Z,5.5,0.019,39.42,118.44,0.0,safe
SNS-zone_04-01,zone_04,2026-03-04T00:00:00Z,5.11,0.021,32.47,109.57,0.0,safe
SNS-zone_05-01,zone_05,2026-03-04T00:00:00Z,2.38,0.016,31.3,91.6,0.0,safe
SNS-zone_06-01,zone_06,2026-03-04T00:00:00Z,53.61,0.185,67.99,457.56,0.0,warning
SNS-zone_07-01,zone_07,2026-03-04T00:00:00Z,55.34,0.18,63.87,455.04,0.0,warning
SNS-zone_08-01,zone_08,2026-03-04T00:00:00Z,53.65,0.186,64.73,489.78,0.0,warning
SNS-zone_09-01,zone_09,2026-03-04T00:00:00Z,2.89,0.026,32.07,99.26,0.0,safe
SNS-zone_10-01,zone_10,2026-03-04T00:00:00Z,52.97,0.175,64.69,480.63,0.0,warning
SNS-zone_11-01,zone_11,2026-03-04T00:00:00Z,120.5,0.432,89.9,1012.54,0.0,evacuation
SNS-zone_12-01,zone_12,2026-03-04T00:00:00Z,120.5,0.459,90.45,1018.94,0.0,evacuation
SNS-zone_13-01,zone_13,2026-03-04T00:00:00Z,4.16,0.022,30.68,98.95,0.0,safe
SNS-zone_14-01,zone_14,2026-03-04T00:00:00Z,3.38,0.018,32.17,92.49,0.0,safe
SNS-zone_15-01,zone_15,2026-03-04T00:00:00Z,3.02,0.015,36.71,103.63,0.0,safe
SNS-zone_16-01,zone_16,2026-03-04T00:00:00Z,3.81,0.023,40.75,104.94,0.0,safe
SNS-zone_01-01,zone_01,2026-03-05T00:00:00Z,4.49,0.024,34.2,105.64,0.0,safe
SNS-zone_02-01,zone_02,2026-03-05T00:00:00Z,4.0,0.022,34.02,97.03,0.0,safe
SNS-zone_03-01,zone_03,2026-03-05T00:00:00Z,6.6,0.024,40.99,122.37,0.0,safe
SNS-zone_04-01,zone_04,2026-03-05T00:00:00Z,5.66,0.026,33.76,108.45,0.0,safe
SNS-zone_05-01,zone_05,2026-03-05T00:00:00Z,6.0,0.016,31.31,102.93,0.0,safe
SNS-zone_06-01,zone_06,2026-03-05T00:00:00Z,54.87,0.185,68.44,454.22,0.0,warning
SNS-zone_07-01,zone_07,2026-03-05T00:00:00Z,53.71,0.179,67.41,451.12,0.0,warning
SNS-zone_08-01,zone_08,2026-03-05T00:00:00Z,57.41,0.197,63.42,504.94,0.0,warning
SNS-zone_09-01,zone_09,2026-03-05T00:00:00Z,3.66,0.015,32.68,94.03,0.0,safe
SNS-zone_10-01,zone_10,2026-03-05T00:00:00Z,53.93,0.185,63.61,501.49,0.0,warning
SNS-zone_11-01,zone_11,2026-03-05T00:00:00Z,120.5,0.432,89.56,1006.55,0.0,evacuation
SNS-zone_12-01,zone_12,2026-03-05T00:00:00Z,120.5,0.43,89.03,1010.69,0.0,evacuation
SNS-zone_13-01,zone_13,2026-03-05T00:00:00Z,5.24,0.016,27.59,89.1,0.0,safe
SNS-zone_14-01,zone_14,2026-03-05T00:00:00Z,3.99,0.024,34.15,99.99,0.0,safe
SNS-zone_15-01,zone_15,2026-03-05T00:00:00Z,4.63,0.022,33.63,106.74,0.0,safe
SNS-zone_16-01,zone_16,2026-03-05T00:00:00Z,5.56,0.017,37.72,109.95,0.0,safe
SNS-zone_01-01,zone_01,2026-03-06T00:00:00Z,4.37,0.013,34.75,103.43,0.0,safe
SNS-zone_02-01,zone_02,2026-03-06T00:00:00Z,3.64,0.02,35.45,100.86,0.0,safe
SNS-zone_03-01,zone_03,2026-03-06T00:00:00Z,6.3,0.024,40.87,119.29,0.0,safe
SNS-zone_04-01,zone_04,2026-03-06T00:00:00Z,4.93,0.02,33.52,110.53,0.0,safe
SNS-zone_05-01,zone_05,2026-03-06T00:00:00Z,5.06,0.017,30.95,101.61,0.0,safe
SNS-zone_06-01,zone_06,2026-03-06T00:00:00Z,54.02,0.175,67.23,449.39,0.0,warning
SNS-zone_07-01,zone_07,2026-03-06T00:00:00Z,54.14,0.183,63.22,457.51,0.0,warning
SNS-zone_08-01,zone_08,2026-03-06T00:00:00Z,57.37,0.205,58.56,491.93,0.0,warning
SNS-zone_09-01,zone_09,2026-03-06T00:00:00Z,4.86,0.024,32.74,103.72,0.0,safe
SNS-zone_10-01,zone_10,2026-03-06T00:00:00Z,53.17,0.176,66.16,468.02,0.0,warning
SNS-zone_11-01,zone_11,2026-03-06T00:00:00Z,120.5,0.448,88.15,1011.19,0.0,evacuation
SNS-zone_12-01,zone_12,2026-03-06T00:00:00Z,120.5,0.453,90.38,1034.29,0.0,evacuation
SNS-zone_13-01,zone_13,2026-03-06T00:00:00Z,4.54,0.02,30.0,86.92,0.0,safe
SNS-zone_14-01,zone_14,2026-03-06T00:00:00Z,4.28,0.019,33.6,106.84,0.0,safe
SNS-zone_15-01,zone_15,2026-03-06T00:00:00Z,2.99,0.014,35.44,96.51,0.0,safe
SNS-zone_16-01,zone_16,2026-03-06T00:00:00Z,2.98,0.018,37.88,104.38,0.0,safe
SNS-zone_01-01,zone_01,2026-03-07T00:00:00Z,4.17,0.014,34.26,103.78,0.0,safe
SNS-zone_02-01,zone_02,2026-03-07T00:00:00Z,3.95,0.018,33.87,110.14,0.0,safe
SNS-zone_03-01,zone_03,2026-03-07T00:00:00Z,5.86,0.022,40.68,114.49,0.0,safe
SNS-zone_04-01,zone_04,2026-03-07T00:00:00Z,7.29,0.025,33.96,113.89,0.0,safe
SNS-zone_05-01,zone_05,2026-03-07T00:00:00Z,4.53,0.022,31.61,96.55,0.0,safe
SNS-zone_06-01,zone_06,2026-03-07T00:00:00Z,54.72,0.19,66.59,463.34,0.0,warning
SNS-zone_07-01,zone_07,2026-03-07T00:00:00Z,53.77,0.185,64.96,450.29,0.0,warning
SNS-zone_08-01,zone_08,2026-03-07T00:00:00Z,57.37,0.2,66.22,503.32,0.0,warning
SNS-zone_09-01,zone_09,2026-03-07T00:00:00Z,4.41,0.021,33.04,99.29,0.0,safe
SNS-zone_10-01,zone_10,2026-03-07T00:00:00Z,55.51,0.192,68.09,497.74,0.0,warning
SNS-zone_11-01,zone_11,2026-03-07T00:00:00Z,120.5,0.453,91.13,1026.71,0.0,evacuation
SNS-zone_12-01,zone_12,2026-03-07T00:00:00Z,120.5,0.446,92.61,1005.32,0.0,evacuation
SNS-zone_13-01,zone_13,2026-03-07T00:00:00Z,4.8,0.019,31.22,98.07,0.0,safe
SNS-zone_14-01,zone_14,2026-03-07T00:00:00Z,3.64,0.015,35.9,111.23,0.0,safe
SNS-zone_15-01,zone_15,2026-03-07T00:00:00Z,4.86,0.014,35.38,109.83,0.0,safe
SNS-zone_16-01,zone_16,2026-03-07T00:00:00Z,3.72,0.021,37.88,100.11,0.0,safe
SNS-zone_01-01,zone_01,2026-03-08T00:00:00Z,4.84,0.023,32.45,102.16,0.0,safe
SNS-zone_02-01,zone_02,2026-03-08T00:00:00Z,3.48,0.018,33.97,103.7,0.0,safe
SNS-zone_03-01,zone_03,2026-03-08T00:00:00Z,5.11,0.022,40.3,117.17,0.0,safe
SNS-zone_04-01,zone_04,2026-03-08T00:00:00Z,5.83,0.016,32.51,111.02,0.0,safe
SNS-zone_05-01,zone_05,2026-03-08T00:00:00Z,4.95,0.019,31.66,101.43,0.0,safe
SNS-zone_06-01,zone_06,2026-03-08T00:00:00Z,55.95,0.187,65.57,452.69,0.0,warning
SNS-zone_07-01,zone_07,2026-03-08T00:00:00Z,53.52,0.182,66.0,450.9,0.0,warning
SNS-zone_08-01,zone_08,2026-03-08T00:00:00Z,55.33,0.183,67.58,479.08,0.0,warning
SNS-zone_09-01,zone_09,2026-03-08T00:00:00Z,4.02,0.026,31.17,100.25,0.0,safe
SNS-zone_10-01,zone_10,2026-03-08T00:00:00Z,57.09,0.2,64.44,487.82,0.0,warning
SNS-zone_11-01,zone_11,2026-03-08T00:00:00Z,120.5,0.445,92.07,1004.42,0.0,evacuation
SNS-zone_12-01,zone_12,2026-03-08T00:00:00Z,120.5,0.459,97.11,1038.39,0.0,evacuation
SNS-zone_13-01,zone_13,2026-03-08T00:00:00Z,3.69,0.015,29.53,92.21,0.0,safe
SNS-zone_14-01,zone_14,2026-03-08T00:00:00Z,3.49,0.017,34.05,105.3,0.0,safe
SNS-zone_15-01,zone_15,2026-03-08T00:00:00Z,3.43,0.021,34.82,91.4,0.0,safe
SNS-zone_16-01,zone_16,2026-03-08T00:00:00Z,3.7,0.018,39.29,101.95,0.0,safe
SNS-zone_01-01,zone_01,2026-03-09T00:00:00Z,4.03,0.017,33.78,105.57,0.0,safe
SNS-zone_02-01,zone_02,2026-03-09T00:00:00Z,5.06,0.018,33.62,109.8,0.0,safe
SNS-zone_03-01,zone_03,2026-03-09T00:00:00Z,5.66,0.024,42.21,121.43,0.0,safe
SNS-zone_04-01,zone_04,2026-03-09T00:00:00Z,6.08,0.026,34.16,111.37,0.0,safe
SNS-zone_05-01,zone_05,2026-03-09T00:00:00Z,3.03,0.013,31.93,99.16,0.0,safe
SNS-zone_06-01,zone_06,2026-03-09T00:00:00Z,54.23,0.168,66.2,453.29,0.0,warning
SNS-zone_07-01,zone_07,2026-03-09T00:00:00Z,54.26,0.183,63.09,429.25,0.0,warning
SNS-zone_08-01,zone_08,2026-03-09T00:00:00Z,55.11,0.172,64.69,476.96,0.0,warning
SNS-zone_09-01,zone_09,2026-03-09T00:00:00Z,4.39,0.023,30.62,105.13,0.0,safe
SNS-zone_10-01,zone_10,2026-03-09T00:00:00Z,52.32,0.166,66.3,474.26,0.0,warning
SNS-zone_11-01,zone_11,2026-03-09T00:00:00Z,120.5,0.423,91.87,1010.53,0.0,evacuation
SNS-zone_12-01,zone_12,2026-03-09T00:00:00Z,120.5,0.452,87.35,1009.19,0.0,evacuation
SNS-zone_13-01,zone_13,2026-03-09T00:00:00Z,4.11,0.02,30.79,100.7,0.0,safe
SNS-zone_14-01,zone_14,2026-03-09T00:00:00Z,3.48,0.016,33.78,104.26,0.0,safe
SNS-zone_15-01,zone_15,2026-03-09T00:00:00Z,3.91,0.02,35.36,108.67,0.0,safe
SNS-zone_16-01,zone_16,2026-03-09T00:00:00Z,4.26,0.023,38.86,108.63,0.0,safe
SNS-zone_01-01,zone_01,2026-03-10T00:00:00Z,3.63,0.018,33.86,99.23,0.0,safe
SNS-zone_02-01,zone_02,2026-03-10T00:00:00Z,4.81,0.023,32.16,99.17,0.0,safe
SNS-zone_03-01,zone_03,2026-03-10T00:00:00Z,5.34,0.023,41.81,119.12,0.0,safe
SNS-zone_04-01,zone_04,2026-03-10T00:00:00Z,7.18,0.024,34.32,110.18,0.0,safe
SNS-zone_05-01,zone_05,2026-03-10T00:00:00Z,3.79,0.021,31.74,104.1,0.0,safe
SNS-zone_06-01,zone_06,2026-03-10T00:00:00Z,56.03,0.194,68.93,458.79,0.0,warning
SNS-zone_07-01,zone_07,2026-03-10T00:00:00Z,55.13,0.184,66.09,450.27,0.0,warning
SNS-zone_08-01,zone_08,2026-03-10T00:00:00Z,56.21,0.195,62.66,500.24,0.0,warning
SNS-zone_09-01,zone_09,2026-03-10T00:00:00Z,4.47,0.016,33.19,107.43,0.0,safe
SNS-zone_10-01,zone_10,2026-03-10T00:00:00Z,54.97,0.188,67.6,472.7,0.0,warning
SNS-zone_11-01,zone_11,2026-03-10T00:00:00Z,120.5,0.448,97.16,1044.11,0.0,evacuation
SNS-zone_12-01,zone_12,2026-03-10T00:00:00Z,120.5,0.447,89.16,1004.97,0.0,evacuation
SNS-zone_13-01,zone_13,2026-03-10T00:00:00Z,4.7,0.017,31.12,93.55,0.0,safe
SNS-zone_14-01,zone_14,2026-03-10T00:00:00Z,3.2,0.022,35.45,96.3,0.0,safe
SNS-zone_15-01,zone_15,2026-03-10T00:00:00Z,4.46,0.021,35.14,108.59,0.0,safe
SNS-zone_16-01,zone_16,2026-03-10T00:00:00Z,2.51,0.014,38.78,107.65,0.0,safe
SNS-zone_01-01,zone_01,2026-03-11T00:00:00Z,3.62,0.015,34.01,106.12,0.0,safe
SNS-zone_02-01,zone_02,2026-03-11T00:00:00Z,4.72,0.023,32.03,96.71,0.0,safe
SNS-zone_03-01,zone_03,2026-03-11T00:00:00Z,4.33,0.029,41.28,116.01,0.0,safe
SNS-zone_04-01,zone_04,2026-03-11T00:00:00Z,5.15,0.03,34.02,112.52,0.0,safe
SNS-zone_05-01,zone_05,2026-03-11T00:00:00Z,5.14,0.024,28.99,105.44,0.0,safe
SNS-zone_06-01,zone_06,2026-03-11T00:00:00Z,55.28,0.201,67.49,438.11,0.0,warning
SNS-zone_07-01,zone_07,2026-03-11T00:00:00Z,56.13,0.184,67.46,458.22,0.0,warning
SNS-zone_08-01,zone_08,2026-03-11T00:00:00Z,54.88,0.181,65.89,473.93,0.0,warning
SNS-zone_09-01,zone_09,2026-03-11T00:00:00Z,4.0,0.024,30.53,89.53,0.0,safe
SNS-zone_10-01,zone_10,2026-03-11T00:00:00Z,52.78,0.182,64.53,492.66,0.0,warning
SNS-zone_11-01,zone_11,2026-03-11T00:00:00Z,120.5,0.456,93.79,1021.51,0.0,evacuation
SNS-zone_12-01,zone_12,2026-03-11T00:00:00Z,120.5,0.458,94.0,1036.17,0.0,evacuation
SNS-zone_13-01,zone_13,2026-03-11T00:00:00Z,3.98,0.023,30.0,94.87,0.0,safe
SNS-zone_14-01,zone_14,2026-03-11T00:00:00Z,4.0,0.014,32.72,99.29,0.0,safe
SNS-zone_15-01,zone_15,2026-03-11T00:00:00Z,3.88,0.02,36.48,104.13,0.0,safe
SNS-zone_16-01,zone_16,2026-03-11T00:00:00Z,3.97,0.017,38.03,107.56,0.0,safe
SNS-zone_01-01,zone_01,2026-03-12T00:00:00Z,3.65,0.02,33.52,106.42,0.0,safe
SNS-zone_02-01,zone_02,2026-03-12T00:00:00Z,3.24,0.021,34.41,99.0,0.0,safe
SNS-zone_03-01,zone_03,2026-03-12T00:00:00Z,5.42,0.023,40.84,119.05,0.0,safe
SNS-zone_04-01,zone_04,2026-03-12T00:00:00Z,6.41,0.02,33.9,112.03,0.0,safe
SNS-zone_05-01,zone_05,2026-03-12T00:00:00Z,3.76,0.016,29.55,97.1,0.0,safe
SNS-zone_06-01,zone_06,2026-03-12T00:00:00Z,53.58,0.181,70.52,439.05,0.0,warning
SNS-zone_07-01,zone_07,2026-03-12T00:00:00Z,51.76,0.186,66.9,441.52,0.0,warning
SNS-zone_08-01,zone_08,2026-03-12T00:00:00Z,54.26,0.188,63.52,482.99,0.0,warning
SNS-zone_09-01,zone_09,2026-03-12T00:00:00Z,3.65,0.019,33.66,99.31,0.0,safe
SNS-zone_10-01,zone_10,2026-03-12T00:00:00Z,54.4,0.174,64.97,472.94,0.0,warning
SNS-zone_11-01,zone_11,2026-03-12T00:00:00Z,120.5,0.442,94.04,1015.04,0.0,evacuation
SNS-zone_12-01,zone_12,2026-03-12T00:00:00Z,120.5,0.44,88.53,1012.07,0.0,evacuation
SNS-zone_13-01,zone_13,2026-03-12T00:00:00Z,4.15,0.023,32.65,101.21,0.0,safe
SNS-zone_14-01,zone_14,2026-03-12T00:00:00Z,5.01,0.021,33.33,107.71,0.0,safe
SNS-zone_15-01,zone_15,2026-03-12T00:00:00Z,3.55,0.027,34.75,107.25,0.0,safe
SNS-zone_16-01,zone_16,2026-03-12T00:00:00Z,3.69,0.019,38.71,112.1,0.0,safe
SNS-zone_01-01,zone_01,2026-03-13T00:00:00Z,2.81,0.022,34.98,101.3,0.0,safe
SNS-zone_02-01,zone_02,2026-03-13T00:00:00Z,4.47,0.014,34.52,111.6,0.0,safe
SNS-zone_03-01,zone_03,2026-03-13T00:00:00Z,4.99,0.023,42.7,121.66,0.0,safe
SNS-zone_04-01,zone_04,2026-03-13T00:00:00Z,5.44,0.028,31.74,101.11,0.0,safe
SNS-zone_05-01,zone_05,2026-03-13T00:00:00Z,4.12,0.021,32.49,89.81,0.0,safe
SNS-zone_06-01,zone_06,2026-03-13T00:00:00Z,54.67,0.173,65.23,454.1,0.0,warning
SNS-zone_07-01,zone_07,2026-03-13T00:00:00Z,54.56,0.18,66.66,440.41,0.0,warning
SNS-zone_08-01,zone_08,2026-03-13T00:00:00Z,54.58,0.181,65.52,471.17,0.0,warning
SNS-zone_09-01,zone_09,2026-03-13T00:00:00Z,4.1,0.019,32.25,102.56,0.0,safe
SNS-zone_10-01,zone_10,2026-03-13T00:00:00Z,54.29,0.168,67.81,488.85,0.0,warning
SNS-zone_11-01,zone_11,2026-03-13T00:00:00Z,120.5,0.467,88.39,1022.29,0.0,evacuation
SNS-zone_12-01,zone_12,2026-03-13T00:00:00Z,120.5,0.46,92.48,1023.11,0.0,evacuation
SNS-zone_13-01,zone_13,2026-03-13T00:00:00Z,4.02,0.017,28.03,99.41,0.0,safe
SNS-zone_14-01,zone_14,2026-03-13T00:00:00Z,3.15,0.02,34.76,99.5,0.0,safe
SNS-zone_15-01,zone_15,2026-03-13T00:00:00Z,2.94,0.013,37.57,97.7,0.0,safe
SNS-zone_16-01,zone_16,2026-03-13T00:00:00Z,3.23,0.02,38.2,103.77,0.0,safe
SNS-zone_01-01,zone_01,2026-03-14T00:00:00Z,4.85,0.026,33.84,101.81,0.0,safe
SNS-zone_02-01,zone_02,2026-03-14T00:00:00Z,4.08,0.014,36.34,101.18,0.0,safe
SNS-zone_03-01,zone_03,2026-03-14T00:00:00Z,6.27,0.026,41.1,124.12,0.0,safe
SNS-zone_04-01,zone_04,2026-03-14T00:00:00Z,5.72,0.017,33.78,113.41,0.0,safe
SNS-zone_05-01,zone_05,2026-03-14T00:00:00Z,3.94,0.023,30.04,96.03,0.0,safe
SNS-zone_06-01,zone_06,2026-03-14T00:00:00Z,55.21,0.181,69.85,466.76,0.0,warning
SNS-zone_07-01,zone_07,2026-03-14T00:00:00Z,54.5,0.172,63.84,441.85,0.0,warning
SNS-zone_08-01,zone_08,2026-03-14T00:00:00Z,56.84,0.193,64.07,487.02,0.0,warning
SNS-zone_09-01,zone_09,2026-03-14T00:00:00Z,4.36,0.025,33.32,99.68,0.0,safe
SNS-zone_10-01,zone_10,2026-03-14T00:00:00Z,55.92,0.201,63.13,490.33,0.0,warning
SNS-zone_11-01,zone_11,2026-03-14T00:00:00Z,120.5,0.46,93.14,997.48,0.0,evacuation
SNS-zone_12-01,zone_12,2026-03-14T00:00:00Z,120.5,0.437,88.78,1001.65,0.0,evacuation
SNS-zone_13-01,zone_13,2026-03-14T00:00:00Z,3.85,0.016,28.8,95.68,0.0,safe
SNS-zone_14-01,zone_14,2026-03-14T00:00:00Z,3.8,0.011,33.27,95.92,0.0,safe
SNS-zone_15-01,zone_15,2026-03-14T00:00:00Z,1.75,0.023,35.82,96.25,0.0,safe
SNS-zone_16-01,zone_16,2026-03-14T00:00:00Z,4.1,0.018,39.94,105.4,0.0,safe
SNS-zone_01-01,zone_01,2026-03-15T00:00:00Z,3.71,0.025,36.5,102.28,0.0,safe
SNS-zone_02-01,zone_02,2026-03-15T00:00:00Z,4.74,0.026,34.17,103.44,0.0,safe
SNS-zone_03-01,zone_03,2026-03-15T00:00:00Z,6.66,0.023,39.9,119.26,0.0,safe
SNS-zone_04-01,zone_04,2026-03-15T00:00:00Z,6.06,0.024,33.0,113.86,0.0,safe
SNS-zone_05-01,zone_05,2026-03-15T00:00:00Z,4.23,0.019,31.8,98.77,0.0,safe
SNS-zone_06-01,zone_06,2026-03-15T00:00:00Z,55.47,0.171,65.28,451.19,0.0,warning
SNS-zone_07-01,zone_07,2026-03-15T00:00:00Z,55.84,0.184,61.18,445.55,0.0,warning
SNS-zone_08-01,zone_08,2026-03-15T00:00:00Z,55.07,0.18,64.51,493.97,0.0,warning
SNS-zone_09-01,zone_09,2026-03-15T00:00:00Z,3.93,0.016,30.56,101.91,0.0,safe
SNS-zone_10-01,zone_10,2026-03-15T00:00:00Z,54.65,0.182,67.92,493.76,0.0,warning
SNS-zone_11-01,zone_11,2026-03-15T00:00:00Z,120.5,0.447,87.88,1005.7,0.0,evacuation
SNS-zone_12-01,zone_12,2026-03-15T00:00:00Z,120.5,0.448,92.37,1022.32,0.0,evacuation
SNS-zone_13-01,zone_13,2026-03-15T00:00:00Z,3.62,0.019,32.79,95.13,0.0,safe
SNS-zone_14-01,zone_14,2026-03-15T00:00:00Z,4.2,0.018,34.41,106.52,0.0,safe
SNS-zone_15-01,zone_15,2026-03-15T00:00:00Z,3.59,0.021,36.83,102.41,0.0,safe
SNS-zone_16-01,zone_16,2026-03-15T00:00:00Z,3.08,0.021,40.24,104.8,0.0,safe
SNS-zone_01-01,zone_01,2026-03-16T00:00:00Z,3.58,0.018,35.64,101.12,0.0,safe
SNS-zone_02-01,zone_02,2026-03-16T00:00:00Z,3.99,0.021,32.65,95.49,0.0,safe
SNS-zone_03-01,zone_03,2026-03-16T00:00:00Z,5.88,0.022,41.36,124.1,0.0,safe
SNS-zone_04-01,zone_04,2026-03-16T00:00:00Z,6.06,0.023,34.22,112.82,0.0,safe
SNS-zone_05-01,zone_05,2026-03-16T00:00:00Z,3.36,0.021,30.48,98.91,0.0,safe
SNS-zone_06-01,zone_06,2026-03-16T00:00:00Z,57.15,0.202,70.26,465.21,0.0,warning
SNS-zone_07-01,zone_07,2026-03-16T00:00:00Z,52.4,0.168,64.9,433.23,0.0,warning
SNS-zone_08-01,zone_08,2026-03-16T00:00:00Z,54.98,0.189,62.95,478.96,0.0,warning
SNS-zone_09-01,zone_09,2026-03-16T00:00:00Z,4.44,0.02,32.56,98.02,0.0,safe
SNS-zone_10-01,zone_10,2026-03-16T00:00:00Z,56.72,0.19,69.2,499.75,0.0,warning
SNS-zone_11-01,zone_11,2026-03-16T00:00:00Z,120.5,0.448,92.46,987.65,0.0,evacuation
SNS-zone_12-01,zone_12,2026-03-16T00:00:00Z,120.5,0.433,91.81,1001.96,0.0,evacuation
SNS-zone_13-01,zone_13,2026-03-16T00:00:00Z,4.01,0.016,31.36,101.07,0.0,safe
SNS-zone_14-01,zone_14,2026-03-16T00:00:00Z,4.01,0.018,32.57,103.86,0.0,safe
SNS-zone_15-01,zone_15,2026-03-16T00:00:00Z,3.57,0.017,36.78,103.09,0.0,safe
SNS-zone_16-01,zone_16,2026-03-16T00:00:00Z,3.85,0.014,40.41,107.03,0.0,safe
SNS-zone_01-01,zone_01,2026-03-17T00:00:00Z,3.27,0.016,32.13,94.17,0.0,safe
SNS-zone_02-01,zone_02,2026-03-17T00:00:00Z,3.66,0.02,35.46,92.38,0.0,safe
SNS-zone_03-01,zone_03,2026-03-17T00:00:00Z,5.69,0.027,39.93,117.84,0.0,safe
SNS-zone_04-01,zone_04,2026-03-17T00:00:00Z,6.04,0.023,32.69,105.02,0.0,safe
SNS-zone_05-01,zone_05,2026-03-17T00:00:00Z,5.0,0.024,32.31,99.81,0.0,safe
SNS-zone_06-01,zone_06,2026-03-17T00:00:00Z,53.43,0.191,67.99,445.79,0.0,warning
SNS-zone_07-01,zone_07,2026-03-17T00:00:00Z,54.55,0.194,63.6,441.79,0.0,warning
SNS-zone_08-01,zone_08,2026-03-17T00:00:00Z,55.34,0.188,62.7,484.07,0.0,warning
SNS-zone_09-01,zone_09,2026-03-17T00:00:00Z,3.56,0.016,32.0,107.95,0.0,safe
SNS-zone_10-01,zone_10,2026-03-17T00:00:00Z,55.87,0.169,68.1,506.59,0.0,warning
SNS-zone_11-01,zone_11,2026-03-17T00:00:00Z,120.5,0.422,86.8,999.77,0.0,evacuation
SNS-zone_12-01,zone_12,2026-03-17T00:00:00Z,120.5,0.456,90.84,1013.85,0.0,evacuation
SNS-zone_13-01,zone_13,2026-03-17T00:00:00Z,4.45,0.021,32.06,105.13,0.0,safe
SNS-zone_14-01,zone_14,2026-03-17T00:00:00Z,3.2,0.018,34.39,99.85,0.0,safe
SNS-zone_15-01,zone_15,2026-03-17T00:00:00Z,3.82,0.014,34.06,100.46,0.0,safe
SNS-zone_16-01,zone_16,2026-03-17T00:00:00Z,5.06,0.022,39.99,121.38,0.0,safe
SNS-zone_01-01,zone_01,2026-03-18T00:00:00Z,4.19,0.016,33.7,108.33,0.0,safe
SNS-zone_02-01,zone_02,2026-03-18T00:00:00Z,4.32,0.015,34.92,108.73,0.0,safe
SNS-zone_03-01,zone_03,2026-03-18T00:00:00Z,5.32,0.022,42.0,128.63,0.0,safe
SNS-zone_04-01,zone_04,2026-03-18T00:00:00Z,8.03,0.019,33.35,114.94,0.0,safe
SNS-zone_05-01,zone_05,2026-03-18T00:00:00Z,4.56,0.016,29.32,96.12,0.0,safe
SNS-zone_06-01,zone_06,2026-03-18T00:00:00Z,55.11,0.177,66.43,449.35,0.0,warning
SNS-zone_07-01,zone_07,2026-03-18T00:00:00Z,55.22,0.193,66.75,453.66,0.0,warning
SNS-zone_08-01,zone_08,2026-03-18T00:00:00Z,54.49,0.186,63.16,483.57,0.0,warning
SNS-zone_09-01,zone_09,2026-03-18T00:00:00Z,3.69,0.019,33.4,96.24,0.0,safe
SNS-zone_10-01,zone_10,2026-03-18T00:00:00Z,54.23,0.196,66.33,500.44,0.0,warning
SNS-zone_11-01,zone_11,2026-03-18T00:00:00Z,120.5,0.45,90.34,1027.09,0.0,evacuation
SNS-zone_12-01,zone_12,2026-03-18T00:00:00Z,120.5,0.47,90.5,1011.37,0.0,evacuation
SNS-zone_13-01,zone_13,2026-03-18T00:00:00Z,3.3,0.024,31.26,95.35,0.0,safe
SNS-zone_14-01,zone_14,2026-03-18T00:00:00Z,4.17,0.014,34.9,110.37,0.0,safe
SNS-zone_15-01,zone_15,2026-03-18T00:00:00Z,4.39,0.017,36.43,108.38,0.0,safe
SNS-zone_16-01,zone_16,2026-03-18T00:00:00Z,3.26,0.019,39.3,98.55,0.0,safe
SNS-zone_01-01,zone_01,2026-03-19T00:00:00Z,3.83,0.022,34.93,102.41,0.0,safe
SNS-zone_02-01,zone_02,2026-03-19T00:00:00Z,4.95,0.022,35.21,98.51,0.0,safe
SNS-zone_03-01,zone_03,2026-03-19T00:00:00Z,5.88,0.025,42.8,123.19,0.0,safe
SNS-zone_04-01,zone_04,2026-03-19T00:00:00Z,6.42,0.02,33.76,118.25,0.0,safe
SNS-zone_05-01,zone_05,2026-03-19T00:00:00Z,1.86,0.016,30.8,86.34,0.0,safe
SNS-zone_06-01,zone_06,2026-03-19T00:00:00Z,53.43,0.187,69.68,449.96,0.0,warning
SNS-zone_07-01,zone_07,2026-03-19T00:00:00Z,53.96,0.185,64.51,448.93,0.0,warning
SNS-zone_08-01,zone_08,2026-03-19T00:00:00Z,57.56,0.189,63.98,485.83,0.0,warning
SNS-zone_09-01,zone_09,2026-03-19T00:00:00Z,4.74,0.032,32.97,108.88,0.0,safe
SNS-zone_10-01,zone_10,2026-03-19T00:00:00Z,57.3,0.19,65.56,509.42,0.0,warning
SNS-zone_11-01,zone_11,2026-03-19T00:00:00Z,120.5,0.457,93.23,1016.86,0.0,evacuation
SNS-zone_12-01,zone_12,2026-03-19T00:00:00Z,120.5,0.445,91.24,1018.66,0.0,evacuation
SNS-zone_13-01,zone_13,2026-03-19T00:00:00Z,3.08,0.017,32.14,98.76,0.0,safe
SNS-zone_14-01,zone_14,2026-03-19T00:00:00Z,4.14,0.016,33.58,104.37,0.0,safe
SNS-zone_15-01,zone_15,2026-03-19T00:00:00Z,4.37,0.016,33.27,99.44,0.0,safe
SNS-zone_16-01,zone_16,2026-03-19T00:00:00Z,5.02,0.022,42.18,117.9,0.0,safe
SNS-zone_01-01,zone_01,2026-03-20T00:00:00Z,7.45,0.025,34.72,111.74,12.9,safe
SNS-zone_02-01,zone_02,2026-03-20T00:00:00Z,7.08,0.021,35.84,112.81,12.9,safe
SNS-zone_03-01,zone_03,2026-03-20T00:00:00Z,10.58,0.026,45.66,139.73,12.9,safe
SNS-zone_04-01,zone_04,2026-03-20T00:00:00Z,10.39,0.026,34.43,116.77,12.9,safe
SNS-zone_05-01,zone_05,2026-03-20T00:00:00Z,6.85,0.019,32.56,100.94,12.9,safe
SNS-zone_06-01,zone_06,2026-03-20T00:00:00Z,63.04,0.191,75.48,485.86,12.9,warning
SNS-zone_07-01,zone_07,2026-03-20T00:00:00Z,61.36,0.198,71.23,475.68,12.9,warning
SNS-zone_08-01,zone_08,2026-03-20T00:00:00Z,60.97,0.193,66.43,499.17,12.9,warning
SNS-zone_09-01,zone_09,2026-03-20T00:00:00Z,6.62,0.021,34.12,110.22,12.9,safe
SNS-zone_10-01,zone_10,2026-03-20T00:00:00Z,60.36,0.202,76.27,518.21,12.9,warning
SNS-zone_11-01,zone_11,2026-03-20T00:00:00Z,120.5,0.431,107.54,1061.44,12.9,evacuation
SNS-zone_12-01,zone_12,2026-03-20T00:00:00Z,120.5,0.437,101.81,1021.57,12.9,evacuation
SNS-zone_13-01,zone_13,2026-03-20T00:00:00Z,7.37,0.025,31.24,111.62,12.9,safe
SNS-zone_14-01,zone_14,2026-03-20T00:00:00Z,7.16,0.023,37.55,109.13,12.9,safe
SNS-zone_15-01,zone_15,2026-03-20T00:00:00Z,6.93,0.021,36.27,117.83,12.9,safe
SNS-zone_16-01,zone_16,2026-03-20T00:00:00Z,5.21,0.018,41.88,116.62,12.9,safe
SNS-zone_01-01,zone_01,2026-03-21T00:00:00Z,8.59,0.022,36.03,112.71,0.2,safe
SNS-zone_02-01,zone_02,2026-03-21T00:00:00Z,6.66,0.018,35.3,105.46,0.2,safe
SNS-zone_03-01,zone_03,2026-03-21T00:00:00Z,9.39,0.025,43.03,133.84,0.2,safe
SNS-zone_04-01,zone_04,2026-03-21T00:00:00Z,9.07,0.023,35.62,123.17,0.2,safe
SNS-zone_05-01,zone_05,2026-03-21T00:00:00Z,7.09,0.027,32.6,107.82,0.2,safe
SNS-zone_06-01,zone_06,2026-03-21T00:00:00Z,61.41,0.198,71.96,473.22,0.2,warning
SNS-zone_07-01,zone_07,2026-03-21T00:00:00Z,60.34,0.189,70.51,463.08,0.2,warning
SNS-zone_08-01,zone_08,2026-03-21T00:00:00Z,59.94,0.189,67.73,502.2,0.2,warning
SNS-zone_09-01,zone_09,2026-03-21T00:00:00Z,5.59,0.025,34.66,116.02,0.2,safe
SNS-zone_10-01,zone_10,2026-03-21T00:00:00Z,59.65,0.194,70.14,520.34,0.2,warning
SNS-zone_11-01,zone_11,2026-03-21T00:00:00Z,120.5,0.47,105.91,1048.04,0.2,evacuation
SNS-zone_12-01,zone_12,2026-03-21T00:00:00Z,120.5,0.463,102.91,1037.68,0.2,evacuation
SNS-zone_13-01,zone_13,2026-03-21T00:00:00Z,7.04,0.024,31.4,104.99,0.2,safe
SNS-zone_14-01,zone_14,2026-03-21T00:00:00Z,8.86,0.025,34.8,118.74,0.2,safe
SNS-zone_15-01,zone_15,2026-03-21T00:00:00Z,7.15,0.014,36.12,112.59,0.2,safe
SNS-zone_16-01,zone_16,2026-03-21T00:00:00Z,6.37,0.019,40.26,113.15,0.2,safe
SNS-zone_01-01,zone_01,2026-03-22T00:00:00Z,5.71,0.026,34.59,104.2,0.0,safe
SNS-zone_02-01,zone_02,2026-03-22T00:00:00Z,5.24,0.023,36.62,110.51,0.0,safe
SNS-zone_03-01,zone_03,2026-03-22T00:00:00Z,9.72,0.023,44.55,129.1,0.0,safe
SNS-zone_04-01,zone_04,2026-03-22T00:00:00Z,8.55,0.026,35.24,119.26,0.0,safe
SNS-zone_05-01,zone_05,2026-03-22T00:00:00Z,5.56,0.016,32.31,102.76,0.0,safe
SNS-zone_06-01,zone_06,2026-03-22T00:00:00Z,57.28,0.181,71.25,459.9,0.0,warning
SNS-zone_07-01,zone_07,2026-03-22T00:00:00Z,62.56,0.191,69.57,471.76,0.0,warning
SNS-zone_08-01,zone_08,2026-03-22T00:00:00Z,59.13,0.19,70.19,502.99,0.0,warning
SNS-zone_09-01,zone_09,2026-03-22T00:00:00Z,5.59,0.026,31.29,106.09,0.0,safe
SNS-zone_10-01,zone_10,2026-03-22T00:00:00Z,59.26,0.2,66.78,497.53,0.0,warning
SNS-zone_11-01,zone_11,2026-03-22T00:00:00Z,120.5,0.444,101.06,1039.43,0.0,evacuation
SNS-zone_12-01,zone_12,2026-03-22T00:00:00Z,120.5,0.446,99.74,1015.63,0.0,evacuation
SNS-zone_13-01,zone_13,2026-03-22T00:00:00Z,4.49,0.014,33.18,105.48,0.0,safe
SNS-zone_14-01,zone_14,2026-03-22T00:00:00Z,6.92,0.011,34.73,113.8,0.0,safe
SNS-zone_15-01,zone_15,2026-03-22T00:00:00Z,7.86,0.019,37.91,105.16,0.0,safe
SNS-zone_16-01,zone_16,2026-03-22T00:00:00Z,5.71,0.015,40.81,113.99,0.0,safe
SNS-zone_01-01,zone_01,2026-03-23T00:00:00Z,5.31,0.023,36.75,104.85,0.0,safe
SNS-zone_02-01,zone_02,2026-03-23T00:00:00Z,5.23,0.017,33.48,109.14,0.0,safe
SNS-zone_03-01,zone_03,2026-03-23T00:00:00Z,8.34,0.03,42.75,125.06,0.0,safe
SNS-zone_04-01,zone_04,2026-03-23T00:00:00Z,8.77,0.027,35.8,121.46,0.0,safe
SNS-zone_05-01,zone_05,2026-03-23T00:00:00Z,6.66,0.028,31.45,108.32,0.0,safe
SNS-zone_06-01,zone_06,2026-03-23T00:00:00Z,61.78,0.187,70.38,481.96,0.0,warning
SNS-zone_07-01,zone_07,2026-03-23T00:00:00Z,60.98,0.185,67.11,472.71,0.0,warning
SNS-zone_08-01,zone_08,2026-03-23T00:00:00Z,57.69,0.185,69.91,496.96,0.0,warning
SNS-zone_09-01,zone_09,2026-03-23T00:00:00Z,6.34,0.022,31.58,97.16,0.0,safe
SNS-zone_10-01,zone_10,2026-03-23T00:00:00Z,60.24,0.203,70.3,518.47,0.0,warning
SNS-zone_11-01,zone_11,2026-03-23T00:00:00Z,120.5,0.441,104.47,1034.41,0.0,evacuation
SNS-zone_12-01,zone_12,2026-03-23T00:00:00Z,120.5,0.431,97.01,997.94,0.0,evacuation
SNS-zone_13-01,zone_13,2026-03-23T00:00:00Z,5.26,0.024,32.76,98.78,0.0,safe
SNS-zone_14-01,zone_14,2026-03-23T00:00:00Z,5.79,0.025,35.38,102.57,0.0,safe
SNS-zone_15-01,zone_15,2026-03-23T00:00:00Z,5.71,0.022,33.43,109.43,0.0,safe
SNS-zone_16-01,zone_16,2026-03-23T00:00:00Z,4.89,0.021,40.28,108.48,0.0,safe
SNS-zone_01-01,zone_01,2026-03-24T00:00:00Z,5.96,0.015,34.15,107.67,0.0,safe
SNS-zone_02-01,zone_02,2026-03-24T00:00:00Z,5.82,0.02,34.78,110.36,0.0,safe
SNS-zone_03-01,zone_03,2026-03-24T00:00:00Z,7.75,0.019,43.13,120.39,0.0,safe
SNS-zone_04-01,zone_04,2026-03-24T00:00:00Z,7.76,0.027,33.13,116.08,0.0,safe
SNS-zone_05-01,zone_05,2026-03-24T00:00:00Z,6.53,0.028,31.02,104.01,0.0,safe
SNS-zone_06-01,zone_06,2026-03-24T00:00:00Z,57.65,0.19,70.43,469.91,0.0,warning
SNS-zone_07-01,zone_07,2026-03-24T00:00:00Z,57.57,0.178,68.29,454.28,0.0,warning
SNS-zone_08-01,zone_08,2026-03-24T00:00:00Z,56.6,0.179,65.43,482.48,0.0,warning
SNS-zone_09-01,zone_09,2026-03-24T00:00:00Z,5.01,0.021,34.28,98.69,0.0,safe
SNS-zone_10-01,zone_10,2026-03-24T00:00:00Z,58.7,0.186,67.21,517.67,0.0,warning
SNS-zone_11-01,zone_11,2026-03-24T00:00:00Z,120.5,0.442,96.24,1019.22,0.0,evacuation
SNS-zone_12-01,zone_12,2026-03-24T00:00:00Z,120.5,0.432,96.77,1027.1,0.0,evacuation
SNS-zone_13-01,zone_13,2026-03-24T00:00:00Z,4.65,0.019,31.54,95.84,0.0,safe
SNS-zone_14-01,zone_14,2026-03-24T00:00:00Z,5.89,0.029,37.09,114.35,0.0,safe
SNS-zone_15-01,zone_15,2026-03-24T00:00:00Z,6.11,0.026,38.3,118.62,0.0,safe
SNS-zone_16-01,zone_16,2026-03-24T00:00:00Z,4.79,0.015,38.4,111.01,0.0,safe
SNS-zone_01-01,zone_01,2026-03-25T00:00:00Z,6.63,0.021,36.48,108.58,0.0,safe
SNS-zone_02-01,zone_02,2026-03-25T00:00:00Z,6.33,0.026,34.45,115.04,0.0,safe
SNS-zone_03-01,zone_03,2026-03-25T00:00:00Z,5.71,0.021,42.71,124.57,0.0,safe
SNS-zone_04-01,zone_04,2026-03-25T00:00:00Z,6.88,0.025,34.0,110.71,0.0,safe
SNS-zone_05-01,zone_05,2026-03-25T00:00:00Z,5.75,0.021,31.19,109.02,0.0,safe
SNS-zone_06-01,zone_06,2026-03-25T00:00:00Z,57.49,0.193,71.81,481.88,0.0,warning
SNS-zone_07-01,zone_07,2026-03-25T00:00:00Z,58.11,0.185,69.98,468.96,0.0,warning
SNS-zone_08-01,zone_08,2026-03-25T00:00:00Z,57.93,0.189,64.49,492.61,0.0,warning
SNS-zone_09-01,zone_09,2026-03-25T00:00:00Z,5.69,0.018,32.08,100.41,0.0,safe
SNS-zone_10-01,zone_10,2026-03-25T00:00:00Z,56.22,0.19,71.13,492.66,0.0,warning
SNS-zone_11-01,zone_11,2026-03-25T00:00:00Z,120.5,0.45,95.81,1010.29,0.0,evacuation
SNS-zone_12-01,zone_12,2026-03-25T00:00:00Z,120.5,0.437,92.97,1010.08,0.0,evacuation
SNS-zone_13-01,zone_13,2026-03-25T00:00:00Z,4.34,0.016,29.51,98.34,0.0,safe
SNS-zone_14-01,zone_14,2026-03-25T00:00:00Z,3.7,0.018,33.22,103.06,0.0,safe
SNS-zone_15-01,zone_15,2026-03-25T00:00:00Z,5.24,0.02,35.97,103.68,0.0,safe
SNS-zone_16-01,zone_16,2026-03-25T00:00:00Z,6.15,0.019,42.28,114.3,0.0,safe
SNS-zone_01-01,zone_01,2026-03-26T00:00:00Z,5.24,0.029,34.81,108.5,0.0,safe
SNS-zone_02-01,zone_02,2026-03-26T00:00:00Z,4.33,0.022,35.13,100.71,0.0,safe
SNS-zone_03-01,zone_03,2026-03-26T00:00:00Z,9.0,0.025,46.07,132.07,0.0,safe
SNS-zone_04-01,zone_04,2026-03-26T00:00:00Z,6.83,0.024,35.91,118.8,0.0,safe
SNS-zone_05-01,zone_05,2026-03-26T00:00:00Z,6.01,0.016,31.34,103.36,0.0,safe
SNS-zone_06-01,zone_06,2026-03-26T00:00:00Z,60.3,0.184,68.03,474.79,0.0,warning
SNS-zone_07-01,zone_07,2026-03-26T00:00:00Z,57.4,0.186,67.03,464.13,0.0,warning
SNS-zone_08-01,zone_08,2026-03-26T00:00:00Z,58.62,0.187,67.91,500.39,0.0,warning
SNS-zone_09-01,zone_09,2026-03-26T00:00:00Z,5.11,0.016,30.27,99.92,0.0,safe
SNS-zone_10-01,zone_10,2026-03-26T00:00:00Z,58.04,0.194,68.75,494.29,0.0,warning
SNS-zone_11-01,zone_11,2026-03-26T00:00:00Z,120.5,0.445,98.02,1025.93,0.0,evacuation
SNS-zone_12-01,zone_12,2026-03-26T00:00:00Z,120.5,0.437,98.77,1043.27,0.0,evacuation
SNS-zone_13-01,zone_13,2026-03-26T00:00:00Z,6.17,0.022,31.34,103.68,0.0,safe
SNS-zone_14-01,zone_14,2026-03-26T00:00:00Z,4.91,0.02,32.43,105.37,0.0,safe
SNS-zone_15-01,zone_15,2026-03-26T00:00:00Z,4.91,0.019,36.39,112.17,0.0,safe
SNS-zone_16-01,zone_16,2026-03-26T00:00:00Z,3.82,0.017,40.25,100.42,0.0,safe
SNS-zone_01-01,zone_01,2026-03-27T00:00:00Z,4.62,0.017,34.46,98.49,1.9,safe
SNS-zone_02-01,zone_02,2026-03-27T00:00:00Z,6.38,0.016,35.72,112.22,1.9,safe
SNS-zone_03-01,zone_03,2026-03-27T00:00:00Z,8.86,0.018,43.64,122.97,1.9,safe
SNS-zone_04-01,zone_04,2026-03-27T00:00:00Z,7.33,0.025,34.74,118.0,1.9,safe
SNS-zone_05-01,zone_05,2026-03-27T00:00:00Z,4.89,0.025,33.84,104.58,1.9,safe
SNS-zone_06-01,zone_06,2026-03-27T00:00:00Z,60.83,0.187,72.72,480.13,1.9,warning
SNS-zone_07-01,zone_07,2026-03-27T00:00:00Z,57.75,0.181,68.54,457.16,1.9,warning
SNS-zone_08-01,zone_08,2026-03-27T00:00:00Z,58.21,0.188,64.55,495.0,1.9,warning
SNS-zone_09-01,zone_09,2026-03-27T00:00:00Z,6.08,0.023,33.08,105.12,1.9,safe
SNS-zone_10-01,zone_10,2026-03-27T00:00:00Z,54.94,0.179,66.8,481.89,1.9,warning
SNS-zone_11-01,zone_11,2026-03-27T00:00:00Z,120.5,0.429,98.9,1025.11,1.9,evacuation
SNS-zone_12-01,zone_12,2026-03-27T00:00:00Z,120.5,0.452,92.45,1020.64,1.9,evacuation
SNS-zone_13-01,zone_13,2026-03-27T00:00:00Z,4.31,0.024,33.42,106.87,1.9,safe
SNS-zone_14-01,zone_14,2026-03-27T00:00:00Z,5.08,0.013,33.32,103.78,1.9,safe
SNS-zone_15-01,zone_15,2026-03-27T00:00:00Z,4.57,0.014,35.39,107.51,1.9,safe
SNS-zone_16-01,zone_16,2026-03-27T00:00:00Z,5.34,0.026,40.04,109.39,1.9,safe
SNS-zone_01-01,zone_01,2026-03-28T00:00:00Z,6.47,0.023,34.47,106.38,0.0,safe
SNS-zone_02-01,zone_02,2026-03-28T00:00:00Z,4.24,0.021,36.33,103.6,0.0,safe
SNS-zone_03-01,zone_03,2026-03-28T00:00:00Z,7.7,0.029,41.49,126.01,0.0,safe
SNS-zone_04-01,zone_04,2026-03-28T00:00:00Z,6.55,0.021,37.45,118.38,0.0,safe
SNS-zone_05-01,zone_05,2026-03-28T00:00:00Z,4.23,0.012,30.39,99.59,0.0,safe
SNS-zone_06-01,zone_06,2026-03-28T00:00:00Z,58.21,0.191,69.09,477.4,0.0,warning
SNS-zone_07-01,zone_07,2026-03-28T00:00:00Z,60.18,0.184,63.04,471.72,0.0,warning
SNS-zone_08-01,zone_08,2026-03-28T00:00:00Z,55.62,0.176,64.26,490.52,0.0,warning
SNS-zone_09-01,zone_09,2026-03-28T00:00:00Z,4.07,0.018,33.05,109.36,0.0,safe
SNS-zone_10-01,zone_10,2026-03-28T00:00:00Z,58.51,0.194,68.52,491.36,0.0,warning
SNS-zone_11-01,zone_11,2026-03-28T00:00:00Z,120.5,0.448,95.63,1014.32,0.0,evacuation
SNS-zone_12-01,zone_12,2026-03-28T00:00:00Z,120.5,0.435,99.02,1038.75,0.0,evacuation
SNS-zone_13-01,zone_13,2026-03-28T00:00:00Z,6.07,0.019,31.89,105.77,0.0,safe
SNS-zone_14-01,zone_14,2026-03-28T00:00:00Z,3.96,0.013,33.95,104.48,0.0,safe
SNS-zone_15-01,zone_15,2026-03-28T00:00:00Z,6.1,0.021,36.11,110.53,0.0,safe
SNS-zone_16-01,zone_16,2026-03-28T00:00:00Z,4.12,0.015,38.25,108.92,0.0,safe
SNS-zone_01-01,zone_01,2026-03-29T00:00:00Z,5.8,0.019,34.35,116.81,0.0,safe
SNS-zone_02-01,zone_02,2026-03-29T00:00:00Z,7.34,0.022,37.34,116.11,0.0,safe
SNS-zone_03-01,zone_03,2026-03-29T00:00:00Z,5.16,0.018,40.62,120.07,0.0,safe
SNS-zone_04-01,zone_04,2026-03-29T00:00:00Z,7.0,0.035,33.53,113.28,0.0,safe
SNS-zone_05-01,zone_05,2026-03-29T00:00:00Z,5.04,0.014,30.66,99.75,0.0,safe
SNS-zone_06-01,zone_06,2026-03-29T00:00:00Z,58.9,0.196,69.3,467.11,0.0,warning
SNS-zone_07-01,zone_07,2026-03-29T00:00:00Z,55.7,0.171,65.79,467.11,0.0,warning
SNS-zone_08-01,zone_08,2026-03-29T00:00:00Z,55.66,0.176,67.2,490.99,0.0,warning
SNS-zone_09-01,zone_09,2026-03-29T00:00:00Z,5.46,0.023,33.42,104.32,0.0,safe
SNS-zone_10-01,zone_10,2026-03-29T00:00:00Z,57.4,0.181,65.09,489.83,0.0,warning
SNS-zone_11-01,zone_11,2026-03-29T00:00:00Z,120.5,0.457,96.9,1018.17,0.0,evacuation
SNS-zone_12-01,zone_12,2026-03-29T00:00:00Z,120.5,0.441,96.69,1014.48,0.0,evacuation
SNS-zone_13-01,zone_13,2026-03-29T00:00:00Z,5.76,0.022,32.07,108.51,0.0,safe
SNS-zone_14-01,zone_14,2026-03-29T00:00:00Z,4.52,0.021,35.21,102.41,0.0,safe
SNS-zone_15-01,zone_15,2026-03-29T00:00:00Z,4.03,0.019,36.19,101.04,0.0,safe
SNS-zone_16-01,zone_16,2026-03-29T00:00:00Z,4.95,0.02,38.48,104.99,0.0,safe
SNS-zone_01-01,zone_01,2026-03-30T00:00:00Z,5.53,0.028,33.67,108.04,0.0,safe
SNS-zone_02-01,zone_02,2026-03-30T00:00:00Z,5.41,0.028,35.49,105.73,0.0,safe
SNS-zone_03-01,zone_03,2026-03-30T00:00:00Z,6.94,0.023,39.5,122.93,0.0,safe
SNS-zone_04-01,zone_04,2026-03-30T00:00:00Z,5.92,0.014,34.23,111.98,0.0,safe
SNS-zone_05-01,zone_05,2026-03-30T00:00:00Z,4.78,0.019,32.82,108.29,0.0,safe
SNS-zone_06-01,zone_06,2026-03-30T00:00:00Z,56.89,0.184,68.37,461.15,0.0,warning
SNS-zone_07-01,zone_07,2026-03-30T00:00:00Z,56.08,0.182,66.25,463.21,0.0,warning
SNS-zone_08-01,zone_08,2026-03-30T00:00:00Z,55.7,0.198,65.13,489.04,0.0,warning
SNS-zone_09-01,zone_09,2026-03-30T00:00:00Z,3.56,0.016,32.85,98.35,0.0,safe
SNS-zone_10-01,zone_10,2026-03-30T00:00:00Z,55.32,0.168,68.34,490.16,0.0,warning
SNS-zone_11-01,zone_11,2026-03-30T00:00:00Z,120.5,0.436,96.11,1030.12,0.0,evacuation
SNS-zone_12-01,zone_12,2026-03-30T00:00:00Z,120.5,0.457,90.31,1003.48,0.0,evacuation
SNS-zone_13-01,zone_13,2026-03-30T00:00:00Z,4.85,0.024,29.81,103.2,0.0,safe
SNS-zone_14-01,zone_14,2026-03-30T00:00:00Z,4.92,0.018,32.85,100.01,0.0,safe
SNS-zone_15-01,zone_15,2026-03-30T00:00:00Z,5.45,0.026,36.45,108.56,0.0,safe
SNS-zone_16-01,zone_16,2026-03-30T00:00:00Z,4.01,0.02,38.98,99.09,0.0,safe
SNS-zone_01-01,zone_01,2026-03-31T00:00:00Z,4.28,0.024,34.87,106.0,0.0,safe
SNS-zone_02-01,zone_02,2026-03-31T00:00:00Z,4.97,0.022,35.04,108.14,0.0,safe
SNS-zone_03-01,zone_03,2026-03-31T00:00:00Z,6.55,0.017,41.25,119.4,0.0,safe
SNS-zone_04-01,zone_04,2026-03-31T00:00:00Z,6.69,0.027,34.25,116.0,0.0,safe
SNS-zone_05-01,zone_05,2026-03-31T00:00:00Z,4.79,0.016,29.77,98.37,0.0,safe
SNS-zone_06-01,zone_06,2026-03-31T00:00:00Z,57.91,0.18,68.02,458.88,0.0,warning
SNS-zone_07-01,zone_07,2026-03-31T00:00:00Z,55.52,0.182,62.67,442.07,0.0,warning
SNS-zone_08-01,zone_08,2026-03-31T00:00:00Z,54.79,0.19,65.26,481.01,0.0,warning
SNS-zone_09-01,zone_09,2026-03-31T00:00:00Z,3.53,0.025,31.93,103.1,0.0,safe
SNS-zone_10-01,zone_10,2026-03-31T00:00:00Z,57.21,0.177,68.35,498.81,0.0,warning
SNS-zone_11-01,zone_11,2026-03-31T00:00:00Z,120.5,0.436,90.5,1006.77,0.0,evacuation
SNS-zone_12-01,zone_12,2026-03-31T00:00:00Z,120.5,0.454,95.0,1025.6,0.0,evacuation
SNS-zone_13-01,zone_13,2026-03-31T00:00:00Z,4.82,0.024,30.08,94.43,0.0,safe
SNS-zone_14-01,zone_14,2026-03-31T00:00:00Z,3.66,0.02,34.29,96.45,0.0,safe
SNS-zone_15-01,zone_15,2026-03-31T00:00:00Z,5.21,0.017,37.97,114.16,0.0,safe
SNS-zone_16-01,zone_16,2026-03-31T00:00:00Z,4.44,0.019,38.24,105.66,0.0,safe
SNS-zone_01-01,zone_01,2026-04-01T00:00:00Z,4.87,0.025,35.08,109.55,0.0,safe
SNS-zone_02-01,zone_02,2026-04-01T00:00:00Z,3.97,0.015,35.71,101.58,0.0,safe
SNS-zone_03-01,zone_03,2026-04-01T00:00:00Z,6.97,0.024,40.85,122.74,0.0,safe
SNS-zone_04-01,zone_04,2026-04-01T00:00:00Z,6.44,0.018,33.68,108.44,0.0,safe
SNS-zone_05-01,zone_05,2026-04-01T00:00:00Z,3.97,0.025,32.52,92.94,0.0,safe
SNS-zone_06-01,zone_06,2026-04-01T00:00:00Z,57.07,0.18,72.36,449.12,0.0,warning
SNS-zone_07-01,zone_07,2026-04-01T00:00:00Z,52.99,0.173,68.25,443.42,0.0,warning
SNS-zone_08-01,zone_08,2026-04-01T00:00:00Z,56.23,0.192,67.11,499.39,0.0,warning
SNS-zone_09-01,zone_09,2026-04-01T00:00:00Z,5.48,0.018,33.61,103.75,0.0,safe
SNS-zone_10-01,zone_10,2026-04-01T00:00:00Z,54.81,0.203,68.62,487.81,0.0,warning
SNS-zone_11-01,zone_11,2026-04-01T00:00:00Z,120.5,0.443,91.2,1032.46,0.0,evacuation
SNS-zone_12-01,zone_12,2026-04-01T00:00:00Z,120.5,0.45,96.48,1006.0,0.0,evacuation
SNS-zone_13-01,zone_13,2026-04-01T00:00:00Z,5.1,0.025,29.6,95.19,0.0,safe
SNS-zone_14-01,zone_14,2026-04-01T00:00:00Z,4.6,0.02,33.71,104.43,0.0,safe
SNS-zone_15-01,zone_15,2026-04-01T00:00:00Z,4.88,0.019,34.59,99.4,0.0,safe
SNS-zone_16-01,zone_16,2026-04-01T00:00:00Z,4.62,0.025,39.49,106.62,0.0,safe
SNS-zone_01-01,zone_01,2026-04-02T00:00:00Z,4.9,0.021,35.69,105.35,0.0,safe
SNS-zone_02-01,zone_02,2026-04-02T00:00:00Z,5.01,0.027,35.17,107.54,0.0,safe
SNS-zone_03-01,zone_03,2026-04-02T00:00:00Z,6.31,0.023,40.43,110.59,0.0,safe
SNS-zone_04-01,zone_04,2026-04-02T00:00:00Z,5.44,0.018,34.59,108.44,0.0,safe
SNS-zone_05-01,zone_05,2026-04-02T00:00:00Z,3.9,0.026,30.1,90.4,0.0,safe
SNS-zone_06-01,zone_06,2026-04-02T00:00:00Z,53.92,0.178,65.15,423.27,0.0,warning
SNS-zone_07-01,zone_07,2026-04-02T00:00:00Z,56.46,0.187,64.84,454.42,0.0,warning
SNS-zone_08-01,zone_08,2026-04-02T00:00:00Z,52.74,0.189,67.19,488.15,0.0,warning
SNS-zone_09-01,zone_09,2026-04-02T00:00:00Z,4.9,0.02,31.45,102.27,0.0,safe
SNS-zone_10-01,zone_10,2026-04-02T00:00:00Z,56.77,0.192,65.0,497.18,0.0,warning
SNS-zone_11-01,zone_11,2026-04-02T00:00:00Z,120.5,0.457,95.49,1006.6,0.0,evacuation
SNS-zone_12-01,zone_12,2026-04-02T00:00:00Z,120.5,0.474,89.07,1027.99,0.0,evacuation
SNS-zone_13-01,zone_13,2026-04-02T00:00:00Z,3.76,0.017,30.88,100.75,0.0,safe
SNS-zone_14-01,zone_14,2026-04-02T00:00:00Z,4.46,0.013,34.41,95.53,0.0,safe
SNS-zone_15-01,zone_15,2026-04-02T00:00:00Z,5.51,0.018,36.84,107.74,0.0,safe
SNS-zone_16-01,zone_16,2026-04-02T00:00:00Z,4.2,0.022,37.4,109.57,0.0,safe
SNS-zone_01-01,zone_01,2026-04-03T00:00:00Z,4.3,0.018,35.89,106.27,2.6,safe
SNS-zone_02-01,zone_02,2026-04-03T00:00:00Z,5.48,0.019,35.01,102.3,2.6,safe
SNS-zone_03-01,zone_03,2026-04-03T00:00:00Z,5.95,0.023,43.87,120.17,2.6,safe
SNS-zone_04-01,zone_04,2026-04-03T00:00:00Z,8.57,0.018,35.31,113.58,2.6,safe
SNS-zone_05-01,zone_05,2026-04-03T00:00:00Z,5.0,0.022,29.52,103.11,2.6,safe
SNS-zone_06-01,zone_06,2026-04-03T00:00:00Z,57.0,0.185,67.21,447.81,2.6,warning
SNS-zone_07-01,zone_07,2026-04-03T00:00:00Z,57.26,0.179,65.33,465.2,2.6,warning
SNS-zone_08-01,zone_08,2026-04-03T00:00:00Z,55.3,0.18,63.17,478.6,2.6,warning
SNS-zone_09-01,zone_09,2026-04-03T00:00:00Z,5.27,0.018,34.24,101.96,2.6,safe
SNS-zone_10-01,zone_10,2026-04-03T00:00:00Z,57.2,0.189,67.91,500.28,2.6,warning
SNS-zone_11-01,zone_11,2026-04-03T00:00:00Z,120.5,0.459,93.69,1014.75,2.6,evacuation
SNS-zone_12-01,zone_12,2026-04-03T00:00:00Z,120.5,0.459,95.12,1015.91,2.6,evacuation
SNS-zone_13-01,zone_13,2026-04-03T00:00:00Z,4.73,0.016,31.72,94.35,2.6,safe
SNS-zone_14-01,zone_14,2026-04-03T00:00:00Z,4.95,0.019,36.37,110.69,2.6,safe
SNS-zone_15-01,zone_15,2026-04-03T00:00:00Z,4.09,0.019,36.68,104.47,2.6,safe
SNS-zone_16-01,zone_16,2026-04-03T00:00:00Z,4.3,0.022,38.82,104.0,2.6,safe
SNS-zone_01-01,zone_01,2026-04-04T00:00:00Z,6.14,0.022,34.61,108.57,1.4,safe
SNS-zone_02-01,zone_02,2026-04-04T00:00:00Z,5.8,0.021,35.96,107.3,1.4,safe
SNS-zone_03-01,zone_03,2026-04-04T00:00:00Z,6.97,0.015,43.82,122.24,1.4,safe
SNS-zone_04-01,zone_04,2026-04-04T00:00:00Z,7.34,0.022,34.63,115.78,1.4,safe
SNS-zone_05-01,zone_05,2026-04-04T00:00:00Z,3.76,0.02,31.1,94.99,1.4,safe
SNS-zone_06-01,zone_06,2026-04-04T00:00:00Z,59.61,0.196,68.78,482.37,1.4,warning
SNS-zone_07-01,zone_07,2026-04-04T00:00:00Z,57.43,0.184,68.15,471.82,1.4,warning
SNS-zone_08-01,zone_08,2026-04-04T00:00:00Z,57.29,0.198,65.0,501.24,1.4,warning
SNS-zone_09-01,zone_09,2026-04-04T00:00:00Z,5.95,0.029,33.59,108.44,1.4,safe
SNS-zone_10-01,zone_10,2026-04-04T00:00:00Z,54.96,0.192,70.47,502.68,1.4,warning
SNS-zone_11-01,zone_11,2026-04-04T00:00:00Z,120.5,0.442,94.51,1010.24,1.4,evacuation
SNS-zone_12-01,zone_12,2026-04-04T00:00:00Z,120.5,0.43,92.63,1007.45,1.4,evacuation
SNS-zone_13-01,zone_13,2026-04-04T00:00:00Z,6.21,0.028,30.4,106.96,1.4,safe
SNS-zone_14-01,zone_14,2026-04-04T00:00:00Z,4.76,0.021,34.1,113.79,1.4,safe
SNS-zone_15-01,zone_15,2026-04-04T00:00:00Z,5.19,0.018,36.38,104.13,1.4,safe
SNS-zone_16-01,zone_16,2026-04-04T00:00:00Z,5.32,0.03,39.21,111.97,1.4,safe
SNS-zone_01-01,zone_01,2026-04-05T00:00:00Z,5.59,0.03,32.84,107.12,0.3,safe
SNS-zone_02-01,zone_02,2026-04-05T00:00:00Z,4.71,0.022,33.22,106.4,0.3,safe
SNS-zone_03-01,zone_03,2026-04-05T00:00:00Z,8.81,0.025,42.32,128.92,0.3,safe
SNS-zone_04-01,zone_04,2026-04-05T00:00:00Z,7.47,0.016,34.44,119.17,0.3,safe
SNS-zone_05-01,zone_05,2026-04-05T00:00:00Z,5.15,0.025,30.15,103.26,0.3,safe
SNS-zone_06-01,zone_06,2026-04-05T00:00:00Z,60.0,0.179,68.75,459.83,0.3,warning
SNS-zone_07-01,zone_07,2026-04-05T00:00:00Z,56.96,0.187,67.22,459.92,0.3,warning
SNS-zone_08-01,zone_08,2026-04-05T00:00:00Z,55.44,0.191,64.14,497.72,0.3,warning
SNS-zone_09-01,zone_09,2026-04-05T00:00:00Z,5.34,0.016,34.67,102.6,0.3,safe
SNS-zone_10-01,zone_10,2026-04-05T00:00:00Z,58.38,0.176,68.75,502.32,0.3,warning
SNS-zone_11-01,zone_11,2026-04-05T00:00:00Z,120.5,0.439,87.52,1014.34,0.3,evacuation
SNS-zone_12-01,zone_12,2026-04-05T00:00:00Z,120.5,0.463,98.84,1011.27,0.3,evacuation
SNS-zone_13-01,zone_13,2026-04-05T00:00:00Z,4.56,0.018,32.82,101.31,0.3,safe
SNS-zone_14-01,zone_14,2026-04-05T00:00:00Z,3.67,0.018,33.45,108.49,0.3,safe
SNS-zone_15-01,zone_15,2026-04-05T00:00:00Z,3.7,0.023,35.43,104.21,0.3,safe
SNS-zone_16-01,zone_16,2026-04-05T00:00:00Z,4.34,0.019,40.39,104.01,0.3,safe
SNS-zone_01-01,zone_01,2026-04-06T00:00:00Z,5.04,0.027,34.01,105.5,0.2,safe
SNS-zone_02-01,zone_02,2026-04-06T00:00:00Z,4.9,0.018,35.56,105.9,0.2,safe
SNS-zone_03-01,zone_03,2026-04-06T00:00:00Z,7.01,0.027,42.46,120.23,0.2,safe
SNS-zone_04-01,zone_04,2026-04-06T00:00:00Z,7.19,0.031,34.14,110.28,0.2,safe
SNS-zone_05-01,zone_05,2026-04-06T00:00:00Z,6.62,0.022,29.54,106.45,0.2,safe
SNS-zone_06-01,zone_06,2026-04-06T00:00:00Z,60.07,0.189,68.99,471.17,0.2,warning
SNS-zone_07-01,zone_07,2026-04-06T00:00:00Z,54.81,0.166,67.28,465.58,0.2,warning
SNS-zone_08-01,zone_08,2026-04-06T00:00:00Z,57.19,0.193,65.58,494.59,0.2,warning
SNS-zone_09-01,zone_09,2026-04-06T00:00:00Z,5.46,0.023,32.17,110.81,0.2,safe
SNS-zone_10-01,zone_10,2026-04-06T00:00:00Z,54.99,0.175,67.1,484.06,0.2,warning
SNS-zone_11-01,zone_11,2026-04-06T00:00:00Z,120.5,0.425,93.24,1026.64,0.2,evacuation
SNS-zone_12-01,zone_12,2026-04-06T00:00:00Z,120.5,0.441,96.98,1020.09,0.2,evacuation
SNS-zone_13-01,zone_13,2026-04-06T00:00:00Z,3.39,0.014,29.96,96.03,0.2,safe
SNS-zone_14-01,zone_14,2026-04-06T00:00:00Z,5.55,0.024,34.89,104.84,0.2,safe
SNS-zone_15-01,zone_15,2026-04-06T00:00:00Z,4.65,0.023,37.19,103.83,0.2,safe
SNS-zone_16-01,zone_16,2026-04-06T00:00:00Z,3.09,0.02,39.79,103.33,0.2,safe
SNS-zone_01-01,zone_01,2026-04-07T00:00:00Z,4.93,0.021,34.15,106.83,0.0,safe
SNS-zone_02-01,zone_02,2026-04-07T00:00:00Z,5.04,0.018,35.69,108.34,0.0,safe
SNS-zone_03-01,zone_03,2026-04-07T00:00:00Z,6.85,0.028,42.2,118.87,0.0,safe
SNS-zone_04-01,zone_04,2026-04-07T00:00:00Z,6.81,0.021,33.7,114.68,0.0,safe
SNS-zone_05-01,zone_05,2026-04-07T00:00:00Z,6.6,0.021,32.22,100.52,0.0,safe
SNS-zone_06-01,zone_06,2026-04-07T00:00:00Z,57.69,0.192,66.31,469.28,0.0,warning
SNS-zone_07-01,zone_07,2026-04-07T00:00:00Z,56.13,0.196,64.83,458.05,0.0,warning
SNS-zone_08-01,zone_08,2026-04-07T00:00:00Z,56.62,0.183,64.57,479.49,0.0,warning
SNS-zone_09-01,zone_09,2026-04-07T00:00:00Z,4.51,0.023,33.96,105.67,0.0,safe
SNS-zone_10-01,zone_10,2026-04-07T00:00:00Z,55.32,0.191,66.06,470.48,0.0,warning
SNS-zone_11-01,zone_11,2026-04-07T00:00:00Z,120.5,0.449,95.04,1007.66,0.0,evacuation
SNS-zone_12-01,zone_12,2026-04-07T00:00:00Z,120.5,0.44,95.83,1021.51,0.0,evacuation
SNS-zone_13-01,zone_13,2026-04-07T00:00:00Z,6.4,0.023,30.64,102.02,0.0,safe
SNS-zone_14-01,zone_14,2026-04-07T00:00:00Z,3.91,0.019,33.17,105.54,0.0,safe
SNS-zone_15-01,zone_15,2026-04-07T00:00:00Z,4.88,0.02,36.9,114.28,0.0,safe
SNS-zone_16-01,zone_16,2026-04-07T00:00:00Z,5.48,0.024,39.19,105.03,0.0,safe
SNS-zone_01-01,zone_01,2026-04-08T00:00:00Z,4.73,0.016,33.64,107.66,0.0,safe
SNS-zone_02-01,zone_02,2026-04-08T00:00:00Z,5.46,0.018,32.19,101.59,0.0,safe
SNS-zone_03-01,zone_03,2026-04-08T00:00:00Z,6.25,0.021,42.61,125.75,0.0,safe
SNS-zone_04-01,zone_04,2026-04-08T00:00:00Z,6.34,0.021,32.15,113.56,0.0,safe
SNS-zone_05-01,zone_05,2026-04-08T00:00:00Z,4.73,0.02,27.97,98.59,0.0,safe
SNS-zone_06-01,zone_06,2026-04-08T00:00:00Z,54.86,0.181,67.58,444.32,0.0,warning
SNS-zone_07-01,zone_07,2026-04-08T00:00:00Z,55.15,0.181,62.51,431.48,0.0,warning
SNS-zone_08-01,zone_08,2026-04-08T00:00:00Z,55.43,0.182,63.74,479.21,0.0,warning
SNS-zone_09-01,zone_09,2026-04-08T00:00:00Z,4.25,0.021,30.11,102.12,0.0,safe
SNS-zone_10-01,zone_10,2026-04-08T00:00:00Z,56.9,0.188,70.66,499.4,0.0,warning
SNS-zone_11-01,zone_11,2026-04-08T00:00:00Z,120.5,0.454,100.36,1032.35,0.0,evacuation
SNS-zone_12-01,zone_12,2026-04-08T00:00:00Z,120.5,0.445,94.62,1014.09,0.0,evacuation
SNS-zone_13-01,zone_13,2026-04-08T00:00:00Z,4.8,0.019,31.69,102.56,0.0,safe
SNS-zone_14-01,zone_14,2026-04-08T00:00:00Z,4.91,0.014,34.43,107.21,0.0,safe
SNS-zone_15-01,zone_15,2026-04-08T00:00:00Z,4.26,0.022,35.74,98.29,0.0,safe
SNS-zone_16-01,zone_16,2026-04-08T00:00:00Z,5.34,0.022,40.84,106.49,0.0,safe
SNS-zone_01-01,zone_01,2026-04-09T00:00:00Z,3.91,0.013,34.26,106.86,0.0,safe
SNS-zone_02-01,zone_02,2026-04-09T00:00:00Z,4.16,0.022,35.54,108.32,0.0,safe
SNS-zone_03-01,zone_03,2026-04-09T00:00:00Z,5.96,0.024,40.77,111.74,0.0,safe
SNS-zone_04-01,zone_04,2026-04-09T00:00:00Z,7.3,0.022,33.27,111.86,0.0,safe
SNS-zone_05-01,zone_05,2026-04-09T00:00:00Z,2.84,0.024,29.98,96.27,0.0,safe
SNS-zone_06-01,zone_06,2026-04-09T00:00:00Z,53.85,0.175,66.61,446.8,0.0,warning
SNS-zone_07-01,zone_07,2026-04-09T00:00:00Z,58.01,0.195,66.17,463.42,0.0,warning
SNS-zone_08-01,zone_08,2026-04-09T00:00:00Z,56.64,0.175,62.06,487.47,0.0,warning
SNS-zone_09-01,zone_09,2026-04-09T00:00:00Z,2.53,0.017,31.0,93.71,0.0,safe
SNS-zone_10-01,zone_10,2026-04-09T00:00:00Z,55.95,0.18,65.7,490.72,0.0,warning
SNS-zone_11-01,zone_11,2026-04-09T00:00:00Z,120.5,0.424,93.4,1013.53,0.0,evacuation
SNS-zone_12-01,zone_12,2026-04-09T00:00:00Z,120.5,0.455,98.09,1014.28,0.0,evacuation
SNS-zone_13-01,zone_13,2026-04-09T00:00:00Z,3.71,0.012,30.27,100.57,0.0,safe
SNS-zone_14-01,zone_14,2026-04-09T00:00:00Z,4.22,0.021,33.04,98.14,0.0,safe
SNS-zone_15-01,zone_15,2026-04-09T00:00:00Z,4.88,0.019,35.85,113.52,0.0,safe
SNS-zone_16-01,zone_16,2026-04-09T00:00:00Z,3.35,0.015,38.87,104.14,0.0,safe
SNS-zone_01-01,zone_01,2026-04-10T00:00:00Z,4.69,0.02,33.36,109.22,0.0,safe
SNS-zone_02-01,zone_02,2026-04-10T00:00:00Z,3.3,0.02,35.47,106.78,0.0,safe
SNS-zone_03-01,zone_03,2026-04-10T00:00:00Z,5.48,0.021,39.44,107.72,0.0,safe
SNS-zone_04-01,zone_04,2026-04-10T00:00:00Z,7.08,0.027,34.4,123.5,0.0,safe
SNS-zone_05-01,zone_05,2026-04-10T00:00:00Z,4.74,0.022,30.0,93.11,0.0,safe
SNS-zone_06-01,zone_06,2026-04-10T00:00:00Z,56.07,0.18,67.45,458.87,0.0,warning
SNS-zone_07-01,zone_07,2026-04-10T00:00:00Z,54.71,0.183,66.59,441.57,0.0,warning
SNS-zone_08-01,zone_08,2026-04-10T00:00:00Z,56.17,0.182,63.14,483.81,0.0,warning
SNS-zone_09-01,zone_09,2026-04-10T00:00:00Z,4.5,0.023,31.33,102.3,0.0,safe
SNS-zone_10-01,zone_10,2026-04-10T00:00:00Z,53.44,0.182,69.31,493.79,0.0,warning
SNS-zone_11-01,zone_11,2026-04-10T00:00:00Z,120.5,0.445,93.06,1014.33,0.0,evacuation
SNS-zone_12-01,zone_12,2026-04-10T00:00:00Z,120.5,0.444,92.29,1043.1,0.0,evacuation
SNS-zone_13-01,zone_13,2026-04-10T00:00:00Z,3.27,0.017,31.66,101.52,0.0,safe
SNS-zone_14-01,zone_14,2026-04-10T00:00:00Z,5.47,0.022,35.11,105.38,0.0,safe
SNS-zone_15-01,zone_15,2026-04-10T00:00:00Z,4.77,0.017,33.11,103.55,0.0,safe
SNS-zone_16-01,zone_16,2026-04-10T00:00:00Z,4.8,0.017,40.72,106.7,0.0,safe
SNS-zone_01-01,zone_01,2026-04-11T00:00:00Z,5.82,0.013,33.31,99.83,0.0,safe
SNS-zone_02-01,zone_02,2026-04-11T00:00:00Z,4.43,0.022,34.16,96.11,0.0,safe
SNS-zone_03-01,zone_03,2026-04-11T00:00:00Z,6.12,0.018,41.39,115.79,0.0,safe
SNS-zone_04-01,zone_04,2026-04-11T00:00:00Z,5.97,0.022,35.56,108.5,0.0,safe
SNS-zone_05-01,zone_05,2026-04-11T00:00:00Z,3.71,0.018,30.19,94.07,0.0,safe
SNS-zone_06-01,zone_06,2026-04-11T00:00:00Z,53.67,0.18,68.64,453.31,0.0,warning
SNS-zone_07-01,zone_07,2026-04-11T00:00:00Z,57.1,0.194,62.74,453.54,0.0,warning
SNS-zone_08-01,zone_08,2026-04-11T00:00:00Z,56.06,0.192,64.39,478.06,0.0,warning
SNS-zone_09-01,zone_09,2026-04-11T00:00:00Z,3.27,0.021,29.53,94.11,0.0,safe
SNS-zone_10-01,zone_10,2026-04-11T00:00:00Z,56.06,0.185,69.56,493.9,0.0,warning
SNS-zone_11-01,zone_11,2026-04-11T00:00:00Z,120.5,0.448,96.73,1027.47,0.0,evacuation
SNS-zone_12-01,zone_12,2026-04-11T00:00:00Z,120.5,0.428,91.42,1035.51,0.0,evacuation
SNS-zone_13-01,zone_13,2026-04-11T00:00:00Z,4.78,0.019,28.98,102.07,0.0,safe
SNS-zone_14-01,zone_14,2026-04-11T00:00:00Z,4.82,0.028,34.17,100.64,0.0,safe
SNS-zone_15-01,zone_15,2026-04-11T00:00:00Z,4.95,0.019,36.35,103.07,0.0,safe
SNS-zone_16-01,zone_16,2026-04-11T00:00:00Z,4.26,0.022,39.11,112.28,0.0,safe
SNS-zone_01-01,zone_01,2026-04-12T00:00:00Z,3.86,0.022,34.47,98.09,0.0,safe
SNS-zone_02-01,zone_02,2026-04-12T00:00:00Z,3.18,0.023,33.33,93.2,0.0,safe
SNS-zone_03-01,zone_03,2026-04-12T00:00:00Z,5.87,0.019,42.07,121.43,0.0,safe
SNS-zone_04-01,zone_04,2026-04-12T00:00:00Z,5.45,0.023,34.25,109.02,0.0,safe
SNS-zone_05-01,zone_05,2026-04-12T00:00:00Z,3.21,0.018,31.09,95.32,0.0,safe
SNS-zone_06-01,zone_06,2026-04-12T00:00:00Z,56.47,0.184,65.52,449.73,0.0,warning
SNS-zone_07-01,zone_07,2026-04-12T00:00:00Z,55.38,0.181,64.47,453.6,0.0,warning
SNS-zone_08-01,zone_08,2026-04-12T00:00:00Z,55.42,0.182,62.99,485.25,0.0,warning
SNS-zone_09-01,zone_09,2026-04-12T00:00:00Z,4.64,0.019,32.91,100.81,0.0,safe
SNS-zone_10-01,zone_10,2026-04-12T00:00:00Z,53.74,0.169,66.1,478.36,0.0,warning
SNS-zone_11-01,zone_11,2026-04-12T00:00:00Z,120.5,0.457,90.84,1015.08,0.0,evacuation
SNS-zone_12-01,zone_12,2026-04-12T00:00:00Z,120.5,0.433,92.81,1018.81,0.0,evacuation
SNS-zone_13-01,zone_13,2026-04-12T00:00:00Z,2.43,0.023,31.29,89.97,0.0,safe
SNS-zone_14-01,zone_14,2026-04-12T00:00:00Z,5.02,0.023,34.71,110.06,0.0,safe
SNS-zone_15-01,zone_15,2026-04-12T00:00:00Z,3.68,0.01,37.6,105.47,0.0,safe
SNS-zone_16-01,zone_16,2026-04-12T00:00:00Z,4.05,0.025,39.59,101.19,0.0,safe
SNS-zone_01-01,zone_01,2026-04-13T00:00:00Z,3.76,0.023,34.2,96.53,0.0,safe
SNS-zone_02-01,zone_02,2026-04-13T00:00:00Z,5.44,0.014,33.78,103.07,0.0,safe
SNS-zone_03-01,zone_03,2026-04-13T00:00:00Z,7.3,0.022,41.69,125.61,0.0,safe
SNS-zone_04-01,zone_04,2026-04-13T00:00:00Z,6.66,0.021,34.52,114.23,0.0,safe
SNS-zone_05-01,zone_05,2026-04-13T00:00:00Z,5.65,0.019,29.28,97.36,0.0,safe
SNS-zone_06-01,zone_06,2026-04-13T00:00:00Z,56.21,0.18,70.25,462.89,0.0,warning
SNS-zone_07-01,zone_07,2026-04-13T00:00:00Z,55.41,0.172,64.47,444.64,0.0,warning
SNS-zone_08-01,zone_08,2026-04-13T00:00:00Z,54.94,0.174,62.51,496.32,0.0,warning
SNS-zone_09-01,zone_09,2026-04-13T00:00:00Z,4.83,0.024,31.43,97.48,0.0,safe
SNS-zone_10-01,zone_10,2026-04-13T00:00:00Z,55.51,0.17,64.27,490.01,0.0,warning
SNS-zone_11-01,zone_11,2026-04-13T00:00:00Z,120.5,0.447,93.02,1023.21,0.0,evacuation
SNS-zone_12-01,zone_12,2026-04-13T00:00:00Z,120.5,0.444,90.38,1028.86,0.0,evacuation
SNS-zone_13-01,zone_13,2026-04-13T00:00:00Z,2.72,0.014,30.13,91.88,0.0,safe
SNS-zone_14-01,zone_14,2026-04-13T00:00:00Z,4.1,0.021,32.34,93.81,0.0,safe
SNS-zone_15-01,zone_15,2026-04-13T00:00:00Z,4.34,0.014,34.02,107.75,0.0,safe
SNS-zone_16-01,zone_16,2026-04-13T00:00:00Z,5.46,0.029,38.96,111.75,0.0,safe
SNS-zone_01-01,zone_01,2026-04-14T00:00:00Z,4.1,0.015,34.66,110.34,0.0,safe
SNS-zone_02-01,zone_02,2026-04-14T00:00:00Z,5.16,0.018,33.17,103.26,0.0,safe
SNS-zone_03-01,zone_03,2026-04-14T00:00:00Z,6.02,0.021,41.74,120.17,0.0,safe
SNS-zone_04-01,zone_04,2026-04-14T00:00:00Z,5.25,0.021,33.44,115.39,0.0,safe
SNS-zone_05-01,zone_05,2026-04-14T00:00:00Z,5.61,0.017,29.4,103.03,0.0,safe
SNS-zone_06-01,zone_06,2026-04-14T00:00:00Z,55.71,0.176,69.8,455.47,0.0,warning
SNS-zone_07-01,zone_07,2026-04-14T00:00:00Z,55.79,0.196,67.43,457.86,0.0,warning
SNS-zone_08-01,zone_08,2026-04-14T00:00:00Z,54.91,0.176,67.33,490.27,0.0,warning
SNS-zone_09-01,zone_09,2026-04-14T00:00:00Z,4.14,0.014,32.53,98.09,0.0,safe
SNS-zone_10-01,zone_10,2026-04-14T00:00:00Z,56.15,0.182,65.61,490.22,0.0,warning
SNS-zone_11-01,zone_11,2026-04-14T00:00:00Z,120.5,0.457,97.34,1036.92,0.0,evacuation
SNS-zone_12-01,zone_12,2026-04-14T00:00:00Z,120.5,0.442,93.83,1001.78,0.0,evacuation
SNS-zone_13-01,zone_13,2026-04-14T00:00:00Z,3.88,0.019,30.17,98.22,0.0,safe
SNS-zone_14-01,zone_14,2026-04-14T00:00:00Z,4.14,0.018,33.34,106.44,0.0,safe
SNS-zone_15-01,zone_15,2026-04-14T00:00:00Z,3.88,0.014,35.86,107.56,0.0,safe
SNS-zone_16-01,zone_16,2026-04-14T00:00:00Z,3.03,0.018,40.2,104.04,0.0,safe
SNS-zone_01-01,zone_01,2026-04-15T00:00:00Z,3.59,0.02,32.02,98.66,0.0,safe
SNS-zone_02-01,zone_02,2026-04-15T00:00:00Z,4.55,0.026,34.68,108.53,0.0,safe
SNS-zone_03-01,zone_03,2026-04-15T00:00:00Z,6.34,0.019,41.21,116.33,0.0,safe
SNS-zone_04-01,zone_04,2026-04-15T00:00:00Z,5.43,0.017,33.76,120.83,0.0,safe
SNS-zone_05-01,zone_05,2026-04-15T00:00:00Z,4.3,0.018,31.88,101.43,0.0,safe
SNS-zone_06-01,zone_06,2026-04-15T00:00:00Z,54.82,0.19,64.32,449.32,0.0,warning
SNS-zone_07-01,zone_07,2026-04-15T00:00:00Z,56.57,0.176,64.66,457.3,0.0,warning
SNS-zone_08-01,zone_08,2026-04-15T00:00:00Z,54.49,0.183,62.84,473.99,0.0,warning
SNS-zone_09-01,zone_09,2026-04-15T00:00:00Z,3.88,0.018,31.49,89.47,0.0,safe
SNS-zone_10-01,zone_10,2026-04-15T00:00:00Z,54.44,0.186,65.05,480.17,0.0,warning
SNS-zone_11-01,zone_11,2026-04-15T00:00:00Z,120.5,0.455,89.76,1016.29,0.0,evacuation
SNS-zone_12-01,zone_12,2026-04-15T00:00:00Z,120.5,0.451,95.23,1025.09,0.0,evacuation
SNS-zone_13-01,zone_13,2026-04-15T00:00:00Z,4.48,0.025,31.99,102.78,0.0,safe
SNS-zone_14-01,zone_14,2026-04-15T00:00:00Z,4.16,0.019,33.22,94.17,0.0,safe
SNS-zone_15-01,zone_15,2026-04-15T00:00:00Z,3.62,0.019,36.27,104.48,0.0,safe
SNS-zone_16-01,zone_16,2026-04-15T00:00:00Z,3.84,0.019,38.4,101.0,0.0,safe
SNS-zone_01-01,zone_01,2026-04-16T00:00:00Z,4.4,0.026,33.54,97.45,0.0,safe
SNS-zone_02-01,zone_02,2026-04-16T00:00:00Z,3.06,0.019,34.04,98.13,0.0,safe
SNS-zone_03-01,zone_03,2026-04-16T00:00:00Z,4.86,0.021,39.72,109.94,0.0,safe
SNS-zone_04-01,zone_04,2026-04-16T00:00:00Z,6.47,0.027,33.5,113.78,0.0,safe
SNS-zone_05-01,zone_05,2026-04-16T00:00:00Z,4.39,0.027,29.64,95.95,0.0,safe
SNS-zone_06-01,zone_06,2026-04-16T00:00:00Z,56.5,0.193,68.66,455.68,0.0,warning
SNS-zone_07-01,zone_07,2026-04-16T00:00:00Z,55.98,0.188,68.42,458.37,0.0,warning
SNS-zone_08-01,zone_08,2026-04-16T00:00:00Z,57.98,0.191,63.45,485.04,0.0,warning
SNS-zone_09-01,zone_09,2026-04-16T00:00:00Z,4.57,0.02,33.36,100.69,0.0,safe
SNS-zone_10-01,zone_10,2026-04-16T00:00:00Z,54.09,0.183,69.89,488.38,0.0,warning
SNS-zone_11-01,zone_11,2026-04-16T00:00:00Z,120.5,0.447,94.11,1052.01,0.0,evacuation
SNS-zone_12-01,zone_12,2026-04-16T00:00:00Z,120.5,0.438,94.3,1028.2,0.0,evacuation
SNS-zone_13-01,zone_13,2026-04-16T00:00:00Z,3.11,0.019,29.87,100.15,0.0,safe
SNS-zone_14-01,zone_14,2026-04-16T00:00:00Z,3.65,0.021,30.52,100.76,0.0,safe
SNS-zone_15-01,zone_15,2026-04-16T00:00:00Z,4.5,0.019,35.43,104.95,0.0,safe
SNS-zone_16-01,zone_16,2026-04-16T00:00:00Z,3.32,0.019,39.72,114.41,0.0,safe
SNS-zone_01-01,zone_01,2026-04-17T00:00:00Z,4.99,0.022,33.72,105.44,0.0,safe
SNS-zone_02-01,zone_02,2026-04-17T00:00:00Z,3.33,0.018,33.3,101.0,0.0,safe
SNS-zone_03-01,zone_03,2026-04-17T00:00:00Z,6.53,0.015,40.29,119.8,0.0,safe
SNS-zone_04-01,zone_04,2026-04-17T00:00:00Z,6.52,0.022,36.17,110.48,0.0,safe
SNS-zone_05-01,zone_05,2026-04-17T00:00:00Z,5.33,0.022,29.0,99.24,0.0,safe
SNS-zone_06-01,zone_06,2026-04-17T00:00:00Z,55.59,0.184,67.02,444.48,0.0,warning
SNS-zone_07-01,zone_07,2026-04-17T00:00:00Z,55.66,0.174,64.33,433.49,0.0,warning
SNS-zone_08-01,zone_08,2026-04-17T00:00:00Z,53.56,0.18,64.6,487.33,0.0,warning
SNS-zone_09-01,zone_09,2026-04-17T00:00:00Z,4.22,0.024,31.57,106.01,0.0,safe
SNS-zone_10-01,zone_10,2026-04-17T00:00:00Z,56.81,0.184,64.46,473.08,0.0,warning
SNS-zone_11-01,zone_11,2026-04-17T00:00:00Z,120.5,0.459,95.13,1030.92,0.0,evacuation
SNS-zone_12-01,zone_12,2026-04-17T00:00:00Z,120.5,0.455,96.4,1013.13,0.0,evacuation
SNS-zone_13-01,zone_13,2026-04-17T00:00:00Z,3.59,0.022,30.5,94.69,0.0,safe
SNS-zone_14-01,zone_14,2026-04-17T00:00:00Z,4.13,0.02,32.78,96.67,0.0,safe
SNS-zone_15-01,zone_15,2026-04-17T00:00:00Z,4.16,0.016,35.29,104.69,0.0,safe
SNS-zone_16-01,zone_16,2026-04-17T00:00:00Z,2.79,0.017,38.44,104.23,0.0,safe
SNS-zone_01-01,zone_01,2026-04-18T00:00:00Z,4.44,0.025,34.49,106.16,0.0,safe
SNS-zone_02-01,zone_02,2026-04-18T00:00:00Z,3.47,0.015,34.49,100.35,0.0,safe
SNS-zone_03-01,zone_03,2026-04-18T00:00:00Z,6.74,0.025,42.13,118.44,0.0,safe
SNS-zone_04-01,zone_04,2026-04-18T00:00:00Z,7.75,0.029,34.35,110.01,0.0,safe
SNS-zone_05-01,zone_05,2026-04-18T00:00:00Z,3.58,0.01,31.51,101.7,0.0,safe
SNS-zone_06-01,zone_06,2026-04-18T00:00:00Z,53.95,0.175,64.38,450.91,0.0,warning
SNS-zone_07-01,zone_07,2026-04-18T00:00:00Z,53.98,0.168,66.79,452.51,0.0,warning
SNS-zone_08-01,zone_08,2026-04-18T00:00:00Z,56.13,0.179,59.63,474.16,0.0,warning
SNS-zone_09-01,zone_09,2026-04-18T00:00:00Z,3.69,0.012,32.86,102.99,0.0,safe
SNS-zone_10-01,zone_10,2026-04-18T00:00:00Z,54.7,0.188,67.13,482.45,0.0,warning
SNS-zone_11-01,zone_11,2026-04-18T00:00:00Z,120.5,0.442,93.62,1008.11,0.0,evacuation
SNS-zone_12-01,zone_12,2026-04-18T00:00:00Z,120.5,0.435,91.57,1017.75,0.0,evacuation
SNS-zone_13-01,zone_13,2026-04-18T00:00:00Z,4.71,0.022,31.5,104.12,0.0,safe
SNS-zone_14-01,zone_14,2026-04-18T00:00:00Z,5.56,0.022,37.0,109.24,0.0,safe
SNS-zone_15-01,zone_15,2026-04-18T00:00:00Z,3.24,0.016,35.29,101.42,0.0,safe
SNS-zone_16-01,zone_16,2026-04-18T00:00:00Z,3.96,0.026,40.35,104.13,0.0,safe
SNS-zone_01-01,zone_01,2026-04-19T00:00:00Z,4.63,0.026,34.03,103.19,0.0,safe
SNS-zone_02-01,zone_02,2026-04-19T00:00:00Z,4.89,0.017,35.5,98.42,0.0,safe
SNS-zone_03-01,zone_03,2026-04-19T00:00:00Z,6.16,0.015,40.3,113.7,0.0,safe
SNS-zone_04-01,zone_04,2026-04-19T00:00:00Z,6.75,0.02,34.19,112.49,0.0,safe
SNS-zone_05-01,zone_05,2026-04-19T00:00:00Z,3.33,0.018,29.64,90.57,0.0,safe
SNS-zone_06-01,zone_06,2026-04-19T00:00:00Z,55.57,0.178,66.04,453.89,0.0,warning
SNS-zone_07-01,zone_07,2026-04-19T00:00:00Z,56.09,0.18,68.33,457.93,0.0,warning
SNS-zone_08-01,zone_08,2026-04-19T00:00:00Z,54.59,0.194,65.34,493.5,0.0,warning
SNS-zone_09-01,zone_09,2026-04-19T00:00:00Z,4.53,0.023,31.92,103.95,0.0,safe
SNS-zone_10-01,zone_10,2026-04-19T00:00:00Z,55.43,0.19,67.26,485.13,0.0,warning
SNS-zone_11-01,zone_11,2026-04-19T00:00:00Z,120.5,0.463,93.18,1020.08,0.0,evacuation
SNS-zone_12-01,zone_12,2026-04-19T00:00:00Z,120.5,0.442,95.34,1038.12,0.0,evacuation
SNS-zone_13-01,zone_13,2026-04-19T00:00:00Z,3.92,0.018,30.47,102.78,0.0,safe
SNS-zone_14-01,zone_14,2026-04-19T00:00:00Z,3.42,0.017,32.29,100.19,0.0,safe
SNS-zone_15-01,zone_15,2026-04-19T00:00:00Z,4.6,0.02,36.62,102.64,0.0,safe
SNS-zone_16-01,zone_16,2026-04-19T00:00:00Z,3.86,0.021,39.92,108.84,0.0,safe
SNS-zone_01-01,zone_01,2026-04-20T00:00:00Z,5.49,0.015,32.97,104.3,0.0,safe
SNS-zone_02-01,zone_02,2026-04-20T00:00:00Z,3.53,0.013,32.63,99.04,0.0,safe
SNS-zone_03-01,zone_03,2026-04-20T00:00:00Z,5.96,0.017,40.86,117.35,0.0,safe
SNS-zone_04-01,zone_04,2026-04-20T00:00:00Z,6.59,0.023,34.86,117.19,0.0,safe
SNS-zone_05-01,zone_05,2026-04-20T00:00:00Z,4.62,0.017,30.96,101.09,0.0,safe
SNS-zone_06-01,zone_06,2026-04-20T00:00:00Z,58.21,0.196,67.99,474.85,0.0,warning
SNS-zone_07-01,zone_07,2026-04-20T00:00:00Z,57.23,0.202,66.84,468.61,0.0,warning
SNS-zone_08-01,zone_08,2026-04-20T00:00:00Z,56.28,0.205,62.92,482.14,0.0,warning
SNS-zone_09-01,zone_09,2026-04-20T00:00:00Z,3.9,0.015,32.57,102.33,0.0,safe
SNS-zone_10-01,zone_10,2026-04-20T00:00:00Z,56.21,0.167,64.88,502.57,0.0,warning
SNS-zone_11-01,zone_11,2026-04-20T00:00:00Z,120.5,0.447,90.94,1017.6,0.0,evacuation
SNS-zone_12-01,zone_12,2026-04-20T00:00:00Z,120.5,0.462,92.3,1029.88,0.0,evacuation
SNS-zone_13-01,zone_13,2026-04-20T00:00:00Z,3.41,0.018,30.75,94.37,0.0,safe
SNS-zone_14-01,zone_14,2026-04-20T00:00:00Z,5.31,0.021,34.55,107.07,0.0,safe
SNS-zone_15-01,zone_15,2026-04-20T00:00:00Z,3.91,0.015,36.46,101.58,0.0,safe
SNS-zone_16-01,zone_16,2026-04-20T00:00:00Z,4.18,0.022,37.68,104.68,0.0,safe
SNS-zone_01-01,zone_01,2026-04-21T00:00:00Z,3.5,0.016,33.93,104.08,0.0,safe
SNS-zone_02-01,zone_02,2026-04-21T00:00:00Z,3.24,0.019,33.32,100.25,0.0,safe
SNS-zone_03-01,zone_03,2026-04-21T00:00:00Z,6.27,0.023,40.83,119.49,0.0,safe
SNS-zone_04-01,zone_04,2026-04-21T00:00:00Z,4.81,0.022,33.24,110.17,0.0,safe
SNS-zone_05-01,zone_05,2026-04-21T00:00:00Z,4.14,0.023,30.93,102.71,0.0,safe
SNS-zone_06-01,zone_06,2026-04-21T00:00:00Z,54.46,0.174,68.68,435.82,0.0,warning
SNS-zone_07-01,zone_07,2026-04-21T00:00:00Z,52.98,0.181,63.31,433.38,0.0,warning
SNS-zone_08-01,zone_08,2026-04-21T00:00:00Z,56.61,0.191,62.81,495.86,0.0,warning
SNS-zone_09-01,zone_09,2026-04-21T00:00:00Z,4.09,0.012,31.2,99.84,0.0,safe
SNS-zone_10-01,zone_10,2026-04-21T00:00:00Z,52.47,0.177,65.79,499.55,0.0,warning
SNS-zone_11-01,zone_11,2026-04-21T00:00:00Z,120.5,0.447,93.92,1015.17,0.0,evacuation
SNS-zone_12-01,zone_12,2026-04-21T00:00:00Z,120.5,0.455,91.7,1036.62,0.0,evacuation
SNS-zone_13-01,zone_13,2026-04-21T00:00:00Z,4.68,0.021,29.33,93.11,0.0,safe
SNS-zone_14-01,zone_14,2026-04-21T00:00:00Z,4.64,0.018,31.44,96.15,0.0,safe
SNS-zone_15-01,zone_15,2026-04-21T00:00:00Z,4.77,0.023,36.71,105.99,0.0,safe
SNS-zone_16-01,zone_16,2026-04-21T00:00:00Z,3.56,0.024,38.5,112.54,0.0,safe
SNS-zone_01-01,zone_01,2026-04-22T00:00:00Z,2.52,0.01,33.24,95.81,0.0,safe
SNS-zone_02-01,zone_02,2026-04-22T00:00:00Z,4.18,0.019,33.55,99.75,0.0,safe
SNS-zone_03-01,zone_03,2026-04-22T00:00:00Z,6.98,0.025,40.5,116.35,0.0,safe
SNS-zone_04-01,zone_04,2026-04-22T00:00:00Z,5.61,0.016,32.79,106.51,0.0,safe
SNS-zone_05-01,zone_05,2026-04-22T00:00:00Z,3.32,0.016,30.52,93.92,0.0,safe
SNS-zone_06-01,zone_06,2026-04-22T00:00:00Z,51.37,0.158,67.02,433.81,0.0,warning
SNS-zone_07-01,zone_07,2026-04-22T00:00:00Z,53.95,0.189,65.27,455.11,0.0,warning
SNS-zone_08-01,zone_08,2026-04-22T00:00:00Z,54.83,0.187,62.84,466.22,0.0,warning
SNS-zone_09-01,zone_09,2026-04-22T00:00:00Z,4.65,0.03,32.76,101.89,0.0,safe
SNS-zone_10-01,zone_10,2026-04-22T00:00:00Z,55.01,0.178,66.92,483.29,0.0,warning
SNS-zone_11-01,zone_11,2026-04-22T00:00:00Z,120.5,0.443,92.6,1014.44,0.0,evacuation
SNS-zone_12-01,zone_12,2026-04-22T00:00:00Z,120.5,0.461,89.67,993.47,0.0,evacuation
SNS-zone_13-01,zone_13,2026-04-22T00:00:00Z,2.59,0.019,30.45,92.94,0.0,safe
SNS-zone_14-01,zone_14,2026-04-22T00:00:00Z,4.86,0.019,34.6,102.86,0.0,safe
SNS-zone_15-01,zone_15,2026-04-22T00:00:00Z,5.1,0.021,32.12,101.94,0.0,safe
SNS-zone_16-01,zone_16,2026-04-22T00:00:00Z,4.96,0.018,35.43,105.58,0.0,safe
SNS-zone_01-01,zone_01,2026-04-23T00:00:00Z,4.64,0.022,31.87,104.33,0.0,safe
SNS-zone_02-01,zone_02,2026-04-23T00:00:00Z,5.1,0.024,36.42,102.11,0.0,safe
SNS-zone_03-01,zone_03,2026-04-23T00:00:00Z,6.42,0.021,42.72,121.5,0.0,safe
SNS-zone_04-01,zone_04,2026-04-23T00:00:00Z,5.13,0.018,32.96,105.73,0.0,safe
SNS-zone_05-01,zone_05,2026-04-23T00:00:00Z,4.24,0.019,30.1,101.16,0.0,safe
SNS-zone_06-01,zone_06,2026-04-23T00:00:00Z,55.38,0.185,67.81,465.46,0.0,warning
SNS-zone_07-01,zone_07,2026-04-23T00:00:00Z,53.26,0.174,62.2,448.74,0.0,warning
SNS-zone_08-01,zone_08,2026-04-23T00:00:00Z,55.25,0.176,64.67,463.55,0.0,warning
SNS-zone_09-01,zone_09,2026-04-23T00:00:00Z,3.74,0.019,31.39,96.92,0.0,safe
SNS-zone_10-01,zone_10,2026-04-23T00:00:00Z,56.48,0.188,68.41,512.08,0.0,warning
SNS-zone_11-01,zone_11,2026-04-23T00:00:00Z,120.5,0.45,94.64,1047.63,0.0,evacuation
SNS-zone_12-01,zone_12,2026-04-23T00:00:00Z,120.5,0.46,87.48,1010.6,0.0,evacuation
SNS-zone_13-01,zone_13,2026-04-23T00:00:00Z,3.87,0.019,30.8,100.87,0.0,safe
SNS-zone_14-01,zone_14,2026-04-23T00:00:00Z,3.07,0.012,32.61,95.7,0.0,safe
SNS-zone_15-01,zone_15,2026-04-23T00:00:00Z,5.15,0.027,35.29,101.93,0.0,safe
SNS-zone_16-01,zone_16,2026-04-23T00:00:00Z,3.27,0.014,38.17,102.11,0.0,safe
SNS-zone_01-01,zone_01,2026-04-24T00:00:00Z,3.99,0.015,32.6,100.42,0.0,safe
SNS-zone_02-01,zone_02,2026-04-24T00:00:00Z,3.11,0.025,35.38,104.65,0.0,safe
SNS-zone_03-01,zone_03,2026-04-24T00:00:00Z,4.89,0.019,42.54,114.39,0.0,safe
SNS-zone_04-01,zone_04,2026-04-24T00:00:00Z,7.65,0.021,31.99,117.51,0.0,safe
SNS-zone_05-01,zone_05,2026-04-24T00:00:00Z,4.14,0.016,30.5,96.41,0.0,safe
SNS-zone_06-01,zone_06,2026-04-24T00:00:00Z,51.23,0.164,66.13,427.35,0.0,warning
SNS-zone_07-01,zone_07,2026-04-24T00:00:00Z,55.66,0.18,63.5,441.12,0.0,warning
SNS-zone_08-01,zone_08,2026-04-24T00:00:00Z,55.48,0.185,62.68,487.6,0.0,warning
SNS-zone_09-01,zone_09,2026-04-24T00:00:00Z,2.9,0.018,31.81,94.76,0.0,safe
SNS-zone_10-01,zone_10,2026-04-24T00:00:00Z,54.64,0.176,66.07,485.05,0.0,warning
SNS-zone_11-01,zone_11,2026-04-24T00:00:00Z,120.5,0.46,91.1,1019.14,0.0,evacuation
SNS-zone_12-01,zone_12,2026-04-24T00:00:00Z,120.5,0.448,91.4,1014.39,0.0,evacuation
SNS-zone_13-01,zone_13,2026-04-24T00:00:00Z,4.23,0.017,30.3,102.18,0.0,safe
SNS-zone_14-01,zone_14,2026-04-24T00:00:00Z,4.34,0.016,34.26,105.35,0.0,safe
SNS-zone_15-01,zone_15,2026-04-24T00:00:00Z,4.52,0.015,36.15,104.3,0.0,safe
SNS-zone_16-01,zone_16,2026-04-24T00:00:00Z,3.19,0.019,37.75,105.48,0.0,safe
SNS-zone_01-01,zone_01,2026-04-25T00:00:00Z,4.72,0.02,35.56,104.57,0.0,safe
SNS-zone_02-01,zone_02,2026-04-25T00:00:00Z,3.29,0.02,33.06,103.32,0.0,safe
SNS-zone_03-01,zone_03,2026-04-25T00:00:00Z,6.33,0.021,42.77,118.28,0.0,safe
SNS-zone_04-01,zone_04,2026-04-25T00:00:00Z,6.36,0.019,34.26,116.78,0.0,safe
SNS-zone_05-01,zone_05,2026-04-25T00:00:00Z,3.46,0.016,28.37,96.41,0.0,safe
SNS-zone_06-01,zone_06,2026-04-25T00:00:00Z,53.87,0.181,66.26,441.64,0.0,warning
SNS-zone_07-01,zone_07,2026-04-25T00:00:00Z,53.25,0.173,65.52,453.07,0.0,warning
SNS-zone_08-01,zone_08,2026-04-25T00:00:00Z,53.49,0.187,65.16,487.29,0.0,warning
SNS-zone_09-01,zone_09,2026-04-25T00:00:00Z,5.78,0.018,33.67,111.26,0.0,safe
SNS-zone_10-01,zone_10,2026-04-25T00:00:00Z,53.85,0.185,65.69,487.82,0.0,warning
SNS-zone_11-01,zone_11,2026-04-25T00:00:00Z,120.5,0.435,93.94,1025.71,0.0,evacuation
SNS-zone_12-01,zone_12,2026-04-25T00:00:00Z,120.5,0.439,91.33,994.36,0.0,evacuation
SNS-zone_13-01,zone_13,2026-04-25T00:00:00Z,3.48,0.025,29.7,94.7,0.0,safe
SNS-zone_14-01,zone_14,2026-04-25T00:00:00Z,4.06,0.019,32.01,100.21,0.0,safe
SNS-zone_15-01,zone_15,2026-04-25T00:00:00Z,4.27,0.019,36.78,111.15,0.0,safe
SNS-zone_16-01,zone_16,2026-04-25T00:00:00Z,3.97,0.021,40.04,103.33,0.0,safe
SNS-zone_01-01,zone_01,2026-04-26T00:00:00Z,2.38,0.015,34.01,97.14,0.0,safe
SNS-zone_02-01,zone_02,2026-04-26T00:00:00Z,4.29,0.014,35.07,105.43,0.0,safe
SNS-zone_03-01,zone_03,2026-04-26T00:00:00Z,5.45,0.016,40.55,121.2,0.0,safe
SNS-zone_04-01,zone_04,2026-04-26T00:00:00Z,5.58,0.025,35.25,105.9,0.0,safe
SNS-zone_05-01,zone_05,2026-04-26T00:00:00Z,4.39,0.016,30.19,100.82,0.0,safe
SNS-zone_06-01,zone_06,2026-04-26T00:00:00Z,54.11,0.17,67.44,461.27,0.0,warning
SNS-zone_07-01,zone_07,2026-04-26T00:00:00Z,53.9,0.185,67.46,456.92,0.0,warning
SNS-zone_08-01,zone_08,2026-04-26T00:00:00Z,54.75,0.189,64.69,500.43,0.0,warning
SNS-zone_09-01,zone_09,2026-04-26T00:00:00Z,3.89,0.019,31.36,105.97,0.0,safe
SNS-zone_10-01,zone_10,2026-04-26T00:00:00Z,57.54,0.196,66.05,496.3,0.0,warning
SNS-zone_11-01,zone_11,2026-04-26T00:00:00Z,120.5,0.439,93.36,1016.15,0.0,evacuation
SNS-zone_12-01,zone_12,2026-04-26T00:00:00Z,120.5,0.444,91.72,1013.42,0.0,evacuation
SNS-zone_13-01,zone_13,2026-04-26T00:00:00Z,3.11,0.02,30.97,94.13,0.0,safe
SNS-zone_14-01,zone_14,2026-04-26T00:00:00Z,5.38,0.029,33.09,106.03,0.0,safe
SNS-zone_15-01,zone_15,2026-04-26T00:00:00Z,5.13,0.021,35.16,113.63,0.0,safe
SNS-zone_16-01,zone_16,2026-04-26T00:00:00Z,4.53,0.017,38.16,103.2,0.0,safe
SNS-zone_01-01,zone_01,2026-04-27T00:00:00Z,3.79,0.022,32.55,107.09,0.0,safe
SNS-zone_02-01,zone_02,2026-04-27T00:00:00Z,4.95,0.02,35.66,105.19,0.0,safe
SNS-zone_03-01,zone_03,2026-04-27T00:00:00Z,6.68,0.021,43.21,127.92,0.0,safe
SNS-zone_04-01,zone_04,2026-04-27T00:00:00Z,8.09,0.027,35.48,112.99,0.0,safe
SNS-zone_05-01,zone_05,2026-04-27T00:00:00Z,4.92,0.017,31.67,97.11,0.0,safe
SNS-zone_06-01,zone_06,2026-04-27T00:00:00Z,54.06,0.186,68.6,450.95,0.0,warning
SNS-zone_07-01,zone_07,2026-04-27T00:00:00Z,51.0,0.174,63.79,440.29,0.0,warning
SNS-zone_08-01,zone_08,2026-04-27T00:00:00Z,55.4,0.181,62.27,490.46,0.0,warning
SNS-zone_09-01,zone_09,2026-04-27T00:00:00Z,3.61,0.022,30.6,100.36,0.0,safe
SNS-zone_10-01,zone_10,2026-04-27T00:00:00Z,56.98,0.186,69.22,508.48,0.0,warning
SNS-zone_11-01,zone_11,2026-04-27T00:00:00Z,120.5,0.451,93.32,1023.95,0.0,evacuation
SNS-zone_12-01,zone_12,2026-04-27T00:00:00Z,120.5,0.448,88.93,1006.6,0.0,evacuation
SNS-zone_13-01,zone_13,2026-04-27T00:00:00Z,3.43,0.016,29.19,100.73,0.0,safe
SNS-zone_14-01,zone_14,2026-04-27T00:00:00Z,5.38,0.023,34.96,102.06,0.0,safe
SNS-zone_15-01,zone_15,2026-04-27T00:00:00Z,4.66,0.023,34.76,103.41,0.0,safe
SNS-zone_16-01,zone_16,2026-04-27T00:00:00Z,4.55,0.02,38.93,109.46,0.0,safe
SNS-zone_01-01,zone_01,2026-04-28T00:00:00Z,4.47,0.024,33.07,107.7,0.0,safe
SNS-zone_02-01,zone_02,2026-04-28T00:00:00Z,4.42,0.02,32.56,103.72,0.0,safe
SNS-zone_03-01,zone_03,2026-04-28T00:00:00Z,4.87,0.023,41.1,114.39,0.0,safe
SNS-zone_04-01,zone_04,2026-04-28T00:00:00Z,6.64,0.018,33.44,105.84,0.0,safe
SNS-zone_05-01,zone_05,2026-04-28T00:00:00Z,3.89,0.014,31.9,90.55,0.0,safe
SNS-zone_06-01,zone_06,2026-04-28T00:00:00Z,52.65,0.179,69.43,448.94,0.0,warning
SNS-zone_07-01,zone_07,2026-04-28T00:00:00Z,53.73,0.195,65.92,445.39,0.0,warning
SNS-zone_08-01,zone_08,2026-04-28T00:00:00Z,55.59,0.189,65.97,471.51,0.0,warning
SNS-zone_09-01,zone_09,2026-04-28T00:00:00Z,4.56,0.02,31.96,92.0,0.0,safe
SNS-zone_10-01,zone_10,2026-04-28T00:00:00Z,53.04,0.184,65.94,486.03,0.0,warning
SNS-zone_11-01,zone_11,2026-04-28T00:00:00Z,120.5,0.461,90.9,1024.86,0.0,evacuation
SNS-zone_12-01,zone_12,2026-04-28T00:00:00Z,120.5,0.431,92.07,1003.56,0.0,evacuation
SNS-zone_13-01,zone_13,2026-04-28T00:00:00Z,5.02,0.017,31.42,98.67,0.0,safe
SNS-zone_14-01,zone_14,2026-04-28T00:00:00Z,2.68,0.017,32.92,103.62,0.0,safe
SNS-zone_15-01,zone_15,2026-04-28T00:00:00Z,5.26,0.023,35.35,103.72,0.0,safe
SNS-zone_16-01,zone_16,2026-04-28T00:00:00Z,2.54,0.013,41.63,102.74,0.0,safe
SNS-zone_01-01,zone_01,2026-04-29T00:00:00Z,3.49,0.02,33.82,103.38,0.0,safe
SNS-zone_02-01,zone_02,2026-04-29T00:00:00Z,3.74,0.015,35.75,105.56,0.0,safe
SNS-zone_03-01,zone_03,2026-04-29T00:00:00Z,5.12,0.021,42.83,117.75,0.0,safe
SNS-zone_04-01,zone_04,2026-04-29T00:00:00Z,6.07,0.025,33.0,107.22,0.0,safe
SNS-zone_05-01,zone_05,2026-04-29T00:00:00Z,3.08,0.019,30.17,93.92,0.0,safe
SNS-zone_06-01,zone_06,2026-04-29T00:00:00Z,54.93,0.195,67.35,456.83,0.0,warning
SNS-zone_07-01,zone_07,2026-04-29T00:00:00Z,55.16,0.178,62.26,443.56,0.0,warning
SNS-zone_08-01,zone_08,2026-04-29T00:00:00Z,55.82,0.188,63.27,494.76,0.0,warning
SNS-zone_09-01,zone_09,2026-04-29T00:00:00Z,3.34,0.011,33.23,96.23,0.0,safe
SNS-zone_10-01,zone_10,2026-04-29T00:00:00Z,56.56,0.201,65.56,483.1,0.0,warning
SNS-zone_11-01,zone_11,2026-04-29T00:00:00Z,120.5,0.46,89.54,1002.65,0.0,evacuation
SNS-zone_12-01,zone_12,2026-04-29T00:00:00Z,120.5,0.454,97.57,1019.6,0.0,evacuation
SNS-zone_13-01,zone_13,2026-04-29T00:00:00Z,3.14,0.018,29.95,95.96,0.0,safe
SNS-zone_14-01,zone_14,2026-04-29T00:00:00Z,3.68,0.016,32.17,96.02,0.0,safe
SNS-zone_15-01,zone_15,2026-04-29T00:00:00Z,3.78,0.022,35.07,101.01,0.0,safe
SNS-zone_16-01,zone_16,2026-04-29T00:00:00Z,3.43,0.016,37.24,106.95,0.0,safe
SNS-zone_01-01,zone_01,2026-04-30T00:00:00Z,4.59,0.018,34.88,108.58,0.3,safe
SNS-zone_02-01,zone_02,2026-04-30T00:00:00Z,3.94,0.018,34.42,103.22,0.3,safe
SNS-zone_03-01,zone_03,2026-04-30T00:00:00Z,6.57,0.022,39.67,116.13,0.3,safe
SNS-zone_04-01,zone_04,2026-04-30T00:00:00Z,6.58,0.025,35.22,120.17,0.3,safe
SNS-zone_05-01,zone_05,2026-04-30T00:00:00Z,3.85,0.025,32.27,104.02,0.3,safe
SNS-zone_06-01,zone_06,2026-04-30T00:00:00Z,54.17,0.184,65.2,441.95,0.3,warning
SNS-zone_07-01,zone_07,2026-04-30T00:00:00Z,53.15,0.189,64.46,449.59,0.3,warning
SNS-zone_08-01,zone_08,2026-04-30T00:00:00Z,54.87,0.192,67.12,494.55,0.3,warning
SNS-zone_09-01,zone_09,2026-04-30T00:00:00Z,3.5,0.021,34.14,101.93,0.3,safe
SNS-zone_10-01,zone_10,2026-04-30T00:00:00Z,55.03,0.189,67.28,489.11,0.3,warning
SNS-zone_11-01,zone_11,2026-04-30T00:00:00Z,120.5,0.47,95.75,1026.24,0.3,evacuation
SNS-zone_12-01,zone_12,2026-04-30T00:00:00Z,120.5,0.451,92.27,1010.98,0.3,evacuation
SNS-zone_13-01,zone_13,2026-04-30T00:00:00Z,5.2,0.023,30.75,104.57,0.3,safe
SNS-zone_14-01,zone_14,2026-04-30T00:00:00Z,5.47,0.028,33.21,101.99,0.3,safe
SNS-zone_15-01,zone_15,2026-04-30T00:00:00Z,4.53,0.021,36.81,105.92,0.3,safe
SNS-zone_16-01,zone_16,2026-04-30T00:00:00Z,2.7,0.016,39.01,101.21,0.3,safe
SNS-zone_01-01,zone_01,2026-05-01T00:00:00Z,4.22,0.017,35.37,112.35,0.0,safe
SNS-zone_02-01,zone_02,2026-05-01T00:00:00Z,4.73,0.014,34.28,102.3,0.0,safe
SNS-zone_03-01,zone_03,2026-05-01T00:00:00Z,5.45,0.021,40.79,117.54,0.0,safe
SNS-zone_04-01,zone_04,2026-05-01T00:00:00Z,7.17,0.027,32.51,109.52,0.0,safe
SNS-zone_05-01,zone_05,2026-05-01T00:00:00Z,4.29,0.022,32.22,92.9,0.0,safe
SNS-zone_06-01,zone_06,2026-05-01T00:00:00Z,54.82,0.175,65.02,445.93,0.0,warning
SNS-zone_07-01,zone_07,2026-05-01T00:00:00Z,54.46,0.184,65.85,443.12,0.0,warning
SNS-zone_08-01,zone_08,2026-05-01T00:00:00Z,56.28,0.184,63.92,484.84,0.0,warning
SNS-zone_09-01,zone_09,2026-05-01T00:00:00Z,3.94,0.02,34.04,99.75,0.0,safe
SNS-zone_10-01,zone_10,2026-05-01T00:00:00Z,55.27,0.186,68.37,493.72,0.0,warning
SNS-zone_11-01,zone_11,2026-05-01T00:00:00Z,120.5,0.437,93.69,1030.83,0.0,evacuation
SNS-zone_12-01,zone_12,2026-05-01T00:00:00Z,120.5,0.461,91.46,1017.78,0.0,evacuation
SNS-zone_13-01,zone_13,2026-05-01T00:00:00Z,4.42,0.01,27.95,103.25,0.0,safe
SNS-zone_14-01,zone_14,2026-05-01T00:00:00Z,4.38,0.02,34.49,106.45,0.0,safe
SNS-zone_15-01,zone_15,2026-05-01T00:00:00Z,4.81,0.019,36.78,96.24,0.0,safe
SNS-zone_16-01,zone_16,2026-05-01T00:00:00Z,2.73,0.022,40.17,103.91,0.0,safe
SNS-zone_01-01,zone_01,2026-05-02T00:00:00Z,4.21,0.018,35.87,101.96,0.0,safe
SNS-zone_02-01,zone_02,2026-05-02T00:00:00Z,5.16,0.023,36.53,102.4,0.0,safe
SNS-zone_03-01,zone_03,2026-05-02T00:00:00Z,5.48,0.028,40.88,119.03,0.0,safe
SNS-zone_04-01,zone_04,2026-05-02T00:00:00Z,6.43,0.019,35.85,108.11,0.0,safe
SNS-zone_05-01,zone_05,2026-05-02T00:00:00Z,3.99,0.023,31.75,106.48,0.0,safe
SNS-zone_06-01,zone_06,2026-05-02T00:00:00Z,53.56,0.178,65.31,456.14,0.0,warning
SNS-zone_07-01,zone_07,2026-05-02T00:00:00Z,53.68,0.174,68.87,449.83,0.0,warning
SNS-zone_08-01,zone_08,2026-05-02T00:00:00Z,55.46,0.196,61.72,486.46,0.0,warning
SNS-zone_09-01,zone_09,2026-05-02T00:00:00Z,3.92,0.013,33.76,97.72,0.0,safe
SNS-zone_10-01,zone_10,2026-05-02T00:00:00Z,54.54,0.196,68.82,490.63,0.0,warning
SNS-zone_11-01,zone_11,2026-05-02T00:00:00Z,120.5,0.459,92.13,1017.28,0.0,evacuation
SNS-zone_12-01,zone_12,2026-05-02T00:00:00Z,120.5,0.459,91.21,1027.19,0.0,evacuation
SNS-zone_13-01,zone_13,2026-05-02T00:00:00Z,3.93,0.023,31.13,95.27,0.0,safe
SNS-zone_14-01,zone_14,2026-05-02T00:00:00Z,4.51,0.021,35.01,97.67,0.0,safe
SNS-zone_15-01,zone_15,2026-05-02T00:00:00Z,4.59,0.023,35.42,104.71,0.0,safe
SNS-zone_16-01,zone_16,2026-05-02T00:00:00Z,2.36,0.021,38.86,108.53,0.0,safe
SNS-zone_01-01,zone_01,2026-05-03T00:00:00Z,4.38,0.018,33.39,104.35,0.0,safe
SNS-zone_02-01,zone_02,2026-05-03T00:00:00Z,4.26,0.019,33.82,103.59,0.0,safe
SNS-zone_03-01,zone_03,2026-05-03T00:00:00Z,6.85,0.024,41.48,116.34,0.0,safe
SNS-zone_04-01,zone_04,2026-05-03T00:00:00Z,5.92,0.025,35.54,112.76,0.0,safe
SNS-zone_05-01,zone_05,2026-05-03T00:00:00Z,4.91,0.01,31.17,102.41,0.0,safe
SNS-zone_06-01,zone_06,2026-05-03T00:00:00Z,56.71,0.18,69.03,464.56,0.0,warning
SNS-zone_07-01,zone_07,2026-05-03T00:00:00Z,50.5,0.166,64.09,439.52,0.0,warning
SNS-zone_08-01,zone_08,2026-05-03T00:00:00Z,54.65,0.188,65.49,477.13,0.0,warning
SNS-zone_09-01,zone_09,2026-05-03T00:00:00Z,4.74,0.018,30.75,98.91,0.0,safe
SNS-zone_10-01,zone_10,2026-05-03T00:00:00Z,56.78,0.187,65.85,486.61,0.0,warning
SNS-zone_11-01,zone_11,2026-05-03T00:00:00Z,120.5,0.422,93.58,1002.89,0.0,evacuation
SNS-zone_12-01,zone_12,2026-05-03T00:00:00Z,120.5,0.455,95.18,1032.39,0.0,evacuation
SNS-zone_13-01,zone_13,2026-05-03T00:00:00Z,4.66,0.016,32.35,100.29,0.0,safe
SNS-zone_14-01,zone_14,2026-05-03T00:00:00Z,3.81,0.017,34.4,102.49,0.0,safe
SNS-zone_15-01,zone_15,2026-05-03T00:00:00Z,4.25,0.014,34.39,106.64,0.0,safe
SNS-zone_16-01,zone_16,2026-05-03T00:00:00Z,2.65,0.015,40.43,111.88,0.0,safe
SNS-zone_01-01,zone_01,2026-05-04T00:00:00Z,5.8,0.023,33.78,112.98,0.2,safe
SNS-zone_02-01,zone_02,2026-05-04T00:00:00Z,3.53,0.016,33.51,96.67,0.2,safe
SNS-zone_03-01,zone_03,2026-05-04T00:00:00Z,4.92,0.026,40.03,112.38,0.2,safe
SNS-zone_04-01,zone_04,2026-05-04T00:00:00Z,6.32,0.021,34.82,111.76,0.2,safe
SNS-zone_05-01,zone_05,2026-05-04T00:00:00Z,5.04,0.02,29.92,96.78,0.2,safe
SNS-zone_06-01,zone_06,2026-05-04T00:00:00Z,53.56,0.166,68.8,448.32,0.2,warning
SNS-zone_07-01,zone_07,2026-05-04T00:00:00Z,55.51,0.179,62.14,440.41,0.2,warning
SNS-zone_08-01,zone_08,2026-05-04T00:00:00Z,56.28,0.186,66.13,501.35,0.2,warning
SNS-zone_09-01,zone_09,2026-05-04T00:00:00Z,4.15,0.018,31.38,98.52,0.2,safe
SNS-zone_10-01,zone_10,2026-05-04T00:00:00Z,54.13,0.186,68.34,487.69,0.2,warning
SNS-zone_11-01,zone_11,2026-05-04T00:00:00Z,120.5,0.436,93.17,1021.31,0.2,evacuation
SNS-zone_12-01,zone_12,2026-05-04T00:00:00Z,120.5,0.438,89.18,1023.33,0.2,evacuation
SNS-zone_13-01,zone_13,2026-05-04T00:00:00Z,4.78,0.019,30.49,98.48,0.2,safe
SNS-zone_14-01,zone_14,2026-05-04T00:00:00Z,2.84,0.021,31.83,90.69,0.2,safe
SNS-zone_15-01,zone_15,2026-05-04T00:00:00Z,5.04,0.017,38.73,109.7,0.2,safe
SNS-zone_16-01,zone_16,2026-05-04T00:00:00Z,3.52,0.018,38.8,109.93,0.2,safe
SNS-zone_01-01,zone_01,2026-05-05T00:00:00Z,4.17,0.015,33.84,104.68,0.0,safe
SNS-zone_02-01,zone_02,2026-05-05T00:00:00Z,3.5,0.025,34.36,103.92,0.0,safe
SNS-zone_03-01,zone_03,2026-05-05T00:00:00Z,6.28,0.022,42.48,115.53,0.0,safe
SNS-zone_04-01,zone_04,2026-05-05T00:00:00Z,6.53,0.027,35.01,112.29,0.0,safe
SNS-zone_05-01,zone_05,2026-05-05T00:00:00Z,5.5,0.018,29.25,107.1,0.0,safe
SNS-zone_06-01,zone_06,2026-05-05T00:00:00Z,53.74,0.17,69.6,455.49,0.0,warning
SNS-zone_07-01,zone_07,2026-05-05T00:00:00Z,52.2,0.178,67.65,434.29,0.0,warning
SNS-zone_08-01,zone_08,2026-05-05T00:00:00Z,54.01,0.183,63.26,480.97,0.0,warning
SNS-zone_09-01,zone_09,2026-05-05T00:00:00Z,5.3,0.022,33.85,98.51,0.0,safe
SNS-zone_10-01,zone_10,2026-05-05T00:00:00Z,54.5,0.185,63.86,484.7,0.0,warning
SNS-zone_11-01,zone_11,2026-05-05T00:00:00Z,120.5,0.43,94.35,1004.98,0.0,evacuation
SNS-zone_12-01,zone_12,2026-05-05T00:00:00Z,120.5,0.446,92.43,1003.73,0.0,evacuation
SNS-zone_13-01,zone_13,2026-05-05T00:00:00Z,4.93,0.015,33.7,108.51,0.0,safe
SNS-zone_14-01,zone_14,2026-05-05T00:00:00Z,3.54,0.018,30.48,93.96,0.0,safe
SNS-zone_15-01,zone_15,2026-05-05T00:00:00Z,4.14,0.026,35.49,105.73,0.0,safe
SNS-zone_16-01,zone_16,2026-05-05T00:00:00Z,4.13,0.016,39.98,108.51,0.0,safe
SNS-zone_01-01,zone_01,2026-05-06T00:00:00Z,2.72,0.021,33.48,99.96,0.0,safe
SNS-zone_02-01,zone_02,2026-05-06T00:00:00Z,4.25,0.022,33.74,104.3,0.0,safe
SNS-zone_03-01,zone_03,2026-05-06T00:00:00Z,6.21,0.019,41.69,113.17,0.0,safe
SNS-zone_04-01,zone_04,2026-05-06T00:00:00Z,5.39,0.018,33.81,106.0,0.0,safe
SNS-zone_05-01,zone_05,2026-05-06T00:00:00Z,3.51,0.021,30.67,99.63,0.0,safe
SNS-zone_06-01,zone_06,2026-05-06T00:00:00Z,53.13,0.184,68.7,449.74,0.0,warning
SNS-zone_07-01,zone_07,2026-05-06T00:00:00Z,51.91,0.18,67.06,448.06,0.0,warning
SNS-zone_08-01,zone_08,2026-05-06T00:00:00Z,54.9,0.179,64.46,484.86,0.0,warning
SNS-zone_09-01,zone_09,2026-05-06T00:00:00Z,3.86,0.018,31.29,99.91,0.0,safe
SNS-zone_10-01,zone_10,2026-05-06T00:00:00Z,57.41,0.19,67.92,491.95,0.0,warning
SNS-zone_11-01,zone_11,2026-05-06T00:00:00Z,120.5,0.455,92.61,1037.3,0.0,evacuation
SNS-zone_12-01,zone_12,2026-05-06T00:00:00Z,120.5,0.446,92.03,1005.3,0.0,evacuation
SNS-zone_13-01,zone_13,2026-05-06T00:00:00Z,4.12,0.026,29.46,93.28,0.0,safe
SNS-zone_14-01,zone_14,2026-05-06T00:00:00Z,4.38,0.024,31.24,94.78,0.0,safe
SNS-zone_15-01,zone_15,2026-05-06T00:00:00Z,4.51,0.018,35.12,99.28,0.0,safe
SNS-zone_16-01,zone_16,2026-05-06T00:00:00Z,2.89,0.02,41.57,109.3,0.0,safe
SNS-zone_01-01,zone_01,2026-05-07T00:00:00Z,5.31,0.015,33.2,99.35,0.0,safe
SNS-zone_02-01,zone_02,2026-05-07T00:00:00Z,4.64,0.015,34.52,106.04,0.0,safe
SNS-zone_03-01,zone_03,2026-05-07T00:00:00Z,6.48,0.022,41.24,111.91,0.0,safe
SNS-zone_04-01,zone_04,2026-05-07T00:00:00Z,7.04,0.024,33.63,109.74,0.0,safe
SNS-zone_05-01,zone_05,2026-05-07T00:00:00Z,4.31,0.016,31.46,111.7,0.0,safe
SNS-zone_06-01,zone_06,2026-05-07T00:00:00Z,54.19,0.203,69.32,440.91,0.0,warning
SNS-zone_07-01,zone_07,2026-05-07T00:00:00Z,55.42,0.179,61.27,454.61,0.0,warning
SNS-zone_08-01,zone_08,2026-05-07T00:00:00Z,55.2,0.18,65.76,487.3,0.0,warning
SNS-zone_09-01,zone_09,2026-05-07T00:00:00Z,4.59,0.017,32.49,102.92,0.0,safe
SNS-zone_10-01,zone_10,2026-05-07T00:00:00Z,57.36,0.192,66.81,502.82,0.0,warning
SNS-zone_11-01,zone_11,2026-05-07T00:00:00Z,120.5,0.439,90.75,1008.11,0.0,evacuation
SNS-zone_12-01,zone_12,2026-05-07T00:00:00Z,120.5,0.456,93.24,1007.69,0.0,evacuation
SNS-zone_13-01,zone_13,2026-05-07T00:00:00Z,3.62,0.019,31.99,106.01,0.0,safe
SNS-zone_14-01,zone_14,2026-05-07T00:00:00Z,3.97,0.02,32.71,100.53,0.0,safe
SNS-zone_15-01,zone_15,2026-05-07T00:00:00Z,4.6,0.018,36.14,102.78,0.0,safe
SNS-zone_16-01,zone_16,2026-05-07T00:00:00Z,5.16,0.023,40.77,111.68,0.0,safe
SNS-zone_01-01,zone_01,2026-05-08T00:00:00Z,4.88,0.019,34.04,110.89,0.0,safe
SNS-zone_02-01,zone_02,2026-05-08T00:00:00Z,4.75,0.02,35.46,102.35,0.0,safe
SNS-zone_03-01,zone_03,2026-05-08T00:00:00Z,6.73,0.025,41.48,124.36,0.0,safe
SNS-zone_04-01,zone_04,2026-05-08T00:00:00Z,5.84,0.021,33.16,103.35,0.0,safe
SNS-zone_05-01,zone_05,2026-05-08T00:00:00Z,3.72,0.013,28.43,88.94,0.0,safe
SNS-zone_06-01,zone_06,2026-05-08T00:00:00Z,55.28,0.18,71.03,454.77,0.0,warning
SNS-zone_07-01,zone_07,2026-05-08T00:00:00Z,55.9,0.179,67.22,458.21,0.0,warning
SNS-zone_08-01,zone_08,2026-05-08T00:00:00Z,57.03,0.176,61.65,493.24,0.0,warning
SNS-zone_09-01,zone_09,2026-05-08T00:00:00Z,2.89,0.026,31.46,93.11,0.0,safe
SNS-zone_10-01,zone_10,2026-05-08T00:00:00Z,56.08,0.189,66.78,485.51,0.0,warning
SNS-zone_11-01,zone_11,2026-05-08T00:00:00Z,120.5,0.449,87.18,999.56,0.0,evacuation
SNS-zone_12-01,zone_12,2026-05-08T00:00:00Z,120.5,0.461,89.11,1006.19,0.0,evacuation
SNS-zone_13-01,zone_13,2026-05-08T00:00:00Z,4.15,0.025,33.4,104.02,0.0,safe
SNS-zone_14-01,zone_14,2026-05-08T00:00:00Z,3.7,0.021,33.5,102.09,0.0,safe
SNS-zone_15-01,zone_15,2026-05-08T00:00:00Z,4.97,0.012,37.43,108.93,0.0,safe
SNS-zone_16-01,zone_16,2026-05-08T00:00:00Z,3.99,0.018,41.5,105.95,0.0,safe
SNS-zone_01-01,zone_01,2026-05-09T00:00:00Z,4.0,0.023,35.06,102.48,0.0,safe
SNS-zone_02-01,zone_02,2026-05-09T00:00:00Z,3.86,0.029,35.23,107.32,0.0,safe
SNS-zone_03-01,zone_03,2026-05-09T00:00:00Z,4.51,0.024,40.34,113.11,0.0,safe
SNS-zone_04-01,zone_04,2026-05-09T00:00:00Z,6.47,0.018,33.71,112.52,0.0,safe
SNS-zone_05-01,zone_05,2026-05-09T00:00:00Z,3.29,0.021,29.28,91.29,0.0,safe
SNS-zone_06-01,zone_06,2026-05-09T00:00:00Z,56.06,0.176,66.9,459.54,0.0,warning
SNS-zone_07-01,zone_07,2026-05-09T00:00:00Z,54.11,0.177,63.2,450.76,0.0,warning
SNS-zone_08-01,zone_08,2026-05-09T00:00:00Z,56.44,0.201,65.41,493.18,0.0,warning
SNS-zone_09-01,zone_09,2026-05-09T00:00:00Z,3.08,0.018,31.26,98.05,0.0,safe
SNS-zone_10-01,zone_10,2026-05-09T00:00:00Z,54.74,0.183,68.19,491.68,0.0,warning
SNS-zone_11-01,zone_11,2026-05-09T00:00:00Z,120.5,0.461,86.76,977.19,0.0,evacuation
SNS-zone_12-01,zone_12,2026-05-09T00:00:00Z,120.5,0.443,92.81,1012.26,0.0,evacuation
SNS-zone_13-01,zone_13,2026-05-09T00:00:00Z,4.44,0.022,31.82,100.1,0.0,safe
SNS-zone_14-01,zone_14,2026-05-09T00:00:00Z,4.37,0.023,32.53,106.04,0.0,safe
SNS-zone_15-01,zone_15,2026-05-09T00:00:00Z,4.02,0.017,38.69,105.94,0.0,safe
SNS-zone_16-01,zone_16,2026-05-09T00:00:00Z,4.33,0.019,37.81,111.24,0.0,safe
SNS-zone_01-01,zone_01,2026-05-10T00:00:00Z,2.76,0.024,34.55,105.54,0.0,safe
SNS-zone_02-01,zone_02,2026-05-10T00:00:00Z,2.92,0.021,33.47,100.04,0.0,safe
SNS-zone_03-01,zone_03,2026-05-10T00:00:00Z,6.6,0.024,42.97,124.78,0.0,safe
SNS-zone_04-01,zone_04,2026-05-10T00:00:00Z,6.2,0.022,35.24,113.58,0.0,safe
SNS-zone_05-01,zone_05,2026-05-10T00:00:00Z,3.88,0.016,29.87,100.75,0.0,safe
SNS-zone_06-01,zone_06,2026-05-10T00:00:00Z,55.82,0.195,67.02,469.67,0.0,warning
SNS-zone_07-01,zone_07,2026-05-10T00:00:00Z,56.04,0.18,60.99,450.63,0.0,warning
SNS-zone_08-01,zone_08,2026-05-10T00:00:00Z,52.92,0.184,64.42,482.45,0.0,warning
SNS-zone_09-01,zone_09,2026-05-10T00:00:00Z,5.15,0.019,31.97,104.73,0.0,safe
SNS-zone_10-01,zone_10,2026-05-10T00:00:00Z,55.08,0.181,61.39,484.6,0.0,warning
SNS-zone_11-01,zone_11,2026-05-10T00:00:00Z,120.5,0.436,93.79,1025.77,0.0,evacuation
SNS-zone_12-01,zone_12,2026-05-10T00:00:00Z,120.5,0.445,91.42,1010.57,0.0,evacuation
SNS-zone_13-01,zone_13,2026-05-10T00:00:00Z,4.15,0.012,29.31,92.76,0.0,safe
SNS-zone_14-01,zone_14,2026-05-10T00:00:00Z,4.16,0.016,34.56,99.27,0.0,safe
SNS-zone_15-01,zone_15,2026-05-10T00:00:00Z,4.34,0.016,36.12,108.94,0.0,safe
SNS-zone_16-01,zone_16,2026-05-10T00:00:00Z,4.84,0.014,37.43,100.69,0.0,safe
SNS-zone_01-01,zone_01,2026-05-11T00:00:00Z,4.34,0.021,33.01,103.7,0.0,safe
SNS-zone_02-01,zone_02,2026-05-11T00:00:00Z,5.18,0.023,34.13,99.63,0.0,safe
SNS-zone_03-01,zone_03,2026-05-11T00:00:00Z,5.92,0.018,40.62,125.23,0.0,safe
SNS-zone_04-01,zone_04,2026-05-11T00:00:00Z,6.2,0.015,33.32,112.38,0.0,safe
SNS-zone_05-01,zone_05,2026-05-11T00:00:00Z,4.31,0.01,30.16,90.76,0.0,safe
SNS-zone_06-01,zone_06,2026-05-11T00:00:00Z,53.74,0.181,69.22,427.56,0.0,warning
SNS-zone_07-01,zone_07,2026-05-11T00:00:00Z,56.4,0.187,66.48,435.5,0.0,warning
SNS-zone_08-01,zone_08,2026-05-11T00:00:00Z,55.9,0.195,62.94,473.64,0.0,warning
SNS-zone_09-01,zone_09,2026-05-11T00:00:00Z,3.62,0.018,31.69,102.05,0.0,safe
SNS-zone_10-01,zone_10,2026-05-11T00:00:00Z,53.72,0.199,63.46,486.85,0.0,warning
SNS-zone_11-01,zone_11,2026-05-11T00:00:00Z,120.5,0.443,92.64,979.82,0.0,evacuation
SNS-zone_12-01,zone_12,2026-05-11T00:00:00Z,120.5,0.448,87.75,1013.07,0.0,evacuation
SNS-zone_13-01,zone_13,2026-05-11T00:00:00Z,5.03,0.02,30.35,104.16,0.0,safe
SNS-zone_14-01,zone_14,2026-05-11T00:00:00Z,4.78,0.024,33.82,114.81,0.0,safe
SNS-zone_15-01,zone_15,2026-05-11T00:00:00Z,5.65,0.021,35.29,108.27,0.0,safe
SNS-zone_16-01,zone_16,2026-05-11T00:00:00Z,4.22,0.019,39.16,109.9,0.0,safe
SNS-zone_01-01,zone_01,2026-05-12T00:00:00Z,3.48,0.024,33.1,99.66,0.0,safe
SNS-zone_02-01,zone_02,2026-05-12T00:00:00Z,5.39,0.018,33.68,112.96,0.0,safe
SNS-zone_03-01,zone_03,2026-05-12T00:00:00Z,5.76,0.016,43.23,126.58,0.0,safe
SNS-zone_04-01,zone_04,2026-05-12T00:00:00Z,5.82,0.027,33.29,110.51,0.0,safe
SNS-zone_05-01,zone_05,2026-05-12T00:00:00Z,4.41,0.02,30.89,107.82,0.0,safe
SNS-zone_06-01,zone_06,2026-05-12T00:00:00Z,54.31,0.169,67.85,453.78,0.0,warning
SNS-zone_07-01,zone_07,2026-05-12T00:00:00Z,54.85,0.186,62.36,448.35,0.0,warning
SNS-zone_08-01,zone_08,2026-05-12T00:00:00Z,53.55,0.186,62.44,477.87,0.0,warning
SNS-zone_09-01,zone_09,2026-05-12T00:00:00Z,3.98,0.028,30.05,91.45,0.0,safe
SNS-zone_10-01,zone_10,2026-05-12T00:00:00Z,53.01,0.177,68.02,491.71,0.0,warning
SNS-zone_11-01,zone_11,2026-05-12T00:00:00Z,120.5,0.434,92.39,1033.98,0.0,evacuation
SNS-zone_12-01,zone_12,2026-05-12T00:00:00Z,120.5,0.438,90.34,1031.73,0.0,evacuation
SNS-zone_13-01,zone_13,2026-05-12T00:00:00Z,3.56,0.01,32.38,91.49,0.0,safe
SNS-zone_14-01,zone_14,2026-05-12T00:00:00Z,3.4,0.018,32.03,107.52,0.0,safe
SNS-zone_15-01,zone_15,2026-05-12T00:00:00Z,4.42,0.023,34.54,107.73,0.0,safe
SNS-zone_16-01,zone_16,2026-05-12T00:00:00Z,4.07,0.023,41.48,114.53,0.0,safe
SNS-zone_01-01,zone_01,2026-05-13T00:00:00Z,3.86,0.01,34.52,105.33,0.6,safe
SNS-zone_02-01,zone_02,2026-05-13T00:00:00Z,4.85,0.02,33.84,102.31,0.6,safe
SNS-zone_03-01,zone_03,2026-05-13T00:00:00Z,5.6,0.023,42.12,113.89,0.6,safe
SNS-zone_04-01,zone_04,2026-05-13T00:00:00Z,5.79,0.019,33.12,107.17,0.6,safe
SNS-zone_05-01,zone_05,2026-05-13T00:00:00Z,4.0,0.026,31.55,100.5,0.6,safe
SNS-zone_06-01,zone_06,2026-05-13T00:00:00Z,55.59,0.189,69.08,464.5,0.6,warning
SNS-zone_07-01,zone_07,2026-05-13T00:00:00Z,51.83,0.178,64.27,437.05,0.6,warning
SNS-zone_08-01,zone_08,2026-05-13T00:00:00Z,54.16,0.175,64.55,479.64,0.6,warning
SNS-zone_09-01,zone_09,2026-05-13T00:00:00Z,4.03,0.018,31.11,99.93,0.6,safe
SNS-zone_10-01,zone_10,2026-05-13T00:00:00Z,54.58,0.192,64.77,491.0,0.6,warning
SNS-zone_11-01,zone_11,2026-05-13T00:00:00Z,120.5,0.445,91.5,1033.03,0.6,evacuation
SNS-zone_12-01,zone_12,2026-05-13T00:00:00Z,120.5,0.453,92.33,1016.83,0.6,evacuation
SNS-zone_13-01,zone_13,2026-05-13T00:00:00Z,4.81,0.022,28.95,95.86,0.6,safe
SNS-zone_14-01,zone_14,2026-05-13T00:00:00Z,3.39,0.021,33.59,106.35,0.6,safe
SNS-zone_15-01,zone_15,2026-05-13T00:00:00Z,4.45,0.024,35.45,111.36,0.6,safe
SNS-zone_16-01,zone_16,2026-05-13T00:00:00Z,4.02,0.017,37.91,114.86,0.6,safe
SNS-zone_01-01,zone_01,2026-05-14T00:00:00Z,2.74,0.014,35.22,98.87,0.0,safe
SNS-zone_02-01,zone_02,2026-05-14T00:00:00Z,2.6,0.015,34.51,99.14,0.0,safe
SNS-zone_03-01,zone_03,2026-05-14T00:00:00Z,5.48,0.021,42.61,113.83,0.0,safe
SNS-zone_04-01,zone_04,2026-05-14T00:00:00Z,6.77,0.025,33.61,108.05,0.0,safe
SNS-zone_05-01,zone_05,2026-05-14T00:00:00Z,4.46,0.021,28.0,105.05,0.0,safe
SNS-zone_06-01,zone_06,2026-05-14T00:00:00Z,53.93,0.18,69.12,453.38,0.0,warning
SNS-zone_07-01,zone_07,2026-05-14T00:00:00Z,52.79,0.172,66.94,455.58,0.0,warning
SNS-zone_08-01,zone_08,2026-05-14T00:00:00Z,56.84,0.195,63.8,491.18,0.0,warning
SNS-zone_09-01,zone_09,2026-05-14T00:00:00Z,4.47,0.023,31.91,106.93,0.0,safe
SNS-zone_10-01,zone_10,2026-05-14T00:00:00Z,55.1,0.19,65.59,491.87,0.0,warning
SNS-zone_11-01,zone_11,2026-05-14T00:00:00Z,120.5,0.452,91.84,1023.14,0.0,evacuation
SNS-zone_12-01,zone_12,2026-05-14T00:00:00Z,120.5,0.469,88.16,1023.17,0.0,evacuation
SNS-zone_13-01,zone_13,2026-05-14T00:00:00Z,3.25,0.021,32.32,100.27,0.0,safe
SNS-zone_14-01,zone_14,2026-05-14T00:00:00Z,3.34,0.019,32.58,100.08,0.0,safe
SNS-zone_15-01,zone_15,2026-05-14T00:00:00Z,2.09,0.02,34.8,99.5,0.0,safe
SNS-zone_16-01,zone_16,2026-05-14T00:00:00Z,4.27,0.017,38.64,105.87,0.0,safe
SNS-zone_01-01,zone_01,2026-05-15T00:00:00Z,5.04,0.022,32.27,100.72,0.0,safe
SNS-zone_02-01,zone_02,2026-05-15T00:00:00Z,5.26,0.024,33.87,99.87,0.0,safe
SNS-zone_03-01,zone_03,2026-05-15T00:00:00Z,6.57,0.023,41.27,124.74,0.0,safe
SNS-zone_04-01,zone_04,2026-05-15T00:00:00Z,5.68,0.029,31.96,106.24,0.0,safe
SNS-zone_05-01,zone_05,2026-05-15T00:00:00Z,3.6,0.019,32.51,99.28,0.0,safe
SNS-zone_06-01,zone_06,2026-05-15T00:00:00Z,55.96,0.199,68.19,464.08,0.0,warning
SNS-zone_07-01,zone_07,2026-05-15T00:00:00Z,53.69,0.186,65.73,449.93,0.0,warning
SNS-zone_08-01,zone_08,2026-05-15T00:00:00Z,54.3,0.201,66.79,485.78,0.0,warning
SNS-zone_09-01,zone_09,2026-05-15T00:00:00Z,3.27,0.019,34.02,101.54,0.0,safe
SNS-zone_10-01,zone_10,2026-05-15T00:00:00Z,53.26,0.174,67.83,485.56,0.0,warning
SNS-zone_11-01,zone_11,2026-05-15T00:00:00Z,120.5,0.441,99.45,1023.63,0.0,evacuation
SNS-zone_12-01,zone_12,2026-05-15T00:00:00Z,120.5,0.462,91.16,1040.82,0.0,evacuation
SNS-zone_13-01,zone_13,2026-05-15T00:00:00Z,5.19,0.019,29.3,98.54,0.0,safe
SNS-zone_14-01,zone_14,2026-05-15T00:00:00Z,4.55,0.018,34.5,102.8,0.0,safe
SNS-zone_15-01,zone_15,2026-05-15T00:00:00Z,4.1,0.02,34.42,101.65,0.0,safe
SNS-zone_16-01,zone_16,2026-05-15T00:00:00Z,5.25,0.015,38.85,109.8,0.0,safe
SNS-zone_01-01,zone_01,2026-05-16T00:00:00Z,4.49,0.015,33.77,103.24,0.1,safe
SNS-zone_02-01,zone_02,2026-05-16T00:00:00Z,3.89,0.021,34.13,105.04,0.1,safe
SNS-zone_03-01,zone_03,2026-05-16T00:00:00Z,6.31,0.016,43.6,121.72,0.1,safe
SNS-zone_04-01,zone_04,2026-05-16T00:00:00Z,4.37,0.02,33.68,98.35,0.1,safe
SNS-zone_05-01,zone_05,2026-05-16T00:00:00Z,3.18,0.022,27.87,88.9,0.1,safe
SNS-zone_06-01,zone_06,2026-05-16T00:00:00Z,54.6,0.19,71.97,429.32,0.1,warning
SNS-zone_07-01,zone_07,2026-05-16T00:00:00Z,53.46,0.197,62.88,445.23,0.1,warning
SNS-zone_08-01,zone_08,2026-05-16T00:00:00Z,52.69,0.181,66.78,485.18,0.1,warning
SNS-zone_09-01,zone_09,2026-05-16T00:00:00Z,5.21,0.019,32.67,102.57,0.1,safe
SNS-zone_10-01,zone_10,2026-05-16T00:00:00Z,54.85,0.179,65.63,487.05,0.1,warning
SNS-zone_11-01,zone_11,2026-05-16T00:00:00Z,120.5,0.457,91.87,1016.05,0.1,evacuation
SNS-zone_12-01,zone_12,2026-05-16T00:00:00Z,120.5,0.436,89.96,1023.61,0.1,evacuation
SNS-zone_13-01,zone_13,2026-05-16T00:00:00Z,4.53,0.025,32.87,105.73,0.1,safe
SNS-zone_14-01,zone_14,2026-05-16T00:00:00Z,3.67,0.019,33.31,99.93,0.1,safe
SNS-zone_15-01,zone_15,2026-05-16T00:00:00Z,5.15,0.017,35.08,106.53,0.1,safe
SNS-zone_16-01,zone_16,2026-05-16T00:00:00Z,5.88,0.023,37.62,109.59,0.1,safe
SNS-zone_01-01,zone_01,2026-05-17T00:00:00Z,3.72,0.017,35.03,96.24,0.1,safe
SNS-zone_02-01,zone_02,2026-05-17T00:00:00Z,4.89,0.018,35.16,104.09,0.1,safe
SNS-zone_03-01,zone_03,2026-05-17T00:00:00Z,5.87,0.024,41.06,122.79,0.1,safe
SNS-zone_04-01,zone_04,2026-05-17T00:00:00Z,6.44,0.027,34.75,113.47,0.1,safe
SNS-zone_05-01,zone_05,2026-05-17T00:00:00Z,4.38,0.019,31.58,103.54,0.1,safe
SNS-zone_06-01,zone_06,2026-05-17T00:00:00Z,53.29,0.174,67.03,445.86,0.1,warning
SNS-zone_07-01,zone_07,2026-05-17T00:00:00Z,57.55,0.185,63.54,473.4,0.1,warning
SNS-zone_08-01,zone_08,2026-05-17T00:00:00Z,54.08,0.178,65.67,478.29,0.1,warning
SNS-zone_09-01,zone_09,2026-05-17T00:00:00Z,2.69,0.017,32.89,96.7,0.1,safe
SNS-zone_10-01,zone_10,2026-05-17T00:00:00Z,52.06,0.177,63.06,473.82,0.1,warning
SNS-zone_11-01,zone_11,2026-05-17T00:00:00Z,120.5,0.431,91.34,1032.8,0.1,evacuation
SNS-zone_12-01,zone_12,2026-05-17T00:00:00Z,120.5,0.445,94.24,1026.05,0.1,evacuation
SNS-zone_13-01,zone_13,2026-05-17T00:00:00Z,5.12,0.018,29.56,97.79,0.1,safe
SNS-zone_14-01,zone_14,2026-05-17T00:00:00Z,4.62,0.017,32.43,100.28,0.1,safe
SNS-zone_15-01,zone_15,2026-05-17T00:00:00Z,3.11,0.022,36.83,108.11,0.1,safe
SNS-zone_16-01,zone_16,2026-05-17T00:00:00Z,4.37,0.017,38.51,113.69,0.1,safe
SNS-zone_01-01,zone_01,2026-05-18T00:00:00Z,4.8,0.019,35.64,104.33,0.1,safe
SNS-zone_02-01,zone_02,2026-05-18T00:00:00Z,3.46,0.024,33.17,111.59,0.1,safe
SNS-zone_03-01,zone_03,2026-05-18T00:00:00Z,6.28,0.029,39.97,121.35,0.1,safe
SNS-zone_04-01,zone_04,2026-05-18T00:00:00Z,6.86,0.02,33.37,105.66,0.1,safe
SNS-zone_05-01,zone_05,2026-05-18T00:00:00Z,4.13,0.018,31.98,100.31,0.1,safe
SNS-zone_06-01,zone_06,2026-05-18T00:00:00Z,52.16,0.178,69.11,439.85,0.1,warning
SNS-zone_07-01,zone_07,2026-05-18T00:00:00Z,53.47,0.167,64.56,445.58,0.1,warning
SNS-zone_08-01,zone_08,2026-05-18T00:00:00Z,56.43,0.183,63.16,479.55,0.1,warning
SNS-zone_09-01,zone_09,2026-05-18T00:00:00Z,4.97,0.02,31.15,96.93,0.1,safe
SNS-zone_10-01,zone_10,2026-05-18T00:00:00Z,57.19,0.2,64.52,486.47,0.1,warning
SNS-zone_11-01,zone_11,2026-05-18T00:00:00Z,120.5,0.453,87.72,989.6,0.1,evacuation
SNS-zone_12-01,zone_12,2026-05-18T00:00:00Z,120.5,0.443,89.96,1009.17,0.1,evacuation
SNS-zone_13-01,zone_13,2026-05-18T00:00:00Z,3.62,0.02,30.01,100.0,0.1,safe
SNS-zone_14-01,zone_14,2026-05-18T00:00:00Z,4.31,0.021,33.08,102.08,0.1,safe
SNS-zone_15-01,zone_15,2026-05-18T00:00:00Z,3.99,0.02,37.4,103.74,0.1,safe
SNS-zone_16-01,zone_16,2026-05-18T00:00:00Z,3.0,0.019,39.99,114.27,0.1,safe
SNS-zone_01-01,zone_01,2026-05-19T00:00:00Z,5.76,0.023,33.43,107.13,0.0,safe
SNS-zone_02-01,zone_02,2026-05-19T00:00:00Z,3.04,0.021,32.84,100.35,0.0,safe
SNS-zone_03-01,zone_03,2026-05-19T00:00:00Z,6.73,0.025,42.43,122.97,0.0,safe
SNS-zone_04-01,zone_04,2026-05-19T00:00:00Z,5.9,0.023,31.83,107.75,0.0,safe
SNS-zone_05-01,zone_05,2026-05-19T00:00:00Z,3.76,0.015,31.34,102.41,0.0,safe
SNS-zone_06-01,zone_06,2026-05-19T00:00:00Z,55.39,0.174,69.1,452.15,0.0,warning
SNS-zone_07-01,zone_07,2026-05-19T00:00:00Z,56.67,0.182,64.92,451.69,0.0,warning
SNS-zone_08-01,zone_08,2026-05-19T00:00:00Z,56.68,0.186,60.93,496.85,0.0,warning
SNS-zone_09-01,zone_09,2026-05-19T00:00:00Z,5.18,0.024,32.59,103.25,0.0,safe
SNS-zone_10-01,zone_10,2026-05-19T00:00:00Z,52.24,0.177,68.62,483.99,0.0,warning
SNS-zone_11-01,zone_11,2026-05-19T00:00:00Z,120.5,0.44,91.89,1029.44,0.0,evacuation
SNS-zone_12-01,zone_12,2026-05-19T00:00:00Z,120.5,0.441,91.25,1002.07,0.0,evacuation
SNS-zone_13-01,zone_13,2026-05-19T00:00:00Z,4.64,0.019,29.74,97.74,0.0,safe
SNS-zone_14-01,zone_14,2026-05-19T00:00:00Z,5.14,0.016,34.57,106.51,0.0,safe
SNS-zone_15-01,zone_15,2026-05-19T00:00:00Z,3.58,0.017,35.62,100.55,0.0,safe
SNS-zone_16-01,zone_16,2026-05-19T00:00:00Z,3.86,0.017,38.93,105.05,0.0,safe
SNS-zone_01-01,zone_01,2026-05-20T00:00:00Z,4.27,0.019,35.04,102.76,0.0,safe
SNS-zone_02-01,zone_02,2026-05-20T00:00:00Z,3.88,0.021,35.11,102.42,0.0,safe
SNS-zone_03-01,zone_03,2026-05-20T00:00:00Z,5.03,0.018,42.85,117.59,0.0,safe
SNS-zone_04-01,zone_04,2026-05-20T00:00:00Z,5.35,0.015,34.06,108.49,0.0,safe
SNS-zone_05-01,zone_05,2026-05-20T00:00:00Z,4.63,0.018,29.19,97.87,0.0,safe
SNS-zone_06-01,zone_06,2026-05-20T00:00:00Z,54.72,0.164,67.04,465.37,0.0,warning
SNS-zone_07-01,zone_07,2026-05-20T00:00:00Z,54.92,0.181,61.97,449.13,0.0,warning
SNS-zone_08-01,zone_08,2026-05-20T00:00:00Z,55.82,0.19,63.59,499.44,0.0,warning
SNS-zone_09-01,zone_09,2026-05-20T00:00:00Z,4.18,0.014,33.07,97.05,0.0,safe
SNS-zone_10-01,zone_10,2026-05-20T00:00:00Z,52.97,0.198,60.42,480.3,0.0,warning
SNS-zone_11-01,zone_11,2026-05-20T00:00:00Z,120.5,0.457,94.65,1015.11,0.0,evacuation
SNS-zone_12-01,zone_12,2026-05-20T00:00:00Z,120.5,0.427,89.83,1001.26,0.0,evacuation
SNS-zone_13-01,zone_13,2026-05-20T00:00:00Z,4.45,0.018,30.38,100.66,0.0,safe
SNS-zone_14-01,zone_14,2026-05-20T00:00:00Z,3.28,0.027,33.16,106.13,0.0,safe
SNS-zone_15-01,zone_15,2026-05-20T00:00:00Z,4.62,0.019,34.3,103.62,0.0,safe
SNS-zone_16-01,zone_16,2026-05-20T00:00:00Z,4.0,0.021,36.47,104.17,0.0,safe
SNS-zone_01-01,zone_01,2026-05-21T00:00:00Z,4.04,0.02,33.71,104.68,0.0,safe
SNS-zone_02-01,zone_02,2026-05-21T00:00:00Z,2.29,0.014,34.54,97.57,0.0,safe
SNS-zone_03-01,zone_03,2026-05-21T00:00:00Z,7.06,0.014,41.79,120.42,0.0,safe
SNS-zone_04-01,zone_04,2026-05-21T00:00:00Z,5.84,0.028,35.61,110.37,0.0,safe
SNS-zone_05-01,zone_05,2026-05-21T00:00:00Z,3.58,0.025,31.57,97.52,0.0,safe
SNS-zone_06-01,zone_06,2026-05-21T00:00:00Z,52.3,0.184,67.53,433.47,0.0,warning
SNS-zone_07-01,zone_07,2026-05-21T00:00:00Z,53.86,0.179,64.62,451.46,0.0,warning
SNS-zone_08-01,zone_08,2026-05-21T00:00:00Z,52.69,0.182,62.84,467.65,0.0,warning
SNS-zone_09-01,zone_09,2026-05-21T00:00:00Z,3.63,0.022,32.35,102.98,0.0,safe
SNS-zone_10-01,zone_10,2026-05-21T00:00:00Z,55.6,0.2,67.26,491.91,0.0,warning
SNS-zone_11-01,zone_11,2026-05-21T00:00:00Z,120.5,0.428,92.05,997.03,0.0,evacuation
SNS-zone_12-01,zone_12,2026-05-21T00:00:00Z,120.5,0.448,86.39,1022.05,0.0,evacuation
SNS-zone_13-01,zone_13,2026-05-21T00:00:00Z,3.89,0.013,31.33,96.17,0.0,safe
SNS-zone_14-01,zone_14,2026-05-21T00:00:00Z,4.75,0.022,34.25,105.09,0.0,safe
SNS-zone_15-01,zone_15,2026-05-21T00:00:00Z,3.14,0.016,34.37,108.08,0.0,safe
SNS-zone_16-01,zone_16,2026-05-21T00:00:00Z,3.45,0.012,38.77,105.9,0.0,safe
SNS-zone_01-01,zone_01,2026-05-22T00:00:00Z,3.99,0.011,34.66,103.02,0.0,safe
SNS-zone_02-01,zone_02,2026-05-22T00:00:00Z,6.44,0.021,34.64,110.04,0.0,safe
SNS-zone_03-01,zone_03,2026-05-22T00:00:00Z,6.8,0.025,40.83,123.13,0.0,safe
SNS-zone_04-01,zone_04,2026-05-22T00:00:00Z,5.16,0.021,32.47,102.49,0.0,safe
SNS-zone_05-01,zone_05,2026-05-22T00:00:00Z,5.31,0.026,32.34,102.2,0.0,safe
SNS-zone_06-01,zone_06,2026-05-22T00:00:00Z,54.93,0.177,68.89,464.1,0.0,warning
SNS-zone_07-01,zone_07,2026-05-22T00:00:00Z,54.58,0.185,65.56,459.96,0.0,warning
SNS-zone_08-01,zone_08,2026-05-22T00:00:00Z,55.39,0.178,62.9,480.87,0.0,warning
SNS-zone_09-01,zone_09,2026-05-22T00:00:00Z,3.13,0.014,32.0,99.75,0.0,safe
SNS-zone_10-01,zone_10,2026-05-22T00:00:00Z,54.21,0.167,69.48,474.75,0.0,warning
SNS-zone_11-01,zone_11,2026-05-22T00:00:00Z,120.5,0.445,91.62,1008.92,0.0,evacuation
SNS-zone_12-01,zone_12,2026-05-22T00:00:00Z,120.5,0.447,92.52,1017.4,0.0,evacuation
SNS-zone_13-01,zone_13,2026-05-22T00:00:00Z,4.06,0.024,31.48,100.23,0.0,safe
SNS-zone_14-01,zone_14,2026-05-22T00:00:00Z,4.0,0.021,31.55,95.76,0.0,safe
SNS-zone_15-01,zone_15,2026-05-22T00:00:00Z,4.18,0.027,36.42,94.01,0.0,safe
SNS-zone_16-01,zone_16,2026-05-22T00:00:00Z,2.56,0.021,39.57,109.16,0.0,safe
SNS-zone_01-01,zone_01,2026-05-23T00:00:00Z,4.32,0.01,34.88,107.73,0.0,safe
SNS-zone_02-01,zone_02,2026-05-23T00:00:00Z,4.43,0.022,35.53,106.4,0.0,safe
SNS-zone_03-01,zone_03,2026-05-23T00:00:00Z,5.03,0.018,40.98,118.81,0.0,safe
SNS-zone_04-01,zone_04,2026-05-23T00:00:00Z,6.64,0.014,34.47,123.27,0.0,safe
SNS-zone_05-01,zone_05,2026-05-23T00:00:00Z,3.32,0.025,29.35,85.85,0.0,safe
SNS-zone_06-01,zone_06,2026-05-23T00:00:00Z,57.5,0.191,67.12,460.23,0.0,warning
SNS-zone_07-01,zone_07,2026-05-23T00:00:00Z,56.49,0.194,65.32,459.94,0.0,warning
SNS-zone_08-01,zone_08,2026-05-23T00:00:00Z,57.42,0.203,61.94,497.58,0.0,warning
SNS-zone_09-01,zone_09,2026-05-23T00:00:00Z,3.26,0.023,31.3,96.71,0.0,safe
SNS-zone_10-01,zone_10,2026-05-23T00:00:00Z,55.01,0.171,67.97,492.64,0.0,warning
SNS-zone_11-01,zone_11,2026-05-23T00:00:00Z,120.5,0.444,94.36,1010.16,0.0,evacuation
SNS-zone_12-01,zone_12,2026-05-23T00:00:00Z,120.5,0.455,93.83,1035.89,0.0,evacuation
SNS-zone_13-01,zone_13,2026-05-23T00:00:00Z,2.95,0.019,29.73,95.04,0.0,safe
SNS-zone_14-01,zone_14,2026-05-23T00:00:00Z,5.6,0.022,33.38,108.83,0.0,safe
SNS-zone_15-01,zone_15,2026-05-23T00:00:00Z,3.43,0.014,36.51,103.28,0.0,safe
SNS-zone_16-01,zone_16,2026-05-23T00:00:00Z,4.57,0.016,38.28,108.53,0.0,safe
SNS-zone_01-01,zone_01,2026-05-24T00:00:00Z,3.92,0.015,36.28,108.76,0.0,safe
SNS-zone_02-01,zone_02,2026-05-24T00:00:00Z,3.13,0.015,36.89,104.99,0.0,safe
SNS-zone_03-01,zone_03,2026-05-24T00:00:00Z,6.5,0.02,43.93,121.64,0.0,safe
SNS-zone_04-01,zone_04,2026-05-24T00:00:00Z,5.6,0.019,34.68,108.27,0.0,safe
SNS-zone_05-01,zone_05,2026-05-24T00:00:00Z,3.94,0.022,29.45,93.2,0.0,safe
SNS-zone_06-01,zone_06,2026-05-24T00:00:00Z,51.41,0.17,67.9,428.07,0.0,warning
SNS-zone_07-01,zone_07,2026-05-24T00:00:00Z,51.42,0.175,66.05,452.31,0.0,warning
SNS-zone_08-01,zone_08,2026-05-24T00:00:00Z,54.42,0.184,65.02,495.75,0.0,warning
SNS-zone_09-01,zone_09,2026-05-24T00:00:00Z,3.68,0.021,32.2,93.16,0.0,safe
SNS-zone_10-01,zone_10,2026-05-24T00:00:00Z,54.62,0.181,64.22,486.35,0.0,warning
SNS-zone_11-01,zone_11,2026-05-24T00:00:00Z,120.5,0.449,90.6,993.93,0.0,evacuation
SNS-zone_12-01,zone_12,2026-05-24T00:00:00Z,120.5,0.463,89.64,1002.83,0.0,evacuation
SNS-zone_13-01,zone_13,2026-05-24T00:00:00Z,5.22,0.025,29.98,90.55,0.0,safe
SNS-zone_14-01,zone_14,2026-05-24T00:00:00Z,5.38,0.022,33.13,104.23,0.0,safe
SNS-zone_15-01,zone_15,2026-05-24T00:00:00Z,3.31,0.016,37.87,102.51,0.0,safe
SNS-zone_16-01,zone_16,2026-05-24T00:00:00Z,4.29,0.024,36.95,102.77,0.0,safe
SNS-zone_01-01,zone_01,2026-05-25T00:00:00Z,3.19,0.026,34.5,98.11,0.0,safe
SNS-zone_02-01,zone_02,2026-05-25T00:00:00Z,3.3,0.017,35.08,99.83,0.0,safe
SNS-zone_03-01,zone_03,2026-05-25T00:00:00Z,5.84,0.023,41.19,123.5,0.0,safe
SNS-zone_04-01,zone_04,2026-05-25T00:00:00Z,7.38,0.024,32.85,116.25,0.0,safe
SNS-zone_05-01,zone_05,2026-05-25T00:00:00Z,2.99,0.013,30.03,96.97,0.0,safe
SNS-zone_06-01,zone_06,2026-05-25T00:00:00Z,55.34,0.174,69.78,466.54,0.0,warning
SNS-zone_07-01,zone_07,2026-05-25T00:00:00Z,54.58,0.182,64.86,447.23,0.0,warning
SNS-zone_08-01,zone_08,2026-05-25T00:00:00Z,54.99,0.198,64.44,462.59,0.0,warning
SNS-zone_09-01,zone_09,2026-05-25T00:00:00Z,4.12,0.023,31.27,97.88,0.0,safe
SNS-zone_10-01,zone_10,2026-05-25T00:00:00Z,53.87,0.185,63.69,491.24,0.0,warning
SNS-zone_11-01,zone_11,2026-05-25T00:00:00Z,120.5,0.441,91.08,996.77,0.0,evacuation
SNS-zone_12-01,zone_12,2026-05-25T00:00:00Z,120.5,0.447,90.15,1016.31,0.0,evacuation
SNS-zone_13-01,zone_13,2026-05-25T00:00:00Z,4.4,0.025,31.24,86.57,0.0,safe
SNS-zone_14-01,zone_14,2026-05-25T00:00:00Z,3.71,0.011,33.5,100.89,0.0,safe
SNS-zone_15-01,zone_15,2026-05-25T00:00:00Z,5.13,0.019,35.77,113.81,0.0,safe
SNS-zone_16-01,zone_16,2026-05-25T00:00:00Z,3.47,0.021,39.39,113.85,0.0,safe
SNS-zone_01-01,zone_01,2026-05-26T00:00:00Z,4.2,0.022,33.53,105.44,0.0,safe
SNS-zone_02-01,zone_02,2026-05-26T00:00:00Z,4.76,0.02,35.58,100.58,0.0,safe
SNS-zone_03-01,zone_03,2026-05-26T00:00:00Z,7.54,0.027,40.42,122.55,0.0,safe
SNS-zone_04-01,zone_04,2026-05-26T00:00:00Z,4.82,0.012,35.56,104.4,0.0,safe
SNS-zone_05-01,zone_05,2026-05-26T00:00:00Z,2.34,0.018,29.47,87.34,0.0,safe
SNS-zone_06-01,zone_06,2026-05-26T00:00:00Z,52.68,0.177,70.78,454.11,0.0,warning
SNS-zone_07-01,zone_07,2026-05-26T00:00:00Z,56.04,0.18,63.87,452.25,0.0,warning
SNS-zone_08-01,zone_08,2026-05-26T00:00:00Z,55.54,0.188,64.91,488.1,0.0,warning
SNS-zone_09-01,zone_09,2026-05-26T00:00:00Z,3.98,0.028,32.01,101.7,0.0,safe
SNS-zone_10-01,zone_10,2026-05-26T00:00:00Z,53.69,0.179,66.65,461.5,0.0,warning
SNS-zone_11-01,zone_11,2026-05-26T00:00:00Z,120.5,0.433,97.01,1021.98,0.0,evacuation
SNS-zone_12-01,zone_12,2026-05-26T00:00:00Z,120.5,0.448,91.88,1026.53,0.0,evacuation
SNS-zone_13-01,zone_13,2026-05-26T00:00:00Z,3.62,0.021,29.05,94.96,0.0,safe
SNS-zone_14-01,zone_14,2026-05-26T00:00:00Z,4.3,0.021,31.59,106.35,0.0,safe
SNS-zone_15-01,zone_15,2026-05-26T00:00:00Z,4.09,0.029,36.12,100.63,0.0,safe
SNS-zone_16-01,zone_16,2026-05-26T00:00:00Z,3.64,0.016,34.99,96.68,0.0,safe
SNS-zone_01-01,zone_01,2026-05-27T00:00:00Z,4.34,0.02,33.96,112.38,0.1,safe
SNS-zone_02-01,zone_02,2026-05-27T00:00:00Z,3.04,0.017,33.57,98.35,0.1,safe
SNS-zone_03-01,zone_03,2026-05-27T00:00:00Z,6.34,0.015,40.58,120.8,0.1,safe
SNS-zone_04-01,zone_04,2026-05-27T00:00:00Z,6.18,0.023,33.12,110.61,0.1,safe
SNS-zone_05-01,zone_05,2026-05-27T00:00:00Z,2.86,0.016,28.13,92.8,0.1,safe
SNS-zone_06-01,zone_06,2026-05-27T00:00:00Z,56.22,0.172,67.58,453.27,0.1,warning
SNS-zone_07-01,zone_07,2026-05-27T00:00:00Z,54.62,0.183,63.31,449.45,0.1,warning
SNS-zone_08-01,zone_08,2026-05-27T00:00:00Z,56.0,0.189,62.99,476.93,0.1,warning
SNS-zone_09-01,zone_09,2026-05-27T00:00:00Z,3.97,0.017,33.28,101.16,0.1,safe
SNS-zone_10-01,zone_10,2026-05-27T00:00:00Z,55.6,0.192,64.03,513.85,0.1,warning
SNS-zone_11-01,zone_11,2026-05-27T00:00:00Z,120.5,0.45,89.19,1012.79,0.1,evacuation
SNS-zone_12-01,zone_12,2026-05-27T00:00:00Z,120.5,0.434,87.7,1016.6,0.1,evacuation
SNS-zone_13-01,zone_13,2026-05-27T00:00:00Z,4.76,0.021,31.07,103.86,0.1,safe
SNS-zone_14-01,zone_14,2026-05-27T00:00:00Z,2.89,0.016,32.59,100.93,0.1,safe
SNS-zone_15-01,zone_15,2026-05-27T00:00:00Z,4.2,0.024,37.32,112.45,0.1,safe
SNS-zone_16-01,zone_16,2026-05-27T00:00:00Z,4.33,0.024,39.21,109.57,0.1,safe
SNS-zone_01-01,zone_01,2026-05-28T00:00:00Z,4.88,0.025,34.01,108.54,0.0,safe
SNS-zone_02-01,zone_02,2026-05-28T00:00:00Z,4.38,0.018,37.33,101.07,0.0,safe
SNS-zone_03-01,zone_03,2026-05-28T00:00:00Z,7.08,0.019,43.72,123.57,0.0,safe
SNS-zone_04-01,zone_04,2026-05-28T00:00:00Z,6.69,0.026,32.26,111.38,0.0,safe
SNS-zone_05-01,zone_05,2026-05-28T00:00:00Z,5.5,0.023,32.87,100.9,0.0,safe
SNS-zone_06-01,zone_06,2026-05-28T00:00:00Z,53.58,0.184,67.92,478.22,0.0,warning
SNS-zone_07-01,zone_07,2026-05-28T00:00:00Z,51.78,0.187,63.11,443.88,0.0,warning
SNS-zone_08-01,zone_08,2026-05-28T00:00:00Z,54.76,0.177,65.06,489.3,0.0,warning
SNS-zone_09-01,zone_09,2026-05-28T00:00:00Z,3.59,0.022,31.07,94.71,0.0,safe
SNS-zone_10-01,zone_10,2026-05-28T00:00:00Z,55.92,0.19,70.5,492.59,0.0,warning
SNS-zone_11-01,zone_11,2026-05-28T00:00:00Z,120.5,0.462,88.29,1023.0,0.0,evacuation
SNS-zone_12-01,zone_12,2026-05-28T00:00:00Z,120.5,0.44,96.54,1024.56,0.0,evacuation
SNS-zone_13-01,zone_13,2026-05-28T00:00:00Z,3.16,0.022,30.79,93.46,0.0,safe
SNS-zone_14-01,zone_14,2026-05-28T00:00:00Z,4.35,0.02,34.22,104.99,0.0,safe
SNS-zone_15-01,zone_15,2026-05-28T00:00:00Z,4.3,0.016,35.78,110.72,0.0,safe
SNS-zone_16-01,zone_16,2026-05-28T00:00:00Z,4.5,0.025,40.15,110.76,0.0,safe
SNS-zone_01-01,zone_01,2026-05-29T00:00:00Z,3.38,0.014,34.73,107.86,1.1,safe
SNS-zone_02-01,zone_02,2026-05-29T00:00:00Z,5.97,0.014,35.81,102.38,1.1,safe
SNS-zone_03-01,zone_03,2026-05-29T00:00:00Z,6.42,0.023,41.97,122.84,1.1,safe
SNS-zone_04-01,zone_04,2026-05-29T00:00:00Z,6.6,0.021,31.88,105.01,1.1,safe
SNS-zone_05-01,zone_05,2026-05-29T00:00:00Z,3.82,0.019,31.55,92.89,1.1,safe
SNS-zone_06-01,zone_06,2026-05-29T00:00:00Z,53.51,0.17,67.55,435.39,1.1,warning
SNS-zone_07-01,zone_07,2026-05-29T00:00:00Z,57.47,0.185,63.54,459.4,1.1,warning
SNS-zone_08-01,zone_08,2026-05-29T00:00:00Z,55.87,0.172,62.75,492.05,1.1,warning
SNS-zone_09-01,zone_09,2026-05-29T00:00:00Z,5.36,0.021,31.06,105.05,1.1,safe
SNS-zone_10-01,zone_10,2026-05-29T00:00:00Z,58.26,0.193,69.3,498.84,1.1,warning
SNS-zone_11-01,zone_11,2026-05-29T00:00:00Z,120.5,0.456,95.32,1025.53,1.1,evacuation
SNS-zone_12-01,zone_12,2026-05-29T00:00:00Z,120.5,0.464,93.51,1044.5,1.1,evacuation
SNS-zone_13-01,zone_13,2026-05-29T00:00:00Z,4.88,0.024,31.45,99.24,1.1,safe
SNS-zone_14-01,zone_14,2026-05-29T00:00:00Z,4.2,0.016,34.09,100.04,1.1,safe
SNS-zone_15-01,zone_15,2026-05-29T00:00:00Z,4.12,0.02,37.86,112.63,1.1,safe
SNS-zone_16-01,zone_16,2026-05-29T00:00:00Z,4.07,0.024,39.18,100.23,1.1,safe
SNS-zone_01-01,zone_01,2026-05-30T00:00:00Z,8.37,0.026,37.78,116.39,19.4,safe
SNS-zone_02-01,zone_02,2026-05-30T00:00:00Z,9.29,0.027,39.89,117.7,19.4,safe
SNS-zone_03-01,zone_03,2026-05-30T00:00:00Z,13.07,0.026,46.51,145.75,19.4,safe
SNS-zone_04-01,zone_04,2026-05-30T00:00:00Z,11.98,0.029,38.37,127.59,19.4,safe
SNS-zone_05-01,zone_05,2026-05-30T00:00:00Z,8.63,0.021,33.42,114.23,19.4,safe
SNS-zone_06-01,zone_06,2026-05-30T00:00:00Z,68.06,0.207,75.59,515.79,19.4,warning
SNS-zone_07-01,zone_07,2026-05-30T00:00:00Z,63.85,0.191,72.38,497.15,19.4,warning
SNS-zone_08-01,zone_08,2026-05-30T00:00:00Z,62.74,0.188,73.27,521.8,19.4,warning
SNS-zone_09-01,zone_09,2026-05-30T00:00:00Z,8.53,0.029,34.77,114.8,19.4,safe
SNS-zone_10-01,zone_10,2026-05-30T00:00:00Z,64.79,0.203,72.92,541.84,19.4,warning
SNS-zone_11-01,zone_11,2026-05-30T00:00:00Z,120.5,0.458,109.16,1057.35,19.4,evacuation
SNS-zone_12-01,zone_12,2026-05-30T00:00:00Z,120.5,0.462,114.1,1058.04,19.4,evacuation
SNS-zone_13-01,zone_13,2026-05-30T00:00:00Z,9.84,0.033,31.73,112.47,19.4,safe
SNS-zone_14-01,zone_14,2026-05-30T00:00:00Z,8.83,0.028,33.88,119.54,19.4,safe
SNS-zone_15-01,zone_15,2026-05-30T00:00:00Z,8.95,0.024,39.42,117.72,19.4,safe
SNS-zone_16-01,zone_16,2026-05-30T00:00:00Z,11.32,0.028,42.58,127.39,19.4,safe
SNS-zone_01-01,zone_01,2026-05-31T00:00:00Z,8.44,0.026,37.16,122.59,0.1,safe
SNS-zone_02-01,zone_02,2026-05-31T00:00:00Z,8.11,0.028,33.91,113.07,0.1,safe
SNS-zone_03-01,zone_03,2026-05-31T00:00:00Z,12.19,0.025,46.72,154.14,0.1,safe
SNS-zone_04-01,zone_04,2026-05-31T00:00:00Z,11.79,0.034,35.22,125.93,0.1,safe
SNS-zone_05-01,zone_05,2026-05-31T00:00:00Z,8.19,0.019,31.69,111.06,0.1,safe
SNS-zone_06-01,zone_06,2026-05-31T00:00:00Z,64.53,0.212,73.48,488.75,0.1,warning
SNS-zone_07-01,zone_07,2026-05-31T00:00:00Z,65.61,0.188,70.25,476.68,0.1,warning
SNS-zone_08-01,zone_08,2026-05-31T00:00:00Z,63.5,0.197,69.34,520.55,0.1,warning
SNS-zone_09-01,zone_09,2026-05-31T00:00:00Z,6.88,0.024,33.47,111.14,0.1,safe
SNS-zone_10-01,zone_10,2026-05-31T00:00:00Z,62.59,0.199,72.54,525.2,0.1,warning
SNS-zone_11-01,zone_11,2026-05-31T00:00:00Z,120.5,0.457,106.05,1042.24,0.1,evacuation
SNS-zone_12-01,zone_12,2026-05-31T00:00:00Z,120.5,0.442,109.51,1039.52,0.1,evacuation
SNS-zone_13-01,zone_13,2026-05-31T00:00:00Z,9.52,0.024,30.8,110.27,0.1,safe
SNS-zone_14-01,zone_14,2026-05-31T00:00:00Z,7.52,0.023,36.44,117.11,0.1,safe
SNS-zone_15-01,zone_15,2026-05-31T00:00:00Z,6.25,0.019,40.09,109.15,0.1,safe
SNS-zone_16-01,zone_16,2026-05-31T00:00:00Z,7.22,0.023,42.74,120.79,0.1,safe
SNS-zone_01-01,zone_01,2026-06-01T00:00:00Z,8.14,0.019,35.94,118.82,0.0,safe
SNS-zone_02-01,zone_02,2026-06-01T00:00:00Z,7.43,0.024,35.38,108.05,0.0,safe
SNS-zone_03-01,zone_03,2026-06-01T00:00:00Z,8.33,0.023,44.69,131.67,0.0,safe
SNS-zone_04-01,zone_04,2026-06-01T00:00:00Z,9.58,0.03,35.87,118.93,0.0,safe
SNS-zone_05-01,zone_05,2026-06-01T00:00:00Z,5.95,0.021,33.71,104.05,0.0,safe
SNS-zone_06-01,zone_06,2026-06-01T00:00:00Z,62.42,0.193,72.6,467.42,0.0,warning
SNS-zone_07-01,zone_07,2026-06-01T00:00:00Z,62.99,0.193,70.41,487.72,0.0,warning
SNS-zone_08-01,zone_08,2026-06-01T00:00:00Z,61.52,0.196,69.42,517.58,0.0,warning
SNS-zone_09-01,zone_09,2026-06-01T00:00:00Z,6.78,0.02,32.59,103.68,0.0,safe
SNS-zone_10-01,zone_10,2026-06-01T00:00:00Z,60.52,0.201,72.58,523.26,0.0,warning
SNS-zone_11-01,zone_11,2026-06-01T00:00:00Z,120.5,0.444,105.18,1049.65,0.0,evacuation
SNS-zone_12-01,zone_12,2026-06-01T00:00:00Z,120.5,0.456,103.46,1013.38,0.0,evacuation
SNS-zone_13-01,zone_13,2026-06-01T00:00:00Z,6.81,0.02,32.44,106.73,0.0,safe
SNS-zone_14-01,zone_14,2026-06-01T00:00:00Z,6.58,0.019,37.56,109.11,0.0,safe
SNS-zone_15-01,zone_15,2026-06-01T00:00:00Z,8.57,0.027,36.64,120.91,0.0,safe
SNS-zone_16-01,zone_16,2026-06-01T00:00:00Z,8.3,0.025,41.23,116.67,0.0,safe
SNS-zone_01-01,zone_01,2026-06-02T00:00:00Z,7.78,0.029,36.84,113.02,1.9,safe
SNS-zone_02-01,zone_02,2026-06-02T00:00:00Z,6.9,0.025,35.43,106.54,1.9,safe
SNS-zone_03-01,zone_03,2026-06-02T00:00:00Z,9.21,0.024,46.58,127.16,1.9,safe
SNS-zone_04-01,zone_04,2026-06-02T00:00:00Z,10.34,0.02,35.54,121.97,1.9,safe
SNS-zone_05-01,zone_05,2026-06-02T00:00:00Z,6.77,0.019,31.75,113.66,1.9,safe
SNS-zone_06-01,zone_06,2026-06-02T00:00:00Z,60.64,0.198,74.23,475.9,1.9,warning
SNS-zone_07-01,zone_07,2026-06-02T00:00:00Z,61.9,0.187,74.76,484.71,1.9,warning
SNS-zone_08-01,zone_08,2026-06-02T00:00:00Z,62.0,0.198,71.36,521.6,1.9,warning
SNS-zone_09-01,zone_09,2026-06-02T00:00:00Z,7.01,0.02,33.47,106.04,1.9,safe
SNS-zone_10-01,zone_10,2026-06-02T00:00:00Z,59.02,0.198,70.2,505.12,1.9,warning
SNS-zone_11-01,zone_11,2026-06-02T00:00:00Z,120.5,0.446,106.2,1061.18,1.9,evacuation
SNS-zone_12-01,zone_12,2026-06-02T00:00:00Z,120.5,0.441,101.15,1008.16,1.9,evacuation
SNS-zone_13-01,zone_13,2026-06-02T00:00:00Z,7.61,0.02,31.28,104.07,1.9,safe
SNS-zone_14-01,zone_14,2026-06-02T00:00:00Z,6.47,0.019,33.8,108.13,1.9,safe
SNS-zone_15-01,zone_15,2026-06-02T00:00:00Z,8.29,0.033,37.07,109.32,1.9,safe
SNS-zone_16-01,zone_16,2026-06-02T00:00:00Z,6.66,0.032,43.25,117.36,1.9,safe
SNS-zone_01-01,zone_01,2026-06-03T00:00:00Z,6.74,0.022,35.52,109.56,0.0,safe
SNS-zone_02-01,zone_02,2026-06-03T00:00:00Z,6.46,0.016,37.15,111.51,0.0,safe
SNS-zone_03-01,zone_03,2026-06-03T00:00:00Z,9.74,0.027,41.36,120.72,0.0,safe
SNS-zone_04-01,zone_04,2026-06-03T00:00:00Z,8.2,0.02,35.26,117.94,0.0,safe
SNS-zone_05-01,zone_05,2026-06-03T00:00:00Z,6.99,0.025,35.07,110.73,0.0,safe
SNS-zone_06-01,zone_06,2026-06-03T00:00:00Z,62.55,0.192,69.18,476.5,0.0,warning
SNS-zone_07-01,zone_07,2026-06-03T00:00:00Z,61.89,0.182,69.47,488.74,0.0,warning
SNS-zone_08-01,zone_08,2026-06-03T00:00:00Z,60.01,0.201,69.6,517.98,0.0,warning
SNS-zone_09-01,zone_09,2026-06-03T00:00:00Z,6.78,0.027,33.28,106.61,0.0,safe
SNS-zone_10-01,zone_10,2026-06-03T00:00:00Z,58.58,0.189,71.07,509.04,0.0,warning
SNS-zone_11-01,zone_11,2026-06-03T00:00:00Z,120.5,0.457,101.37,1034.18,0.0,evacuation
SNS-zone_12-01,zone_12,2026-06-03T00:00:00Z,120.5,0.46,105.76,1026.18,0.0,evacuation
SNS-zone_13-01,zone_13,2026-06-03T00:00:00Z,6.24,0.018,30.14,108.38,0.0,safe
SNS-zone_14-01,zone_14,2026-06-03T00:00:00Z,7.5,0.026,30.56,99.89,0.0,safe
SNS-zone_15-01,zone_15,2026-06-03T00:00:00Z,6.43,0.018,36.62,109.01,0.0,safe
SNS-zone_16-01,zone_16,2026-06-03T00:00:00Z,6.24,0.02,41.69,119.04,0.0,safe
SNS-zone_01-01,zone_01,2026-06-04T00:00:00Z,5.06,0.017,34.06,111.0,0.2,safe
SNS-zone_02-01,zone_02,2026-06-04T00:00:00Z,6.18,0.017,35.48,119.34,0.2,safe
SNS-zone_03-01,zone_03,2026-06-04T00:00:00Z,8.38,0.026,40.84,131.52,0.2,safe
SNS-zone_04-01,zone_04,2026-06-04T00:00:00Z,8.56,0.028,36.73,119.76,0.2,safe
SNS-zone_05-01,zone_05,2026-06-04T00:00:00Z,5.42,0.018,34.91,101.93,0.2,safe
SNS-zone_06-01,zone_06,2026-06-04T00:00:00Z,60.56,0.197,69.17,494.26,0.2,warning
SNS-zone_07-01,zone_07,2026-06-04T00:00:00Z,60.67,0.191,68.1,478.11,0.2,warning
SNS-zone_08-01,zone_08,2026-06-04T00:00:00Z,57.18,0.197,65.87,489.59,0.2,warning
SNS-zone_09-01,zone_09,2026-06-04T00:00:00Z,4.94,0.023,33.95,106.3,0.2,safe
SNS-zone_10-01,zone_10,2026-06-04T00:00:00Z,59.31,0.195,71.53,507.41,0.2,warning
SNS-zone_11-01,zone_11,2026-06-04T00:00:00Z,120.5,0.454,98.51,1031.22,0.2,evacuation
SNS-zone_12-01,zone_12,2026-06-04T00:00:00Z,120.5,0.458,103.29,1060.54,0.2,evacuation
SNS-zone_13-01,zone_13,2026-06-04T00:00:00Z,6.37,0.031,30.66,102.54,0.2,safe
SNS-zone_14-01,zone_14,2026-06-04T00:00:00Z,7.91,0.022,34.94,116.41,0.2,safe
SNS-zone_15-01,zone_15,2026-06-04T00:00:00Z,6.85,0.018,39.46,119.7,0.2,safe
SNS-zone_16-01,zone_16,2026-06-04T00:00:00Z,7.31,0.033,38.95,110.99,0.2,safe
SNS-zone_01-01,zone_01,2026-06-05T00:00:00Z,4.12,0.014,33.91,99.64,0.1,safe
SNS-zone_02-01,zone_02,2026-06-05T00:00:00Z,6.64,0.029,37.35,113.15,0.1,safe
SNS-zone_03-01,zone_03,2026-06-05T00:00:00Z,8.16,0.027,41.95,125.81,0.1,safe
SNS-zone_04-01,zone_04,2026-06-05T00:00:00Z,8.17,0.018,36.49,116.13,0.1,safe
SNS-zone_05-01,zone_05,2026-06-05T00:00:00Z,4.46,0.027,31.67,100.63,0.1,safe
SNS-zone_06-01,zone_06,2026-06-05T00:00:00Z,60.83,0.203,69.07,472.72,0.1,warning
SNS-zone_07-01,zone_07,2026-06-05T00:00:00Z,57.91,0.194,68.91,478.45,0.1,warning
SNS-zone_08-01,zone_08,2026-06-05T00:00:00Z,58.76,0.201,64.24,500.86,0.1,warning
SNS-zone_09-01,zone_09,2026-06-05T00:00:00Z,4.65,0.02,32.62,102.07,0.1,safe
SNS-zone_10-01,zone_10,2026-06-05T00:00:00Z,57.31,0.189,71.56,506.81,0.1,warning
SNS-zone_11-01,zone_11,2026-06-05T00:00:00Z,120.5,0.46,100.0,1028.43,0.1,evacuation
SNS-zone_12-01,zone_12,2026-06-05T00:00:00Z,120.5,0.451,100.37,1038.39,0.1,evacuation
SNS-zone_13-01,zone_13,2026-06-05T00:00:00Z,6.11,0.025,31.13,107.68,0.1,safe
SNS-zone_14-01,zone_14,2026-06-05T00:00:00Z,7.04,0.024,33.81,103.19,0.1,safe
SNS-zone_15-01,zone_15,2026-06-05T00:00:00Z,6.26,0.017,37.12,111.93,0.1,safe
SNS-zone_16-01,zone_16,2026-06-05T00:00:00Z,7.55,0.027,40.0,111.64,0.1,safe
SNS-zone_01-01,zone_01,2026-06-06T00:00:00Z,6.37,0.031,36.87,108.08,0.2,safe
SNS-zone_02-01,zone_02,2026-06-06T00:00:00Z,5.87,0.026,35.86,108.32,0.2,safe
SNS-zone_03-01,zone_03,2026-06-06T00:00:00Z,8.33,0.022,41.08,114.29,0.2,safe
SNS-zone_04-01,zone_04,2026-06-06T00:00:00Z,7.36,0.022,34.29,114.97,0.2,safe
SNS-zone_05-01,zone_05,2026-06-06T00:00:00Z,5.32,0.024,31.63,100.1,0.2,safe
SNS-zone_06-01,zone_06,2026-06-06T00:00:00Z,54.03,0.187,71.65,449.77,0.2,warning
SNS-zone_07-01,zone_07,2026-06-06T00:00:00Z,56.83,0.19,65.04,448.87,0.2,warning
SNS-zone_08-01,zone_08,2026-06-06T00:00:00Z,55.66,0.177,66.93,484.15,0.2,warning
SNS-zone_09-01,zone_09,2026-06-06T00:00:00Z,4.4,0.019,31.65,100.02,0.2,safe
SNS-zone_10-01,zone_10,2026-06-06T00:00:00Z,56.7,0.197,69.4,499.47,0.2,warning
SNS-zone_11-01,zone_11,2026-06-06T00:00:00Z,120.5,0.45,99.02,1023.22,0.2,evacuation
SNS-zone_12-01,zone_12,2026-06-06T00:00:00Z,120.5,0.438,98.79,1029.56,0.2,evacuation
SNS-zone_13-01,zone_13,2026-06-06T00:00:00Z,5.43,0.021,31.45,110.72,0.2,safe
SNS-zone_14-01,zone_14,2026-06-06T00:00:00Z,5.28,0.022,34.31,106.84,0.2,safe
SNS-zone_15-01,zone_15,2026-06-06T00:00:00Z,5.66,0.014,38.0,106.55,0.2,safe
SNS-zone_16-01,zone_16,2026-06-06T00:00:00Z,6.23,0.02,40.99,118.92,0.2,safe
SNS-zone_01-01,zone_01,2026-06-07T00:00:00Z,5.02,0.03,35.87,96.5,0.0,safe
SNS-zone_02-01,zone_02,2026-06-07T00:00:00Z,4.78,0.019,36.54,101.39,0.0,safe
SNS-zone_03-01,zone_03,2026-06-07T00:00:00Z,8.02,0.019,41.87,125.4,0.0,safe
SNS-zone_04-01,zone_04,2026-06-07T00:00:00Z,7.03,0.028,35.73,115.21,0.0,safe
SNS-zone_05-01,zone_05,2026-06-07T00:00:00Z,6.76,0.023,30.28,112.26,0.0,safe
SNS-zone_06-01,zone_06,2026-06-07T00:00:00Z,56.22,0.168,70.04,457.27,0.0,warning
SNS-zone_07-01,zone_07,2026-06-07T00:00:00Z,57.26,0.184,64.69,461.71,0.0,warning
SNS-zone_08-01,zone_08,2026-06-07T00:00:00Z,56.92,0.2,65.16,484.06,0.0,warning
SNS-zone_09-01,zone_09,2026-06-07T00:00:00Z,5.21,0.019,32.35,98.68,0.0,safe
SNS-zone_10-01,zone_10,2026-06-07T00:00:00Z,55.2,0.176,66.38,479.25,0.0,warning
SNS-zone_11-01,zone_11,2026-06-07T00:00:00Z,120.5,0.444,95.83,1012.68,0.0,evacuation
SNS-zone_12-01,zone_12,2026-06-07T00:00:00Z,120.5,0.449,90.96,995.9,0.0,evacuation
SNS-zone_13-01,zone_13,2026-06-07T00:00:00Z,4.76,0.024,30.47,93.04,0.0,safe
SNS-zone_14-01,zone_14,2026-06-07T00:00:00Z,5.39,0.021,34.83,107.92,0.0,safe
SNS-zone_15-01,zone_15,2026-06-07T00:00:00Z,7.24,0.024,37.25,109.28,0.0,safe
SNS-zone_16-01,zone_16,2026-06-07T00:00:00Z,5.24,0.019,38.64,110.96,0.0,safe
SNS-zone_01-01,zone_01,2026-06-08T00:00:00Z,4.07,0.029,33.1,105.28,1.4,safe
SNS-zone_02-01,zone_02,2026-06-08T00:00:00Z,5.34,0.019,34.34,110.54,1.4,safe
SNS-zone_03-01,zone_03,2026-06-08T00:00:00Z,7.81,0.022,41.38,123.86,1.4,safe
SNS-zone_04-01,zone_04,2026-06-08T00:00:00Z,7.6,0.022,35.4,114.07,1.4,safe
SNS-zone_05-01,zone_05,2026-06-08T00:00:00Z,6.21,0.019,31.33,108.76,1.4,safe
SNS-zone_06-01,zone_06,2026-06-08T00:00:00Z,61.35,0.21,69.78,484.31,1.4,warning
SNS-zone_07-01,zone_07,2026-06-08T00:00:00Z,56.43,0.179,67.65,464.42,1.4,warning
SNS-zone_08-01,zone_08,2026-06-08T00:00:00Z,59.41,0.2,63.93,509.09,1.4,warning
SNS-zone_09-01,zone_09,2026-06-08T00:00:00Z,5.11,0.019,33.55,97.48,1.4,safe
SNS-zone_10-01,zone_10,2026-06-08T00:00:00Z,55.28,0.191,69.36,491.62,1.4,warning
SNS-zone_11-01,zone_11,2026-06-08T00:00:00Z,120.5,0.444,97.53,1034.42,1.4,evacuation
SNS-zone_12-01,zone_12,2026-06-08T00:00:00Z,120.5,0.451,97.62,1022.53,1.4,evacuation
SNS-zone_13-01,zone_13,2026-06-08T00:00:00Z,5.39,0.03,28.25,98.18,1.4,safe
SNS-zone_14-01,zone_14,2026-06-08T00:00:00Z,5.39,0.018,33.56,102.0,1.4,safe
SNS-zone_15-01,zone_15,2026-06-08T00:00:00Z,4.37,0.016,37.93,105.3,1.4,safe
SNS-zone_16-01,zone_16,2026-06-08T00:00:00Z,5.65,0.023,40.61,109.6,1.4,safe
SNS-zone_01-01,zone_01,2026-06-09T00:00:00Z,6.37,0.025,36.82,113.17,3.2,safe
SNS-zone_02-01,zone_02,2026-06-09T00:00:00Z,5.97,0.013,35.6,111.87,3.2,safe
SNS-zone_03-01,zone_03,2026-06-09T00:00:00Z,8.84,0.025,42.48,126.0,3.2,safe
SNS-zone_04-01,zone_04,2026-06-09T00:00:00Z,7.85,0.024,34.37,118.88,3.2,safe
SNS-zone_05-01,zone_05,2026-06-09T00:00:00Z,4.86,0.023,31.05,102.46,3.2,safe
SNS-zone_06-01,zone_06,2026-06-09T00:00:00Z,60.85,0.195,72.33,495.69,3.2,warning
SNS-zone_07-01,zone_07,2026-06-09T00:00:00Z,59.66,0.19,67.48,470.25,3.2,warning
SNS-zone_08-01,zone_08,2026-06-09T00:00:00Z,58.81,0.199,65.96,490.33,3.2,warning
SNS-zone_09-01,zone_09,2026-06-09T00:00:00Z,6.13,0.015,31.9,106.09,3.2,safe
SNS-zone_10-01,zone_10,2026-06-09T00:00:00Z,57.72,0.191,70.1,504.38,3.2,warning
SNS-zone_11-01,zone_11,2026-06-09T00:00:00Z,120.5,0.439,104.07,1039.55,3.2,evacuation
SNS-zone_12-01,zone_12,2026-06-09T00:00:00Z,120.5,0.451,100.16,1051.3,3.2,evacuation
SNS-zone_13-01,zone_13,2026-06-09T00:00:00Z,5.2,0.02,29.17,99.03,3.2,safe
SNS-zone_14-01,zone_14,2026-06-09T00:00:00Z,5.82,0.025,34.3,106.85,3.2,safe
SNS-zone_15-01,zone_15,2026-06-09T00:00:00Z,6.98,0.019,38.13,114.34,3.2,safe
SNS-zone_16-01,zone_16,2026-06-09T00:00:00Z,5.36,0.018,40.31,115.36,3.2,safe
SNS-zone_01-01,zone_01,2026-06-10T00:00:00Z,6.02,0.021,35.98,109.44,0.9,safe
SNS-zone_02-01,zone_02,2026-06-10T00:00:00Z,5.96,0.02,34.84,112.43,0.9,safe
SNS-zone_03-01,zone_03,2026-06-10T00:00:00Z,6.99,0.027,45.54,119.72,0.9,safe
SNS-zone_04-01,zone_04,2026-06-10T00:00:00Z,9.54,0.021,33.67,120.55,0.9,safe
SNS-zone_05-01,zone_05,2026-06-10T00:00:00Z,5.43,0.017,29.98,95.62,0.9,safe
SNS-zone_06-01,zone_06,2026-06-10T00:00:00Z,60.56,0.187,70.21,487.66,0.9,warning
SNS-zone_07-01,zone_07,2026-06-10T00:00:00Z,58.56,0.176,66.5,464.65,0.9,warning
SNS-zone_08-01,zone_08,2026-06-10T00:00:00Z,57.47,0.17,66.86,487.72,0.9,warning
SNS-zone_09-01,zone_09,2026-06-10T00:00:00Z,4.9,0.02,34.03,110.44,0.9,safe
SNS-zone_10-01,zone_10,2026-06-10T00:00:00Z,57.77,0.197,68.7,518.91,0.9,warning
SNS-zone_11-01,zone_11,2026-06-10T00:00:00Z,120.5,0.462,101.09,1030.31,0.9,evacuation
SNS-zone_12-01,zone_12,2026-06-10T00:00:00Z,120.5,0.456,98.62,1032.96,0.9,evacuation
SNS-zone_13-01,zone_13,2026-06-10T00:00:00Z,5.73,0.023,30.64,97.42,0.9,safe
SNS-zone_14-01,zone_14,2026-06-10T00:00:00Z,5.95,0.019,34.02,107.18,0.9,safe
SNS-zone_15-01,zone_15,2026-06-10T00:00:00Z,5.29,0.02,36.34,103.76,0.9,safe
SNS-zone_16-01,zone_16,2026-06-10T00:00:00Z,5.85,0.022,40.0,118.54,0.9,safe
SNS-zone_01-01,zone_01,2026-06-11T00:00:00Z,5.39,0.021,34.03,98.61,0.6,safe
SNS-zone_02-01,zone_02,2026-06-11T00:00:00Z,6.11,0.017,33.2,103.65,0.6,safe
SNS-zone_03-01,zone_03,2026-06-11T00:00:00Z,7.67,0.023,41.96,121.39,0.6,safe
SNS-zone_04-01,zone_04,2026-06-11T00:00:00Z,8.01,0.02,34.63,123.4,0.6,safe
SNS-zone_05-01,zone_05,2026-06-11T00:00:00Z,5.03,0.014,32.15,101.24,0.6,safe
SNS-zone_06-01,zone_06,2026-06-11T00:00:00Z,58.8,0.194,68.98,475.5,0.6,warning
SNS-zone_07-01,zone_07,2026-06-11T00:00:00Z,59.17,0.198,66.73,456.62,0.6,warning
SNS-zone_08-01,zone_08,2026-06-11T00:00:00Z,59.45,0.192,64.83,497.78,0.6,warning
SNS-zone_09-01,zone_09,2026-06-11T00:00:00Z,4.7,0.019,31.53,102.37,0.6,safe
SNS-zone_10-01,zone_10,2026-06-11T00:00:00Z,57.03,0.178,73.21,504.33,0.6,warning
SNS-zone_11-01,zone_11,2026-06-11T00:00:00Z,120.5,0.449,97.65,1016.74,0.6,evacuation
SNS-zone_12-01,zone_12,2026-06-11T00:00:00Z,120.5,0.456,97.25,1021.74,0.6,evacuation
SNS-zone_13-01,zone_13,2026-06-11T00:00:00Z,5.6,0.025,28.41,97.29,0.6,safe
SNS-zone_14-01,zone_14,2026-06-11T00:00:00Z,6.42,0.023,34.59,109.21,0.6,safe
SNS-zone_15-01,zone_15,2026-06-11T00:00:00Z,6.01,0.022,37.44,110.57,0.6,safe
SNS-zone_16-01,zone_16,2026-06-11T00:00:00Z,5.38,0.021,41.07,112.77,0.6,safe
SNS-zone_01-01,zone_01,2026-06-12T00:00:00Z,4.59,0.026,33.65,103.74,0.6,safe
SNS-zone_02-01,zone_02,2026-06-12T00:00:00Z,5.32,0.012,34.61,103.43,0.6,safe
SNS-zone_03-01,zone_03,2026-06-12T00:00:00Z,8.39,0.019,44.56,132.9,0.6,safe
SNS-zone_04-01,zone_04,2026-06-12T00:00:00Z,8.87,0.025,36.22,118.12,0.6,safe
SNS-zone_05-01,zone_05,2026-06-12T00:00:00Z,5.44,0.02,31.62,99.92,0.6,safe
SNS-zone_06-01,zone_06,2026-06-12T00:00:00Z,61.1,0.19,67.5,468.79,0.6,warning
SNS-zone_07-01,zone_07,2026-06-12T00:00:00Z,56.37,0.182,69.61,473.05,0.6,warning
SNS-zone_08-01,zone_08,2026-06-12T00:00:00Z,60.24,0.187,67.64,518.06,0.6,warning
SNS-zone_09-01,zone_09,2026-06-12T00:00:00Z,6.76,0.023,32.84,104.55,0.6,safe
SNS-zone_10-01,zone_10,2026-06-12T00:00:00Z,60.38,0.21,67.0,502.85,0.6,warning
SNS-zone_11-01,zone_11,2026-06-12T00:00:00Z,120.5,0.47,95.68,1021.44,0.6,evacuation
SNS-zone_12-01,zone_12,2026-06-12T00:00:00Z,120.5,0.435,99.42,1030.56,0.6,evacuation
SNS-zone_13-01,zone_13,2026-06-12T00:00:00Z,5.21,0.019,33.22,109.61,0.6,safe
SNS-zone_14-01,zone_14,2026-06-12T00:00:00Z,7.05,0.016,33.56,106.24,0.6,safe
SNS-zone_15-01,zone_15,2026-06-12T00:00:00Z,4.43,0.018,36.55,106.49,0.6,safe
SNS-zone_16-01,zone_16,2026-06-12T00:00:00Z,5.24,0.019,40.69,117.68,0.6,safe
SNS-zone_01-01,zone_01,2026-06-13T00:00:00Z,3.98,0.023,35.76,99.91,0.1,safe
SNS-zone_02-01,zone_02,2026-06-13T00:00:00Z,6.25,0.017,36.28,112.51,0.1,safe
SNS-zone_03-01,zone_03,2026-06-13T00:00:00Z,5.19,0.025,41.04,113.98,0.1,safe
SNS-zone_04-01,zone_04,2026-06-13T00:00:00Z,7.3,0.026,33.62,113.45,0.1,safe
SNS-zone_05-01,zone_05,2026-06-13T00:00:00Z,4.58,0.027,31.46,94.69,0.1,safe
SNS-zone_06-01,zone_06,2026-06-13T00:00:00Z,61.69,0.186,68.07,478.47,0.1,warning
SNS-zone_07-01,zone_07,2026-06-13T00:00:00Z,56.89,0.188,67.68,468.51,0.1,warning
SNS-zone_08-01,zone_08,2026-06-13T00:00:00Z,60.66,0.197,62.56,519.83,0.1,warning
SNS-zone_09-01,zone_09,2026-06-13T00:00:00Z,5.45,0.023,34.53,99.63,0.1,safe
SNS-zone_10-01,zone_10,2026-06-13T00:00:00Z,55.54,0.186,65.73,487.02,0.1,warning
SNS-zone_11-01,zone_11,2026-06-13T00:00:00Z,120.5,0.443,97.89,1029.05,0.1,evacuation
SNS-zone_12-01,zone_12,2026-06-13T00:00:00Z,120.5,0.444,94.61,1049.88,0.1,evacuation
SNS-zone_13-01,zone_13,2026-06-13T00:00:00Z,6.63,0.022,29.82,105.79,0.1,safe
SNS-zone_14-01,zone_14,2026-06-13T00:00:00Z,5.14,0.018,35.28,104.93,0.1,safe
SNS-zone_15-01,zone_15,2026-06-13T00:00:00Z,5.53,0.022,34.87,104.18,0.1,safe
SNS-zone_16-01,zone_16,2026-06-13T00:00:00Z,7.43,0.028,38.13,113.45,0.1,safe
SNS-zone_01-01,zone_01,2026-06-14T00:00:00Z,4.83,0.016,33.31,105.44,0.0,safe
SNS-zone_02-01,zone_02,2026-06-14T00:00:00Z,5.0,0.023,34.81,107.7,0.0,safe
SNS-zone_03-01,zone_03,2026-06-14T00:00:00Z,7.02,0.021,42.83,123.86,0.0,safe
SNS-zone_04-01,zone_04,2026-06-14T00:00:00Z,6.6,0.023,36.0,106.84,0.0,safe
SNS-zone_05-01,zone_05,2026-06-14T00:00:00Z,4.93,0.035,30.34,104.26,0.0,safe
SNS-zone_06-01,zone_06,2026-06-14T00:00:00Z,58.23,0.193,70.92,468.29,0.0,warning
SNS-zone_07-01,zone_07,2026-06-14T00:00:00Z,55.33,0.183,65.1,440.97,0.0,warning
SNS-zone_08-01,zone_08,2026-06-14T00:00:00Z,58.18,0.19,63.39,494.07,0.0,warning
SNS-zone_09-01,zone_09,2026-06-14T00:00:00Z,6.14,0.034,31.32,100.88,0.0,safe
SNS-zone_10-01,zone_10,2026-06-14T00:00:00Z,57.41,0.188,69.19,497.25,0.0,warning
SNS-zone_11-01,zone_11,2026-06-14T00:00:00Z,120.5,0.454,100.54,1023.46,0.0,evacuation
SNS-zone_12-01,zone_12,2026-06-14T00:00:00Z,120.5,0.44,96.36,1011.96,0.0,evacuation
SNS-zone_13-01,zone_13,2026-06-14T00:00:00Z,5.23,0.015,31.68,102.12,0.0,safe
SNS-zone_14-01,zone_14,2026-06-14T00:00:00Z,5.29,0.021,36.35,109.88,0.0,safe
SNS-zone_15-01,zone_15,2026-06-14T00:00:00Z,4.25,0.012,37.35,106.66,0.0,safe
SNS-zone_16-01,zone_16,2026-06-14T00:00:00Z,5.77,0.022,41.72,113.93,0.0,safe
SNS-zone_01-01,zone_01,2026-06-15T00:00:00Z,3.76,0.02,34.48,99.55,0.0,safe
SNS-zone_02-01,zone_02,2026-06-15T00:00:00Z,4.89,0.026,34.05,106.03,0.0,safe
SNS-zone_03-01,zone_03,2026-06-15T00:00:00Z,7.6,0.025,42.29,118.27,0.0,safe
SNS-zone_04-01,zone_04,2026-06-15T00:00:00Z,7.18,0.024,34.91,113.54,0.0,safe
SNS-zone_05-01,zone_05,2026-06-15T00:00:00Z,5.19,0.019,29.49,97.06,0.0,safe
SNS-zone_06-01,zone_06,2026-06-15T00:00:00Z,55.86,0.172,67.6,441.72,0.0,warning
SNS-zone_07-01,zone_07,2026-06-15T00:00:00Z,57.57,0.176,67.29,461.75,0.0,warning
SNS-zone_08-01,zone_08,2026-06-15T00:00:00Z,56.93,0.186,66.99,486.46,0.0,warning
SNS-zone_09-01,zone_09,2026-06-15T00:00:00Z,4.19,0.023,34.38,102.96,0.0,safe
SNS-zone_10-01,zone_10,2026-06-15T00:00:00Z,55.05,0.194,66.59,482.29,0.0,warning
SNS-zone_11-01,zone_11,2026-06-15T00:00:00Z,120.5,0.461,95.18,1032.76,0.0,evacuation
SNS-zone_12-01,zone_12,2026-06-15T00:00:00Z,120.5,0.445,89.26,984.11,0.0,evacuation
SNS-zone_13-01,zone_13,2026-06-15T00:00:00Z,5.33,0.024,30.42,100.76,0.0,safe
SNS-zone_14-01,zone_14,2026-06-15T00:00:00Z,5.95,0.016,34.3,106.0,0.0,safe
SNS-zone_15-01,zone_15,2026-06-15T00:00:00Z,3.74,0.024,38.05,103.78,0.0,safe
SNS-zone_16-01,zone_16,2026-06-15T00:00:00Z,6.42,0.021,38.38,109.22,0.0,safe
SNS-zone_01-01,zone_01,2026-06-16T00:00:00Z,5.18,0.023,32.44,103.04,0.6,safe
SNS-zone_02-01,zone_02,2026-06-16T00:00:00Z,5.46,0.027,35.78,107.79,0.6,safe
SNS-zone_03-01,zone_03,2026-06-16T00:00:00Z,6.65,0.034,43.16,126.21,0.6,safe
SNS-zone_04-01,zone_04,2026-06-16T00:00:00Z,7.29,0.022,36.37,115.37,0.6,safe
SNS-zone_05-01,zone_05,2026-06-16T00:00:00Z,3.92,0.013,30.12,97.39,0.6,safe
SNS-zone_06-01,zone_06,2026-06-16T00:00:00Z,59.05,0.202,72.34,474.86,0.6,warning
SNS-zone_07-01,zone_07,2026-06-16T00:00:00Z,58.32,0.188,65.03,457.95,0.6,warning
SNS-zone_08-01,zone_08,2026-06-16T00:00:00Z,57.18,0.197,66.56,498.27,0.6,warning
SNS-zone_09-01,zone_09,2026-06-16T00:00:00Z,5.18,0.02,33.56,109.35,0.6,safe
SNS-zone_10-01,zone_10,2026-06-16T00:00:00Z,58.84,0.186,63.87,494.97,0.6,warning
SNS-zone_11-01,zone_11,2026-06-16T00:00:00Z,120.5,0.458,100.5,1028.11,0.6,evacuation
SNS-zone_12-01,zone_12,2026-06-16T00:00:00Z,120.5,0.45,91.51,1031.44,0.6,evacuation
SNS-zone_13-01,zone_13,2026-06-16T00:00:00Z,4.12,0.019,31.21,93.94,0.6,safe
SNS-zone_14-01,zone_14,2026-06-16T00:00:00Z,5.22,0.023,35.02,106.49,0.6,safe
SNS-zone_15-01,zone_15,2026-06-16T00:00:00Z,3.87,0.022,35.93,106.66,0.6,safe
SNS-zone_16-01,zone_16,2026-06-16T00:00:00Z,4.74,0.026,40.03,107.78,0.6,safe
SNS-zone_01-01,zone_01,2026-06-17T00:00:00Z,6.09,0.02,34.75,108.33,1.3,safe
SNS-zone_02-01,zone_02,2026-06-17T00:00:00Z,4.31,0.023,35.54,110.03,1.3,safe
SNS-zone_03-01,zone_03,2026-06-17T00:00:00Z,7.49,0.025,42.07,121.27,1.3,safe
SNS-zone_04-01,zone_04,2026-06-17T00:00:00Z,8.49,0.025,34.48,116.87,1.3,safe
SNS-zone_05-01,zone_05,2026-06-17T00:00:00Z,5.04,0.019,32.23,104.23,1.3,safe
SNS-zone_06-01,zone_06,2026-06-17T00:00:00Z,56.67,0.183,69.05,462.79,1.3,warning
SNS-zone_07-01,zone_07,2026-06-17T00:00:00Z,57.54,0.194,64.6,455.14,1.3,warning
SNS-zone_08-01,zone_08,2026-06-17T00:00:00Z,56.98,0.185,65.0,466.32,1.3,warning
SNS-zone_09-01,zone_09,2026-06-17T00:00:00Z,4.72,0.022,32.27,105.24,1.3,safe
SNS-zone_10-01,zone_10,2026-06-17T00:00:00Z,58.94,0.196,68.83,513.89,1.3,warning
SNS-zone_11-01,zone_11,2026-06-17T00:00:00Z,120.5,0.446,98.75,1027.41,1.3,evacuation
SNS-zone_12-01,zone_12,2026-06-17T00:00:00Z,120.5,0.447,92.74,1007.95,1.3,evacuation
SNS-zone_13-01,zone_13,2026-06-17T00:00:00Z,5.26,0.018,30.21,97.99,1.3,safe
SNS-zone_14-01,zone_14,2026-06-17T00:00:00Z,5.01,0.018,33.64,103.51,1.3,safe
SNS-zone_15-01,zone_15,2026-06-17T00:00:00Z,4.57,0.019,35.57,103.36,1.3,safe
SNS-zone_16-01,zone_16,2026-06-17T00:00:00Z,5.25,0.025,41.16,111.28,1.3,safe
SNS-zone_01-01,zone_01,2026-06-18T00:00:00Z,5.27,0.021,34.51,105.82,0.1,safe
SNS-zone_02-01,zone_02,2026-06-18T00:00:00Z,4.46,0.022,34.41,104.73,0.1,safe
SNS-zone_03-01,zone_03,2026-06-18T00:00:00Z,7.15,0.024,42.6,119.93,0.1,safe
SNS-zone_04-01,zone_04,2026-06-18T00:00:00Z,7.88,0.026,33.99,123.31,0.1,safe
SNS-zone_05-01,zone_05,2026-06-18T00:00:00Z,5.07,0.019,30.55,96.12,0.1,safe
SNS-zone_06-01,zone_06,2026-06-18T00:00:00Z,58.34,0.193,68.72,468.26,0.1,warning
SNS-zone_07-01,zone_07,2026-06-18T00:00:00Z,55.88,0.178,67.67,456.97,0.1,warning
SNS-zone_08-01,zone_08,2026-06-18T00:00:00Z,55.86,0.178,66.77,488.49,0.1,warning
SNS-zone_09-01,zone_09,2026-06-18T00:00:00Z,5.48,0.022,32.97,96.21,0.1,safe
SNS-zone_10-01,zone_10,2026-06-18T00:00:00Z,53.87,0.176,69.14,485.0,0.1,warning
SNS-zone_11-01,zone_11,2026-06-18T00:00:00Z,120.5,0.457,94.17,1001.13,0.1,evacuation
SNS-zone_12-01,zone_12,2026-06-18T00:00:00Z,120.5,0.447,94.95,998.11,0.1,evacuation
SNS-zone_13-01,zone_13,2026-06-18T00:00:00Z,4.96,0.021,32.02,99.31,0.1,safe
SNS-zone_14-01,zone_14,2026-06-18T00:00:00Z,3.71,0.023,35.41,112.3,0.1,safe
SNS-zone_15-01,zone_15,2026-06-18T00:00:00Z,4.69,0.017,33.95,110.75,0.1,safe
SNS-zone_16-01,zone_16,2026-06-18T00:00:00Z,6.1,0.027,39.36,113.37,0.1,safe
SNS-zone_01-01,zone_01,2026-06-19T00:00:00Z,4.4,0.027,33.59,96.9,1.0,safe
SNS-zone_02-01,zone_02,2026-06-19T00:00:00Z,5.18,0.025,35.24,113.0,1.0,safe
SNS-zone_03-01,zone_03,2026-06-19T00:00:00Z,7.47,0.023,43.89,130.18,1.0,safe
SNS-zone_04-01,zone_04,2026-06-19T00:00:00Z,7.14,0.027,34.73,104.99,1.0,safe
SNS-zone_05-01,zone_05,2026-06-19T00:00:00Z,4.22,0.025,30.02,89.71,1.0,safe
SNS-zone_06-01,zone_06,2026-06-19T00:00:00Z,57.45,0.175,71.1,459.89,1.0,warning
SNS-zone_07-01,zone_07,2026-06-19T00:00:00Z,55.59,0.185,63.88,453.33,1.0,warning
SNS-zone_08-01,zone_08,2026-06-19T00:00:00Z,57.42,0.176,67.36,504.66,1.0,warning
SNS-zone_09-01,zone_09,2026-06-19T00:00:00Z,6.27,0.028,32.94,100.16,1.0,safe
SNS-zone_10-01,zone_10,2026-06-19T00:00:00Z,56.03,0.191,69.58,503.46,1.0,warning
SNS-zone_11-01,zone_11,2026-06-19T00:00:00Z,120.5,0.466,97.83,1027.95,1.0,evacuation
SNS-zone_12-01,zone_12,2026-06-19T00:00:00Z,120.5,0.455,94.11,1023.85,1.0,evacuation
SNS-zone_13-01,zone_13,2026-06-19T00:00:00Z,5.17,0.018,32.46,105.48,1.0,safe
SNS-zone_14-01,zone_14,2026-06-19T00:00:00Z,4.75,0.022,31.91,100.84,1.0,safe
SNS-zone_15-01,zone_15,2026-06-19T00:00:00Z,3.99,0.024,35.58,106.16,1.0,safe
SNS-zone_16-01,zone_16,2026-06-19T00:00:00Z,4.99,0.029,39.84,115.7,1.0,safe
SNS-zone_01-01,zone_01,2026-06-20T00:00:00Z,4.45,0.023,33.0,99.11,1.0,safe
SNS-zone_02-01,zone_02,2026-06-20T00:00:00Z,5.76,0.023,35.28,103.51,1.0,safe
SNS-zone_03-01,zone_03,2026-06-20T00:00:00Z,7.42,0.025,43.11,121.48,1.0,safe
SNS-zone_04-01,zone_04,2026-06-20T00:00:00Z,7.54,0.023,34.85,112.83,1.0,safe
SNS-zone_05-01,zone_05,2026-06-20T00:00:00Z,5.94,0.016,30.28,106.83,1.0,safe
SNS-zone_06-01,zone_06,2026-06-20T00:00:00Z,56.81,0.184,69.63,464.3,1.0,warning
SNS-zone_07-01,zone_07,2026-06-20T00:00:00Z,56.62,0.184,66.83,466.53,1.0,warning
SNS-zone_08-01,zone_08,2026-06-20T00:00:00Z,56.31,0.183,65.39,489.5,1.0,warning
SNS-zone_09-01,zone_09,2026-06-20T00:00:00Z,5.4,0.023,32.8,110.75,1.0,safe
SNS-zone_10-01,zone_10,2026-06-20T00:00:00Z,55.85,0.181,65.97,501.44,1.0,warning
SNS-zone_11-01,zone_11,2026-06-20T00:00:00Z,120.5,0.437,98.86,1021.08,1.0,evacuation
SNS-zone_12-01,zone_12,2026-06-20T00:00:00Z,120.5,0.457,96.08,1037.67,1.0,evacuation
SNS-zone_13-01,zone_13,2026-06-20T00:00:00Z,6.86,0.018,32.08,103.59,1.0,safe
SNS-zone_14-01,zone_14,2026-06-20T00:00:00Z,5.03,0.018,32.91,102.8,1.0,safe
SNS-zone_15-01,zone_15,2026-06-20T00:00:00Z,4.01,0.025,37.75,108.15,1.0,safe
SNS-zone_16-01,zone_16,2026-06-20T00:00:00Z,5.71,0.019,41.9,117.15,1.0,safe
SNS-zone_01-01,zone_01,2026-06-21T00:00:00Z,5.85,0.023,34.02,103.77,0.1,safe
SNS-zone_02-01,zone_02,2026-06-21T00:00:00Z,4.68,0.018,37.12,103.67,0.1,safe
SNS-zone_03-01,zone_03,2026-06-21T00:00:00Z,6.5,0.024,40.87,121.07,0.1,safe
SNS-zone_04-01,zone_04,2026-06-21T00:00:00Z,7.83,0.033,34.08,113.95,0.1,safe
SNS-zone_05-01,zone_05,2026-06-21T00:00:00Z,6.9,0.022,29.7,111.23,0.1,safe
SNS-zone_06-01,zone_06,2026-06-21T00:00:00Z,54.66,0.183,73.77,446.82,0.1,warning
SNS-zone_07-01,zone_07,2026-06-21T00:00:00Z,54.0,0.181,67.57,420.61,0.1,warning
SNS-zone_08-01,zone_08,2026-06-21T00:00:00Z,57.74,0.204,64.79,480.17,0.1,warning
SNS-zone_09-01,zone_09,2026-06-21T00:00:00Z,5.05,0.02,33.11,101.6,0.1,safe
SNS-zone_10-01,zone_10,2026-06-21T00:00:00Z,55.29,0.185,67.43,488.82,0.1,warning
SNS-zone_11-01,zone_11,2026-06-21T00:00:00Z,120.5,0.464,97.39,1038.5,0.1,evacuation
SNS-zone_12-01,zone_12,2026-06-21T00:00:00Z,120.5,0.466,96.85,1029.54,0.1,evacuation
SNS-zone_13-01,zone_13,2026-06-21T00:00:00Z,5.55,0.017,30.97,102.03,0.1,safe
SNS-zone_14-01,zone_14,2026-06-21T00:00:00Z,5.59,0.023,32.94,97.86,0.1,safe
SNS-zone_15-01,zone_15,2026-06-21T00:00:00Z,5.23,0.022,36.84,106.2,0.1,safe
SNS-zone_16-01,zone_16,2026-06-21T00:00:00Z,4.12,0.021,40.28,110.7,0.1,safe
SNS-zone_01-01,zone_01,2026-06-22T00:00:00Z,7.88,0.025,34.34,106.93,6.0,safe
SNS-zone_02-01,zone_02,2026-06-22T00:00:00Z,5.53,0.015,34.5,104.75,6.0,safe
SNS-zone_03-01,zone_03,2026-06-22T00:00:00Z,9.41,0.023,41.85,131.04,6.0,safe
SNS-zone_04-01,zone_04,2026-06-22T00:00:00Z,7.55,0.021,36.09,116.66,6.0,safe
SNS-zone_05-01,zone_05,2026-06-22T00:00:00Z,5.66,0.018,32.14,105.66,6.0,safe
SNS-zone_06-01,zone_06,2026-06-22T00:00:00Z,60.34,0.201,70.43,480.34,6.0,warning
SNS-zone_07-01,zone_07,2026-06-22T00:00:00Z,59.55,0.202,65.89,464.44,6.0,warning
SNS-zone_08-01,zone_08,2026-06-22T00:00:00Z,58.65,0.18,68.48,510.81,6.0,warning
SNS-zone_09-01,zone_09,2026-06-22T00:00:00Z,6.13,0.023,32.45,96.05,6.0,safe
SNS-zone_10-01,zone_10,2026-06-22T00:00:00Z,57.27,0.183,68.43,501.37,6.0,warning
SNS-zone_11-01,zone_11,2026-06-22T00:00:00Z,120.5,0.459,99.42,1029.35,6.0,evacuation
SNS-zone_12-01,zone_12,2026-06-22T00:00:00Z,120.5,0.448,100.93,1031.79,6.0,evacuation
SNS-zone_13-01,zone_13,2026-06-22T00:00:00Z,6.64,0.025,31.38,103.83,6.0,safe
SNS-zone_14-01,zone_14,2026-06-22T00:00:00Z,5.99,0.026,35.82,108.98,6.0,safe
SNS-zone_15-01,zone_15,2026-06-22T00:00:00Z,6.42,0.02,38.6,107.88,6.0,safe
SNS-zone_16-01,zone_16,2026-06-22T00:00:00Z,6.19,0.021,38.44,113.81,6.0,safe
SNS-zone_01-01,zone_01,2026-06-23T00:00:00Z,6.91,0.022,36.41,110.89,3.3,safe
SNS-zone_02-01,zone_02,2026-06-23T00:00:00Z,7.3,0.029,36.1,108.59,3.3,safe
SNS-zone_03-01,zone_03,2026-06-23T00:00:00Z,8.94,0.026,41.82,125.76,3.3,safe
SNS-zone_04-01,zone_04,2026-06-23T00:00:00Z,10.34,0.03,33.26,123.57,3.3,safe
SNS-zone_05-01,zone_05,2026-06-23T00:00:00Z,5.52,0.017,29.66,100.96,3.3,safe
SNS-zone_06-01,zone_06,2026-06-23T00:00:00Z,59.98,0.196,69.03,476.01,3.3,warning
SNS-zone_07-01,zone_07,2026-06-23T00:00:00Z,61.06,0.195,69.86,483.8,3.3,warning
SNS-zone_08-01,zone_08,2026-06-23T00:00:00Z,59.25,0.192,67.11,514.48,3.3,warning
SNS-zone_09-01,zone_09,2026-06-23T00:00:00Z,6.31,0.016,33.38,107.74,3.3,safe
SNS-zone_10-01,zone_10,2026-06-23T00:00:00Z,58.02,0.198,69.21,501.94,3.3,warning
SNS-zone_11-01,zone_11,2026-06-23T00:00:00Z,120.5,0.445,107.41,1039.73,3.3,evacuation
SNS-zone_12-01,zone_12,2026-06-23T00:00:00Z,120.5,0.449,100.41,1034.49,3.3,evacuation
SNS-zone_13-01,zone_13,2026-06-23T00:00:00Z,6.77,0.026,33.15,107.6,3.3,safe
SNS-zone_14-01,zone_14,2026-06-23T00:00:00Z,6.1,0.026,34.3,105.38,3.3,safe
SNS-zone_15-01,zone_15,2026-06-23T00:00:00Z,6.84,0.02,38.85,114.62,3.3,safe
SNS-zone_16-01,zone_16,2026-06-23T00:00:00Z,5.5,0.025,41.5,110.76,3.3,safe
SNS-zone_01-01,zone_01,2026-06-24T00:00:00Z,6.22,0.031,35.52,112.84,0.9,safe
SNS-zone_02-01,zone_02,2026-06-24T00:00:00Z,7.16,0.026,36.53,109.73,0.9,safe
SNS-zone_03-01,zone_03,2026-06-24T00:00:00Z,7.16,0.022,43.0,122.96,0.9,safe
SNS-zone_04-01,zone_04,2026-06-24T00:00:00Z,7.66,0.028,35.91,115.31,0.9,safe
SNS-zone_05-01,zone_05,2026-06-24T00:00:00Z,5.47,0.024,31.86,100.06,0.9,safe
SNS-zone_06-01,zone_06,2026-06-24T00:00:00Z,61.7,0.186,75.32,486.25,0.9,warning
SNS-zone_07-01,zone_07,2026-06-24T00:00:00Z,61.87,0.196,67.92,468.0,0.9,warning
SNS-zone_08-01,zone_08,2026-06-24T00:00:00Z,58.12,0.204,68.71,506.09,0.9,warning
SNS-zone_09-01,zone_09,2026-06-24T00:00:00Z,6.25,0.018,35.71,108.7,0.9,safe
SNS-zone_10-01,zone_10,2026-06-24T00:00:00Z,57.92,0.182,72.89,524.6,0.9,warning
SNS-zone_11-01,zone_11,2026-06-24T00:00:00Z,120.5,0.445,98.84,1033.25,0.9,evacuation
SNS-zone_12-01,zone_12,2026-06-24T00:00:00Z,120.5,0.438,101.67,1019.62,0.9,evacuation
SNS-zone_13-01,zone_13,2026-06-24T00:00:00Z,5.57,0.019,30.58,100.94,0.9,safe
SNS-zone_14-01,zone_14,2026-06-24T00:00:00Z,5.22,0.024,36.53,111.73,0.9,safe
SNS-zone_15-01,zone_15,2026-06-24T00:00:00Z,7.66,0.029,38.66,120.97,0.9,safe
SNS-zone_16-01,zone_16,2026-06-24T00:00:00Z,6.6,0.022,40.91,113.67,0.9,safe
SNS-zone_01-01,zone_01,2026-06-25T00:00:00Z,4.84,0.031,34.51,104.22,0.1,safe
SNS-zone_02-01,zone_02,2026-06-25T00:00:00Z,6.65,0.025,34.35,109.43,0.1,safe
SNS-zone_03-01,zone_03,2026-06-25T00:00:00Z,7.74,0.017,43.83,133.67,0.1,safe
SNS-zone_04-01,zone_04,2026-06-25T00:00:00Z,6.27,0.022,34.14,110.75,0.1,safe
SNS-zone_05-01,zone_05,2026-06-25T00:00:00Z,5.93,0.023,31.99,107.94,0.1,safe
SNS-zone_06-01,zone_06,2026-06-25T00:00:00Z,58.46,0.189,69.75,474.12,0.1,warning
SNS-zone_07-01,zone_07,2026-06-25T00:00:00Z,59.65,0.203,65.3,467.89,0.1,warning
SNS-zone_08-01,zone_08,2026-06-25T00:00:00Z,58.21,0.196,69.03,508.31,0.1,warning
SNS-zone_09-01,zone_09,2026-06-25T00:00:00Z,7.05,0.026,33.22,112.6,0.1,safe
SNS-zone_10-01,zone_10,2026-06-25T00:00:00Z,57.25,0.183,71.34,496.1,0.1,warning
SNS-zone_11-01,zone_11,2026-06-25T00:00:00Z,120.5,0.449,96.79,1027.62,0.1,evacuation
SNS-zone_12-01,zone_12,2026-06-25T00:00:00Z,120.5,0.442,95.61,1025.24,0.1,evacuation
SNS-zone_13-01,zone_13,2026-06-25T00:00:00Z,7.4,0.022,30.42,114.91,0.1,safe
SNS-zone_14-01,zone_14,2026-06-25T00:00:00Z,6.25,0.026,36.58,110.05,0.1,safe
SNS-zone_15-01,zone_15,2026-06-25T00:00:00Z,5.54,0.021,36.53,107.85,0.1,safe
SNS-zone_16-01,zone_16,2026-06-25T00:00:00Z,6.61,0.018,37.88,119.78,0.1,safe
SNS-zone_01-01,zone_01,2026-06-26T00:00:00Z,7.61,0.021,34.47,117.89,2.9,safe
SNS-zone_02-01,zone_02,2026-06-26T00:00:00Z,5.58,0.017,34.48,108.71,2.9,safe
SNS-zone_03-01,zone_03,2026-06-26T00:00:00Z,8.55,0.026,44.98,133.78,2.9,safe
SNS-zone_04-01,zone_04,2026-06-26T00:00:00Z,9.31,0.027,35.84,123.83,2.9,safe
SNS-zone_05-01,zone_05,2026-06-26T00:00:00Z,5.93,0.016,33.66,104.53,2.9,safe
SNS-zone_06-01,zone_06,2026-06-26T00:00:00Z,59.52,0.192,68.93,478.05,2.9,warning
SNS-zone_07-01,zone_07,2026-06-26T00:00:00Z,59.28,0.191,65.86,472.54,2.9,warning
SNS-zone_08-01,zone_08,2026-06-26T00:00:00Z,60.61,0.194,68.75,519.05,2.9,warning
SNS-zone_09-01,zone_09,2026-06-26T00:00:00Z,6.01,0.021,34.04,101.06,2.9,safe
SNS-zone_10-01,zone_10,2026-06-26T00:00:00Z,59.82,0.186,70.01,514.79,2.9,warning
SNS-zone_11-01,zone_11,2026-06-26T00:00:00Z,120.5,0.425,99.44,1027.23,2.9,evacuation
SNS-zone_12-01,zone_12,2026-06-26T00:00:00Z,120.5,0.452,99.19,1022.72,2.9,evacuation
SNS-zone_13-01,zone_13,2026-06-26T00:00:00Z,6.15,0.027,31.7,109.05,2.9,safe
SNS-zone_14-01,zone_14,2026-06-26T00:00:00Z,8.09,0.025,35.8,117.63,2.9,safe
SNS-zone_15-01,zone_15,2026-06-26T00:00:00Z,7.23,0.017,38.92,117.32,2.9,safe
SNS-zone_16-01,zone_16,2026-06-26T00:00:00Z,6.65,0.022,39.76,120.58,2.9,safe
SNS-zone_01-01,zone_01,2026-06-27T00:00:00Z,7.48,0.022,36.03,111.07,1.2,safe
SNS-zone_02-01,zone_02,2026-06-27T00:00:00Z,5.08,0.016,36.37,110.6,1.2,safe
SNS-zone_03-01,zone_03,2026-06-27T00:00:00Z,8.27,0.031,44.66,124.88,1.2,safe
SNS-zone_04-01,zone_04,2026-06-27T00:00:00Z,7.37,0.026,37.02,119.86,1.2,safe
SNS-zone_05-01,zone_05,2026-06-27T00:00:00Z,6.95,0.026,31.33,111.33,1.2,safe
SNS-zone_06-01,zone_06,2026-06-27T00:00:00Z,60.48,0.193,72.15,491.5,1.2,warning
SNS-zone_07-01,zone_07,2026-06-27T00:00:00Z,58.47,0.197,68.8,462.85,1.2,warning
SNS-zone_08-01,zone_08,2026-06-27T00:00:00Z,58.16,0.189,68.79,495.05,1.2,warning
SNS-zone_09-01,zone_09,2026-06-27T00:00:00Z,7.01,0.029,33.03,109.41,1.2,safe
SNS-zone_10-01,zone_10,2026-06-27T00:00:00Z,57.36,0.188,68.09,497.99,1.2,warning
SNS-zone_11-01,zone_11,2026-06-27T00:00:00Z,120.5,0.452,99.0,1051.72,1.2,evacuation
SNS-zone_12-01,zone_12,2026-06-27T00:00:00Z,120.5,0.461,102.83,1045.86,1.2,evacuation
SNS-zone_13-01,zone_13,2026-06-27T00:00:00Z,6.56,0.029,29.39,97.83,1.2,safe
SNS-zone_14-01,zone_14,2026-06-27T00:00:00Z,5.71,0.02,33.47,99.78,1.2,safe
SNS-zone_15-01,zone_15,2026-06-27T00:00:00Z,6.37,0.022,35.1,112.41,1.2,safe
SNS-zone_16-01,zone_16,2026-06-27T00:00:00Z,6.01,0.019,39.33,108.56,1.2,safe
SNS-zone_01-01,zone_01,2026-06-28T00:00:00Z,5.41,0.016,34.69,103.54,1.8,safe
SNS-zone_02-01,zone_02,2026-06-28T00:00:00Z,6.72,0.025,36.51,108.51,1.8,safe
SNS-zone_03-01,zone_03,2026-06-28T00:00:00Z,8.82,0.021,43.2,133.82,1.8,safe
SNS-zone_04-01,zone_04,2026-06-28T00:00:00Z,7.44,0.021,34.14,111.57,1.8,safe
SNS-zone_05-01,zone_05,2026-06-28T00:00:00Z,7.09,0.026,29.72,97.35,1.8,safe
SNS-zone_06-01,zone_06,2026-06-28T00:00:00Z,58.64,0.168,70.51,472.48,1.8,warning
SNS-zone_07-01,zone_07,2026-06-28T00:00:00Z,60.57,0.182,68.47,472.71,1.8,warning
SNS-zone_08-01,zone_08,2026-06-28T00:00:00Z,56.33,0.165,67.58,501.74,1.8,warning
SNS-zone_09-01,zone_09,2026-06-28T00:00:00Z,5.86,0.027,34.78,100.13,1.8,safe
SNS-zone_10-01,zone_10,2026-06-28T00:00:00Z,59.22,0.189,68.25,523.17,1.8,warning
SNS-zone_11-01,zone_11,2026-06-28T00:00:00Z,120.5,0.461,104.63,1037.5,1.8,evacuation
SNS-zone_12-01,zone_12,2026-06-28T00:00:00Z,120.5,0.443,100.95,1022.64,1.8,evacuation
SNS-zone_13-01,zone_13,2026-06-28T00:00:00Z,5.56,0.02,32.07,102.67,1.8,safe
SNS-zone_14-01,zone_14,2026-06-28T00:00:00Z,6.22,0.023,36.02,113.64,1.8,safe
SNS-zone_15-01,zone_15,2026-06-28T00:00:00Z,5.36,0.018,39.46,106.42,1.8,safe
SNS-zone_16-01,zone_16,2026-06-28T00:00:00Z,5.48,0.021,40.47,109.56,1.8,safe
SNS-zone_01-01,zone_01,2026-06-29T00:00:00Z,6.69,0.016,36.23,111.85,6.1,safe
SNS-zone_02-01,zone_02,2026-06-29T00:00:00Z,6.88,0.015,36.87,108.03,6.1,safe
SNS-zone_03-01,zone_03,2026-06-29T00:00:00Z,9.46,0.027,45.06,132.2,6.1,safe
SNS-zone_04-01,zone_04,2026-06-29T00:00:00Z,9.44,0.024,37.36,120.0,6.1,safe
SNS-zone_05-01,zone_05,2026-06-29T00:00:00Z,7.87,0.028,32.12,103.9,6.1,safe
SNS-zone_06-01,zone_06,2026-06-29T00:00:00Z,62.12,0.186,72.52,473.2,6.1,warning
SNS-zone_07-01,zone_07,2026-06-29T00:00:00Z,63.19,0.188,72.03,505.17,6.1,warning
SNS-zone_08-01,zone_08,2026-06-29T00:00:00Z,125.66,0.308,74.43,724.22,6.1,evacuation
SNS-zone_09-01,zone_09,2026-06-29T00:00:00Z,6.22,0.023,35.54,115.05,6.1,safe
SNS-zone_10-01,zone_10,2026-06-29T00:00:00Z,123.77,0.31,71.37,711.52,6.1,evacuation
SNS-zone_11-01,zone_11,2026-06-29T00:00:00Z,120.5,0.447,110.68,1036.63,6.1,evacuation
SNS-zone_12-01,zone_12,2026-06-29T00:00:00Z,120.5,0.456,103.43,1040.54,6.1,evacuation
SNS-zone_13-01,zone_13,2026-06-29T00:00:00Z,8.14,0.031,32.8,106.03,6.1,safe
SNS-zone_14-01,zone_14,2026-06-29T00:00:00Z,7.38,0.024,35.15,113.27,6.1,safe
SNS-zone_15-01,zone_15,2026-06-29T00:00:00Z,7.73,0.017,37.05,112.62,6.1,safe
SNS-zone_16-01,zone_16,2026-06-29T00:00:00Z,6.17,0.02,41.82,117.4,6.1,safe
SNS-zone_01-01,zone_01,2026-06-30T00:00:00Z,10.77,0.028,38.65,115.39,13.9,safe
SNS-zone_02-01,zone_02,2026-06-30T00:00:00Z,8.85,0.024,38.8,119.31,13.9,safe
SNS-zone_03-01,zone_03,2026-06-30T00:00:00Z,12.63,0.034,45.15,146.15,13.9,safe
SNS-zone_04-01,zone_04,2026-06-30T00:00:00Z,13.26,0.03,39.93,135.35,13.9,safe
SNS-zone_05-01,zone_05,2026-06-30T00:00:00Z,9.57,0.019,32.58,109.82,13.9,safe
SNS-zone_06-01,zone_06,2026-06-30T00:00:00Z,68.53,0.208,78.55,513.23,13.9,warning
SNS-zone_07-01,zone_07,2026-06-30T00:00:00Z,66.22,0.209,76.43,503.53,13.9,warning
SNS-zone_08-01,zone_08,2026-06-30T00:00:00Z,125.41,0.306,74.77,727.52,13.9,evacuation
SNS-zone_09-01,zone_09,2026-06-30T00:00:00Z,11.4,0.03,35.55,126.83,13.9,safe
SNS-zone_10-01,zone_10,2026-06-30T00:00:00Z,130.25,0.311,76.46,746.6,13.9,evacuation
SNS-zone_11-01,zone_11,2026-06-30T00:00:00Z,120.5,0.458,119.17,1069.36,13.9,evacuation
SNS-zone_12-01,zone_12,2026-06-30T00:00:00Z,120.5,0.435,113.41,1049.21,13.9,evacuation
SNS-zone_13-01,zone_13,2026-06-30T00:00:00Z,9.4,0.032,35.7,117.13,13.9,safe
SNS-zone_14-01,zone_14,2026-06-30T00:00:00Z,9.49,0.034,37.68,117.49,13.9,safe
SNS-zone_15-01,zone_15,2026-06-30T00:00:00Z,8.7,0.018,40.85,116.52,13.9,safe
SNS-zone_16-01,zone_16,2026-06-30T00:00:00Z,10.73,0.029,44.28,127.28,13.9,safe
SNS-zone_01-01,zone_01,2026-07-01T00:00:00Z,9.31,0.027,39.85,127.86,5.2,safe
SNS-zone_02-01,zone_02,2026-07-01T00:00:00Z,10.03,0.029,39.31,121.0,5.2,safe
SNS-zone_03-01,zone_03,2026-07-01T00:00:00Z,13.64,0.037,47.03,144.37,5.2,safe
SNS-zone_04-01,zone_04,2026-07-01T00:00:00Z,12.85,0.031,40.27,140.71,5.2,safe
SNS-zone_05-01,zone_05,2026-07-01T00:00:00Z,11.72,0.028,34.56,131.81,5.2,safe
SNS-zone_06-01,zone_06,2026-07-01T00:00:00Z,70.38,0.197,77.52,517.7,5.2,warning
SNS-zone_07-01,zone_07,2026-07-01T00:00:00Z,68.21,0.199,71.5,497.05,5.2,warning
SNS-zone_08-01,zone_08,2026-07-01T00:00:00Z,127.19,0.311,74.34,720.56,5.2,evacuation
SNS-zone_09-01,zone_09,2026-07-01T00:00:00Z,10.77,0.027,36.01,118.85,5.2,safe
SNS-zone_10-01,zone_10,2026-07-01T00:00:00Z,125.79,0.298,77.04,741.38,5.2,evacuation
SNS-zone_11-01,zone_11,2026-07-01T00:00:00Z,120.5,0.432,121.71,1065.32,5.2,evacuation
SNS-zone_12-01,zone_12,2026-07-01T00:00:00Z,120.5,0.444,115.91,1054.19,5.2,evacuation
SNS-zone_13-01,zone_13,2026-07-01T00:00:00Z,10.0,0.038,35.35,121.15,5.2,safe
SNS-zone_14-01,zone_14,2026-07-01T00:00:00Z,9.09,0.025,39.08,110.35,5.2,safe
SNS-zone_15-01,zone_15,2026-07-01T00:00:00Z,10.42,0.03,40.15,131.84,5.2,safe
SNS-zone_16-01,zone_16,2026-07-01T00:00:00Z,11.33,0.029,42.53,125.78,5.2,safe
SNS-zone_01-01,zone_01,2026-07-02T00:00:00Z,15.27,0.032,41.25,139.25,25.3,safe
SNS-zone_02-01,zone_02,2026-07-02T00:00:00Z,15.57,0.026,42.19,140.64,25.3,safe
SNS-zone_03-01,zone_03,2026-07-02T00:00:00Z,19.62,0.035,51.55,170.5,25.3,safe
SNS-zone_04-01,zone_04,2026-07-02T00:00:00Z,21.44,0.039,42.38,155.23,25.3,safe
SNS-zone_05-01,zone_05,2026-07-02T00:00:00Z,15.5,0.031,39.0,137.09,25.3,safe
SNS-zone_06-01,zone_06,2026-07-02T00:00:00Z,78.52,0.214,87.94,551.82,25.3,warning
SNS-zone_07-01,zone_07,2026-07-02T00:00:00Z,79.65,0.228,84.22,553.75,25.3,warning
SNS-zone_08-01,zone_08,2026-07-02T00:00:00Z,134.17,0.332,83.26,764.18,25.3,evacuation
SNS-zone_09-01,zone_09,2026-07-02T00:00:00Z,15.05,0.029,36.97,130.31,25.3,safe
SNS-zone_10-01,zone_10,2026-07-02T00:00:00Z,132.79,0.318,87.01,766.61,25.3,evacuation
SNS-zone_11-01,zone_11,2026-07-02T00:00:00Z,120.5,0.456,141.65,1099.45,25.3,evacuation
SNS-zone_12-01,zone_12,2026-07-02T00:00:00Z,120.5,0.45,137.4,1088.14,25.3,evacuation
SNS-zone_13-01,zone_13,2026-07-02T00:00:00Z,14.81,0.032,36.88,131.8,25.3,safe
SNS-zone_14-01,zone_14,2026-07-02T00:00:00Z,14.9,0.032,42.04,141.09,25.3,safe
SNS-zone_15-01,zone_15,2026-07-02T00:00:00Z,15.55,0.033,45.04,137.94,25.3,safe
SNS-zone_16-01,zone_16,2026-07-02T00:00:00Z,14.5,0.028,46.66,144.73,25.3,safe
SNS-zone_01-01,zone_01,2026-07-03T00:00:00Z,18.98,0.03,45.99,151.81,26.4,safe
SNS-zone_02-01,zone_02,2026-07-03T00:00:00Z,20.21,0.036,45.57,149.55,26.4,safe
SNS-zone_03-01,zone_03,2026-07-03T00:00:00Z,51.65,0.075,57.76,259.96,26.4,warning
SNS-zone_04-01,zone_04,2026-07-03T00:00:00Z,53.64,0.086,44.46,249.21,26.4,warning
SNS-zone_05-01,zone_05,2026-07-03T00:00:00Z,20.15,0.037,40.69,145.8,26.4,safe
SNS-zone_06-01,zone_06,2026-07-03T00:00:00Z,85.52,0.234,92.39,597.04,26.4,warning
SNS-zone_07-01,zone_07,2026-07-03T00:00:00Z,85.69,0.246,90.98,574.31,26.4,warning
SNS-zone_08-01,zone_08,2026-07-03T00:00:00Z,140.56,0.333,89.71,780.0,26.4,evacuation
SNS-zone_09-01,zone_09,2026-07-03T00:00:00Z,19.46,0.03,40.5,148.25,26.4,safe
SNS-zone_10-01,zone_10,2026-07-03T00:00:00Z,139.3,0.326,94.37,780.0,26.4,evacuation
SNS-zone_11-01,zone_11,2026-07-03T00:00:00Z,120.5,0.437,161.32,1140.66,26.4,evacuation
SNS-zone_12-01,zone_12,2026-07-03T00:00:00Z,120.5,0.444,158.79,1122.69,26.4,evacuation
SNS-zone_13-01,zone_13,2026-07-03T00:00:00Z,20.07,0.034,38.65,140.66,26.4,safe
SNS-zone_14-01,zone_14,2026-07-03T00:00:00Z,20.32,0.036,43.71,149.73,26.4,safe
SNS-zone_15-01,zone_15,2026-07-03T00:00:00Z,20.28,0.039,47.0,153.48,26.4,safe
SNS-zone_16-01,zone_16,2026-07-03T00:00:00Z,17.41,0.04,47.77,145.84,26.4,safe
SNS-zone_01-01,zone_01,2026-07-04T00:00:00Z,27.85,0.051,51.74,175.8,47.9,safe
SNS-zone_02-01,zone_02,2026-07-04T00:00:00Z,28.46,0.052,50.4,180.08,47.9,safe
SNS-zone_03-01,zone_03,2026-07-04T00:00:00Z,55.24,0.077,63.83,260.0,47.9,warning
SNS-zone_04-01,zone_04,2026-07-04T00:00:00Z,56.59,0.076,54.18,260.0,47.9,warning
SNS-zone_05-01,zone_05,2026-07-04T00:00:00Z,29.23,0.047,46.02,171.51,47.9,safe
SNS-zone_06-01,zone_06,2026-07-04T00:00:00Z,101.68,0.268,103.61,645.0,47.9,warning
SNS-zone_07-01,zone_07,2026-07-04T00:00:00Z,100.92,0.261,105.88,644.64,47.9,warning
SNS-zone_08-01,zone_08,2026-07-04T00:00:00Z,152.36,0.352,105.58,780.0,47.9,evacuation
SNS-zone_09-01,zone_09,2026-07-04T00:00:00Z,28.67,0.046,44.78,171.83,47.9,safe
SNS-zone_10-01,zone_10,2026-07-04T00:00:00Z,154.39,0.359,116.06,780.0,47.9,evacuation
SNS-zone_11-01,zone_11,2026-07-04T00:00:00Z,120.5,0.461,191.74,1190.65,47.9,evacuation
SNS-zone_12-01,zone_12,2026-07-04T00:00:00Z,120.5,0.446,191.38,1210.64,47.9,evacuation
SNS-zone_13-01,zone_13,2026-07-04T00:00:00Z,27.17,0.037,45.26,173.6,47.9,safe
SNS-zone_14-01,zone_14,2026-07-04T00:00:00Z,28.54,0.049,50.62,186.82,47.9,safe
SNS-zone_15-01,zone_15,2026-07-04T00:00:00Z,27.73,0.046,51.15,173.37,47.9,safe
SNS-zone_16-01,zone_16,2026-07-04T00:00:00Z,27.99,0.044,57.21,183.62,47.9,safe
SNS-zone_01-01,zone_01,2026-07-05T00:00:00Z,32.27,0.049,55.55,189.17,31.3,safe
SNS-zone_02-01,zone_02,2026-07-05T00:00:00Z,30.73,0.054,53.84,190.46,31.3,safe
SNS-zone_03-01,zone_03,2026-07-05T00:00:00Z,58.04,0.085,66.38,260.0,31.3,warning
SNS-zone_04-01,zone_04,2026-07-05T00:00:00Z,58.5,0.091,57.61,260.0,31.3,warning
SNS-zone_05-01,zone_05,2026-07-05T00:00:00Z,32.71,0.051,50.42,194.37,31.3,safe
SNS-zone_06-01,zone_06,2026-07-05T00:00:00Z,105.37,0.283,111.21,645.0,31.3,warning
SNS-zone_07-01,zone_07,2026-07-05T00:00:00Z,103.13,0.264,110.31,645.0,31.3,warning
SNS-zone_08-01,zone_08,2026-07-05T00:00:00Z,156.86,0.367,112.89,780.0,31.3,evacuation
SNS-zone_09-01,zone_09,2026-07-05T00:00:00Z,32.07,0.052,44.68,183.69,31.3,safe
SNS-zone_10-01,zone_10,2026-07-05T00:00:00Z,156.22,0.357,117.38,780.0,31.3,evacuation
SNS-zone_11-01,zone_11,2026-07-05T00:00:00Z,120.5,0.456,210.92,1219.16,31.3,evacuation
SNS-zone_12-01,zone_12,2026-07-05T00:00:00Z,120.5,0.455,205.83,1231.2,31.3,evacuation
SNS-zone_13-01,zone_13,2026-07-05T00:00:00Z,31.38,0.055,44.12,179.99,31.3,safe
SNS-zone_14-01,zone_14,2026-07-05T00:00:00Z,31.74,0.049,52.71,192.66,31.3,safe
SNS-zone_15-01,zone_15,2026-07-05T00:00:00Z,31.44,0.045,53.03,192.4,31.3,safe
SNS-zone_16-01,zone_16,2026-07-05T00:00:00Z,31.02,0.051,56.24,195.24,31.3,safe
SNS-zone_01-01,zone_01,2026-07-06T00:00:00Z,34.45,0.054,57.58,210.3,31.0,safe
SNS-zone_02-01,zone_02,2026-07-06T00:00:00Z,35.21,0.058,54.68,207.7,31.0,safe
SNS-zone_03-01,zone_03,2026-07-06T00:00:00Z,58.4,0.092,68.5,260.0,31.0,warning
SNS-zone_04-01,zone_04,2026-07-06T00:00:00Z,58.5,0.088,55.96,260.0,31.0,warning
SNS-zone_05-01,zone_05,2026-07-06T00:00:00Z,35.14,0.046,50.14,200.74,31.0,safe
SNS-zone_06-01,zone_06,2026-07-06T00:00:00Z,109.18,0.261,115.0,645.0,31.0,warning
SNS-zone_07-01,zone_07,2026-07-06T00:00:00Z,108.45,0.272,115.79,645.0,31.0,warning
SNS-zone_08-01,zone_08,2026-07-06T00:00:00Z,161.91,0.371,114.33,780.0,31.0,evacuation
SNS-zone_09-01,zone_09,2026-07-06T00:00:00Z,34.5,0.054,49.15,193.78,31.0,safe
SNS-zone_10-01,zone_10,2026-07-06T00:00:00Z,165.22,0.38,125.09,780.0,31.0,evacuation
SNS-zone_11-01,zone_11,2026-07-06T00:00:00Z,120.5,0.43,225.52,1263.41,31.0,evacuation
SNS-zone_12-01,zone_12,2026-07-06T00:00:00Z,120.5,0.458,221.54,1225.13,31.0,evacuation
SNS-zone_13-01,zone_13,2026-07-06T00:00:00Z,34.14,0.049,47.73,191.76,31.0,safe
SNS-zone_14-01,zone_14,2026-07-06T00:00:00Z,33.61,0.053,54.0,199.21,31.0,safe
SNS-zone_15-01,zone_15,2026-07-06T00:00:00Z,34.4,0.051,55.57,199.67,31.0,safe
SNS-zone_16-01,zone_16,2026-07-06T00:00:00Z,33.27,0.042,59.87,201.11,31.0,safe
SNS-zone_01-01,zone_01,2026-07-07T00:00:00Z,30.14,0.048,53.44,186.67,6.2,safe
SNS-zone_02-01,zone_02,2026-07-07T00:00:00Z,31.23,0.049,51.93,187.65,6.2,safe
SNS-zone_03-01,zone_03,2026-07-07T00:00:00Z,58.5,0.085,64.93,260.0,6.2,warning
SNS-zone_04-01,zone_04,2026-07-07T00:00:00Z,56.39,0.087,54.03,260.0,6.2,warning
SNS-zone_05-01,zone_05,2026-07-07T00:00:00Z,31.44,0.047,45.67,179.58,6.2,safe
SNS-zone_06-01,zone_06,2026-07-07T00:00:00Z,100.68,0.264,111.58,645.0,6.2,warning
SNS-zone_07-01,zone_07,2026-07-07T00:00:00Z,102.71,0.277,107.52,645.0,6.2,warning
SNS-zone_08-01,zone_08,2026-07-07T00:00:00Z,152.99,0.351,107.42,780.0,6.2,evacuation
SNS-zone_09-01,zone_09,2026-07-07T00:00:00Z,29.13,0.053,46.69,172.69,6.2,safe
SNS-zone_10-01,zone_10,2026-07-07T00:00:00Z,150.66,0.347,120.54,780.0,6.2,evacuation
SNS-zone_11-01,zone_11,2026-07-07T00:00:00Z,120.5,0.429,204.36,1231.5,6.2,evacuation
SNS-zone_12-01,zone_12,2026-07-07T00:00:00Z,120.5,0.442,196.32,1183.0,6.2,evacuation
SNS-zone_13-01,zone_13,2026-07-07T00:00:00Z,29.43,0.047,45.56,176.09,6.2,safe
SNS-zone_14-01,zone_14,2026-07-07T00:00:00Z,32.3,0.051,53.41,194.33,6.2,safe
SNS-zone_15-01,zone_15,2026-07-07T00:00:00Z,30.86,0.049,54.45,193.52,6.2,safe
SNS-zone_16-01,zone_16,2026-07-07T00:00:00Z,30.6,0.055,57.93,186.77,6.2,safe
SNS-zone_01-01,zone_01,2026-07-08T00:00:00Z,27.65,0.04,51.48,174.84,5.1,safe
SNS-zone_02-01,zone_02,2026-07-08T00:00:00Z,28.13,0.052,48.92,173.06,5.1,safe
SNS-zone_03-01,zone_03,2026-07-08T00:00:00Z,57.03,0.082,63.84,260.0,5.1,warning
SNS-zone_04-01,zone_04,2026-07-08T00:00:00Z,56.63,0.083,51.39,254.07,5.1,warning
SNS-zone_05-01,zone_05,2026-07-08T00:00:00Z,26.44,0.052,43.51,160.71,5.1,safe
SNS-zone_06-01,zone_06,2026-07-08T00:00:00Z,99.13,0.264,102.3,632.04,5.1,warning
SNS-zone_07-01,zone_07,2026-07-08T00:00:00Z,99.37,0.252,104.42,636.24,5.1,warning
SNS-zone_08-01,zone_08,2026-07-08T00:00:00Z,147.45,0.357,102.28,780.0,5.1,evacuation
SNS-zone_09-01,zone_09,2026-07-08T00:00:00Z,26.77,0.044,41.09,169.14,5.1,safe
SNS-zone_10-01,zone_10,2026-07-08T00:00:00Z,149.2,0.352,111.02,780.0,5.1,evacuation
SNS-zone_11-01,zone_11,2026-07-08T00:00:00Z,120.5,0.42,190.1,1183.23,5.1,evacuation
SNS-zone_12-01,zone_12,2026-07-08T00:00:00Z,120.5,0.46,184.87,1178.78,5.1,evacuation
SNS-zone_13-01,zone_13,2026-07-08T00:00:00Z,27.02,0.049,42.42,167.14,5.1,safe
SNS-zone_14-01,zone_14,2026-07-08T00:00:00Z,27.61,0.048,47.55,174.41,5.1,safe
SNS-zone_15-01,zone_15,2026-07-08T00:00:00Z,26.34,0.042,50.52,175.01,5.1,safe
SNS-zone_16-01,zone_16,2026-07-08T00:00:00Z,27.31,0.04,52.43,180.43,5.1,safe
SNS-zone_01-01,zone_01,2026-07-09T00:00:00Z,25.05,0.034,46.77,162.15,7.7,safe
SNS-zone_02-01,zone_02,2026-07-09T00:00:00Z,23.52,0.032,48.48,166.25,7.7,safe
SNS-zone_03-01,zone_03,2026-07-09T00:00:00Z,55.3,0.081,60.4,260.0,7.7,warning
SNS-zone_04-01,zone_04,2026-07-09T00:00:00Z,55.63,0.085,48.96,252.95,7.7,warning
SNS-zone_05-01,zone_05,2026-07-09T00:00:00Z,24.6,0.046,43.56,164.3,7.7,safe
SNS-zone_06-01,zone_06,2026-07-09T00:00:00Z,94.4,0.254,98.12,619.49,7.7,warning
SNS-zone_07-01,zone_07,2026-07-09T00:00:00Z,95.96,0.246,96.89,618.74,7.7,warning
SNS-zone_08-01,zone_08,2026-07-09T00:00:00Z,148.65,0.358,99.12,780.0,7.7,evacuation
SNS-zone_09-01,zone_09,2026-07-09T00:00:00Z,24.75,0.042,42.4,159.62,7.7,safe
SNS-zone_10-01,zone_10,2026-07-09T00:00:00Z,150.23,0.343,107.92,780.0,7.7,evacuation
SNS-zone_11-01,zone_11,2026-07-09T00:00:00Z,120.5,0.444,180.9,1166.41,7.7,evacuation
SNS-zone_12-01,zone_12,2026-07-09T00:00:00Z,120.5,0.446,174.71,1153.1,7.7,evacuation
SNS-zone_13-01,zone_13,2026-07-09T00:00:00Z,24.58,0.046,40.18,155.15,7.7,safe
SNS-zone_14-01,zone_14,2026-07-09T00:00:00Z,23.98,0.04,49.27,163.06,7.7,safe
SNS-zone_15-01,zone_15,2026-07-09T00:00:00Z,24.28,0.043,48.93,164.37,7.7,safe
SNS-zone_16-01,zone_16,2026-07-09T00:00:00Z,23.33,0.036,53.05,157.97,7.7,safe
SNS-zone_01-01,zone_01,2026-07-10T00:00:00Z,24.92,0.046,48.17,167.78,8.2,safe
SNS-zone_02-01,zone_02,2026-07-10T00:00:00Z,23.64,0.041,47.51,161.61,8.2,safe
SNS-zone_03-01,zone_03,2026-07-10T00:00:00Z,55.59,0.083,59.62,260.0,8.2,warning
SNS-zone_04-01,zone_04,2026-07-10T00:00:00Z,54.83,0.077,49.7,252.82,8.2,warning
SNS-zone_05-01,zone_05,2026-07-10T00:00:00Z,23.79,0.04,43.63,157.56,8.2,safe
SNS-zone_06-01,zone_06,2026-07-10T00:00:00Z,90.35,0.253,95.56,606.18,8.2,warning
SNS-zone_07-01,zone_07,2026-07-10T00:00:00Z,90.76,0.248,95.28,606.89,8.2,warning
SNS-zone_08-01,zone_08,2026-07-10T00:00:00Z,143.62,0.345,99.1,780.0,8.2,evacuation
SNS-zone_09-01,zone_09,2026-07-10T00:00:00Z,23.81,0.041,41.17,163.14,8.2,safe
SNS-zone_10-01,zone_10,2026-07-10T00:00:00Z,144.03,0.335,98.68,780.0,8.2,evacuation
SNS-zone_11-01,zone_11,2026-07-10T00:00:00Z,120.5,0.445,172.98,1150.96,8.2,evacuation
SNS-zone_12-01,zone_12,2026-07-10T00:00:00Z,120.5,0.454,170.21,1140.83,8.2,evacuation
SNS-zone_13-01,zone_13,2026-07-10T00:00:00Z,23.33,0.044,42.02,154.41,8.2,safe
SNS-zone_14-01,zone_14,2026-07-10T00:00:00Z,23.37,0.044,47.04,159.25,8.2,safe
SNS-zone_15-01,zone_15,2026-07-10T00:00:00Z,23.17,0.038,46.76,164.75,8.2,safe
SNS-zone_16-01,zone_16,2026-07-10T00:00:00Z,23.44,0.041,51.21,167.86,8.2,safe
SNS-zone_01-01,zone_01,2026-07-11T00:00:00Z,19.83,0.036,45.58,156.41,1.6,safe
SNS-zone_02-01,zone_02,2026-07-11T00:00:00Z,19.51,0.042,47.13,149.42,1.6,safe
SNS-zone_03-01,zone_03,2026-07-11T00:00:00Z,50.86,0.076,54.24,248.79,1.6,warning
SNS-zone_04-01,zone_04,2026-07-11T00:00:00Z,52.53,0.077,46.09,240.27,1.6,warning
SNS-zone_05-01,zone_05,2026-07-11T00:00:00Z,19.49,0.038,41.5,147.4,1.6,safe
SNS-zone_06-01,zone_06,2026-07-11T00:00:00Z,84.72,0.235,90.9,584.8,1.6,warning
SNS-zone_07-01,zone_07,2026-07-11T00:00:00Z,87.05,0.238,89.6,580.19,1.6,warning
SNS-zone_08-01,zone_08,2026-07-11T00:00:00Z,141.93,0.336,91.95,780.0,1.6,evacuation
SNS-zone_09-01,zone_09,2026-07-11T00:00:00Z,19.49,0.038,38.77,143.69,1.6,safe
SNS-zone_10-01,zone_10,2026-07-11T00:00:00Z,139.86,0.322,101.3,780.0,1.6,evacuation
SNS-zone_11-01,zone_11,2026-07-11T00:00:00Z,120.5,0.444,156.02,1096.76,1.6,evacuation
SNS-zone_12-01,zone_12,2026-07-11T00:00:00Z,120.5,0.45,159.71,1132.2,1.6,evacuation
SNS-zone_13-01,zone_13,2026-07-11T00:00:00Z,18.52,0.035,37.55,135.66,1.6,safe
SNS-zone_14-01,zone_14,2026-07-11T00:00:00Z,19.24,0.034,42.6,147.57,1.6,safe
SNS-zone_15-01,zone_15,2026-07-11T00:00:00Z,19.92,0.036,48.72,150.17,1.6,safe
SNS-zone_16-01,zone_16,2026-07-11T00:00:00Z,19.49,0.032,48.73,151.65,1.6,safe
SNS-zone_01-01,zone_01,2026-07-12T00:00:00Z,17.6,0.038,43.91,142.86,1.2,safe
SNS-zone_02-01,zone_02,2026-07-12T00:00:00Z,17.34,0.039,45.46,150.68,1.2,safe
SNS-zone_03-01,zone_03,2026-07-12T00:00:00Z,52.03,0.082,53.06,248.51,1.2,warning
SNS-zone_04-01,zone_04,2026-07-12T00:00:00Z,50.27,0.076,42.95,229.54,1.2,warning
SNS-zone_05-01,zone_05,2026-07-12T00:00:00Z,15.92,0.032,39.89,139.93,1.2,safe
SNS-zone_06-01,zone_06,2026-07-12T00:00:00Z,80.21,0.223,89.57,549.81,1.2,warning
SNS-zone_07-01,zone_07,2026-07-12T00:00:00Z,80.61,0.233,88.09,558.65,1.2,warning
SNS-zone_08-01,zone_08,2026-07-12T00:00:00Z,134.8,0.321,87.13,780.0,1.2,evacuation
SNS-zone_09-01,zone_09,2026-07-12T00:00:00Z,16.72,0.037,37.89,138.86,1.2,safe
SNS-zone_10-01,zone_10,2026-07-12T00:00:00Z,132.8,0.326,92.8,780.0,1.2,evacuation
SNS-zone_11-01,zone_11,2026-07-12T00:00:00Z,120.5,0.462,151.72,1131.88,1.2,evacuation
SNS-zone_12-01,zone_12,2026-07-12T00:00:00Z,120.5,0.435,146.4,1083.38,1.2,evacuation
SNS-zone_13-01,zone_13,2026-07-12T00:00:00Z,14.96,0.032,38.73,138.79,1.2,safe
SNS-zone_14-01,zone_14,2026-07-12T00:00:00Z,17.57,0.033,43.39,151.96,1.2,safe
SNS-zone_15-01,zone_15,2026-07-12T00:00:00Z,17.7,0.03,44.75,145.67,1.2,safe
SNS-zone_16-01,zone_16,2026-07-12T00:00:00Z,17.4,0.033,47.52,146.74,1.2,safe
SNS-zone_01-01,zone_01,2026-07-13T00:00:00Z,14.65,0.028,41.84,138.33,1.3,safe
SNS-zone_02-01,zone_02,2026-07-13T00:00:00Z,14.87,0.038,40.86,140.54,1.3,safe
SNS-zone_03-01,zone_03,2026-07-13T00:00:00Z,18.77,0.037,51.84,168.09,1.3,safe
SNS-zone_04-01,zone_04,2026-07-13T00:00:00Z,19.38,0.042,40.91,160.14,1.3,safe
SNS-zone_05-01,zone_05,2026-07-13T00:00:00Z,15.88,0.038,38.47,141.85,1.3,safe
SNS-zone_06-01,zone_06,2026-07-13T00:00:00Z,77.74,0.228,83.53,542.85,1.3,warning
SNS-zone_07-01,zone_07,2026-07-13T00:00:00Z,77.28,0.238,81.88,548.66,1.3,warning
SNS-zone_08-01,zone_08,2026-07-13T00:00:00Z,133.13,0.315,82.31,756.1,1.3,evacuation
SNS-zone_09-01,zone_09,2026-07-13T00:00:00Z,14.19,0.034,37.27,143.19,1.3,safe
SNS-zone_10-01,zone_10,2026-07-13T00:00:00Z,131.79,0.323,90.54,769.77,1.3,evacuation
SNS-zone_11-01,zone_11,2026-07-13T00:00:00Z,120.5,0.446,132.23,1053.71,1.3,evacuation
SNS-zone_12-01,zone_12,2026-07-13T00:00:00Z,120.5,0.456,135.52,1096.37,1.3,evacuation
SNS-zone_13-01,zone_13,2026-07-13T00:00:00Z,15.34,0.034,34.84,134.5,1.3,safe
SNS-zone_14-01,zone_14,2026-07-13T00:00:00Z,16.22,0.039,40.79,138.44,1.3,safe
SNS-zone_15-01,zone_15,2026-07-13T00:00:00Z,14.73,0.027,41.95,134.27,1.3,safe
SNS-zone_16-01,zone_16,2026-07-13T00:00:00Z,14.85,0.034,47.68,137.76,1.3,safe
SNS-zone_01-01,zone_01,2026-07-14T00:00:00Z,14.37,0.033,41.43,139.4,4.7,safe
SNS-zone_02-01,zone_02,2026-07-14T00:00:00Z,13.67,0.028,41.85,141.79,4.7,safe
SNS-zone_03-01,zone_03,2026-07-14T00:00:00Z,17.94,0.037,51.55,159.11,4.7,safe
SNS-zone_04-01,zone_04,2026-07-14T00:00:00Z,18.63,0.034,43.83,158.85,4.7,safe
SNS-zone_05-01,zone_05,2026-07-14T00:00:00Z,15.53,0.032,38.67,135.98,4.7,safe
SNS-zone_06-01,zone_06,2026-07-14T00:00:00Z,76.49,0.222,83.06,544.67,4.7,warning
SNS-zone_07-01,zone_07,2026-07-14T00:00:00Z,76.98,0.213,83.07,549.17,4.7,warning
SNS-zone_08-01,zone_08,2026-07-14T00:00:00Z,129.86,0.331,80.45,741.89,4.7,evacuation
SNS-zone_09-01,zone_09,2026-07-14T00:00:00Z,15.07,0.035,37.24,131.64,4.7,safe
SNS-zone_10-01,zone_10,2026-07-14T00:00:00Z,130.86,0.32,87.13,741.59,4.7,evacuation
SNS-zone_11-01,zone_11,2026-07-14T00:00:00Z,120.5,0.451,136.72,1119.4,4.7,evacuation
SNS-zone_12-01,zone_12,2026-07-14T00:00:00Z,120.5,0.463,134.64,1109.91,4.7,evacuation
SNS-zone_13-01,zone_13,2026-07-14T00:00:00Z,13.28,0.026,37.54,126.51,4.7,safe
SNS-zone_14-01,zone_14,2026-07-14T00:00:00Z,12.49,0.032,41.0,134.79,4.7,safe
SNS-zone_15-01,zone_15,2026-07-14T00:00:00Z,14.9,0.034,41.79,143.33,4.7,safe
SNS-zone_16-01,zone_16,2026-07-14T00:00:00Z,14.64,0.033,46.58,143.87,4.7,safe
SNS-zone_01-01,zone_01,2026-07-15T00:00:00Z,13.84,0.032,40.5,138.33,2.8,safe
SNS-zone_02-01,zone_02,2026-07-15T00:00:00Z,13.46,0.033,40.0,137.53,2.8,safe
SNS-zone_03-01,zone_03,2026-07-15T00:00:00Z,17.3,0.028,49.83,156.97,2.8,safe
SNS-zone_04-01,zone_04,2026-07-15T00:00:00Z,14.72,0.039,40.18,144.77,2.8,safe
SNS-zone_05-01,zone_05,2026-07-15T00:00:00Z,13.78,0.032,37.35,127.92,2.8,safe
SNS-zone_06-01,zone_06,2026-07-15T00:00:00Z,74.85,0.228,81.73,530.1,2.8,warning
SNS-zone_07-01,zone_07,2026-07-15T00:00:00Z,74.04,0.217,80.24,534.43,2.8,warning
SNS-zone_08-01,zone_08,2026-07-15T00:00:00Z,132.78,0.335,80.73,767.32,2.8,evacuation
SNS-zone_09-01,zone_09,2026-07-15T00:00:00Z,13.26,0.024,37.14,127.23,2.8,safe
SNS-zone_10-01,zone_10,2026-07-15T00:00:00Z,129.79,0.315,83.68,758.59,2.8,evacuation
SNS-zone_11-01,zone_11,2026-07-15T00:00:00Z,120.5,0.433,129.55,1061.85,2.8,evacuation
SNS-zone_12-01,zone_12,2026-07-15T00:00:00Z,120.5,0.45,125.94,1069.75,2.8,evacuation
SNS-zone_13-01,zone_13,2026-07-15T00:00:00Z,13.7,0.028,37.6,140.63,2.8,safe
SNS-zone_14-01,zone_14,2026-07-15T00:00:00Z,11.66,0.025,40.7,125.1,2.8,safe
SNS-zone_15-01,zone_15,2026-07-15T00:00:00Z,13.97,0.029,43.44,139.64,2.8,safe
SNS-zone_16-01,zone_16,2026-07-15T00:00:00Z,15.1,0.029,45.51,136.17,2.8,safe
SNS-zone_01-01,zone_01,2026-07-16T00:00:00Z,14.75,0.03,42.47,132.86,17.5,safe
SNS-zone_02-01,zone_02,2026-07-16T00:00:00Z,16.17,0.035,42.6,140.86,17.5,safe
SNS-zone_03-01,zone_03,2026-07-16T00:00:00Z,51.8,0.076,51.73,245.38,17.5,warning
SNS-zone_04-01,zone_04,2026-07-16T00:00:00Z,50.96,0.078,42.29,230.13,17.5,warning
SNS-zone_05-01,zone_05,2026-07-16T00:00:00Z,15.12,0.032,37.93,138.17,17.5,safe
SNS-zone_06-01,zone_06,2026-07-16T00:00:00Z,76.88,0.214,85.32,549.28,17.5,warning
SNS-zone_07-01,zone_07,2026-07-16T00:00:00Z,78.38,0.214,85.02,552.47,17.5,warning
SNS-zone_08-01,zone_08,2026-07-16T00:00:00Z,132.14,0.315,80.6,749.25,17.5,evacuation
SNS-zone_09-01,zone_09,2026-07-16T00:00:00Z,15.05,0.031,40.63,130.38,17.5,safe
SNS-zone_10-01,zone_10,2026-07-16T00:00:00Z,130.74,0.336,86.82,750.88,17.5,evacuation
SNS-zone_11-01,zone_11,2026-07-16T00:00:00Z,120.5,0.456,137.1,1100.98,17.5,evacuation
SNS-zone_12-01,zone_12,2026-07-16T00:00:00Z,120.5,0.451,142.54,1115.79,17.5,evacuation
SNS-zone_13-01,zone_13,2026-07-16T00:00:00Z,15.69,0.031,36.17,137.95,17.5,safe
SNS-zone_14-01,zone_14,2026-07-16T00:00:00Z,17.2,0.034,40.29,140.55,17.5,safe
SNS-zone_15-01,zone_15,2026-07-16T00:00:00Z,15.47,0.032,43.81,139.43,17.5,safe
SNS-zone_16-01,zone_16,2026-07-16T00:00:00Z,15.92,0.033,48.37,149.44,17.5,safe
SNS-zone_01-01,zone_01,2026-07-17T00:00:00Z,18.21,0.037,43.61,146.91,19.2,safe
SNS-zone_02-01,zone_02,2026-07-17T00:00:00Z,18.12,0.03,40.74,144.28,19.2,safe
SNS-zone_03-01,zone_03,2026-07-17T00:00:00Z,51.71,0.076,55.81,245.09,19.2,warning
SNS-zone_04-01,zone_04,2026-07-17T00:00:00Z,50.89,0.075,46.26,239.37,19.2,warning
SNS-zone_05-01,zone_05,2026-07-17T00:00:00Z,17.06,0.034,42.05,139.98,19.2,safe
SNS-zone_06-01,zone_06,2026-07-17T00:00:00Z,86.67,0.242,90.82,579.53,19.2,warning
SNS-zone_07-01,zone_07,2026-07-17T00:00:00Z,85.44,0.236,87.97,580.57,19.2,warning
SNS-zone_08-01,zone_08,2026-07-17T00:00:00Z,137.3,0.328,87.54,780.0,19.2,evacuation
SNS-zone_09-01,zone_09,2026-07-17T00:00:00Z,18.32,0.039,38.48,144.04,19.2,safe
SNS-zone_10-01,zone_10,2026-07-17T00:00:00Z,138.57,0.328,95.64,780.0,19.2,evacuation
SNS-zone_11-01,zone_11,2026-07-17T00:00:00Z,120.5,0.451,154.54,1129.32,19.2,evacuation
SNS-zone_12-01,zone_12,2026-07-17T00:00:00Z,120.5,0.447,149.65,1135.88,19.2,evacuation
SNS-zone_13-01,zone_13,2026-07-17T00:00:00Z,18.44,0.033,38.65,141.93,19.2,safe
SNS-zone_14-01,zone_14,2026-07-17T00:00:00Z,18.82,0.033,43.67,134.86,19.2,safe
SNS-zone_15-01,zone_15,2026-07-17T00:00:00Z,18.7,0.036,46.22,150.08,19.2,safe
SNS-zone_16-01,zone_16,2026-07-17T00:00:00Z,17.56,0.039,50.56,158.12,19.2,safe
SNS-zone_01-01,zone_01,2026-07-18T00:00:00Z,20.17,0.029,45.3,153.48,16.4,safe
SNS-zone_02-01,zone_02,2026-07-18T00:00:00Z,19.61,0.043,45.16,158.77,16.4,safe
SNS-zone_03-01,zone_03,2026-07-18T00:00:00Z,52.13,0.08,55.36,251.06,16.4,warning
SNS-zone_04-01,zone_04,2026-07-18T00:00:00Z,53.27,0.079,46.13,242.77,16.4,warning
SNS-zone_05-01,zone_05,2026-07-18T00:00:00Z,20.1,0.033,41.86,150.52,16.4,safe
SNS-zone_06-01,zone_06,2026-07-18T00:00:00Z,86.48,0.234,88.61,575.05,16.4,warning
SNS-zone_07-01,zone_07,2026-07-18T00:00:00Z,83.75,0.247,94.28,572.76,16.4,warning
SNS-zone_08-01,zone_08,2026-07-18T00:00:00Z,135.83,0.321,89.15,771.53,16.4,evacuation
SNS-zone_09-01,zone_09,2026-07-18T00:00:00Z,19.53,0.038,41.34,147.55,16.4,safe
SNS-zone_10-01,zone_10,2026-07-18T00:00:00Z,139.2,0.328,99.28,780.0,16.4,evacuation
SNS-zone_11-01,zone_11,2026-07-18T00:00:00Z,120.5,0.451,160.11,1137.84,16.4,evacuation
SNS-zone_12-01,zone_12,2026-07-18T00:00:00Z,120.5,0.451,154.14,1133.8,16.4,evacuation
SNS-zone_13-01,zone_13,2026-07-18T00:00:00Z,19.63,0.04,39.15,145.15,16.4,safe
SNS-zone_14-01,zone_14,2026-07-18T00:00:00Z,20.1,0.037,42.25,148.55,16.4,safe
SNS-zone_15-01,zone_15,2026-07-18T00:00:00Z,20.31,0.033,46.85,149.2,16.4,safe
SNS-zone_16-01,zone_16,2026-07-18T00:00:00Z,20.28,0.035,48.4,156.74,16.4,safe
SNS-zone_01-01,zone_01,2026-07-19T00:00:00Z,20.06,0.039,44.55,147.33,13.3,safe
SNS-zone_02-01,zone_02,2026-07-19T00:00:00Z,20.06,0.035,44.4,151.69,13.3,safe
SNS-zone_03-01,zone_03,2026-07-19T00:00:00Z,53.32,0.078,56.31,260.0,13.3,warning
SNS-zone_04-01,zone_04,2026-07-19T00:00:00Z,53.86,0.081,46.04,246.56,13.3,warning
SNS-zone_05-01,zone_05,2026-07-19T00:00:00Z,20.44,0.035,39.36,141.89,13.3,safe
SNS-zone_06-01,zone_06,2026-07-19T00:00:00Z,87.58,0.241,90.4,596.13,13.3,warning
SNS-zone_07-01,zone_07,2026-07-19T00:00:00Z,86.12,0.241,91.62,575.65,13.3,warning
SNS-zone_08-01,zone_08,2026-07-19T00:00:00Z,138.49,0.321,90.68,780.0,13.3,evacuation
SNS-zone_09-01,zone_09,2026-07-19T00:00:00Z,20.64,0.046,38.46,141.01,13.3,safe
SNS-zone_10-01,zone_10,2026-07-19T00:00:00Z,142.24,0.332,101.48,780.0,13.3,evacuation
SNS-zone_11-01,zone_11,2026-07-19T00:00:00Z,120.5,0.461,161.84,1125.38,13.3,evacuation
SNS-zone_12-01,zone_12,2026-07-19T00:00:00Z,121.59,0.45,156.41,1131.48,13.3,evacuation
SNS-zone_13-01,zone_13,2026-07-19T00:00:00Z,19.51,0.033,41.66,146.07,13.3,safe
SNS-zone_14-01,zone_14,2026-07-19T00:00:00Z,19.93,0.043,41.72,153.19,13.3,safe
SNS-zone_15-01,zone_15,2026-07-19T00:00:00Z,20.13,0.036,47.93,154.34,13.3,safe
SNS-zone_16-01,zone_16,2026-07-19T00:00:00Z,19.37,0.04,47.86,156.97,13.3,safe
SNS-zone_01-01,zone_01,2026-07-20T00:00:00Z,21.02,0.044,47.42,156.76,11.4,safe
SNS-zone_02-01,zone_02,2026-07-20T00:00:00Z,19.44,0.039,45.11,146.76,11.4,safe
SNS-zone_03-01,zone_03,2026-07-20T00:00:00Z,52.61,0.076,56.53,250.98,11.4,warning
SNS-zone_04-01,zone_04,2026-07-20T00:00:00Z,52.72,0.078,44.67,244.0,11.4,warning
SNS-zone_05-01,zone_05,2026-07-20T00:00:00Z,19.26,0.041,41.27,153.04,11.4,safe
SNS-zone_06-01,zone_06,2026-07-20T00:00:00Z,88.64,0.225,90.63,585.67,11.4,warning
SNS-zone_07-01,zone_07,2026-07-20T00:00:00Z,84.62,0.232,92.3,580.41,11.4,warning
SNS-zone_08-01,zone_08,2026-07-20T00:00:00Z,138.42,0.319,90.68,780.0,11.4,evacuation
SNS-zone_09-01,zone_09,2026-07-20T00:00:00Z,19.9,0.034,40.02,143.7,11.4,safe
SNS-zone_10-01,zone_10,2026-07-20T00:00:00Z,139.94,0.346,99.62,780.0,11.4,evacuation
SNS-zone_11-01,zone_11,2026-07-20T00:00:00Z,124.99,0.444,160.23,1145.27,11.4,evacuation
SNS-zone_12-01,zone_12,2026-07-20T00:00:00Z,122.65,0.468,157.43,1145.87,11.4,evacuation
SNS-zone_13-01,zone_13,2026-07-20T00:00:00Z,19.62,0.041,39.69,146.7,11.4,safe
SNS-zone_14-01,zone_14,2026-07-20T00:00:00Z,18.98,0.039,44.99,155.08,11.4,safe
SNS-zone_15-01,zone_15,2026-07-20T00:00:00Z,20.49,0.038,46.19,150.57,11.4,safe
SNS-zone_16-01,zone_16,2026-07-20T00:00:00Z,20.7,0.038,49.78,163.22,11.4,safe
SNS-zone_01-01,zone_01,2026-07-21T00:00:00Z,29.67,0.046,53.06,182.12,52.4,safe
SNS-zone_02-01,zone_02,2026-07-21T00:00:00Z,29.29,0.045,52.09,186.19,52.4,safe
SNS-zone_03-01,zone_03,2026-07-21T00:00:00Z,57.64,0.081,64.82,260.0,52.4,warning
SNS-zone_04-01,zone_04,2026-07-21T00:00:00Z,58.5,0.086,54.55,260.0,52.4,warning
SNS-zone_05-01,zone_05,2026-07-21T00:00:00Z,29.19,0.044,45.07,165.5,52.4,safe
SNS-zone_06-01,zone_06,2026-07-21T00:00:00Z,100.86,0.262,108.02,645.0,52.4,warning
SNS-zone_07-01,zone_07,2026-07-21T00:00:00Z,100.84,0.272,108.06,645.0,52.4,warning
SNS-zone_08-01,zone_08,2026-07-21T00:00:00Z,152.74,0.358,107.22,780.0,52.4,evacuation
SNS-zone_09-01,zone_09,2026-07-21T00:00:00Z,30.69,0.055,48.35,175.65,52.4,safe
SNS-zone_10-01,zone_10,2026-07-21T00:00:00Z,154.88,0.363,115.7,780.0,52.4,evacuation
SNS-zone_11-01,zone_11,2026-07-21T00:00:00Z,134.58,0.507,201.19,1266.33,52.4,evacuation
SNS-zone_12-01,zone_12,2026-07-21T00:00:00Z,136.36,0.498,195.57,1274.07,52.4,evacuation
SNS-zone_13-01,zone_13,2026-07-21T00:00:00Z,30.33,0.05,42.11,172.27,52.4,safe
SNS-zone_14-01,zone_14,2026-07-21T00:00:00Z,28.32,0.044,50.59,182.42,52.4,safe
SNS-zone_15-01,zone_15,2026-07-21T00:00:00Z,30.26,0.05,53.49,187.35,52.4,safe
SNS-zone_16-01,zone_16,2026-07-21T00:00:00Z,30.29,0.051,55.75,190.97,52.4,safe
SNS-zone_01-01,zone_01,2026-07-22T00:00:00Z,36.14,0.055,56.89,204.94,44.0,safe
SNS-zone_02-01,zone_02,2026-07-22T00:00:00Z,36.66,0.057,55.6,204.0,44.0,safe
SNS-zone_03-01,zone_03,2026-07-22T00:00:00Z,58.5,0.086,68.5,260.0,44.0,warning
SNS-zone_04-01,zone_04,2026-07-22T00:00:00Z,57.96,0.083,57.79,260.0,44.0,warning
SNS-zone_05-01,zone_05,2026-07-22T00:00:00Z,35.67,0.048,51.73,199.35,44.0,safe
SNS-zone_06-01,zone_06,2026-07-22T00:00:00Z,114.1,0.285,117.48,645.0,44.0,warning
SNS-zone_07-01,zone_07,2026-07-22T00:00:00Z,111.68,0.279,116.92,645.0,44.0,warning
SNS-zone_08-01,zone_08,2026-07-22T00:00:00Z,161.41,0.375,117.54,780.0,44.0,evacuation
SNS-zone_09-01,zone_09,2026-07-22T00:00:00Z,35.78,0.054,50.2,197.3,44.0,safe
SNS-zone_10-01,zone_10,2026-07-22T00:00:00Z,167.17,0.391,128.94,780.0,44.0,evacuation
SNS-zone_11-01,zone_11,2026-07-22T00:00:00Z,150.14,0.51,229.67,1398.89,44.0,evacuation
SNS-zone_12-01,zone_12,2026-07-22T00:00:00Z,145.64,0.534,225.7,1372.85,44.0,evacuation
SNS-zone_13-01,zone_13,2026-07-22T00:00:00Z,36.96,0.058,47.54,199.64,44.0,safe
SNS-zone_14-01,zone_14,2026-07-22T00:00:00Z,36.05,0.054,55.18,208.39,44.0,safe
SNS-zone_15-01,zone_15,2026-07-22T00:00:00Z,35.25,0.053,56.61,211.69,44.0,safe
SNS-zone_16-01,zone_16,2026-07-22T00:00:00Z,34.91,0.046,61.69,204.6,44.0,safe
SNS-zone_01-01,zone_01,2026-07-23T00:00:00Z,32.02,0.044,54.24,195.31,3.4,safe
SNS-zone_02-01,zone_02,2026-07-23T00:00:00Z,30.91,0.046,51.46,184.97,3.4,safe
SNS-zone_03-01,zone_03,2026-07-23T00:00:00Z,55.9,0.08,67.99,260.0,3.4,warning
SNS-zone_04-01,zone_04,2026-07-23T00:00:00Z,57.72,0.077,55.1,260.0,3.4,warning
SNS-zone_05-01,zone_05,2026-07-23T00:00:00Z,30.63,0.048,48.63,182.05,3.4,safe
SNS-zone_06-01,zone_06,2026-07-23T00:00:00Z,106.62,0.271,108.78,645.0,3.4,warning
SNS-zone_07-01,zone_07,2026-07-23T00:00:00Z,103.9,0.278,108.66,645.0,3.4,warning
SNS-zone_08-01,zone_08,2026-07-23T00:00:00Z,159.27,0.373,109.65,780.0,3.4,evacuation
SNS-zone_09-01,zone_09,2026-07-23T00:00:00Z,30.43,0.047,48.58,182.06,3.4,safe
SNS-zone_10-01,zone_10,2026-07-23T00:00:00Z,159.87,0.36,122.03,780.0,3.4,evacuation
SNS-zone_11-01,zone_11,2026-07-23T00:00:00Z,146.94,0.52,210.78,1348.68,3.4,evacuation
SNS-zone_12-01,zone_12,2026-07-23T00:00:00Z,151.46,0.541,201.84,1346.72,3.4,evacuation
SNS-zone_13-01,zone_13,2026-07-23T00:00:00Z,30.47,0.052,46.74,177.07,3.4,safe
SNS-zone_14-01,zone_14,2026-07-23T00:00:00Z,32.33,0.054,51.46,186.57,3.4,safe
SNS-zone_15-01,zone_15,2026-07-23T00:00:00Z,31.61,0.048,53.74,196.37,3.4,safe
SNS-zone_16-01,zone_16,2026-07-23T00:00:00Z,30.9,0.043,58.26,194.97,3.4,safe
SNS-zone_01-01,zone_01,2026-07-24T00:00:00Z,28.41,0.045,48.13,170.66,6.0,safe
SNS-zone_02-01,zone_02,2026-07-24T00:00:00Z,26.42,0.043,49.64,171.05,6.0,safe
SNS-zone_03-01,zone_03,2026-07-24T00:00:00Z,55.1,0.083,64.59,258.23,6.0,warning
SNS-zone_04-01,zone_04,2026-07-24T00:00:00Z,56.73,0.083,50.89,260.0,6.0,warning
SNS-zone_05-01,zone_05,2026-07-24T00:00:00Z,26.74,0.046,43.98,171.42,6.0,safe
SNS-zone_06-01,zone_06,2026-07-24T00:00:00Z,98.0,0.247,104.6,641.47,6.0,warning
SNS-zone_07-01,zone_07,2026-07-24T00:00:00Z,99.43,0.262,105.53,637.02,6.0,warning
SNS-zone_08-01,zone_08,2026-07-24T00:00:00Z,152.62,0.351,103.91,780.0,6.0,evacuation
SNS-zone_09-01,zone_09,2026-07-24T00:00:00Z,29.41,0.048,42.73,167.86,6.0,safe
SNS-zone_10-01,zone_10,2026-07-24T00:00:00Z,147.52,0.342,115.69,780.0,6.0,evacuation
SNS-zone_11-01,zone_11,2026-07-24T00:00:00Z,163.05,0.577,198.91,1386.54,6.0,evacuation
SNS-zone_12-01,zone_12,2026-07-24T00:00:00Z,160.62,0.576,188.19,1366.46,6.0,evacuation
SNS-zone_13-01,zone_13,2026-07-24T00:00:00Z,28.82,0.049,42.91,170.07,6.0,safe
SNS-zone_14-01,zone_14,2026-07-24T00:00:00Z,26.86,0.047,48.97,173.33,6.0,safe
SNS-zone_15-01,zone_15,2026-07-24T00:00:00Z,26.67,0.04,50.46,180.88,6.0,safe
SNS-zone_16-01,zone_16,2026-07-24T00:00:00Z,26.7,0.045,56.78,184.65,6.0,safe
SNS-zone_01-01,zone_01,2026-07-25T00:00:00Z,26.57,0.047,50.05,175.99,18.9,safe
SNS-zone_02-01,zone_02,2026-07-25T00:00:00Z,27.82,0.048,49.77,176.26,18.9,safe
SNS-zone_03-01,zone_03,2026-07-25T00:00:00Z,55.63,0.078,63.89,260.0,18.9,warning
SNS-zone_04-01,zone_04,2026-07-25T00:00:00Z,57.27,0.085,52.68,258.14,18.9,warning
SNS-zone_05-01,zone_05,2026-07-25T00:00:00Z,28.27,0.039,46.99,175.11,18.9,safe
SNS-zone_06-01,zone_06,2026-07-25T00:00:00Z,97.41,0.258,108.26,640.96,18.9,warning
SNS-zone_07-01,zone_07,2026-07-25T00:00:00Z,97.55,0.277,106.17,645.0,18.9,warning
SNS-zone_08-01,zone_08,2026-07-25T00:00:00Z,152.45,0.363,104.89,780.0,18.9,evacuation
SNS-zone_09-01,zone_09,2026-07-25T00:00:00Z,27.69,0.042,42.54,169.94,18.9,safe
SNS-zone_10-01,zone_10,2026-07-25T00:00:00Z,154.95,0.354,114.05,780.0,18.9,evacuation
SNS-zone_11-01,zone_11,2026-07-25T00:00:00Z,177.15,0.609,195.67,1452.0,18.9,evacuation
SNS-zone_12-01,zone_12,2026-07-25T00:00:00Z,170.98,0.603,190.4,1415.4,18.9,evacuation
SNS-zone_13-01,zone_13,2026-07-25T00:00:00Z,27.45,0.049,46.55,172.35,18.9,safe
SNS-zone_14-01,zone_14,2026-07-25T00:00:00Z,29.19,0.043,51.07,180.05,18.9,safe
SNS-zone_15-01,zone_15,2026-07-25T00:00:00Z,27.23,0.044,51.86,171.6,18.9,safe
SNS-zone_16-01,zone_16,2026-07-25T00:00:00Z,27.79,0.051,55.11,179.77,18.9,safe
SNS-zone_01-01,zone_01,2026-07-26T00:00:00Z,24.71,0.044,49.86,166.97,12.7,safe
SNS-zone_02-01,zone_02,2026-07-26T00:00:00Z,26.27,0.04,50.33,168.59,12.7,safe
SNS-zone_03-01,zone_03,2026-07-26T00:00:00Z,55.47,0.07,62.59,260.0,12.7,warning
SNS-zone_04-01,zone_04,2026-07-26T00:00:00Z,56.66,0.084,50.46,257.81,12.7,warning
SNS-zone_05-01,zone_05,2026-07-26T00:00:00Z,26.76,0.047,44.63,176.14,12.7,safe
SNS-zone_06-01,zone_06,2026-07-26T00:00:00Z,95.47,0.261,105.85,645.0,12.7,warning
SNS-zone_07-01,zone_07,2026-07-26T00:00:00Z,99.58,0.27,104.32,645.0,12.7,warning
SNS-zone_08-01,zone_08,2026-07-26T00:00:00Z,148.09,0.341,99.64,780.0,12.7,evacuation
SNS-zone_09-01,zone_09,2026-07-26T00:00:00Z,26.57,0.05,44.7,172.58,12.7,safe
SNS-zone_10-01,zone_10,2026-07-26T00:00:00Z,150.98,0.35,111.81,780.0,12.7,evacuation
SNS-zone_11-01,zone_11,2026-07-26T00:00:00Z,198.61,0.692,188.02,1547.13,12.7,evacuation
SNS-zone_12-01,zone_12,2026-07-26T00:00:00Z,197.13,0.69,185.98,1507.81,12.7,evacuation
SNS-zone_13-01,zone_13,2026-07-26T00:00:00Z,26.52,0.043,44.47,165.51,12.7,safe
SNS-zone_14-01,zone_14,2026-07-26T00:00:00Z,25.84,0.042,48.24,169.21,12.7,safe
SNS-zone_15-01,zone_15,2026-07-26T00:00:00Z,26.23,0.046,49.94,180.92,12.7,safe
SNS-zone_16-01,zone_16,2026-07-26T00:00:00Z,25.77,0.044,54.53,175.3,12.7,safe
SNS-zone_01-01,zone_01,2026-07-27T00:00:00Z,27.71,0.048,49.35,175.73,20.0,safe
SNS-zone_02-01,zone_02,2026-07-27T00:00:00Z,27.28,0.04,49.2,171.51,20.0,safe
SNS-zone_03-01,zone_03,2026-07-27T00:00:00Z,55.41,0.079,62.16,260.0,20.0,warning
SNS-zone_04-01,zone_04,2026-07-27T00:00:00Z,56.87,0.079,51.01,260.0,20.0,warning
SNS-zone_05-01,zone_05,2026-07-27T00:00:00Z,28.04,0.046,47.29,171.47,20.0,safe
SNS-zone_06-01,zone_06,2026-07-27T00:00:00Z,97.24,0.252,104.34,642.07,20.0,warning
SNS-zone_07-01,zone_07,2026-07-27T00:00:00Z,99.91,0.265,102.4,645.0,20.0,warning
SNS-zone_08-01,zone_08,2026-07-27T00:00:00Z,152.17,0.35,109.59,780.0,20.0,evacuation
SNS-zone_09-01,zone_09,2026-07-27T00:00:00Z,27.62,0.048,43.69,170.09,20.0,safe
SNS-zone_10-01,zone_10,2026-07-27T00:00:00Z,149.3,0.35,109.29,780.0,20.0,evacuation
SNS-zone_11-01,zone_11,2026-07-27T00:00:00Z,223.34,0.774,191.2,1580.0,20.0,evacuation
SNS-zone_12-01,zone_12,2026-07-27T00:00:00Z,222.39,0.76,187.9,1580.0,20.0,evacuation
SNS-zone_13-01,zone_13,2026-07-27T00:00:00Z,27.34,0.043,45.51,170.99,20.0,safe
SNS-zone_14-01,zone_14,2026-07-27T00:00:00Z,25.8,0.04,50.01,168.99,20.0,safe
SNS-zone_15-01,zone_15,2026-07-27T00:00:00Z,28.22,0.044,52.71,180.31,20.0,safe
SNS-zone_16-01,zone_16,2026-07-27T00:00:00Z,27.08,0.045,56.11,179.56,20.0,safe
SNS-zone_01-01,zone_01,2026-07-28T00:00:00Z,30.2,0.048,53.79,191.44,31.4,safe
SNS-zone_02-01,zone_02,2026-07-28T00:00:00Z,31.12,0.047,51.47,188.69,31.4,safe
SNS-zone_03-01,zone_03,2026-07-28T00:00:00Z,56.32,0.085,67.32,260.0,31.4,warning
SNS-zone_04-01,zone_04,2026-07-28T00:00:00Z,57.99,0.082,54.15,260.0,31.4,warning
SNS-zone_05-01,zone_05,2026-07-28T00:00:00Z,30.23,0.047,47.9,178.7,31.4,safe
SNS-zone_06-01,zone_06,2026-07-28T00:00:00Z,102.71,0.264,111.05,645.0,31.4,warning
SNS-zone_07-01,zone_07,2026-07-28T00:00:00Z,103.36,0.27,111.68,645.0,31.4,warning
SNS-zone_08-01,zone_08,2026-07-28T00:00:00Z,156.0,0.357,108.37,780.0,31.4,evacuation
SNS-zone_09-01,zone_09,2026-07-28T00:00:00Z,31.13,0.05,46.18,179.54,31.4,safe
SNS-zone_10-01,zone_10,2026-07-28T00:00:00Z,158.17,0.362,119.08,780.0,31.4,evacuation
SNS-zone_11-01,zone_11,2026-07-28T00:00:00Z,213.52,0.724,214.07,1580.0,31.4,evacuation
SNS-zone_12-01,zone_12,2026-07-28T00:00:00Z,212.3,0.722,201.61,1580.0,31.4,evacuation
SNS-zone_13-01,zone_13,2026-07-28T00:00:00Z,31.1,0.045,46.58,176.87,31.4,safe
SNS-zone_14-01,zone_14,2026-07-28T00:00:00Z,30.09,0.048,52.84,186.25,31.4,safe
SNS-zone_15-01,zone_15,2026-07-28T00:00:00Z,31.11,0.05,54.2,187.02,31.4,safe
SNS-zone_16-01,zone_16,2026-07-28T00:00:00Z,29.88,0.046,58.36,192.93,31.4,safe
SNS-zone_01-01,zone_01,2026-07-29T00:00:00Z,25.57,0.04,50.18,169.79,0.8,safe
SNS-zone_02-01,zone_02,2026-07-29T00:00:00Z,25.58,0.04,48.48,169.58,0.8,safe
SNS-zone_03-01,zone_03,2026-07-29T00:00:00Z,55.38,0.074,64.25,260.0,0.8,warning
SNS-zone_04-01,zone_04,2026-07-29T00:00:00Z,56.85,0.076,47.59,257.28,0.8,warning
SNS-zone_05-01,zone_05,2026-07-29T00:00:00Z,24.65,0.038,46.58,170.23,0.8,safe
SNS-zone_06-01,zone_06,2026-07-29T00:00:00Z,97.81,0.269,99.92,637.38,0.8,warning
SNS-zone_07-01,zone_07,2026-07-29T00:00:00Z,97.04,0.266,99.79,616.76,0.8,warning
SNS-zone_08-01,zone_08,2026-07-29T00:00:00Z,152.07,0.356,100.93,780.0,0.8,evacuation
SNS-zone_09-01,zone_09,2026-07-29T00:00:00Z,26.83,0.047,45.31,172.05,0.8,safe
SNS-zone_10-01,zone_10,2026-07-29T00:00:00Z,148.5,0.346,110.56,780.0,0.8,evacuation
SNS-zone_11-01,zone_11,2026-07-29T00:00:00Z,207.09,0.743,187.53,1566.43,0.8,evacuation
SNS-zone_12-01,zone_12,2026-07-29T00:00:00Z,207.85,0.701,183.84,1558.41,0.8,evacuation
SNS-zone_13-01,zone_13,2026-07-29T00:00:00Z,25.65,0.049,40.66,164.47,0.8,safe
SNS-zone_14-01,zone_14,2026-07-29T00:00:00Z,26.79,0.042,49.56,174.31,0.8,safe
SNS-zone_15-01,zone_15,2026-07-29T00:00:00Z,26.18,0.039,49.9,171.38,0.8,safe
SNS-zone_16-01,zone_16,2026-07-29T00:00:00Z,27.92,0.049,53.82,180.42,0.8,safe
SNS-zone_01-01,zone_01,2026-07-30T00:00:00Z,24.43,0.035,47.6,160.49,3.1,safe
SNS-zone_02-01,zone_02,2026-07-30T00:00:00Z,21.63,0.04,47.53,157.75,3.1,safe
SNS-zone_03-01,zone_03,2026-07-30T00:00:00Z,55.01,0.086,56.12,259.86,3.1,warning
SNS-zone_04-01,zone_04,2026-07-30T00:00:00Z,55.59,0.085,47.77,257.09,3.1,warning
SNS-zone_05-01,zone_05,2026-07-30T00:00:00Z,24.0,0.046,40.93,160.55,3.1,safe
SNS-zone_06-01,zone_06,2026-07-30T00:00:00Z,92.93,0.247,93.55,629.09,3.1,warning
SNS-zone_07-01,zone_07,2026-07-30T00:00:00Z,90.55,0.244,96.35,598.93,3.1,warning
SNS-zone_08-01,zone_08,2026-07-30T00:00:00Z,145.87,0.354,93.54,780.0,3.1,evacuation
SNS-zone_09-01,zone_09,2026-07-30T00:00:00Z,23.31,0.046,41.88,152.67,3.1,safe
SNS-zone_10-01,zone_10,2026-07-30T00:00:00Z,145.16,0.343,101.24,780.0,3.1,evacuation
SNS-zone_11-01,zone_11,2026-07-30T00:00:00Z,201.55,0.701,173.1,1495.24,3.1,evacuation
SNS-zone_12-01,zone_12,2026-07-30T00:00:00Z,199.32,0.713,176.0,1521.29,3.1,evacuation
SNS-zone_13-01,zone_13,2026-07-30T00:00:00Z,23.5,0.044,42.02,157.11,3.1,safe
SNS-zone_14-01,zone_14,2026-07-30T00:00:00Z,23.25,0.034,43.91,161.24,3.1,safe
SNS-zone_15-01,zone_15,2026-07-30T00:00:00Z,22.31,0.038,45.72,166.04,3.1,safe
SNS-zone_16-01,zone_16,2026-07-30T00:00:00Z,22.11,0.043,52.9,158.88,3.1,safe
SNS-zone_01-01,zone_01,2026-07-31T00:00:00Z,20.85,0.042,48.06,155.23,5.7,safe
SNS-zone_02-01,zone_02,2026-07-31T00:00:00Z,23.17,0.036,45.73,162.31,5.7,safe
SNS-zone_03-01,zone_03,2026-07-31T00:00:00Z,53.86,0.081,55.45,260.0,5.7,warning
SNS-zone_04-01,zone_04,2026-07-31T00:00:00Z,53.51,0.084,46.73,244.33,5.7,warning
SNS-zone_05-01,zone_05,2026-07-31T00:00:00Z,22.66,0.039,42.24,158.1,5.7,safe
SNS-zone_06-01,zone_06,2026-07-31T00:00:00Z,87.51,0.238,97.07,586.2,5.7,warning
SNS-zone_07-01,zone_07,2026-07-31T00:00:00Z,88.73,0.236,94.15,591.22,5.7,warning
SNS-zone_08-01,zone_08,2026-07-31T00:00:00Z,144.77,0.346,93.85,780.0,5.7,evacuation
SNS-zone_09-01,zone_09,2026-07-31T00:00:00Z,20.95,0.033,37.66,151.27,5.7,safe
SNS-zone_10-01,zone_10,2026-07-31T00:00:00Z,141.37,0.334,102.14,780.0,5.7,evacuation
SNS-zone_11-01,zone_11,2026-07-31T00:00:00Z,193.18,0.67,168.0,1442.27,5.7,evacuation
SNS-zone_12-01,zone_12,2026-07-31T00:00:00Z,193.63,0.662,163.46,1465.41,5.7,evacuation
SNS-zone_13-01,zone_13,2026-07-31T00:00:00Z,22.46,0.045,40.37,152.91,5.7,safe
SNS-zone_14-01,zone_14,2026-07-31T00:00:00Z,21.22,0.034,43.3,154.9,5.7,safe
SNS-zone_15-01,zone_15,2026-07-31T00:00:00Z,19.32,0.031,48.1,150.23,5.7,safe
SNS-zone_16-01,zone_16,2026-07-31T00:00:00Z,19.68,0.033,49.38,160.67,5.7,safe
SNS-zone_01-01,zone_01,2026-08-01T00:00:00Z,21.22,0.036,44.64,157.74,7.4,safe
SNS-zone_02-01,zone_02,2026-08-01T00:00:00Z,18.34,0.032,44.57,147.72,7.4,safe
SNS-zone_03-01,zone_03,2026-08-01T00:00:00Z,52.9,0.084,56.26,248.48,7.4,warning
SNS-zone_04-01,zone_04,2026-08-01T00:00:00Z,52.25,0.078,44.92,243.57,7.4,warning
SNS-zone_05-01,zone_05,2026-08-01T00:00:00Z,20.75,0.035,40.89,146.67,7.4,safe
SNS-zone_06-01,zone_06,2026-08-01T00:00:00Z,84.51,0.24,93.63,578.25,7.4,warning
SNS-zone_07-01,zone_07,2026-08-01T00:00:00Z,84.68,0.236,92.02,581.82,7.4,warning
SNS-zone_08-01,zone_08,2026-08-01T00:00:00Z,140.74,0.329,89.19,780.0,7.4,evacuation
SNS-zone_09-01,zone_09,2026-08-01T00:00:00Z,19.21,0.04,40.83,144.55,7.4,safe
SNS-zone_10-01,zone_10,2026-08-01T00:00:00Z,141.35,0.349,95.64,780.0,7.4,evacuation
SNS-zone_11-01,zone_11,2026-08-01T00:00:00Z,190.01,0.656,159.81,1467.84,7.4,evacuation
SNS-zone_12-01,zone_12,2026-08-01T00:00:00Z,189.7,0.647,158.48,1433.77,7.4,evacuation
SNS-zone_13-01,zone_13,2026-08-01T00:00:00Z,20.35,0.041,40.35,140.17,7.4,safe
SNS-zone_14-01,zone_14,2026-08-01T00:00:00Z,18.29,0.03,43.25,151.97,7.4,safe
SNS-zone_15-01,zone_15,2026-08-01T00:00:00Z,21.7,0.046,46.07,159.59,7.4,safe
SNS-zone_16-01,zone_16,2026-08-01T00:00:00Z,21.34,0.033,48.92,153.38,7.4,safe
SNS-zone_01-01,zone_01,2026-08-02T00:00:00Z,17.02,0.035,46.3,149.75,2.4,safe
SNS-zone_02-01,zone_02,2026-08-02T00:00:00Z,17.07,0.031,44.32,144.24,2.4,safe
SNS-zone_03-01,zone_03,2026-08-02T00:00:00Z,52.31,0.073,53.1,243.25,2.4,warning
SNS-zone_04-01,zone_04,2026-08-02T00:00:00Z,51.37,0.073,45.91,238.3,2.4,warning
SNS-zone_05-01,zone_05,2026-08-02T00:00:00Z,15.82,0.025,38.68,136.08,2.4,safe
SNS-zone_06-01,zone_06,2026-08-02T00:00:00Z,82.74,0.236,88.33,572.06,2.4,warning
SNS-zone_07-01,zone_07,2026-08-02T00:00:00Z,83.15,0.217,87.7,560.44,2.4,warning
SNS-zone_08-01,zone_08,2026-08-02T00:00:00Z,137.19,0.333,85.09,776.32,2.4,evacuation
SNS-zone_09-01,zone_09,2026-08-02T00:00:00Z,15.88,0.036,39.42,132.57,2.4,safe
SNS-zone_10-01,zone_10,2026-08-02T00:00:00Z,136.69,0.324,94.71,780.0,2.4,evacuation
SNS-zone_11-01,zone_11,2026-08-02T00:00:00Z,181.0,0.639,147.99,1385.16,2.4,evacuation
SNS-zone_12-01,zone_12,2026-08-02T00:00:00Z,185.31,0.649,143.65,1395.37,2.4,evacuation
SNS-zone_13-01,zone_13,2026-08-02T00:00:00Z,17.15,0.034,37.86,131.88,2.4,safe
SNS-zone_14-01,zone_14,2026-08-02T00:00:00Z,17.48,0.031,43.09,149.5,2.4,safe
SNS-zone_15-01,zone_15,2026-08-02T00:00:00Z,18.6,0.035,44.48,156.86,2.4,safe
SNS-zone_16-01,zone_16,2026-08-02T00:00:00Z,17.31,0.029,47.79,145.55,2.4,safe
SNS-zone_01-01,zone_01,2026-08-03T00:00:00Z,19.35,0.033,45.71,151.84,12.4,safe
SNS-zone_02-01,zone_02,2026-08-03T00:00:00Z,17.84,0.038,45.69,155.41,12.4,safe
SNS-zone_03-01,zone_03,2026-08-03T00:00:00Z,51.89,0.077,56.11,257.87,12.4,warning
SNS-zone_04-01,zone_04,2026-08-03T00:00:00Z,50.99,0.07,44.72,234.17,12.4,warning
SNS-zone_05-01,zone_05,2026-08-03T00:00:00Z,18.79,0.042,39.49,141.63,12.4,safe
SNS-zone_06-01,zone_06,2026-08-03T00:00:00Z,83.25,0.243,88.45,564.47,12.4,warning
SNS-zone_07-01,zone_07,2026-08-03T00:00:00Z,85.6,0.252,87.09,593.47,12.4,warning
SNS-zone_08-01,zone_08,2026-08-03T00:00:00Z,141.26,0.345,86.82,780.0,12.4,evacuation
SNS-zone_09-01,zone_09,2026-08-03T00:00:00Z,19.5,0.035,40.03,152.56,12.4,safe
SNS-zone_10-01,zone_10,2026-08-03T00:00:00Z,137.1,0.339,93.87,780.0,12.4,evacuation
SNS-zone_11-01,zone_11,2026-08-03T00:00:00Z,180.06,0.631,151.31,1390.2,12.4,evacuation
SNS-zone_12-01,zone_12,2026-08-03T00:00:00Z,175.58,0.617,147.35,1369.32,12.4,evacuation
SNS-zone_13-01,zone_13,2026-08-03T00:00:00Z,17.06,0.036,38.39,132.28,12.4,safe
SNS-zone_14-01,zone_14,2026-08-03T00:00:00Z,16.74,0.036,42.9,134.62,12.4,safe
SNS-zone_15-01,zone_15,2026-08-03T00:00:00Z,17.05,0.034,44.54,143.67,12.4,safe
SNS-zone_16-01,zone_16,2026-08-03T00:00:00Z,18.31,0.035,50.55,156.89,12.4,safe
SNS-zone_01-01,zone_01,2026-08-04T00:00:00Z,18.97,0.036,45.74,158.9,16.2,safe
SNS-zone_02-01,zone_02,2026-08-04T00:00:00Z,19.81,0.029,45.11,153.73,16.2,safe
SNS-zone_03-01,zone_03,2026-08-04T00:00:00Z,53.5,0.082,53.49,250.58,16.2,warning
SNS-zone_04-01,zone_04,2026-08-04T00:00:00Z,53.36,0.084,46.62,237.42,16.2,warning
SNS-zone_05-01,zone_05,2026-08-04T00:00:00Z,20.47,0.031,38.57,149.25,16.2,safe
SNS-zone_06-01,zone_06,2026-08-04T00:00:00Z,87.04,0.241,90.23,584.26,16.2,warning
SNS-zone_07-01,zone_07,2026-08-04T00:00:00Z,82.67,0.227,90.09,553.65,16.2,warning
SNS-zone_08-01,zone_08,2026-08-04T00:00:00Z,136.22,0.324,88.63,780.0,16.2,evacuation
SNS-zone_09-01,zone_09,2026-08-04T00:00:00Z,19.53,0.034,43.23,145.58,16.2,safe
SNS-zone_10-01,zone_10,2026-08-04T00:00:00Z,141.66,0.34,98.08,780.0,16.2,evacuation
SNS-zone_11-01,zone_11,2026-08-04T00:00:00Z,173.08,0.612,156.46,1334.01,16.2,evacuation
SNS-zone_12-01,zone_12,2026-08-04T00:00:00Z,173.27,0.618,157.53,1363.1,16.2,evacuation
SNS-zone_13-01,zone_13,2026-08-04T00:00:00Z,19.66,0.036,40.21,151.03,16.2,safe
SNS-zone_14-01,zone_14,2026-08-04T00:00:00Z,19.33,0.039,41.63,151.23,16.2,safe
SNS-zone_15-01,zone_15,2026-08-04T00:00:00Z,18.48,0.028,48.58,153.02,16.2,safe
SNS-zone_16-01,zone_16,2026-08-04T00:00:00Z,20.26,0.038,50.03,154.66,16.2,safe
SNS-zone_01-01,zone_01,2026-08-05T00:00:00Z,19.94,0.033,44.96,146.92,12.6,safe
SNS-zone_02-01,zone_02,2026-08-05T00:00:00Z,20.47,0.032,44.38,152.74,12.6,safe
SNS-zone_03-01,zone_03,2026-08-05T00:00:00Z,51.68,0.086,55.99,252.03,12.6,warning
SNS-zone_04-01,zone_04,2026-08-05T00:00:00Z,52.95,0.09,49.0,243.6,12.6,warning
SNS-zone_05-01,zone_05,2026-08-05T00:00:00Z,19.74,0.031,43.76,147.0,12.6,safe
SNS-zone_06-01,zone_06,2026-08-05T00:00:00Z,84.3,0.226,90.91,564.64,12.6,warning
SNS-zone_07-01,zone_07,2026-08-05T00:00:00Z,87.77,0.243,90.54,595.8,12.6,warning
SNS-zone_08-01,zone_08,2026-08-05T00:00:00Z,136.85,0.335,88.48,780.0,12.6,evacuation
SNS-zone_09-01,zone_09,2026-08-05T00:00:00Z,21.08,0.034,37.66,153.4,12.6,safe
SNS-zone_10-01,zone_10,2026-08-05T00:00:00Z,143.61,0.337,95.16,780.0,12.6,evacuation
SNS-zone_11-01,zone_11,2026-08-05T00:00:00Z,170.3,0.605,159.98,1363.35,12.6,evacuation
SNS-zone_12-01,zone_12,2026-08-05T00:00:00Z,171.52,0.612,158.25,1356.01,12.6,evacuation
SNS-zone_13-01,zone_13,2026-08-05T00:00:00Z,19.06,0.043,39.26,137.69,12.6,safe
SNS-zone_14-01,zone_14,2026-08-05T00:00:00Z,18.52,0.041,43.16,148.97,12.6,safe
SNS-zone_15-01,zone_15,2026-08-05T00:00:00Z,20.04,0.039,45.82,155.56,12.6,safe
SNS-zone_16-01,zone_16,2026-08-05T00:00:00Z,21.03,0.038,50.7,169.03,12.6,safe
SNS-zone_01-01,zone_01,2026-08-06T00:00:00Z,23.08,0.043,49.65,160.83,27.3,safe
SNS-zone_02-01,zone_02,2026-08-06T00:00:00Z,24.97,0.042,47.14,171.77,27.3,safe
SNS-zone_03-01,zone_03,2026-08-06T00:00:00Z,54.53,0.081,60.1,260.0,27.3,warning
SNS-zone_04-01,zone_04,2026-08-06T00:00:00Z,54.59,0.086,47.34,249.01,27.3,warning
SNS-zone_05-01,zone_05,2026-08-06T00:00:00Z,23.51,0.04,42.67,158.76,27.3,safe
SNS-zone_06-01,zone_06,2026-08-06T00:00:00Z,92.57,0.246,97.01,620.85,27.3,warning
SNS-zone_07-01,zone_07,2026-08-06T00:00:00Z,90.81,0.252,95.58,607.35,27.3,warning
SNS-zone_08-01,zone_08,2026-08-06T00:00:00Z,145.69,0.342,97.93,780.0,27.3,evacuation
SNS-zone_09-01,zone_09,2026-08-06T00:00:00Z,23.68,0.034,42.07,154.28,27.3,safe
SNS-zone_10-01,zone_10,2026-08-06T00:00:00Z,146.8,0.343,104.2,780.0,27.3,evacuation
SNS-zone_11-01,zone_11,2026-08-06T00:00:00Z,166.22,0.581,175.95,1351.25,27.3,evacuation
SNS-zone_12-01,zone_12,2026-08-06T00:00:00Z,165.92,0.603,174.99,1358.85,27.3,evacuation
SNS-zone_13-01,zone_13,2026-08-06T00:00:00Z,22.49,0.039,42.87,156.76,27.3,safe
SNS-zone_14-01,zone_14,2026-08-06T00:00:00Z,22.97,0.043,45.71,158.3,27.3,safe
SNS-zone_15-01,zone_15,2026-08-06T00:00:00Z,24.07,0.037,49.39,167.29,27.3,safe
SNS-zone_16-01,zone_16,2026-08-06T00:00:00Z,21.47,0.036,53.77,171.89,27.3,safe
SNS-zone_01-01,zone_01,2026-08-07T00:00:00Z,25.29,0.04,50.45,175.17,19.0,safe
SNS-zone_02-01,zone_02,2026-08-07T00:00:00Z,24.42,0.038,49.07,160.76,19.0,safe
SNS-zone_03-01,zone_03,2026-08-07T00:00:00Z,54.19,0.084,60.78,260.0,19.0,warning
SNS-zone_04-01,zone_04,2026-08-07T00:00:00Z,54.66,0.079,50.2,248.09,19.0,warning
SNS-zone_05-01,zone_05,2026-08-07T00:00:00Z,24.4,0.041,44.39,154.66,19.0,safe
SNS-zone_06-01,zone_06,2026-08-07T00:00:00Z,91.91,0.26,97.68,615.5,19.0,warning
SNS-zone_07-01,zone_07,2026-08-07T00:00:00Z,92.52,0.253,99.7,621.6,19.0,warning
SNS-zone_08-01,zone_08,2026-08-07T00:00:00Z,144.28,0.339,96.15,780.0,19.0,evacuation
SNS-zone_09-01,zone_09,2026-08-07T00:00:00Z,24.46,0.043,42.67,159.07,19.0,safe
SNS-zone_10-01,zone_10,2026-08-07T00:00:00Z,147.74,0.352,104.83,780.0,19.0,evacuation
SNS-zone_11-01,zone_11,2026-08-07T00:00:00Z,161.15,0.565,181.08,1365.3,19.0,evacuation
SNS-zone_12-01,zone_12,2026-08-07T00:00:00Z,163.88,0.559,175.15,1355.63,19.0,evacuation
SNS-zone_13-01,zone_13,2026-08-07T00:00:00Z,24.39,0.045,41.81,161.04,19.0,safe
SNS-zone_14-01,zone_14,2026-08-07T00:00:00Z,23.72,0.05,48.72,159.52,19.0,safe
SNS-zone_15-01,zone_15,2026-08-07T00:00:00Z,24.28,0.047,47.44,164.91,19.0,safe
SNS-zone_16-01,zone_16,2026-08-07T00:00:00Z,25.07,0.043,52.85,172.68,19.0,safe
SNS-zone_01-01,zone_01,2026-08-08T00:00:00Z,28.33,0.045,49.1,175.72,25.2,safe
SNS-zone_02-01,zone_02,2026-08-08T00:00:00Z,26.91,0.043,51.38,175.13,25.2,safe
SNS-zone_03-01,zone_03,2026-08-08T00:00:00Z,57.26,0.08,61.78,260.0,25.2,warning
SNS-zone_04-01,zone_04,2026-08-08T00:00:00Z,56.16,0.076,50.41,253.62,25.2,warning
SNS-zone_05-01,zone_05,2026-08-08T00:00:00Z,27.41,0.046,42.33,163.44,25.2,safe
SNS-zone_06-01,zone_06,2026-08-08T00:00:00Z,99.08,0.275,105.21,645.0,25.2,warning
SNS-zone_07-01,zone_07,2026-08-08T00:00:00Z,96.84,0.256,101.05,637.17,25.2,warning
SNS-zone_08-01,zone_08,2026-08-08T00:00:00Z,152.04,0.351,104.31,780.0,25.2,evacuation
SNS-zone_09-01,zone_09,2026-08-08T00:00:00Z,26.89,0.047,45.89,170.69,25.2,safe
SNS-zone_10-01,zone_10,2026-08-08T00:00:00Z,149.98,0.35,112.57,780.0,25.2,evacuation
SNS-zone_11-01,zone_11,2026-08-08T00:00:00Z,159.61,0.579,191.83,1376.55,25.2,evacuation
SNS-zone_12-01,zone_12,2026-08-08T00:00:00Z,153.86,0.556,189.62,1314.51,25.2,evacuation
SNS-zone_13-01,zone_13,2026-08-08T00:00:00Z,27.03,0.048,44.01,167.66,25.2,safe
SNS-zone_14-01,zone_14,2026-08-08T00:00:00Z,27.33,0.047,48.64,171.33,25.2,safe
SNS-zone_15-01,zone_15,2026-08-08T00:00:00Z,26.97,0.044,51.18,177.57,25.2,safe
SNS-zone_16-01,zone_16,2026-08-08T00:00:00Z,26.82,0.052,56.65,177.34,25.2,safe
SNS-zone_01-01,zone_01,2026-08-09T00:00:00Z,23.92,0.05,49.71,168.92,2.1,safe
SNS-zone_02-01,zone_02,2026-08-09T00:00:00Z,24.78,0.042,49.4,177.69,2.1,safe
SNS-zone_03-01,zone_03,2026-08-09T00:00:00Z,54.29,0.079,60.58,260.0,2.1,warning
SNS-zone_04-01,zone_04,2026-08-09T00:00:00Z,54.12,0.079,50.33,245.63,2.1,warning
SNS-zone_05-01,zone_05,2026-08-09T00:00:00Z,22.72,0.038,44.43,162.64,2.1,safe
SNS-zone_06-01,zone_06,2026-08-09T00:00:00Z,93.0,0.24,97.99,612.93,2.1,warning
SNS-zone_07-01,zone_07,2026-08-09T00:00:00Z,92.79,0.25,99.83,613.5,2.1,warning
SNS-zone_08-01,zone_08,2026-08-09T00:00:00Z,146.22,0.324,94.17,780.0,2.1,evacuation
SNS-zone_09-01,zone_09,2026-08-09T00:00:00Z,22.99,0.042,42.94,157.79,2.1,safe
SNS-zone_10-01,zone_10,2026-08-09T00:00:00Z,145.03,0.34,103.77,780.0,2.1,evacuation
SNS-zone_11-01,zone_11,2026-08-09T00:00:00Z,152.18,0.563,177.41,1323.25,2.1,evacuation
SNS-zone_12-01,zone_12,2026-08-09T00:00:00Z,155.12,0.524,173.0,1315.68,2.1,evacuation
SNS-zone_13-01,zone_13,2026-08-09T00:00:00Z,23.54,0.042,41.99,157.54,2.1,safe
SNS-zone_14-01,zone_14,2026-08-09T00:00:00Z,23.72,0.04,47.57,171.21,2.1,safe
SNS-zone_15-01,zone_15,2026-08-09T00:00:00Z,25.06,0.043,49.8,178.69,2.1,safe
SNS-zone_16-01,zone_16,2026-08-09T00:00:00Z,25.02,0.037,52.95,176.74,2.1,safe
SNS-zone_01-01,zone_01,2026-08-10T00:00:00Z,21.59,0.04,45.4,156.99,3.6,safe
SNS-zone_02-01,zone_02,2026-08-10T00:00:00Z,19.64,0.032,45.76,158.37,3.6,safe
SNS-zone_03-01,zone_03,2026-08-10T00:00:00Z,53.77,0.072,56.87,258.82,3.6,warning
SNS-zone_04-01,zone_04,2026-08-10T00:00:00Z,51.97,0.073,46.89,242.54,3.6,warning
SNS-zone_05-01,zone_05,2026-08-10T00:00:00Z,20.56,0.04,43.28,148.59,3.6,safe
SNS-zone_06-01,zone_06,2026-08-10T00:00:00Z,87.61,0.256,92.17,591.12,3.6,warning
SNS-zone_07-01,zone_07,2026-08-10T00:00:00Z,86.53,0.244,92.75,580.81,3.6,warning
SNS-zone_08-01,zone_08,2026-08-10T00:00:00Z,140.31,0.327,90.75,780.0,3.6,evacuation
SNS-zone_09-01,zone_09,2026-08-10T00:00:00Z,21.86,0.036,39.56,156.71,3.6,safe
SNS-zone_10-01,zone_10,2026-08-10T00:00:00Z,142.38,0.335,100.57,780.0,3.6,evacuation
SNS-zone_11-01,zone_11,2026-08-10T00:00:00Z,154.1,0.527,163.23,1281.18,3.6,evacuation
SNS-zone_12-01,zone_12,2026-08-10T00:00:00Z,154.13,0.551,162.57,1290.25,3.6,evacuation
SNS-zone_13-01,zone_13,2026-08-10T00:00:00Z,21.51,0.037,39.37,145.62,3.6,safe
SNS-zone_14-01,zone_14,2026-08-10T00:00:00Z,21.04,0.039,44.35,156.13,3.6,safe
SNS-zone_15-01,zone_15,2026-08-10T00:00:00Z,22.11,0.042,47.46,159.67,3.6,safe
SNS-zone_16-01,zone_16,2026-08-10T00:00:00Z,20.06,0.037,51.34,159.66,3.6,safe
SNS-zone_01-01,zone_01,2026-08-11T00:00:00Z,19.17,0.04,46.47,154.29,3.9,safe
SNS-zone_02-01,zone_02,2026-08-11T00:00:00Z,17.89,0.031,44.3,144.31,3.9,safe
SNS-zone_03-01,zone_03,2026-08-11T00:00:00Z,53.2,0.077,53.66,251.88,3.9,warning
SNS-zone_04-01,zone_04,2026-08-11T00:00:00Z,52.88,0.075,47.27,242.33,3.9,warning
SNS-zone_05-01,zone_05,2026-08-11T00:00:00Z,18.1,0.035,39.33,139.78,3.9,safe
SNS-zone_06-01,zone_06,2026-08-11T00:00:00Z,85.83,0.235,90.39,579.13,3.9,warning
SNS-zone_07-01,zone_07,2026-08-11T00:00:00Z,84.97,0.231,90.73,592.54,3.9,warning
SNS-zone_08-01,zone_08,2026-08-11T00:00:00Z,138.35,0.324,88.69,780.0,3.9,evacuation
SNS-zone_09-01,zone_09,2026-08-11T00:00:00Z,19.28,0.038,40.07,143.17,3.9,safe
SNS-zone_10-01,zone_10,2026-08-11T00:00:00Z,140.35,0.334,96.03,780.0,3.9,evacuation
SNS-zone_11-01,zone_11,2026-08-11T00:00:00Z,150.0,0.527,153.68,1252.39,3.9,evacuation
SNS-zone_12-01,zone_12,2026-08-11T00:00:00Z,151.03,0.568,153.41,1238.17,3.9,evacuation
SNS-zone_13-01,zone_13,2026-08-11T00:00:00Z,17.86,0.035,39.47,134.99,3.9,safe
SNS-zone_14-01,zone_14,2026-08-11T00:00:00Z,19.02,0.034,41.74,145.06,3.9,safe
SNS-zone_15-01,zone_15,2026-08-11T00:00:00Z,18.52,0.032,44.28,152.78,3.9,safe
SNS-zone_16-01,zone_16,2026-08-11T00:00:00Z,18.12,0.036,47.24,159.27,3.9,safe
SNS-zone_01-01,zone_01,2026-08-12T00:00:00Z,17.9,0.027,44.06,142.25,10.1,safe
SNS-zone_02-01,zone_02,2026-08-12T00:00:00Z,18.14,0.038,43.18,143.85,10.1,safe
SNS-zone_03-01,zone_03,2026-08-12T00:00:00Z,51.51,0.076,53.19,239.53,10.1,warning
SNS-zone_04-01,zone_04,2026-08-12T00:00:00Z,52.87,0.078,44.94,241.0,10.1,warning
SNS-zone_05-01,zone_05,2026-08-12T00:00:00Z,17.03,0.036,41.34,141.43,10.1,safe
SNS-zone_06-01,zone_06,2026-08-12T00:00:00Z,82.61,0.232,87.55,572.88,10.1,warning
SNS-zone_07-01,zone_07,2026-08-12T00:00:00Z,82.37,0.217,91.9,565.91,10.1,warning
SNS-zone_08-01,zone_08,2026-08-12T00:00:00Z,136.33,0.331,87.28,780.0,10.1,evacuation
SNS-zone_09-01,zone_09,2026-08-12T00:00:00Z,17.4,0.03,39.93,142.52,10.1,safe
SNS-zone_10-01,zone_10,2026-08-12T00:00:00Z,140.19,0.33,92.88,780.0,10.1,evacuation
SNS-zone_11-01,zone_11,2026-08-12T00:00:00Z,148.71,0.541,152.86,1240.24,10.1,evacuation
SNS-zone_12-01,zone_12,2026-08-12T00:00:00Z,146.16,0.524,154.37,1236.85,10.1,evacuation
SNS-zone_13-01,zone_13,2026-08-12T00:00:00Z,17.53,0.033,36.59,140.36,10.1,safe
SNS-zone_14-01,zone_14,2026-08-12T00:00:00Z,17.8,0.024,43.19,140.69,10.1,safe
SNS-zone_15-01,zone_15,2026-08-12T00:00:00Z,17.31,0.039,45.36,154.47,10.1,safe
SNS-zone_16-01,zone_16,2026-08-12T00:00:00Z,20.02,0.037,48.84,155.2,10.1,safe
