sensor_id,zone_id,timestamp,displacement_mm_day,vibration,pore_pressure,strain,rainfall_mm,risk_level
SNS-zone_01-01,zone_01,2025-08-22T00:00:00Z,14.26,0.026,43.37,132.64,29.1,safe
SNS-zone_02-01,zone_02,2025-08-22T00:00:00Z,21.21,0.027,34.23,135.2,29.1,safe
SNS-zone_03-01,zone_03,2025-08-22T00:00:00Z,14.22,0.025,38.38,117.01,29.1,safe
SNS-zone_04-01,zone_04,2025-08-22T00:00:00Z,20.9,0.03,42.37,136.07,29.1,safe
SNS-zone_05-01,zone_05,2025-08-22T00:00:00Z,15.07,0.025,45.94,133.38,29.1,safe
SNS-zone_06-01,zone_06,2025-08-22T00:00:00Z,76.55,0.176,68.13,457.14,29.1,warning
SNS-zone_07-01,zone_07,2025-08-22T00:00:00Z,63.54,0.155,74.6,464.74,29.1,warning
SNS-zone_08-01,zone_08,2025-08-22T00:00:00Z,63.44,0.139,79.45,466.21,29.1,warning
SNS-zone_09-01,zone_09,2025-08-22T00:00:00Z,9.11,0.021,33.1,104.06,29.1,safe
SNS-zone_10-01,zone_10,2025-08-22T00:00:00Z,62.8,0.141,79.47,446.56,29.1,warning
SNS-zone_11-01,zone_11,2025-08-22T00:00:00Z,131.2,0.408,116.3,1020.59,29.1,evacuation
SNS-zone_12-01,zone_12,2025-08-22T00:00:00Z,134.97,0.4,104.41,1011.46,29.1,evacuation
SNS-zone_13-01,zone_13,2025-08-22T00:00:00Z,7.93,0.018,43.53,112.52,29.1,safe
SNS-zone_14-01,zone_14,2025-08-22T00:00:00Z,15.52,0.025,41.02,134.63,29.1,safe
SNS-zone_15-01,zone_15,2025-08-22T00:00:00Z,10.33,0.02,44.97,113.94,29.1,safe
SNS-zone_16-01,zone_16,2025-08-22T00:00:00Z,13.82,0.023,36.75,122.24,29.1,safe
SNS-zone_01-01,zone_01,2025-08-23T00:00:00Z,17.35,0.024,44.83,130.69,14.6,safe
SNS-zone_02-01,zone_02,2025-08-23T00:00:00Z,21.33,0.036,35.0,130.67,14.6,safe
SNS-zone_03-01,zone_03,2025-08-23T00:00:00Z,16.66,0.024,36.87,125.57,14.6,safe
SNS-zone_04-01,zone_04,2025-08-23T00:00:00Z,22.42,0.029,46.98,148.84,14.6,safe
SNS-zone_05-01,zone_05,2025-08-23T00:00:00Z,17.18,0.025,48.35,138.4,14.6,safe
SNS-zone_06-01,zone_06,2025-08-23T00:00:00Z,70.8,0.167,72.47,474.92,14.6,warning
SNS-zone_07-01,zone_07,2025-08-23T00:00:00Z,62.14,0.152,84.09,457.56,14.6,warning
SNS-zone_08-01,zone_08,2025-08-23T00:00:00Z,68.06,0.153,82.03,461.21,14.6,warning
SNS-zone_09-01,zone_09,2025-08-23T00:00:00Z,8.65,0.016,34.79,98.06,14.6,safe
SNS-zone_10-01,zone_10,2025-08-23T00:00:00Z,73.16,0.163,82.42,485.74,14.6,warning
SNS-zone_11-01,zone_11,2025-08-23T00:00:00Z,155.18,0.474,129.78,1130.21,14.6,evacuation
SNS-zone_12-01,zone_12,2025-08-23T00:00:00Z,159.65,0.485,112.89,1099.14,14.6,evacuation
SNS-zone_13-01,zone_13,2025-08-23T00:00:00Z,4.58,0.021,47.49,105.38,14.6,safe
SNS-zone_14-01,zone_14,2025-08-23T00:00:00Z,14.85,0.024,42.82,138.09,14.6,safe
SNS-zone_15-01,zone_15,2025-08-23T00:00:00Z,9.19,0.016,45.99,110.7,14.6,safe
SNS-zone_16-01,zone_16,2025-08-23T00:00:00Z,13.6,0.019,38.89,113.38,14.6,safe
SNS-zone_01-01,zone_01,2025-08-24T00:00:00Z,18.13,0.024,49.71,130.97,28.6,safe
SNS-zone_02-01,zone_02,2025-08-24T00:00:00Z,24.12,0.037,38.89,145.27,28.6,safe
SNS-zone_03-01,zone_03,2025-08-24T00:00:00Z,18.27,0.032,40.03,132.89,28.6,safe
SNS-zone_04-01,zone_04,2025-08-24T00:00:00Z,23.32,0.025,47.68,155.02,28.6,safe
SNS-zone_05-01,zone_05,2025-08-24T00:00:00Z,17.72,0.033,53.28,140.09,28.6,safe
SNS-zone_06-01,zone_06,2025-08-24T00:00:00Z,72.62,0.16,81.17,499.79,28.6,warning
SNS-zone_07-01,zone_07,2025-08-24T00:00:00Z,76.32,0.175,94.35,515.19,28.6,warning
SNS-zone_08-01,zone_08,2025-08-24T00:00:00Z,70.69,0.16,87.74,486.55,28.6,warning
SNS-zone_09-01,zone_09,2025-08-24T00:00:00Z,11.33,0.023,34.81,109.33,28.6,safe
SNS-zone_10-01,zone_10,2025-08-24T00:00:00Z,71.3,0.166,87.61,499.27,28.6,warning
SNS-zone_11-01,zone_11,2025-08-24T00:00:00Z,172.6,0.517,143.98,1217.09,28.6,evacuation
SNS-zone_12-01,zone_12,2025-08-24T00:00:00Z,172.5,0.513,126.8,1171.91,28.6,evacuation
SNS-zone_13-01,zone_13,2025-08-24T00:00:00Z,10.5,0.021,51.24,124.42,28.6,safe
SNS-zone_14-01,zone_14,2025-08-24T00:00:00Z,15.02,0.025,47.53,121.45,28.6,safe
SNS-zone_15-01,zone_15,2025-08-24T00:00:00Z,12.28,0.019,52.99,136.18,28.6,safe
SNS-zone_16-01,zone_16,2025-08-24T00:00:00Z,19.02,0.018,41.08,140.89,28.6,safe
SNS-zone_01-01,zone_01,2025-08-25T00:00:00Z,20.85,0.023,47.64,138.97,7.8,safe
SNS-zone_02-01,zone_02,2025-08-25T00:00:00Z,20.78,0.026,38.09,135.8,7.8,safe
SNS-zone_03-01,zone_03,2025-08-25T00:00:00Z,19.73,0.026,39.87,122.85,7.8,safe
SNS-zone_04-01,zone_04,2025-08-25T00:00:00Z,23.52,0.028,47.6,144.43,7.8,safe
SNS-zone_05-01,zone_05,2025-08-25T00:00:00Z,19.28,0.023,51.03,141.22,7.8,safe
SNS-zone_06-01,zone_06,2025-08-25T00:00:00Z,80.51,0.184,80.27,502.76,7.8,warning
SNS-zone_07-01,zone_07,2025-08-25T00:00:00Z,69.86,0.165,92.2,477.43,7.8,warning
SNS-zone_08-01,zone_08,2025-08-25T00:00:00Z,68.75,0.153,84.8,492.33,7.8,warning
SNS-zone_09-01,zone_09,2025-08-25T00:00:00Z,12.31,0.021,37.96,104.15,7.8,safe
SNS-zone_10-01,zone_10,2025-08-25T00:00:00Z,71.34,0.16,88.41,507.82,7.8,warning
SNS-zone_11-01,zone_11,2025-08-25T00:00:00Z,160.91,0.491,144.25,1175.97,7.8,evacuation
SNS-zone_12-01,zone_12,2025-08-25T00:00:00Z,162.88,0.5,123.64,1160.8,7.8,evacuation
SNS-zone_13-01,zone_13,2025-08-25T00:00:00Z,10.26,0.026,51.52,126.22,7.8,safe
SNS-zone_14-01,zone_14,2025-08-25T00:00:00Z,15.92,0.02,48.36,133.31,7.8,safe
SNS-zone_15-01,zone_15,2025-08-25T00:00:00Z,13.93,0.024,50.96,136.37,7.8,safe
SNS-zone_16-01,zone_16,2025-08-25T00:00:00Z,11.67,0.025,40.66,120.32,7.8,safe
SNS-zone_01-01,zone_01,2025-08-26T00:00:00Z,18.27,0.021,49.02,139.56,1.7,safe
SNS-zone_02-01,zone_02,2025-08-26T00:00:00Z,22.77,0.031,36.01,142.28,1.7,safe
SNS-zone_03-01,zone_03,2025-08-26T00:00:00Z,16.11,0.022,39.47,120.24,1.7,safe
SNS-zone_04-01,zone_04,2025-08-26T00:00:00Z,20.45,0.032,46.66,136.77,1.7,safe
SNS-zone_05-01,zone_05,2025-08-26T00:00:00Z,18.75,0.027,47.43,139.36,1.7,safe
SNS-zone_06-01,zone_06,2025-08-26T00:00:00Z,71.8,0.158,75.29,488.25,1.7,warning
SNS-zone_07-01,zone_07,2025-08-26T00:00:00Z,68.08,0.164,88.4,472.59,1.7,warning
SNS-zone_08-01,zone_08,2025-08-26T00:00:00Z,64.84,0.16,84.91,465.15,1.7,warning
SNS-zone_09-01,zone_09,2025-08-26T00:00:00Z,8.77,0.023,34.79,103.15,1.7,safe
SNS-zone_10-01,zone_10,2025-08-26T00:00:00Z,68.41,0.161,85.62,481.34,1.7,warning
SNS-zone_11-01,zone_11,2025-08-26T00:00:00Z,166.87,0.498,136.92,1163.63,1.7,evacuation
SNS-zone_12-01,zone_12,2025-08-26T00:00:00Z,161.06,0.478,120.33,1139.7,1.7,evacuation
SNS-zone_13-01,zone_13,2025-08-26T00:00:00Z,13.12,0.029,50.53,126.1,1.7,safe
SNS-zone_14-01,zone_14,2025-08-26T00:00:00Z,16.6,0.032,45.83,129.68,1.7,safe
SNS-zone_15-01,zone_15,2025-08-26T00:00:00Z,12.22,0.015,49.68,135.14,1.7,safe
SNS-zone_16-01,zone_16,2025-08-26T00:00:00Z,16.01,0.022,38.74,124.32,1.7,safe
SNS-zone_01-01,zone_01,2025-08-27T00:00:00Z,17.22,0.027,45.21,127.35,1.2,safe
SNS-zone_02-01,zone_02,2025-08-27T00:00:00Z,23.7,0.042,35.93,139.29,1.2,safe
SNS-zone_03-01,zone_03,2025-08-27T00:00:00Z,15.82,0.016,38.87,112.49,1.2,safe
SNS-zone_04-01,zone_04,2025-08-27T00:00:00Z,19.36,0.031,44.1,133.55,1.2,safe
SNS-zone_05-01,zone_05,2025-08-27T00:00:00Z,18.2,0.026,48.26,143.42,1.2,safe
SNS-zone_06-01,zone_06,2025-08-27T00:00:00Z,74.49,0.169,71.77,484.05,1.2,warning
SNS-zone_07-01,zone_07,2025-08-27T00:00:00Z,68.64,0.142,84.02,496.33,1.2,warning
SNS-zone_08-01,zone_08,2025-08-27T00:00:00Z,67.43,0.154,82.35,465.34,1.2,warning
SNS-zone_09-01,zone_09,2025-08-27T00:00:00Z,9.55,0.016,35.95,106.86,1.2,safe
SNS-zone_10-01,zone_10,2025-08-27T00:00:00Z,69.98,0.153,81.97,486.47,1.2,warning
SNS-zone_11-01,zone_11,2025-08-27T00:00:00Z,158.75,0.487,128.44,1134.17,1.2,evacuation
SNS-zone_12-01,zone_12,2025-08-27T00:00:00Z,156.97,0.485,116.06,1097.46,1.2,evacuation
SNS-zone_13-01,zone_13,2025-08-27T00:00:00Z,9.26,0.016,47.14,121.17,1.2,safe
SNS-zone_14-01,zone_14,2025-08-27T00:00:00Z,15.74,0.024,43.0,131.88,1.2,safe
SNS-zone_15-01,zone_15,2025-08-27T00:00:00Z,11.27,0.023,46.81,116.92,1.2,safe
SNS-zone_16-01,zone_16,2025-08-27T00:00:00Z,14.99,0.023,37.92,125.55,1.2,safe
SNS-zone_01-01,zone_01,2025-08-28T00:00:00Z,16.11,0.032,44.68,127.12,4.9,safe
SNS-zone_02-01,zone_02,2025-08-28T00:00:00Z,18.27,0.028,35.89,129.84,4.9,safe
SNS-zone_03-01,zone_03,2025-08-28T00:00:00Z,16.34,0.023,37.47,109.67,4.9,safe
SNS-zone_04-01,zone_04,2025-08-28T00:00:00Z,20.82,0.022,44.94,140.97,4.9,safe
SNS-zone_05-01,zone_05,2025-08-28T00:00:00Z,17.4,0.032,47.2,138.39,4.9,safe
SNS-zone_06-01,zone_06,2025-08-28T00:00:00Z,71.66,0.164,73.42,470.16,4.9,warning
SNS-zone_07-01,zone_07,2025-08-28T00:00:00Z,65.94,0.142,82.06,482.96,4.9,warning
SNS-zone_08-01,zone_08,2025-08-28T00:00:00Z,64.92,0.157,81.38,458.98,4.9,warning
SNS-zone_09-01,zone_09,2025-08-28T00:00:00Z,9.81,0.021,34.43,99.09,4.9,safe
SNS-zone_10-01,zone_10,2025-08-28T00:00:00Z,69.07,0.161,80.66,480.12,4.9,warning
SNS-zone_11-01,zone_11,2025-08-28T00:00:00Z,155.83,0.502,127.44,1140.2,4.9,evacuation
SNS-zone_12-01,zone_12,2025-08-28T00:00:00Z,160.25,0.48,114.29,1102.72,4.9,evacuation
SNS-zone_13-01,zone_13,2025-08-28T00:00:00Z,9.81,0.026,47.79,115.81,4.9,safe
SNS-zone_14-01,zone_14,2025-08-28T00:00:00Z,12.99,0.021,43.23,128.6,4.9,safe
SNS-zone_15-01,zone_15,2025-08-28T00:00:00Z,9.6,0.025,44.07,105.19,4.9,safe
SNS-zone_16-01,zone_16,2025-08-28T00:00:00Z,12.86,0.027,35.91,104.88,4.9,safe
SNS-zone_01-01,zone_01,2025-08-29T00:00:00Z,14.91,0.019,45.35,132.27,6.7,safe
SNS-zone_02-01,zone_02,2025-08-29T00:00:00Z,21.89,0.025,36.72,134.2,6.7,safe
SNS-zone_03-01,zone_03,2025-08-29T00:00:00Z,17.69,0.028,37.54,124.53,6.7,safe
SNS-zone_04-01,zone_04,2025-08-29T00:00:00Z,22.07,0.034,45.72,142.23,6.7,safe
SNS-zone_05-01,zone_05,2025-08-29T00:00:00Z,17.94,0.022,47.09,138.25,6.7,safe
SNS-zone_06-01,zone_06,2025-08-29T00:00:00Z,74.68,0.17,75.76,496.28,6.7,warning
SNS-zone_07-01,zone_07,2025-08-29T00:00:00Z,66.73,0.155,86.69,478.78,6.7,warning
SNS-zone_08-01,zone_08,2025-08-29T00:00:00Z,69.26,0.165,78.53,488.37,6.7,warning
SNS-zone_09-01,zone_09,2025-08-29T00:00:00Z,10.38,0.013,34.58,112.21,6.7,safe
SNS-zone_10-01,zone_10,2025-08-29T00:00:00Z,65.42,0.161,77.91,446.74,6.7,warning
SNS-zone_11-01,zone_11,2025-08-29T00:00:00Z,156.09,0.456,128.46,1140.44,6.7,evacuation
SNS-zone_12-01,zone_12,2025-08-29T00:00:00Z,155.81,0.444,112.34,1110.68,6.7,evacuation
SNS-zone_13-01,zone_13,2025-08-29T00:00:00Z,11.32,0.02,45.98,125.9,6.7,safe
SNS-zone_14-01,zone_14,2025-08-29T00:00:00Z,16.13,0.024,44.05,126.39,6.7,safe
SNS-zone_15-01,zone_15,2025-08-29T00:00:00Z,13.8,0.024,45.53,129.91,6.7,safe
SNS-zone_16-01,zone_16,2025-08-29T00:00:00Z,15.65,0.022,36.35,129.71,6.7,safe
SNS-zone_01-01,zone_01,2025-08-30T00:00:00Z,14.14,0.024,46.13,120.6,9.7,safe
SNS-zone_02-01,zone_02,2025-08-30T00:00:00Z,19.88,0.031,35.33,126.17,9.7,safe
SNS-zone_03-01,zone_03,2025-08-30T00:00:00Z,12.92,0.023,38.71,120.98,9.7,safe
SNS-zone_04-01,zone_04,2025-08-30T00:00:00Z,23.46,0.03,44.34,146.72,9.7,safe
SNS-zone_05-01,zone_05,2025-08-30T00:00:00Z,15.95,0.026,48.48,124.73,9.7,safe
SNS-zone_06-01,zone_06,2025-08-30T00:00:00Z,74.9,0.175,72.47,482.59,9.7,warning
SNS-zone_07-01,zone_07,2025-08-30T00:00:00Z,69.9,0.164,83.76,476.06,9.7,warning
SNS-zone_08-01,zone_08,2025-08-30T00:00:00Z,65.49,0.166,83.17,477.61,9.7,warning
SNS-zone_09-01,zone_09,2025-08-30T00:00:00Z,8.25,0.013,34.83,93.92,9.7,safe
SNS-zone_10-01,zone_10,2025-08-30T00:00:00Z,71.74,0.147,82.91,491.11,9.7,warning
SNS-zone_11-01,zone_11,2025-08-30T00:00:00Z,157.56,0.475,129.81,1117.01,9.7,evacuation
SNS-zone_12-01,zone_12,2025-08-30T00:00:00Z,158.12,0.463,112.2,1069.1,9.7,evacuation
SNS-zone_13-01,zone_13,2025-08-30T00:00:00Z,7.98,0.017,47.62,114.5,9.7,safe
SNS-zone_14-01,zone_14,2025-08-30T00:00:00Z,13.65,0.02,45.63,136.3,9.7,safe
SNS-zone_15-01,zone_15,2025-08-30T00:00:00Z,9.29,0.018,45.71,118.75,9.7,safe
SNS-zone_16-01,zone_16,2025-08-30T00:00:00Z,15.15,0.031,36.67,120.14,9.7,safe
SNS-zone_01-01,zone_01,2025-08-31T00:00:00Z,16.08,0.024,45.64,130.44,1.3,safe
SNS-zone_02-01,zone_02,2025-08-31T00:00:00Z,21.16,0.031,36.71,127.27,1.3,safe
SNS-zone_03-01,zone_03,2025-08-31T00:00:00Z,20.9,0.036,38.35,123.9,1.3,safe
SNS-zone_04-01,zone_04,2025-08-31T00:00:00Z,21.01,0.025,44.45,146.78,1.3,safe
SNS-zone_05-01,zone_05,2025-08-31T00:00:00Z,17.68,0.022,46.66,135.47,1.3,safe
SNS-zone_06-01,zone_06,2025-08-31T00:00:00Z,75.22,0.163,73.65,495.86,1.3,warning
SNS-zone_07-01,zone_07,2025-08-31T00:00:00Z,63.45,0.154,80.95,483.59,1.3,warning
SNS-zone_08-01,zone_08,2025-08-31T00:00:00Z,63.49,0.15,79.2,447.09,1.3,warning
SNS-zone_09-01,zone_09,2025-08-31T00:00:00Z,9.59,0.022,37.41,118.09,1.3,safe
SNS-zone_10-01,zone_10,2025-08-31T00:00:00Z,68.07,0.157,76.92,471.68,1.3,warning
SNS-zone_11-01,zone_11,2025-08-31T00:00:00Z,156.9,0.469,122.95,1116.96,1.3,evacuation
SNS-zone_12-01,zone_12,2025-08-31T00:00:00Z,156.95,0.495,110.94,1115.29,1.3,evacuation
SNS-zone_13-01,zone_13,2025-08-31T00:00:00Z,10.98,0.017,48.61,123.77,1.3,safe
SNS-zone_14-01,zone_14,2025-08-31T00:00:00Z,15.07,0.016,41.26,135.46,1.3,safe
SNS-zone_15-01,zone_15,2025-08-31T00:00:00Z,7.92,0.025,43.49,106.13,1.3,safe
SNS-zone_16-01,zone_16,2025-08-31T00:00:00Z,15.84,0.024,38.18,130.27,1.3,safe
SNS-zone_01-01,zone_01,2025-09-01T00:00:00Z,14.91,0.028,43.13,123.62,7.1,safe
SNS-zone_02-01,zone_02,2025-09-01T00:00:00Z,19.73,0.028,36.26,128.99,7.1,safe
SNS-zone_03-01,zone_03,2025-09-01T00:00:00Z,15.58,0.023,37.5,121.55,7.1,safe
SNS-zone_04-01,zone_04,2025-09-01T00:00:00Z,22.81,0.035,43.72,140.92,7.1,safe
SNS-zone_05-01,zone_05,2025-09-01T00:00:00Z,15.63,0.019,47.24,138.58,7.1,safe
SNS-zone_06-01,zone_06,2025-09-01T00:00:00Z,72.67,0.163,70.72,477.92,7.1,warning
SNS-zone_07-01,zone_07,2025-09-01T00:00:00Z,68.45,0.173,83.13,468.36,7.1,warning
SNS-zone_08-01,zone_08,2025-09-01T00:00:00Z,66.65,0.152,80.5,475.29,7.1,warning
SNS-zone_09-01,zone_09,2025-09-01T00:00:00Z,8.22,0.019,33.72,104.74,7.1,safe
SNS-zone_10-01,zone_10,2025-09-01T00:00:00Z,67.93,0.153,79.78,474.9,7.1,warning
SNS-zone_11-01,zone_11,2025-09-01T00:00:00Z,156.54,0.473,124.92,1128.24,7.1,evacuation
SNS-zone_12-01,zone_12,2025-09-01T00:00:00Z,158.17,0.448,111.08,1102.33,7.1,evacuation
SNS-zone_13-01,zone_13,2025-09-01T00:00:00Z,7.85,0.012,46.58,108.7,7.1,safe
SNS-zone_14-01,zone_14,2025-09-01T00:00:00Z,15.65,0.026,42.69,127.28,7.1,safe
SNS-zone_15-01,zone_15,2025-09-01T00:00:00Z,10.59,0.018,47.92,121.97,7.1,safe
SNS-zone_16-01,zone_16,2025-09-01T00:00:00Z,14.52,0.028,36.8,112.29,7.1,safe
SNS-zone_01-01,zone_01,2025-09-02T00:00:00Z,16.88,0.024,48.5,137.25,23.6,safe
SNS-zone_02-01,zone_02,2025-09-02T00:00:00Z,23.29,0.033,36.33,136.96,23.6,safe
SNS-zone_03-01,zone_03,2025-09-02T00:00:00Z,18.78,0.03,39.41,123.14,23.6,safe
SNS-zone_04-01,zone_04,2025-09-02T00:00:00Z,22.33,0.026,50.08,152.6,23.6,safe
SNS-zone_05-01,zone_05,2025-09-02T00:00:00Z,18.1,0.025,50.81,143.48,23.6,safe
SNS-zone_06-01,zone_06,2025-09-02T00:00:00Z,75.51,0.176,78.87,494.31,23.6,warning
SNS-zone_07-01,zone_07,2025-09-02T00:00:00Z,69.1,0.165,85.67,481.17,23.6,warning
SNS-zone_08-01,zone_08,2025-09-02T00:00:00Z,66.42,0.153,80.98,468.81,23.6,warning
SNS-zone_09-01,zone_09,2025-09-02T00:00:00Z,8.94,0.018,36.87,122.98,23.6,safe
SNS-zone_10-01,zone_10,2025-09-02T00:00:00Z,72.41,0.16,88.35,486.97,23.6,warning
SNS-zone_11-01,zone_11,2025-09-02T00:00:00Z,166.84,0.522,143.48,1198.14,23.6,evacuation
SNS-zone_12-01,zone_12,2025-09-02T00:00:00Z,165.39,0.504,119.96,1152.86,23.6,evacuation
SNS-zone_13-01,zone_13,2025-09-02T00:00:00Z,10.58,0.023,52.56,121.66,23.6,safe
SNS-zone_14-01,zone_14,2025-09-02T00:00:00Z,15.31,0.02,45.79,128.72,23.6,safe
SNS-zone_15-01,zone_15,2025-09-02T00:00:00Z,14.19,0.019,47.87,138.46,23.6,safe
SNS-zone_16-01,zone_16,2025-09-02T00:00:00Z,16.22,0.019,40.24,125.91,23.6,safe
SNS-zone_01-01,zone_01,2025-09-03T00:00:00Z,23.13,0.035,49.7,155.74,22.6,safe
SNS-zone_02-01,zone_02,2025-09-03T00:00:00Z,22.94,0.03,38.08,142.15,22.6,safe
SNS-zone_03-01,zone_03,2025-09-03T00:00:00Z,18.98,0.032,41.31,130.81,22.6,safe
SNS-zone_04-01,zone_04,2025-09-03T00:00:00Z,24.51,0.03,51.54,157.82,22.6,safe
SNS-zone_05-01,zone_05,2025-09-03T00:00:00Z,22.6,0.033,53.28,153.15,22.6,safe
SNS-zone_06-01,zone_06,2025-09-03T00:00:00Z,85.7,0.172,78.49,519.74,22.6,warning
SNS-zone_07-01,zone_07,2025-09-03T00:00:00Z,74.72,0.162,96.8,514.97,22.6,warning
SNS-zone_08-01,zone_08,2025-09-03T00:00:00Z,75.2,0.169,89.85,508.34,22.6,warning
SNS-zone_09-01,zone_09,2025-09-03T00:00:00Z,13.22,0.023,39.42,117.28,22.6,safe
SNS-zone_10-01,zone_10,2025-09-03T00:00:00Z,80.23,0.177,91.64,523.44,22.6,warning
SNS-zone_11-01,zone_11,2025-09-03T00:00:00Z,169.64,0.51,150.49,1235.57,22.6,evacuation
SNS-zone_12-01,zone_12,2025-09-03T00:00:00Z,173.88,0.537,131.45,1216.76,22.6,evacuation
SNS-zone_13-01,zone_13,2025-09-03T00:00:00Z,10.0,0.026,50.77,118.76,22.6,safe
SNS-zone_14-01,zone_14,2025-09-03T00:00:00Z,16.6,0.026,49.49,133.65,22.6,safe
SNS-zone_15-01,zone_15,2025-09-03T00:00:00Z,12.86,0.027,51.72,127.91,22.6,safe
SNS-zone_16-01,zone_16,2025-09-03T00:00:00Z,17.64,0.025,40.83,126.98,22.6,safe
SNS-zone_01-01,zone_01,2025-09-04T00:00:00Z,27.95,0.04,55.1,168.24,42.0,safe
SNS-zone_02-01,zone_02,2025-09-04T00:00:00Z,25.94,0.038,45.52,153.7,42.0,safe
SNS-zone_03-01,zone_03,2025-09-04T00:00:00Z,26.71,0.038,45.12,150.22,42.0,safe
SNS-zone_04-01,zone_04,2025-09-04T00:00:00Z,27.91,0.034,54.61,155.69,42.0,safe
SNS-zone_05-01,zone_05,2025-09-04T00:00:00Z,23.04,0.03,59.31,160.54,42.0,safe
SNS-zone_06-01,zone_06,2025-09-04T00:00:00Z,86.38,0.197,93.19,542.37,42.0,warning
SNS-zone_07-01,zone_07,2025-09-04T00:00:00Z,86.46,0.202,108.05,568.08,42.0,warning
SNS-zone_08-01,zone_08,2025-09-04T00:00:00Z,76.47,0.173,97.95,514.84,42.0,warning
SNS-zone_09-01,zone_09,2025-09-04T00:00:00Z,17.1,0.025,46.53,128.34,42.0,safe
SNS-zone_10-01,zone_10,2025-09-04T00:00:00Z,89.51,0.193,103.13,559.47,42.0,warning
SNS-zone_11-01,zone_11,2025-09-04T00:00:00Z,184.23,0.524,173.6,1313.66,42.0,evacuation
SNS-zone_12-01,zone_12,2025-09-04T00:00:00Z,183.16,0.554,159.75,1297.14,42.0,evacuation
SNS-zone_13-01,zone_13,2025-09-04T00:00:00Z,11.49,0.019,56.81,138.15,42.0,safe
SNS-zone_14-01,zone_14,2025-09-04T00:00:00Z,19.07,0.023,54.02,157.57,42.0,safe
SNS-zone_15-01,zone_15,2025-09-04T00:00:00Z,17.47,0.025,56.78,148.86,42.0,safe
SNS-zone_16-01,zone_16,2025-09-04T00:00:00Z,18.27,0.02,47.41,132.75,42.0,safe
SNS-zone_01-01,zone_01,2025-09-05T00:00:00Z,25.11,0.028,52.8,152.5,2.6,safe
SNS-zone_02-01,zone_02,2025-09-05T00:00:00Z,22.46,0.036,39.64,131.42,2.6,safe
SNS-zone_03-01,zone_03,2025-09-05T00:00:00Z,26.26,0.037,44.65,151.54,2.6,safe
SNS-zone_04-01,zone_04,2025-09-05T00:00:00Z,26.0,0.038,54.82,171.76,2.6,safe
SNS-zone_05-01,zone_05,2025-09-05T00:00:00Z,23.16,0.025,58.02,160.0,2.6,safe
SNS-zone_06-01,zone_06,2025-09-05T00:00:00Z,84.16,0.184,89.02,534.99,2.6,warning
SNS-zone_07-01,zone_07,2025-09-05T00:00:00Z,81.73,0.191,102.32,539.6,2.6,warning
SNS-zone_08-01,zone_08,2025-09-05T00:00:00Z,73.79,0.171,94.5,513.13,2.6,warning
SNS-zone_09-01,zone_09,2025-09-05T00:00:00Z,17.35,0.026,41.9,135.93,2.6,safe
SNS-zone_10-01,zone_10,2025-09-05T00:00:00Z,84.03,0.171,101.64,534.39,2.6,warning
SNS-zone_11-01,zone_11,2025-09-05T00:00:00Z,175.98,0.529,170.62,1277.91,2.6,evacuation
SNS-zone_12-01,zone_12,2025-09-05T00:00:00Z,179.22,0.53,147.03,1245.37,2.6,evacuation
SNS-zone_13-01,zone_13,2025-09-05T00:00:00Z,12.97,0.024,52.49,133.62,2.6,safe
SNS-zone_14-01,zone_14,2025-09-05T00:00:00Z,18.41,0.022,54.49,141.97,2.6,safe
SNS-zone_15-01,zone_15,2025-09-05T00:00:00Z,15.41,0.018,56.23,146.23,2.6,safe
SNS-zone_16-01,zone_16,2025-09-05T00:00:00Z,19.16,0.027,44.66,128.6,2.6,safe
SNS-zone_01-01,zone_01,2025-09-06T00:00:00Z,25.66,0.038,52.76,158.85,6.1,safe
SNS-zone_02-01,zone_02,2025-09-06T00:00:00Z,28.1,0.036,39.46,148.46,6.1,safe
SNS-zone_03-01,zone_03,2025-09-06T00:00:00Z,23.87,0.035,42.82,141.74,6.1,safe
SNS-zone_04-01,zone_04,2025-09-06T00:00:00Z,24.92,0.027,51.21,155.79,6.1,safe
SNS-zone_05-01,zone_05,2025-09-06T00:00:00Z,21.95,0.027,57.67,159.44,6.1,safe
SNS-zone_06-01,zone_06,2025-09-06T00:00:00Z,78.04,0.176,87.83,513.83,6.1,warning
SNS-zone_07-01,zone_07,2025-09-06T00:00:00Z,77.83,0.182,101.51,527.17,6.1,warning
SNS-zone_08-01,zone_08,2025-09-06T00:00:00Z,73.17,0.158,87.75,493.6,6.1,warning
SNS-zone_09-01,zone_09,2025-09-06T00:00:00Z,12.17,0.023,39.45,116.31,6.1,safe
SNS-zone_10-01,zone_10,2025-09-06T00:00:00Z,76.94,0.174,95.14,524.3,6.1,warning
SNS-zone_11-01,zone_11,2025-09-06T00:00:00Z,171.0,0.53,156.29,1218.47,6.1,evacuation
SNS-zone_12-01,zone_12,2025-09-06T00:00:00Z,177.17,0.546,138.85,1219.43,6.1,evacuation
SNS-zone_13-01,zone_13,2025-09-06T00:00:00Z,11.17,0.017,55.47,130.26,6.1,safe
SNS-zone_14-01,zone_14,2025-09-06T00:00:00Z,19.87,0.028,51.23,142.99,6.1,safe
SNS-zone_15-01,zone_15,2025-09-06T00:00:00Z,14.16,0.019,52.89,120.69,6.1,safe
SNS-zone_16-01,zone_16,2025-09-06T00:00:00Z,16.14,0.023,43.6,136.21,6.1,safe
SNS-zone_01-01,zone_01,2025-09-07T00:00:00Z,21.58,0.036,51.25,150.54,7.9,safe
SNS-zone_02-01,zone_02,2025-09-07T00:00:00Z,26.76,0.039,41.23,160.41,7.9,safe
SNS-zone_03-01,zone_03,2025-09-07T00:00:00Z,20.87,0.03,41.79,138.17,7.9,safe
SNS-zone_04-01,zone_04,2025-09-07T00:00:00Z,23.53,0.032,49.83,141.4,7.9,safe
SNS-zone_05-01,zone_05,2025-09-07T00:00:00Z,19.58,0.027,54.63,149.96,7.9,safe
SNS-zone_06-01,zone_06,2025-09-07T00:00:00Z,78.61,0.177,84.25,495.68,7.9,warning
SNS-zone_07-01,zone_07,2025-09-07T00:00:00Z,73.95,0.166,98.35,504.28,7.9,warning
SNS-zone_08-01,zone_08,2025-09-07T00:00:00Z,71.64,0.151,87.27,492.26,7.9,warning
SNS-zone_09-01,zone_09,2025-09-07T00:00:00Z,12.56,0.021,39.64,114.3,7.9,safe
SNS-zone_10-01,zone_10,2025-09-07T00:00:00Z,76.51,0.195,93.28,529.42,7.9,warning
SNS-zone_11-01,zone_11,2025-09-07T00:00:00Z,170.26,0.529,154.4,1212.33,7.9,evacuation
SNS-zone_12-01,zone_12,2025-09-07T00:00:00Z,170.93,0.512,136.81,1212.97,7.9,evacuation
SNS-zone_13-01,zone_13,2025-09-07T00:00:00Z,13.16,0.023,50.6,131.88,7.9,safe
SNS-zone_14-01,zone_14,2025-09-07T00:00:00Z,17.81,0.027,51.12,132.44,7.9,safe
SNS-zone_15-01,zone_15,2025-09-07T00:00:00Z,15.13,0.021,51.2,130.96,7.9,safe
SNS-zone_16-01,zone_16,2025-09-07T00:00:00Z,17.01,0.03,42.18,120.74,7.9,safe
SNS-zone_01-01,zone_01,2025-09-08T00:00:00Z,23.58,0.035,49.59,138.37,5.8,safe
SNS-zone_02-01,zone_02,2025-09-08T00:00:00Z,24.02,0.03,39.69,146.43,5.8,safe
SNS-zone_03-01,zone_03,2025-09-08T00:00:00Z,20.13,0.032,41.05,143.22,5.8,safe
SNS-zone_04-01,zone_04,2025-09-08T00:00:00Z,21.23,0.032,49.39,148.13,5.8,safe
SNS-zone_05-01,zone_05,2025-09-08T00:00:00Z,21.77,0.027,52.9,144.62,5.8,safe
SNS-zone_06-01,zone_06,2025-09-08T00:00:00Z,83.19,0.193,81.02,508.11,5.8,warning
SNS-zone_07-01,zone_07,2025-09-08T00:00:00Z,76.51,0.163,96.88,511.28,5.8,warning
SNS-zone_08-01,zone_08,2025-09-08T00:00:00Z,65.7,0.156,88.07,479.57,5.8,warning
SNS-zone_09-01,zone_09,2025-09-08T00:00:00Z,10.73,0.025,36.14,106.6,5.8,safe
SNS-zone_10-01,zone_10,2025-09-08T00:00:00Z,77.08,0.171,89.71,513.22,5.8,warning
SNS-zone_11-01,zone_11,2025-09-08T00:00:00Z,172.47,0.525,152.64,1235.29,5.8,evacuation
SNS-zone_12-01,zone_12,2025-09-08T00:00:00Z,170.22,0.504,133.74,1188.05,5.8,evacuation
SNS-zone_13-01,zone_13,2025-09-08T00:00:00Z,10.06,0.019,51.92,119.04,5.8,safe
SNS-zone_14-01,zone_14,2025-09-08T00:00:00Z,16.77,0.027,50.31,123.5,5.8,safe
SNS-zone_15-01,zone_15,2025-09-08T00:00:00Z,10.6,0.018,51.77,114.73,5.8,safe
SNS-zone_16-01,zone_16,2025-09-08T00:00:00Z,16.44,0.031,39.98,129.13,5.8,safe
SNS-zone_01-01,zone_01,2025-09-09T00:00:00Z,18.84,0.019,47.99,139.9,1.6,safe
SNS-zone_02-01,zone_02,2025-09-09T00:00:00Z,22.2,0.029,36.13,134.13,1.6,safe
SNS-zone_03-01,zone_03,2025-09-09T00:00:00Z,17.4,0.03,40.99,124.83,1.6,safe
SNS-zone_04-01,zone_04,2025-09-09T00:00:00Z,22.33,0.033,48.09,150.19,1.6,safe
SNS-zone_05-01,zone_05,2025-09-09T00:00:00Z,22.67,0.033,51.35,150.53,1.6,safe
SNS-zone_06-01,zone_06,2025-09-09T00:00:00Z,76.68,0.17,81.43,490.23,1.6,warning
SNS-zone_07-01,zone_07,2025-09-09T00:00:00Z,67.83,0.153,91.96,493.55,1.6,warning
SNS-zone_08-01,zone_08,2025-09-09T00:00:00Z,71.9,0.164,85.77,481.9,1.6,warning
SNS-zone_09-01,zone_09,2025-09-09T00:00:00Z,11.32,0.026,36.4,112.43,1.6,safe
SNS-zone_10-01,zone_10,2025-09-09T00:00:00Z,70.42,0.166,84.61,478.07,1.6,warning
SNS-zone_11-01,zone_11,2025-09-09T00:00:00Z,163.87,0.474,137.38,1160.83,1.6,evacuation
SNS-zone_12-01,zone_12,2025-09-09T00:00:00Z,164.0,0.494,122.36,1128.91,1.6,evacuation
SNS-zone_13-01,zone_13,2025-09-09T00:00:00Z,12.41,0.021,51.26,132.53,1.6,safe
SNS-zone_14-01,zone_14,2025-09-09T00:00:00Z,13.38,0.026,46.17,117.21,1.6,safe
SNS-zone_15-01,zone_15,2025-09-09T00:00:00Z,9.9,0.023,47.01,121.65,1.6,safe
SNS-zone_16-01,zone_16,2025-09-09T00:00:00Z,15.45,0.026,38.1,129.0,1.6,safe
SNS-zone_01-01,zone_01,2025-09-10T00:00:00Z,18.22,0.025,46.16,143.63,1.5,safe
SNS-zone_02-01,zone_02,2025-09-10T00:00:00Z,22.88,0.037,36.83,137.6,1.5,safe
SNS-zone_03-01,zone_03,2025-09-10T00:00:00Z,18.86,0.026,39.97,128.45,1.5,safe
SNS-zone_04-01,zone_04,2025-09-10T00:00:00Z,20.82,0.034,46.64,143.82,1.5,safe
SNS-zone_05-01,zone_05,2025-09-10T00:00:00Z,21.44,0.03,48.96,137.39,1.5,safe
SNS-zone_06-01,zone_06,2025-09-10T00:00:00Z,77.5,0.187,74.41,488.99,1.5,warning
SNS-zone_07-01,zone_07,2025-09-10T00:00:00Z,66.27,0.157,88.85,490.21,1.5,warning
SNS-zone_08-01,zone_08,2025-09-10T00:00:00Z,66.98,0.154,81.16,474.79,1.5,warning
SNS-zone_09-01,zone_09,2025-09-10T00:00:00Z,9.86,0.016,37.54,106.86,1.5,safe
SNS-zone_10-01,zone_10,2025-09-10T00:00:00Z,64.13,0.152,81.76,469.42,1.5,warning
SNS-zone_11-01,zone_11,2025-09-10T00:00:00Z,158.95,0.493,135.95,1161.25,1.5,evacuation
SNS-zone_12-01,zone_12,2025-09-10T00:00:00Z,162.79,0.478,114.43,1141.38,1.5,evacuation
SNS-zone_13-01,zone_13,2025-09-10T00:00:00Z,9.1,0.018,48.91,113.79,1.5,safe
SNS-zone_14-01,zone_14,2025-09-10T00:00:00Z,14.18,0.02,43.79,124.82,1.5,safe
SNS-zone_15-01,zone_15,2025-09-10T00:00:00Z,12.83,0.013,48.0,132.43,1.5,safe
SNS-zone_16-01,zone_16,2025-09-10T00:00:00Z,13.98,0.022,38.76,117.62,1.5,safe
SNS-zone_01-01,zone_01,2025-09-11T00:00:00Z,17.83,0.028,46.27,140.07,12.3,safe
SNS-zone_02-01,zone_02,2025-09-11T00:00:00Z,21.58,0.022,35.25,129.15,12.3,safe
SNS-zone_03-01,zone_03,2025-09-11T00:00:00Z,16.86,0.024,37.53,129.61,12.3,safe
SNS-zone_04-01,zone_04,2025-09-11T00:00:00Z,25.63,0.034,46.42,150.18,12.3,safe
SNS-zone_05-01,zone_05,2025-09-11T00:00:00Z,15.32,0.025,48.1,133.29,12.3,safe
SNS-zone_06-01,zone_06,2025-09-11T00:00:00Z,72.6,0.148,73.93,488.24,12.3,warning
SNS-zone_07-01,zone_07,2025-09-11T00:00:00Z,64.66,0.151,88.47,458.43,12.3,warning
SNS-zone_08-01,zone_08,2025-09-11T00:00:00Z,63.97,0.155,82.27,473.98,12.3,warning
SNS-zone_09-01,zone_09,2025-09-11T00:00:00Z,9.91,0.021,36.49,111.06,12.3,safe
SNS-zone_10-01,zone_10,2025-09-11T00:00:00Z,72.94,0.149,87.02,485.53,12.3,warning
SNS-zone_11-01,zone_11,2025-09-11T00:00:00Z,164.88,0.522,138.67,1167.87,12.3,evacuation
SNS-zone_12-01,zone_12,2025-09-11T00:00:00Z,162.65,0.502,124.15,1129.97,12.3,evacuation
SNS-zone_13-01,zone_13,2025-09-11T00:00:00Z,9.4,0.022,47.7,126.57,12.3,safe
SNS-zone_14-01,zone_14,2025-09-11T00:00:00Z,15.56,0.022,45.76,124.0,12.3,safe
SNS-zone_15-01,zone_15,2025-09-11T00:00:00Z,10.85,0.022,48.54,118.66,12.3,safe
SNS-zone_16-01,zone_16,2025-09-11T00:00:00Z,13.36,0.028,37.73,114.56,12.3,safe
SNS-zone_01-01,zone_01,2025-09-12T00:00:00Z,23.03,0.035,49.93,151.09,26.6,safe
SNS-zone_02-01,zone_02,2025-09-12T00:00:00Z,23.44,0.034,39.08,148.21,26.6,safe
SNS-zone_03-01,zone_03,2025-09-12T00:00:00Z,20.43,0.024,42.61,139.18,26.6,safe
SNS-zone_04-01,zone_04,2025-09-12T00:00:00Z,24.57,0.03,49.88,145.21,26.6,safe
SNS-zone_05-01,zone_05,2025-09-12T00:00:00Z,21.2,0.028,53.62,165.74,26.6,safe
SNS-zone_06-01,zone_06,2025-09-12T00:00:00Z,88.25,0.183,81.93,533.5,26.6,warning
SNS-zone_07-01,zone_07,2025-09-12T00:00:00Z,72.41,0.17,96.98,500.11,26.6,warning
SNS-zone_08-01,zone_08,2025-09-12T00:00:00Z,69.51,0.152,90.47,486.98,26.6,warning
SNS-zone_09-01,zone_09,2025-09-12T00:00:00Z,14.97,0.024,40.56,132.82,26.6,safe
SNS-zone_10-01,zone_10,2025-09-12T00:00:00Z,76.26,0.172,91.09,519.5,26.6,warning
SNS-zone_11-01,zone_11,2025-09-12T00:00:00Z,172.13,0.509,153.63,1221.91,26.6,evacuation
SNS-zone_12-01,zone_12,2025-09-12T00:00:00Z,170.98,0.507,132.77,1184.77,26.6,evacuation
SNS-zone_13-01,zone_13,2025-09-12T00:00:00Z,11.57,0.02,51.12,122.4,26.6,safe
SNS-zone_14-01,zone_14,2025-09-12T00:00:00Z,17.26,0.034,50.13,137.7,26.6,safe
SNS-zone_15-01,zone_15,2025-09-12T00:00:00Z,10.94,0.022,49.8,127.03,26.6,safe
SNS-zone_16-01,zone_16,2025-09-12T00:00:00Z,19.21,0.025,42.12,135.28,26.6,safe
SNS-zone_01-01,zone_01,2025-09-13T00:00:00Z,19.89,0.022,48.02,139.83,2.8,safe
SNS-zone_02-01,zone_02,2025-09-13T00:00:00Z,25.51,0.036,36.65,148.87,2.8,safe
SNS-zone_03-01,zone_03,2025-09-13T00:00:00Z,14.57,0.017,40.75,121.85,2.8,safe
SNS-zone_04-01,zone_04,2025-09-13T00:00:00Z,23.54,0.034,47.56,154.33,2.8,safe
SNS-zone_05-01,zone_05,2025-09-13T00:00:00Z,19.22,0.027,52.58,146.34,2.8,safe
SNS-zone_06-01,zone_06,2025-09-13T00:00:00Z,78.54,0.181,78.95,503.82,2.8,warning
SNS-zone_07-01,zone_07,2025-09-13T00:00:00Z,72.0,0.156,93.2,509.0,2.8,warning
SNS-zone_08-01,zone_08,2025-09-13T00:00:00Z,65.89,0.144,86.53,491.76,2.8,warning
SNS-zone_09-01,zone_09,2025-09-13T00:00:00Z,11.27,0.025,39.6,120.32,2.8,safe
SNS-zone_10-01,zone_10,2025-09-13T00:00:00Z,71.54,0.17,90.45,505.63,2.8,warning
SNS-zone_11-01,zone_11,2025-09-13T00:00:00Z,167.71,0.49,146.43,1190.28,2.8,evacuation
SNS-zone_12-01,zone_12,2025-09-13T00:00:00Z,166.19,0.51,128.54,1146.06,2.8,evacuation
SNS-zone_13-01,zone_13,2025-09-13T00:00:00Z,11.59,0.025,51.98,139.9,2.8,safe
SNS-zone_14-01,zone_14,2025-09-13T00:00:00Z,17.8,0.027,48.46,136.78,2.8,safe
SNS-zone_15-01,zone_15,2025-09-13T00:00:00Z,11.26,0.023,50.06,128.56,2.8,safe
SNS-zone_16-01,zone_16,2025-09-13T00:00:00Z,16.82,0.021,41.9,133.71,2.8,safe
SNS-zone_01-01,zone_01,2025-09-14T00:00:00Z,22.34,0.03,50.64,149.82,17.9,safe
SNS-zone_02-01,zone_02,2025-09-14T00:00:00Z,22.03,0.035,38.69,135.3,17.9,safe
SNS-zone_03-01,zone_03,2025-09-14T00:00:00Z,21.61,0.036,43.09,142.96,17.9,safe
SNS-zone_04-01,zone_04,2025-09-14T00:00:00Z,27.15,0.032,47.54,158.74,17.9,safe
SNS-zone_05-01,zone_05,2025-09-14T00:00:00Z,23.89,0.032,53.13,161.58,17.9,safe
SNS-zone_06-01,zone_06,2025-09-14T00:00:00Z,84.37,0.191,79.89,522.06,17.9,warning
SNS-zone_07-01,zone_07,2025-09-14T00:00:00Z,78.86,0.177,95.17,525.09,17.9,warning
SNS-zone_08-01,zone_08,2025-09-14T00:00:00Z,73.9,0.17,88.82,507.19,17.9,warning
SNS-zone_09-01,zone_09,2025-09-14T00:00:00Z,13.01,0.016,40.8,116.08,17.9,safe
SNS-zone_10-01,zone_10,2025-09-14T00:00:00Z,80.64,0.183,88.09,521.06,17.9,warning
SNS-zone_11-01,zone_11,2025-09-14T00:00:00Z,174.13,0.522,148.97,1222.4,17.9,evacuation
SNS-zone_12-01,zone_12,2025-09-14T00:00:00Z,167.08,0.491,129.68,1183.09,17.9,evacuation
SNS-zone_13-01,zone_13,2025-09-14T00:00:00Z,12.51,0.017,52.22,128.75,17.9,safe
SNS-zone_14-01,zone_14,2025-09-14T00:00:00Z,18.25,0.028,48.75,138.35,17.9,safe
SNS-zone_15-01,zone_15,2025-09-14T00:00:00Z,11.63,0.024,51.65,125.12,17.9,safe
SNS-zone_16-01,zone_16,2025-09-14T00:00:00Z,18.65,0.024,43.02,135.48,17.9,safe
SNS-zone_01-01,zone_01,2025-09-15T00:00:00Z,21.45,0.026,48.7,144.19,12.3,safe
SNS-zone_02-01,zone_02,2025-09-15T00:00:00Z,25.85,0.029,41.32,145.74,12.3,safe
SNS-zone_03-01,zone_03,2025-09-15T00:00:00Z,23.18,0.03,40.59,146.24,12.3,safe
SNS-zone_04-01,zone_04,2025-09-15T00:00:00Z,24.41,0.033,50.7,151.07,12.3,safe
SNS-zone_05-01,zone_05,2025-09-15T00:00:00Z,20.7,0.028,51.0,160.06,12.3,safe
SNS-zone_06-01,zone_06,2025-09-15T00:00:00Z,83.5,0.186,80.85,516.84,12.3,warning
SNS-zone_07-01,zone_07,2025-09-15T00:00:00Z,71.45,0.177,100.27,516.77,12.3,warning
SNS-zone_08-01,zone_08,2025-09-15T00:00:00Z,66.66,0.168,86.79,485.63,12.3,warning
SNS-zone_09-01,zone_09,2025-09-15T00:00:00Z,15.26,0.027,39.66,121.68,12.3,safe
SNS-zone_10-01,zone_10,2025-09-15T00:00:00Z,80.73,0.186,90.45,514.14,12.3,warning
SNS-zone_11-01,zone_11,2025-09-15T00:00:00Z,167.47,0.498,156.35,1206.96,12.3,evacuation
SNS-zone_12-01,zone_12,2025-09-15T00:00:00Z,172.71,0.519,127.41,1183.77,12.3,evacuation
SNS-zone_13-01,zone_13,2025-09-15T00:00:00Z,13.09,0.023,53.65,131.24,12.3,safe
SNS-zone_14-01,zone_14,2025-09-15T00:00:00Z,17.11,0.023,49.6,151.92,12.3,safe
SNS-zone_15-01,zone_15,2025-09-15T00:00:00Z,12.98,0.021,53.28,130.58,12.3,safe
SNS-zone_16-01,zone_16,2025-09-15T00:00:00Z,18.0,0.029,41.83,132.61,12.3,safe
SNS-zone_01-01,zone_01,2025-09-16T00:00:00Z,24.28,0.033,51.64,164.49,19.5,safe
SNS-zone_02-01,zone_02,2025-09-16T00:00:00Z,21.64,0.029,40.33,139.54,19.5,safe
SNS-zone_03-01,zone_03,2025-09-16T00:00:00Z,20.31,0.026,44.1,134.66,19.5,safe
SNS-zone_04-01,zone_04,2025-09-16T00:00:00Z,24.3,0.027,51.31,151.33,19.5,safe
SNS-zone_05-01,zone_05,2025-09-16T00:00:00Z,24.39,0.029,56.78,161.53,19.5,safe
SNS-zone_06-01,zone_06,2025-09-16T00:00:00Z,79.3,0.174,83.05,515.51,19.5,warning
SNS-zone_07-01,zone_07,2025-09-16T00:00:00Z,79.53,0.172,99.21,523.81,19.5,warning
SNS-zone_08-01,zone_08,2025-09-16T00:00:00Z,68.79,0.152,90.23,470.24,19.5,warning
SNS-zone_09-01,zone_09,2025-09-16T00:00:00Z,13.62,0.011,42.05,128.6,19.5,safe
SNS-zone_10-01,zone_10,2025-09-16T00:00:00Z,77.62,0.176,96.84,539.1,19.5,warning
SNS-zone_11-01,zone_11,2025-09-16T00:00:00Z,180.36,0.553,163.79,1288.89,19.5,evacuation
SNS-zone_12-01,zone_12,2025-09-16T00:00:00Z,175.07,0.546,138.47,1206.65,19.5,evacuation
SNS-zone_13-01,zone_13,2025-09-16T00:00:00Z,13.74,0.024,54.84,127.76,19.5,safe
SNS-zone_14-01,zone_14,2025-09-16T00:00:00Z,18.75,0.026,50.3,138.58,19.5,safe
SNS-zone_15-01,zone_15,2025-09-16T00:00:00Z,13.43,0.027,53.69,118.76,19.5,safe
SNS-zone_16-01,zone_16,2025-09-16T00:00:00Z,16.67,0.025,44.52,125.42,19.5,safe
SNS-zone_01-01,zone_01,2025-09-17T00:00:00Z,21.1,0.029,49.92,136.75,1.2,safe
SNS-zone_02-01,zone_02,2025-09-17T00:00:00Z,20.73,0.027,37.89,136.06,1.2,safe
SNS-zone_03-01,zone_03,2025-09-17T00:00:00Z,18.2,0.026,40.54,136.69,1.2,safe
SNS-zone_04-01,zone_04,2025-09-17T00:00:00Z,24.61,0.036,49.84,156.56,1.2,safe
SNS-zone_05-01,zone_05,2025-09-17T00:00:00Z,21.73,0.031,49.92,143.65,1.2,safe
SNS-zone_06-01,zone_06,2025-09-17T00:00:00Z,77.84,0.17,78.94,506.17,1.2,warning
SNS-zone_07-01,zone_07,2025-09-17T00:00:00Z,75.61,0.184,94.79,523.9,1.2,warning
SNS-zone_08-01,zone_08,2025-09-17T00:00:00Z,73.28,0.17,86.97,503.62,1.2,warning
SNS-zone_09-01,zone_09,2025-09-17T00:00:00Z,10.99,0.021,37.51,107.59,1.2,safe
SNS-zone_10-01,zone_10,2025-09-17T00:00:00Z,72.35,0.156,91.34,518.25,1.2,warning
SNS-zone_11-01,zone_11,2025-09-17T00:00:00Z,174.75,0.538,147.43,1232.85,1.2,evacuation
SNS-zone_12-01,zone_12,2025-09-17T00:00:00Z,170.24,0.506,126.19,1183.21,1.2,evacuation
SNS-zone_13-01,zone_13,2025-09-17T00:00:00Z,12.75,0.027,51.19,134.39,1.2,safe
SNS-zone_14-01,zone_14,2025-09-17T00:00:00Z,17.56,0.025,47.16,138.31,1.2,safe
SNS-zone_15-01,zone_15,2025-09-17T00:00:00Z,12.09,0.021,52.92,124.2,1.2,safe
SNS-zone_16-01,zone_16,2025-09-17T00:00:00Z,17.96,0.031,40.71,124.86,1.2,safe
SNS-zone_01-01,zone_01,2025-09-18T00:00:00Z,22.93,0.032,47.9,147.38,1.4,safe
SNS-zone_02-01,zone_02,2025-09-18T00:00:00Z,17.87,0.033,35.67,124.85,1.4,safe
SNS-zone_03-01,zone_03,2025-09-18T00:00:00Z,17.18,0.027,40.33,119.01,1.4,safe
SNS-zone_04-01,zone_04,2025-09-18T00:00:00Z,21.99,0.025,48.15,150.74,1.4,safe
SNS-zone_05-01,zone_05,2025-09-18T00:00:00Z,19.09,0.029,49.24,141.4,1.4,safe
SNS-zone_06-01,zone_06,2025-09-18T00:00:00Z,77.6,0.163,76.85,481.86,1.4,warning
SNS-zone_07-01,zone_07,2025-09-18T00:00:00Z,73.56,0.175,89.4,499.46,1.4,warning
SNS-zone_08-01,zone_08,2025-09-18T00:00:00Z,65.93,0.156,83.37,484.22,1.4,warning
SNS-zone_09-01,zone_09,2025-09-18T00:00:00Z,11.6,0.017,37.67,116.17,1.4,safe
SNS-zone_10-01,zone_10,2025-09-18T00:00:00Z,70.55,0.169,87.82,486.75,1.4,warning
SNS-zone_11-01,zone_11,2025-09-18T00:00:00Z,163.72,0.502,139.89,1192.63,1.4,evacuation
SNS-zone_12-01,zone_12,2025-09-18T00:00:00Z,167.57,0.5,119.79,1142.04,1.4,evacuation
SNS-zone_13-01,zone_13,2025-09-18T00:00:00Z,8.78,0.016,48.48,123.37,1.4,safe
SNS-zone_14-01,zone_14,2025-09-18T00:00:00Z,13.32,0.022,47.2,122.96,1.4,safe
SNS-zone_15-01,zone_15,2025-09-18T00:00:00Z,13.47,0.019,48.46,128.37,1.4,safe
SNS-zone_16-01,zone_16,2025-09-18T00:00:00Z,16.1,0.022,40.97,126.68,1.4,safe
SNS-zone_01-01,zone_01,2025-09-19T00:00:00Z,15.82,0.028,46.29,136.8,1.2,safe
SNS-zone_02-01,zone_02,2025-09-19T00:00:00Z,20.71,0.031,37.91,130.46,1.2,safe
SNS-zone_03-01,zone_03,2025-09-19T00:00:00Z,16.45,0.033,36.55,115.91,1.2,safe
SNS-zone_04-01,zone_04,2025-09-19T00:00:00Z,20.56,0.033,45.08,145.7,1.2,safe
SNS-zone_05-01,zone_05,2025-09-19T00:00:00Z,20.25,0.022,47.64,139.21,1.2,safe
SNS-zone_06-01,zone_06,2025-09-19T00:00:00Z,74.14,0.176,74.8,493.28,1.2,warning
SNS-zone_07-01,zone_07,2025-09-19T00:00:00Z,69.15,0.147,86.05,488.86,1.2,warning
SNS-zone_08-01,zone_08,2025-09-19T00:00:00Z,64.11,0.147,77.7,453.66,1.2,warning
SNS-zone_09-01,zone_09,2025-09-19T00:00:00Z,10.47,0.013,34.47,104.34,1.2,safe
SNS-zone_10-01,zone_10,2025-09-19T00:00:00Z,67.23,0.165,84.31,486.56,1.2,warning
SNS-zone_11-01,zone_11,2025-09-19T00:00:00Z,161.6,0.483,136.45,1148.16,1.2,evacuation
SNS-zone_12-01,zone_12,2025-09-19T00:00:00Z,160.93,0.509,118.24,1103.18,1.2,evacuation
SNS-zone_13-01,zone_13,2025-09-19T00:00:00Z,9.82,0.026,46.67,115.53,1.2,safe
SNS-zone_14-01,zone_14,2025-09-19T00:00:00Z,12.88,0.025,43.15,119.95,1.2,safe
SNS-zone_15-01,zone_15,2025-09-19T00:00:00Z,12.41,0.026,45.35,125.65,1.2,safe
SNS-zone_16-01,zone_16,2025-09-19T00:00:00Z,14.91,0.023,37.21,127.21,1.2,safe
SNS-zone_01-01,zone_01,2025-09-20T00:00:00Z,14.88,0.018,46.08,135.84,1.4,safe
SNS-zone_02-01,zone_02,2025-09-20T00:00:00Z,21.22,0.034,33.8,134.31,1.4,safe
SNS-zone_03-01,zone_03,2025-09-20T00:00:00Z,15.54,0.021,39.1,129.61,1.4,safe
SNS-zone_04-01,zone_04,2025-09-20T00:00:00Z,22.98,0.032,45.47,141.63,1.4,safe
SNS-zone_05-01,zone_05,2025-09-20T00:00:00Z,17.69,0.032,47.44,137.16,1.4,safe
SNS-zone_06-01,zone_06,2025-09-20T00:00:00Z,79.27,0.182,73.2,496.46,1.4,warning
SNS-zone_07-01,zone_07,2025-09-20T00:00:00Z,66.26,0.162,80.6,456.81,1.4,warning
SNS-zone_08-01,zone_08,2025-09-20T00:00:00Z,64.26,0.163,80.44,463.88,1.4,warning
SNS-zone_09-01,zone_09,2025-09-20T00:00:00Z,11.06,0.021,36.0,118.11,1.4,safe
SNS-zone_10-01,zone_10,2025-09-20T00:00:00Z,72.31,0.161,77.98,472.18,1.4,warning
SNS-zone_11-01,zone_11,2025-09-20T00:00:00Z,156.02,0.488,127.24,1107.08,1.4,evacuation
SNS-zone_12-01,zone_12,2025-09-20T00:00:00Z,156.69,0.483,109.66,1096.24,1.4,evacuation
SNS-zone_13-01,zone_13,2025-09-20T00:00:00Z,8.51,0.024,47.8,114.67,1.4,safe
SNS-zone_14-01,zone_14,2025-09-20T00:00:00Z,14.21,0.026,44.67,129.59,1.4,safe
SNS-zone_15-01,zone_15,2025-09-20T00:00:00Z,13.18,0.025,44.38,114.65,1.4,safe
SNS-zone_16-01,zone_16,2025-09-20T00:00:00Z,15.44,0.024,35.09,123.19,1.4,safe
SNS-zone_01-01,zone_01,2025-09-21T00:00:00Z,18.28,0.024,44.71,129.98,0.6,safe
SNS-zone_02-01,zone_02,2025-09-21T00:00:00Z,19.87,0.025,34.01,123.33,0.6,safe
SNS-zone_03-01,zone_03,2025-09-21T00:00:00Z,14.57,0.028,37.86,121.24,0.6,safe
SNS-zone_04-01,zone_04,2025-09-21T00:00:00Z,22.05,0.029,43.53,141.47,0.6,safe
SNS-zone_05-01,zone_05,2025-09-21T00:00:00Z,16.69,0.029,45.96,127.16,0.6,safe
SNS-zone_06-01,zone_06,2025-09-21T00:00:00Z,79.67,0.178,68.7,508.24,0.6,warning
SNS-zone_07-01,zone_07,2025-09-21T00:00:00Z,64.91,0.164,81.3,458.46,0.6,warning
SNS-zone_08-01,zone_08,2025-09-21T00:00:00Z,67.99,0.159,76.22,464.09,0.6,warning
SNS-zone_09-01,zone_09,2025-09-21T00:00:00Z,10.17,0.024,34.54,103.69,0.6,safe
SNS-zone_10-01,zone_10,2025-09-21T00:00:00Z,64.2,0.154,77.89,463.13,0.6,warning
SNS-zone_11-01,zone_11,2025-09-21T00:00:00Z,138.46,0.416,120.11,1041.56,0.6,evacuation
SNS-zone_12-01,zone_12,2025-09-21T00:00:00Z,133.06,0.416,111.13,1011.08,0.6,evacuation
SNS-zone_13-01,zone_13,2025-09-21T00:00:00Z,6.95,0.016,46.88,108.19,0.6,safe
SNS-zone_14-01,zone_14,2025-09-21T00:00:00Z,14.05,0.023,43.25,115.17,0.6,safe
SNS-zone_15-01,zone_15,2025-09-21T00:00:00Z,8.58,0.021,41.93,118.62,0.6,safe
SNS-zone_16-01,zone_16,2025-09-21T00:00:00Z,15.79,0.022,37.32,116.81,0.6,safe
SNS-zone_01-01,zone_01,2025-09-22T00:00:00Z,13.09,0.022,43.09,114.14,0.0,safe
SNS-zone_02-01,zone_02,2025-09-22T00:00:00Z,20.18,0.025,33.06,132.02,0.0,safe
SNS-zone_03-01,zone_03,2025-09-22T00:00:00Z,13.69,0.019,37.36,109.2,0.0,safe
SNS-zone_04-01,zone_04,2025-09-22T00:00:00Z,21.55,0.03,43.23,137.29,0.0,safe
SNS-zone_05-01,zone_05,2025-09-22T00:00:00Z,15.53,0.03,45.25,119.88,0.0,safe
SNS-zone_06-01,zone_06,2025-09-22T00:00:00Z,75.84,0.166,68.47,480.18,0.0,warning
SNS-zone_07-01,zone_07,2025-09-22T00:00:00Z,62.7,0.151,80.74,464.61,0.0,warning
SNS-zone_08-01,zone_08,2025-09-22T00:00:00Z,62.54,0.153,75.17,456.4,0.0,warning
SNS-zone_09-01,zone_09,2025-09-22T00:00:00Z,8.7,0.023,33.16,103.22,0.0,safe
SNS-zone_10-01,zone_10,2025-09-22T00:00:00Z,66.6,0.158,74.26,461.2,0.0,warning
SNS-zone_11-01,zone_11,2025-09-22T00:00:00Z,133.42,0.411,120.03,1020.88,0.0,evacuation
SNS-zone_12-01,zone_12,2025-09-22T00:00:00Z,139.13,0.408,101.52,1020.33,0.0,evacuation
SNS-zone_13-01,zone_13,2025-09-22T00:00:00Z,8.45,0.017,44.36,103.92,0.0,safe
SNS-zone_14-01,zone_14,2025-09-22T00:00:00Z,13.08,0.021,39.34,116.6,0.0,safe
SNS-zone_15-01,zone_15,2025-09-22T00:00:00Z,8.39,0.02,42.36,111.32,0.0,safe
SNS-zone_16-01,zone_16,2025-09-22T00:00:00Z,11.72,0.014,34.81,112.28,0.0,safe
SNS-zone_01-01,zone_01,2025-09-23T00:00:00Z,14.77,0.03,41.88,119.78,5.6,safe
SNS-zone_02-01,zone_02,2025-09-23T00:00:00Z,19.32,0.025,35.27,127.67,5.6,safe
SNS-zone_03-01,zone_03,2025-09-23T00:00:00Z,13.58,0.032,36.46,110.7,5.6,safe
SNS-zone_04-01,zone_04,2025-09-23T00:00:00Z,16.59,0.028,41.51,129.01,5.6,safe
SNS-zone_05-01,zone_05,2025-09-23T00:00:00Z,15.4,0.019,43.78,129.45,5.6,safe
SNS-zone_06-01,zone_06,2025-09-23T00:00:00Z,72.84,0.16,69.71,476.03,5.6,warning
SNS-zone_07-01,zone_07,2025-09-23T00:00:00Z,62.36,0.156,78.52,456.4,5.6,warning
SNS-zone_08-01,zone_08,2025-09-23T00:00:00Z,59.63,0.141,74.65,464.04,5.6,warning
SNS-zone_09-01,zone_09,2025-09-23T00:00:00Z,5.24,0.011,33.27,102.07,5.6,safe
SNS-zone_10-01,zone_10,2025-09-23T00:00:00Z,66.83,0.147,77.11,473.66,5.6,warning
SNS-zone_11-01,zone_11,2025-09-23T00:00:00Z,133.12,0.416,117.2,1022.18,5.6,evacuation
SNS-zone_12-01,zone_12,2025-09-23T00:00:00Z,132.33,0.402,107.04,977.68,5.6,evacuation
SNS-zone_13-01,zone_13,2025-09-23T00:00:00Z,7.54,0.02,46.43,109.44,5.6,safe
SNS-zone_14-01,zone_14,2025-09-23T00:00:00Z,15.29,0.026,40.95,122.76,5.6,safe
SNS-zone_15-01,zone_15,2025-09-23T00:00:00Z,8.59,0.019,44.74,105.59,5.6,safe
SNS-zone_16-01,zone_16,2025-09-23T00:00:00Z,15.66,0.022,35.95,122.92,5.6,safe
SNS-zone_01-01,zone_01,2025-09-24T00:00:00Z,19.31,0.023,47.39,143.94,32.6,safe
SNS-zone_02-01,zone_02,2025-09-24T00:00:00Z,23.77,0.031,34.55,140.54,32.6,safe
SNS-zone_03-01,zone_03,2025-09-24T00:00:00Z,19.43,0.027,42.09,135.19,32.6,safe
SNS-zone_04-01,zone_04,2025-09-24T00:00:00Z,20.13,0.02,48.62,141.16,32.6,safe
SNS-zone_05-01,zone_05,2025-09-24T00:00:00Z,16.64,0.023,49.54,139.76,32.6,safe
SNS-zone_06-01,zone_06,2025-09-24T00:00:00Z,78.69,0.174,74.94,504.99,32.6,warning
SNS-zone_07-01,zone_07,2025-09-24T00:00:00Z,67.94,0.149,95.04,492.94,32.6,warning
SNS-zone_08-01,zone_08,2025-09-24T00:00:00Z,63.9,0.15,86.22,468.77,32.6,warning
SNS-zone_09-01,zone_09,2025-09-24T00:00:00Z,11.26,0.025,39.29,119.94,32.6,safe
SNS-zone_10-01,zone_10,2025-09-24T00:00:00Z,71.72,0.164,88.1,485.11,32.6,warning
SNS-zone_11-01,zone_11,2025-09-24T00:00:00Z,167.91,0.493,140.93,1195.74,32.6,evacuation
SNS-zone_12-01,zone_12,2025-09-24T00:00:00Z,164.87,0.516,129.29,1158.88,32.6,evacuation
SNS-zone_13-01,zone_13,2025-09-24T00:00:00Z,10.24,0.021,49.2,124.99,32.6,safe
SNS-zone_14-01,zone_14,2025-09-24T00:00:00Z,17.71,0.026,46.96,134.98,32.6,safe
SNS-zone_15-01,zone_15,2025-09-24T00:00:00Z,10.32,0.019,48.72,122.92,32.6,safe
SNS-zone_16-01,zone_16,2025-09-24T00:00:00Z,15.52,0.023,40.04,119.04,32.6,safe
SNS-zone_01-01,zone_01,2025-09-25T00:00:00Z,19.84,0.029,46.88,132.5,0.5,safe
SNS-zone_02-01,zone_02,2025-09-25T00:00:00Z,22.32,0.028,36.22,127.5,0.5,safe
SNS-zone_03-01,zone_03,2025-09-25T00:00:00Z,16.95,0.021,37.91,126.49,0.5,safe
SNS-zone_04-01,zone_04,2025-09-25T00:00:00Z,20.52,0.033,48.11,149.53,0.5,safe
SNS-zone_05-01,zone_05,2025-09-25T00:00:00Z,17.16,0.023,52.82,135.96,0.5,safe
SNS-zone_06-01,zone_06,2025-09-25T00:00:00Z,74.52,0.169,77.32,480.74,0.5,warning
SNS-zone_07-01,zone_07,2025-09-25T00:00:00Z,67.04,0.162,89.27,472.23,0.5,warning
SNS-zone_08-01,zone_08,2025-09-25T00:00:00Z,59.29,0.135,82.83,455.02,0.5,warning
SNS-zone_09-01,zone_09,2025-09-25T00:00:00Z,10.85,0.012,36.71,112.69,0.5,safe
SNS-zone_10-01,zone_10,2025-09-25T00:00:00Z,72.88,0.151,81.5,496.52,0.5,warning
SNS-zone_11-01,zone_11,2025-09-25T00:00:00Z,164.97,0.493,132.07,1168.12,0.5,evacuation
SNS-zone_12-01,zone_12,2025-09-25T00:00:00Z,158.02,0.496,116.47,1105.07,0.5,evacuation
SNS-zone_13-01,zone_13,2025-09-25T00:00:00Z,10.99,0.023,47.93,122.55,0.5,safe
SNS-zone_14-01,zone_14,2025-09-25T00:00:00Z,15.37,0.021,44.44,124.35,0.5,safe
SNS-zone_15-01,zone_15,2025-09-25T00:00:00Z,9.93,0.014,47.63,121.92,0.5,safe
SNS-zone_16-01,zone_16,2025-09-25T00:00:00Z,15.69,0.027,38.98,130.75,0.5,safe
SNS-zone_01-01,zone_01,2025-09-26T00:00:00Z,20.17,0.023,47.93,136.11,13.5,safe
SNS-zone_02-01,zone_02,2025-09-26T00:00:00Z,20.19,0.023,37.86,133.74,13.5,safe
SNS-zone_03-01,zone_03,2025-09-26T00:00:00Z,17.59,0.023,40.16,119.31,13.5,safe
SNS-zone_04-01,zone_04,2025-09-26T00:00:00Z,20.98,0.026,46.45,144.36,13.5,safe
SNS-zone_05-01,zone_05,2025-09-26T00:00:00Z,18.63,0.023,50.78,144.83,13.5,safe
SNS-zone_06-01,zone_06,2025-09-26T00:00:00Z,79.27,0.188,76.5,495.2,13.5,warning
SNS-zone_07-01,zone_07,2025-09-26T00:00:00Z,71.87,0.168,92.11,502.64,13.5,warning
SNS-zone_08-01,zone_08,2025-09-26T00:00:00Z,64.57,0.15,84.3,463.53,13.5,warning
SNS-zone_09-01,zone_09,2025-09-26T00:00:00Z,9.17,0.014,37.27,108.3,13.5,safe
SNS-zone_10-01,zone_10,2025-09-26T00:00:00Z,69.01,0.164,83.99,478.71,13.5,warning
SNS-zone_11-01,zone_11,2025-09-26T00:00:00Z,162.48,0.482,136.96,1157.44,13.5,evacuation
SNS-zone_12-01,zone_12,2025-09-26T00:00:00Z,169.82,0.506,121.62,1174.91,13.5,evacuation
SNS-zone_13-01,zone_13,2025-09-26T00:00:00Z,11.5,0.021,51.46,132.37,13.5,safe
SNS-zone_14-01,zone_14,2025-09-26T00:00:00Z,14.39,0.027,47.02,127.09,13.5,safe
SNS-zone_15-01,zone_15,2025-09-26T00:00:00Z,11.49,0.024,47.44,131.43,13.5,safe
SNS-zone_16-01,zone_16,2025-09-26T00:00:00Z,13.6,0.018,39.92,118.41,13.5,safe
SNS-zone_01-01,zone_01,2025-09-27T00:00:00Z,21.69,0.031,50.27,149.24,20.0,safe
SNS-zone_02-01,zone_02,2025-09-27T00:00:00Z,23.08,0.036,39.03,131.74,20.0,safe
SNS-zone_03-01,zone_03,2025-09-27T00:00:00Z,22.65,0.025,40.7,143.3,20.0,safe
SNS-zone_04-01,zone_04,2025-09-27T00:00:00Z,23.02,0.022,49.82,141.57,20.0,safe
SNS-zone_05-01,zone_05,2025-09-27T00:00:00Z,18.03,0.024,51.22,129.76,20.0,safe
SNS-zone_06-01,zone_06,2025-09-27T00:00:00Z,79.38,0.169,84.08,521.57,20.0,warning
SNS-zone_07-01,zone_07,2025-09-27T00:00:00Z,71.48,0.161,96.72,504.98,20.0,warning
SNS-zone_08-01,zone_08,2025-09-27T00:00:00Z,68.12,0.144,85.33,472.12,20.0,warning
SNS-zone_09-01,zone_09,2025-09-27T00:00:00Z,14.79,0.024,37.58,125.47,20.0,safe
SNS-zone_10-01,zone_10,2025-09-27T00:00:00Z,74.74,0.151,89.79,516.41,20.0,warning
SNS-zone_11-01,zone_11,2025-09-27T00:00:00Z,172.45,0.506,144.67,1227.4,20.0,evacuation
SNS-zone_12-01,zone_12,2025-09-27T00:00:00Z,166.47,0.558,130.14,1159.1,20.0,evacuation
SNS-zone_13-01,zone_13,2025-09-27T00:00:00Z,11.42,0.022,52.37,121.45,20.0,safe
SNS-zone_14-01,zone_14,2025-09-27T00:00:00Z,18.07,0.022,48.08,134.89,20.0,safe
SNS-zone_15-01,zone_15,2025-09-27T00:00:00Z,15.16,0.024,52.1,153.45,20.0,safe
SNS-zone_16-01,zone_16,2025-09-27T00:00:00Z,15.76,0.029,40.92,123.69,20.0,safe
SNS-zone_01-01,zone_01,2025-09-28T00:00:00Z,20.04,0.026,47.43,142.98,3.5,safe
SNS-zone_02-01,zone_02,2025-09-28T00:00:00Z,21.18,0.034,36.51,134.12,3.5,safe
SNS-zone_03-01,zone_03,2025-09-28T00:00:00Z,16.12,0.023,40.79,131.66,3.5,safe
SNS-zone_04-01,zone_04,2025-09-28T00:00:00Z,22.17,0.033,48.48,144.48,3.5,safe
SNS-zone_05-01,zone_05,2025-09-28T00:00:00Z,18.82,0.032,50.87,148.49,3.5,safe
SNS-zone_06-01,zone_06,2025-09-28T00:00:00Z,80.62,0.179,79.79,516.38,3.5,warning
SNS-zone_07-01,zone_07,2025-09-28T00:00:00Z,70.46,0.167,88.49,501.19,3.5,warning
SNS-zone_08-01,zone_08,2025-09-28T00:00:00Z,64.58,0.159,86.64,472.03,3.5,warning
SNS-zone_09-01,zone_09,2025-09-28T00:00:00Z,10.95,0.017,37.93,114.87,3.5,safe
SNS-zone_10-01,zone_10,2025-09-28T00:00:00Z,72.4,0.161,89.18,498.03,3.5,warning
SNS-zone_11-01,zone_11,2025-09-28T00:00:00Z,162.88,0.489,142.52,1170.68,3.5,evacuation
SNS-zone_12-01,zone_12,2025-09-28T00:00:00Z,168.17,0.528,126.65,1160.51,3.5,evacuation
SNS-zone_13-01,zone_13,2025-09-28T00:00:00Z,11.1,0.017,50.49,124.26,3.5,safe
SNS-zone_14-01,zone_14,2025-09-28T00:00:00Z,18.24,0.03,44.92,129.36,3.5,safe
SNS-zone_15-01,zone_15,2025-09-28T00:00:00Z,13.74,0.03,50.87,136.08,3.5,safe
SNS-zone_16-01,zone_16,2025-09-28T00:00:00Z,17.77,0.027,40.32,121.41,3.5,safe
SNS-zone_01-01,zone_01,2025-09-29T00:00:00Z,18.55,0.03,48.81,133.68,0.7,safe
SNS-zone_02-01,zone_02,2025-09-29T00:00:00Z,21.61,0.033,34.89,134.59,0.7,safe
SNS-zone_03-01,zone_03,2025-09-29T00:00:00Z,18.79,0.022,38.91,123.81,0.7,safe
SNS-zone_04-01,zone_04,2025-09-29T00:00:00Z,21.72,0.032,47.83,143.92,0.7,safe
SNS-zone_05-01,zone_05,2025-09-29T00:00:00Z,15.93,0.022,48.86,131.09,0.7,safe
SNS-zone_06-01,zone_06,2025-09-29T00:00:00Z,74.64,0.162,69.35,474.13,0.7,warning
SNS-zone_07-01,zone_07,2025-09-29T00:00:00Z,68.82,0.153,87.47,490.59,0.7,warning
SNS-zone_08-01,zone_08,2025-09-29T00:00:00Z,63.99,0.161,80.81,466.04,0.7,warning
SNS-zone_09-01,zone_09,2025-09-29T00:00:00Z,9.68,0.019,37.36,106.55,0.7,safe
SNS-zone_10-01,zone_10,2025-09-29T00:00:00Z,67.76,0.162,85.82,481.39,0.7,warning
SNS-zone_11-01,zone_11,2025-09-29T00:00:00Z,167.5,0.497,132.96,1170.72,0.7,evacuation
SNS-zone_12-01,zone_12,2025-09-29T00:00:00Z,167.13,0.488,119.81,1174.2,0.7,evacuation
SNS-zone_13-01,zone_13,2025-09-29T00:00:00Z,7.2,0.016,49.5,122.64,0.7,safe
SNS-zone_14-01,zone_14,2025-09-29T00:00:00Z,17.58,0.019,43.65,143.36,0.7,safe
SNS-zone_15-01,zone_15,2025-09-29T00:00:00Z,10.51,0.019,46.72,121.43,0.7,safe
SNS-zone_16-01,zone_16,2025-09-29T00:00:00Z,17.87,0.025,39.26,120.84,0.7,safe
SNS-zone_01-01,zone_01,2025-09-30T00:00:00Z,17.84,0.023,44.33,139.37,2.3,safe
SNS-zone_02-01,zone_02,2025-09-30T00:00:00Z,20.41,0.029,35.5,126.26,2.3,safe
SNS-zone_03-01,zone_03,2025-09-30T00:00:00Z,17.3,0.015,37.57,118.04,2.3,safe
SNS-zone_04-01,zone_04,2025-09-30T00:00:00Z,21.9,0.033,43.65,144.6,2.3,safe
SNS-zone_05-01,zone_05,2025-09-30T00:00:00Z,16.85,0.024,47.22,131.01,2.3,safe
SNS-zone_06-01,zone_06,2025-09-30T00:00:00Z,74.07,0.16,72.84,475.48,2.3,warning
SNS-zone_07-01,zone_07,2025-09-30T00:00:00Z,67.11,0.159,83.01,478.05,2.3,warning
SNS-zone_08-01,zone_08,2025-09-30T00:00:00Z,64.55,0.149,77.96,448.21,2.3,warning
SNS-zone_09-01,zone_09,2025-09-30T00:00:00Z,9.74,0.021,34.46,103.2,2.3,safe
SNS-zone_10-01,zone_10,2025-09-30T00:00:00Z,66.66,0.149,77.63,466.39,2.3,warning
SNS-zone_11-01,zone_11,2025-09-30T00:00:00Z,161.99,0.482,126.88,1123.82,2.3,evacuation
SNS-zone_12-01,zone_12,2025-09-30T00:00:00Z,155.84,0.477,109.77,1078.66,2.3,evacuation
SNS-zone_13-01,zone_13,2025-09-30T00:00:00Z,9.34,0.013,48.06,121.56,2.3,safe
SNS-zone_14-01,zone_14,2025-09-30T00:00:00Z,16.33,0.028,42.27,130.77,2.3,safe
SNS-zone_15-01,zone_15,2025-09-30T00:00:00Z,12.98,0.021,46.35,122.52,2.3,safe
SNS-zone_16-01,zone_16,2025-09-30T00:00:00Z,14.91,0.017,38.28,116.54,2.3,safe
SNS-zone_01-01,zone_01,2025-10-01T00:00:00Z,17.97,0.034,47.29,140.93,10.4,safe
SNS-zone_02-01,zone_02,2025-10-01T00:00:00Z,16.91,0.029,34.48,123.86,10.4,safe
SNS-zone_03-01,zone_03,2025-10-01T00:00:00Z,17.19,0.024,38.17,131.99,10.4,safe
SNS-zone_04-01,zone_04,2025-10-01T00:00:00Z,20.76,0.029,43.63,134.9,10.4,safe
SNS-zone_05-01,zone_05,2025-10-01T00:00:00Z,18.63,0.023,47.98,140.77,10.4,safe
SNS-zone_06-01,zone_06,2025-10-01T00:00:00Z,78.58,0.172,72.53,489.02,10.4,warning
SNS-zone_07-01,zone_07,2025-10-01T00:00:00Z,66.75,0.164,84.92,502.57,10.4,warning
SNS-zone_08-01,zone_08,2025-10-01T00:00:00Z,63.45,0.139,81.21,459.57,10.4,warning
SNS-zone_09-01,zone_09,2025-10-01T00:00:00Z,8.64,0.02,37.21,105.57,10.4,safe
SNS-zone_10-01,zone_10,2025-10-01T00:00:00Z,69.18,0.158,80.53,483.6,10.4,warning
SNS-zone_11-01,zone_11,2025-10-01T00:00:00Z,161.13,0.514,135.47,1157.14,10.4,evacuation
SNS-zone_12-01,zone_12,2025-10-01T00:00:00Z,166.62,0.504,113.77,1162.75,10.4,evacuation
SNS-zone_13-01,zone_13,2025-10-01T00:00:00Z,9.35,0.016,49.31,116.7,10.4,safe
SNS-zone_14-01,zone_14,2025-10-01T00:00:00Z,18.41,0.022,43.63,134.71,10.4,safe
SNS-zone_15-01,zone_15,2025-10-01T00:00:00Z,10.65,0.017,46.91,110.78,10.4,safe
SNS-zone_16-01,zone_16,2025-10-01T00:00:00Z,12.91,0.025,36.52,115.21,10.4,safe
SNS-zone_01-01,zone_01,2025-10-02T00:00:00Z,19.26,0.024,48.58,136.5,22.4,safe
SNS-zone_02-01,zone_02,2025-10-02T00:00:00Z,21.22,0.038,35.04,134.81,22.4,safe
SNS-zone_03-01,zone_03,2025-10-02T00:00:00Z,20.79,0.028,40.15,126.54,22.4,safe
SNS-zone_04-01,zone_04,2025-10-02T00:00:00Z,25.59,0.031,49.46,153.27,22.4,safe
SNS-zone_05-01,zone_05,2025-10-02T00:00:00Z,18.73,0.029,53.49,136.61,22.4,safe
SNS-zone_06-01,zone_06,2025-10-02T00:00:00Z,79.52,0.153,78.24,508.0,22.4,warning
SNS-zone_07-01,zone_07,2025-10-02T00:00:00Z,71.77,0.164,92.94,498.17,22.4,warning
SNS-zone_08-01,zone_08,2025-10-02T00:00:00Z,71.13,0.159,86.03,482.23,22.4,warning
SNS-zone_09-01,zone_09,2025-10-02T00:00:00Z,12.5,0.026,37.77,118.04,22.4,safe
SNS-zone_10-01,zone_10,2025-10-02T00:00:00Z,72.37,0.181,90.37,490.1,22.4,warning
SNS-zone_11-01,zone_11,2025-10-02T00:00:00Z,165.03,0.486,145.88,1184.74,22.4,evacuation
SNS-zone_12-01,zone_12,2025-10-02T00:00:00Z,171.62,0.495,131.64,1184.88,22.4,evacuation
SNS-zone_13-01,zone_13,2025-10-02T00:00:00Z,8.67,0.024,50.34,128.02,22.4,safe
SNS-zone_14-01,zone_14,2025-10-02T00:00:00Z,14.72,0.021,47.28,137.61,22.4,safe
SNS-zone_15-01,zone_15,2025-10-02T00:00:00Z,14.74,0.019,50.73,127.38,22.4,safe
SNS-zone_16-01,zone_16,2025-10-02T00:00:00Z,16.89,0.025,38.86,130.24,22.4,safe
SNS-zone_01-01,zone_01,2025-10-03T00:00:00Z,27.66,0.039,54.88,167.1,43.1,safe
SNS-zone_02-01,zone_02,2025-10-03T00:00:00Z,24.84,0.038,42.59,146.33,43.1,safe
SNS-zone_03-01,zone_03,2025-10-03T00:00:00Z,25.72,0.034,45.18,149.22,43.1,safe
SNS-zone_04-01,zone_04,2025-10-03T00:00:00Z,27.0,0.036,56.77,172.49,43.1,safe
SNS-zone_05-01,zone_05,2025-10-03T00:00:00Z,24.85,0.038,58.16,150.81,43.1,safe
SNS-zone_06-01,zone_06,2025-10-03T00:00:00Z,88.69,0.185,92.56,540.25,43.1,warning
SNS-zone_07-01,zone_07,2025-10-03T00:00:00Z,78.0,0.17,108.34,526.68,43.1,warning
SNS-zone_08-01,zone_08,2025-10-03T00:00:00Z,77.98,0.174,97.34,512.95,43.1,warning
SNS-zone_09-01,zone_09,2025-10-03T00:00:00Z,15.01,0.02,43.2,124.68,43.1,safe
SNS-zone_10-01,zone_10,2025-10-03T00:00:00Z,82.27,0.191,101.51,528.38,43.1,warning
SNS-zone_11-01,zone_11,2025-10-03T00:00:00Z,183.89,0.569,178.19,1331.97,43.1,evacuation
SNS-zone_12-01,zone_12,2025-10-03T00:00:00Z,180.23,0.545,151.91,1261.66,43.1,evacuation
SNS-zone_13-01,zone_13,2025-10-03T00:00:00Z,14.1,0.026,56.65,136.7,43.1,safe
SNS-zone_14-01,zone_14,2025-10-03T00:00:00Z,18.25,0.019,55.44,142.52,43.1,safe
SNS-zone_15-01,zone_15,2025-10-03T00:00:00Z,13.0,0.015,57.05,133.42,43.1,safe
SNS-zone_16-01,zone_16,2025-10-03T00:00:00Z,19.43,0.027,44.47,136.94,43.1,safe
SNS-zone_01-01,zone_01,2025-10-04T00:00:00Z,28.93,0.047,54.63,166.96,14.3,safe
SNS-zone_02-01,zone_02,2025-10-04T00:00:00Z,24.55,0.029,41.52,143.12,14.3,safe
SNS-zone_03-01,zone_03,2025-10-04T00:00:00Z,23.71,0.028,41.72,146.15,14.3,safe
SNS-zone_04-01,zone_04,2025-10-04T00:00:00Z,24.37,0.035,53.62,149.47,14.3,safe
SNS-zone_05-01,zone_05,2025-10-04T00:00:00Z,21.88,0.037,59.53,150.27,14.3,safe
SNS-zone_06-01,zone_06,2025-10-04T00:00:00Z,82.83,0.167,89.23,529.73,14.3,warning
SNS-zone_07-01,zone_07,2025-10-04T00:00:00Z,81.5,0.169,107.28,559.5,14.3,warning
SNS-zone_08-01,zone_08,2025-10-04T00:00:00Z,74.32,0.173,96.34,493.53,14.3,warning
SNS-zone_09-01,zone_09,2025-10-04T00:00:00Z,14.41,0.028,44.28,137.65,14.3,safe
SNS-zone_10-01,zone_10,2025-10-04T00:00:00Z,84.29,0.194,101.26,546.38,14.3,warning
SNS-zone_11-01,zone_11,2025-10-04T00:00:00Z,178.47,0.528,172.29,1286.15,14.3,evacuation
SNS-zone_12-01,zone_12,2025-10-04T00:00:00Z,182.87,0.556,151.13,1253.87,14.3,evacuation
SNS-zone_13-01,zone_13,2025-10-04T00:00:00Z,13.36,0.028,57.91,131.72,14.3,safe
SNS-zone_14-01,zone_14,2025-10-04T00:00:00Z,20.77,0.023,55.14,146.25,14.3,safe
SNS-zone_15-01,zone_15,2025-10-04T00:00:00Z,14.75,0.028,58.25,148.97,14.3,safe
SNS-zone_16-01,zone_16,2025-10-04T00:00:00Z,18.84,0.037,45.4,139.4,14.3,safe
SNS-zone_01-01,zone_01,2025-10-05T00:00:00Z,22.86,0.033,53.02,147.96,3.2,safe
SNS-zone_02-01,zone_02,2025-10-05T00:00:00Z,26.95,0.034,40.64,151.54,3.2,safe
SNS-zone_03-01,zone_03,2025-10-05T00:00:00Z,23.06,0.032,43.11,142.13,3.2,safe
SNS-zone_04-01,zone_04,2025-10-05T00:00:00Z,27.9,0.04,53.93,169.52,3.2,safe
SNS-zone_05-01,zone_05,2025-10-05T00:00:00Z,21.27,0.028,55.07,140.53,3.2,safe
SNS-zone_06-01,zone_06,2025-10-05T00:00:00Z,86.09,0.198,83.54,522.23,3.2,warning
SNS-zone_07-01,zone_07,2025-10-05T00:00:00Z,81.91,0.189,99.54,539.79,3.2,warning
SNS-zone_08-01,zone_08,2025-10-05T00:00:00Z,72.38,0.162,94.5,497.25,3.2,warning
SNS-zone_09-01,zone_09,2025-10-05T00:00:00Z,15.67,0.034,41.44,117.74,3.2,safe
SNS-zone_10-01,zone_10,2025-10-05T00:00:00Z,86.67,0.198,96.04,548.59,3.2,warning
SNS-zone_11-01,zone_11,2025-10-05T00:00:00Z,178.92,0.542,162.25,1269.47,3.2,evacuation
SNS-zone_12-01,zone_12,2025-10-05T00:00:00Z,176.12,0.517,139.96,1233.9,3.2,evacuation
SNS-zone_13-01,zone_13,2025-10-05T00:00:00Z,11.23,0.014,51.58,125.06,3.2,safe
SNS-zone_14-01,zone_14,2025-10-05T00:00:00Z,15.41,0.021,52.59,142.59,3.2,safe
SNS-zone_15-01,zone_15,2025-10-05T00:00:00Z,12.94,0.021,53.09,130.58,3.2,safe
SNS-zone_16-01,zone_16,2025-10-05T00:00:00Z,20.07,0.028,43.86,139.81,3.2,safe
SNS-zone_01-01,zone_01,2025-10-06T00:00:00Z,23.62,0.031,50.55,154.88,5.8,safe
SNS-zone_02-01,zone_02,2025-10-06T00:00:00Z,21.41,0.029,39.03,140.54,5.8,safe
SNS-zone_03-01,zone_03,2025-10-06T00:00:00Z,20.66,0.03,40.87,139.37,5.8,safe
SNS-zone_04-01,zone_04,2025-10-06T00:00:00Z,22.63,0.032,50.26,154.3,5.8,safe
SNS-zone_05-01,zone_05,2025-10-06T00:00:00Z,22.6,0.025,53.99,146.72,5.8,safe
SNS-zone_06-01,zone_06,2025-10-06T00:00:00Z,76.2,0.171,83.42,506.88,5.8,warning
SNS-zone_07-01,zone_07,2025-10-06T00:00:00Z,73.92,0.166,100.88,517.33,5.8,warning
SNS-zone_08-01,zone_08,2025-10-06T00:00:00Z,72.83,0.169,92.45,509.22,5.8,warning
SNS-zone_09-01,zone_09,2025-10-06T00:00:00Z,13.1,0.024,39.38,108.91,5.8,safe
SNS-zone_10-01,zone_10,2025-10-06T00:00:00Z,78.18,0.178,94.43,516.98,5.8,warning
SNS-zone_11-01,zone_11,2025-10-06T00:00:00Z,174.38,0.5,154.54,1232.21,5.8,evacuation
SNS-zone_12-01,zone_12,2025-10-06T00:00:00Z,171.61,0.53,134.26,1188.52,5.8,evacuation
SNS-zone_13-01,zone_13,2025-10-06T00:00:00Z,13.12,0.027,53.79,129.78,5.8,safe
SNS-zone_14-01,zone_14,2025-10-06T00:00:00Z,17.67,0.023,48.58,132.27,5.8,safe
SNS-zone_15-01,zone_15,2025-10-06T00:00:00Z,12.55,0.023,52.59,133.92,5.8,safe
SNS-zone_16-01,zone_16,2025-10-06T00:00:00Z,15.42,0.016,42.48,127.92,5.8,safe
SNS-zone_01-01,zone_01,2025-10-07T00:00:00Z,18.34,0.03,48.06,136.18,2.8,safe
SNS-zone_02-01,zone_02,2025-10-07T00:00:00Z,27.63,0.032,37.82,150.09,2.8,safe
SNS-zone_03-01,zone_03,2025-10-07T00:00:00Z,19.59,0.02,40.09,136.77,2.8,safe
SNS-zone_04-01,zone_04,2025-10-07T00:00:00Z,24.03,0.037,49.23,153.71,2.8,safe
SNS-zone_05-01,zone_05,2025-10-07T00:00:00Z,21.85,0.034,52.75,142.96,2.8,safe
SNS-zone_06-01,zone_06,2025-10-07T00:00:00Z,79.5,0.183,78.63,508.6,2.8,warning
SNS-zone_07-01,zone_07,2025-10-07T00:00:00Z,71.92,0.169,89.2,504.4,2.8,warning
SNS-zone_08-01,zone_08,2025-10-07T00:00:00Z,68.21,0.163,85.06,480.93,2.8,warning
SNS-zone_09-01,zone_09,2025-10-07T00:00:00Z,12.11,0.017,37.15,111.07,2.8,safe
SNS-zone_10-01,zone_10,2025-10-07T00:00:00Z,73.79,0.178,89.82,504.71,2.8,warning
SNS-zone_11-01,zone_11,2025-10-07T00:00:00Z,170.65,0.508,147.43,1218.59,2.8,evacuation
SNS-zone_12-01,zone_12,2025-10-07T00:00:00Z,166.02,0.516,125.81,1149.44,2.8,evacuation
SNS-zone_13-01,zone_13,2025-10-07T00:00:00Z,10.57,0.029,52.66,123.66,2.8,safe
SNS-zone_14-01,zone_14,2025-10-07T00:00:00Z,12.96,0.022,48.25,134.98,2.8,safe
SNS-zone_15-01,zone_15,2025-10-07T00:00:00Z,11.63,0.017,49.73,124.4,2.8,safe
SNS-zone_16-01,zone_16,2025-10-07T00:00:00Z,16.74,0.031,39.54,132.34,2.8,safe
SNS-zone_01-01,zone_01,2025-10-08T00:00:00Z,17.82,0.028,48.5,138.58,6.0,safe
SNS-zone_02-01,zone_02,2025-10-08T00:00:00Z,24.12,0.026,36.88,140.52,6.0,safe
SNS-zone_03-01,zone_03,2025-10-08T00:00:00Z,17.93,0.031,41.59,133.17,6.0,safe
SNS-zone_04-01,zone_04,2025-10-08T00:00:00Z,23.83,0.034,49.76,156.41,6.0,safe
SNS-zone_05-01,zone_05,2025-10-08T00:00:00Z,21.4,0.02,51.27,148.01,6.0,safe
SNS-zone_06-01,zone_06,2025-10-08T00:00:00Z,79.02,0.173,79.98,494.23,6.0,warning
SNS-zone_07-01,zone_07,2025-10-08T00:00:00Z,70.34,0.172,91.7,490.92,6.0,warning
SNS-zone_08-01,zone_08,2025-10-08T00:00:00Z,70.62,0.164,87.52,480.15,6.0,warning
SNS-zone_09-01,zone_09,2025-10-08T00:00:00Z,11.66,0.018,36.74,105.99,6.0,safe
SNS-zone_10-01,zone_10,2025-10-08T00:00:00Z,75.9,0.166,90.67,525.29,6.0,warning
SNS-zone_11-01,zone_11,2025-10-08T00:00:00Z,167.12,0.504,139.34,1187.06,6.0,evacuation
SNS-zone_12-01,zone_12,2025-10-08T00:00:00Z,167.02,0.505,122.87,1180.65,6.0,evacuation
SNS-zone_13-01,zone_13,2025-10-08T00:00:00Z,10.6,0.021,51.05,131.19,6.0,safe
SNS-zone_14-01,zone_14,2025-10-08T00:00:00Z,14.74,0.026,45.28,132.68,6.0,safe
SNS-zone_15-01,zone_15,2025-10-08T00:00:00Z,12.35,0.028,49.24,127.71,6.0,safe
SNS-zone_16-01,zone_16,2025-10-08T00:00:00Z,16.49,0.02,39.47,130.67,6.0,safe
SNS-zone_01-01,zone_01,2025-10-09T00:00:00Z,18.01,0.022,45.46,135.37,0.4,safe
SNS-zone_02-01,zone_02,2025-10-09T00:00:00Z,20.49,0.033,37.17,141.61,0.4,safe
SNS-zone_03-01,zone_03,2025-10-09T00:00:00Z,15.68,0.021,37.34,120.39,0.4,safe
SNS-zone_04-01,zone_04,2025-10-09T00:00:00Z,23.24,0.036,45.81,139.96,0.4,safe
SNS-zone_05-01,zone_05,2025-10-09T00:00:00Z,20.18,0.027,49.02,138.94,0.4,safe
SNS-zone_06-01,zone_06,2025-10-09T00:00:00Z,78.0,0.186,79.85,521.15,0.4,warning
SNS-zone_07-01,zone_07,2025-10-09T00:00:00Z,69.09,0.172,85.27,485.61,0.4,warning
SNS-zone_08-01,zone_08,2025-10-09T00:00:00Z,67.54,0.181,83.14,472.18,0.4,warning
SNS-zone_09-01,zone_09,2025-10-09T00:00:00Z,13.92,0.019,36.91,119.92,0.4,safe
SNS-zone_10-01,zone_10,2025-10-09T00:00:00Z,74.09,0.165,84.17,489.69,0.4,warning
SNS-zone_11-01,zone_11,2025-10-09T00:00:00Z,158.56,0.481,138.31,1170.66,0.4,evacuation
SNS-zone_12-01,zone_12,2025-10-09T00:00:00Z,166.41,0.503,119.61,1161.31,0.4,evacuation
SNS-zone_13-01,zone_13,2025-10-09T00:00:00Z,9.26,0.011,48.06,123.62,0.4,safe
SNS-zone_14-01,zone_14,2025-10-09T00:00:00Z,14.56,0.025,46.45,129.95,0.4,safe
SNS-zone_15-01,zone_15,2025-10-09T00:00:00Z,12.73,0.021,47.0,126.15,0.4,safe
SNS-zone_16-01,zone_16,2025-10-09T00:00:00Z,14.35,0.021,38.53,119.24,0.4,safe
SNS-zone_01-01,zone_01,2025-10-10T00:00:00Z,17.94,0.031,46.33,141.22,4.7,safe
SNS-zone_02-01,zone_02,2025-10-10T00:00:00Z,23.09,0.035,35.06,136.19,4.7,safe
SNS-zone_03-01,zone_03,2025-10-10T00:00:00Z,14.85,0.024,40.63,120.53,4.7,safe
SNS-zone_04-01,zone_04,2025-10-10T00:00:00Z,22.21,0.033,44.27,138.91,4.7,safe
SNS-zone_05-01,zone_05,2025-10-10T00:00:00Z,13.82,0.019,48.26,137.02,4.7,safe
SNS-zone_06-01,zone_06,2025-10-10T00:00:00Z,76.29,0.158,73.82,489.28,4.7,warning
SNS-zone_07-01,zone_07,2025-10-10T00:00:00Z,64.07,0.156,86.34,462.15,4.7,warning
SNS-zone_08-01,zone_08,2025-10-10T00:00:00Z,62.64,0.166,78.46,459.24,4.7,warning
SNS-zone_09-01,zone_09,2025-10-10T00:00:00Z,9.6,0.022,35.1,104.47,4.7,safe
SNS-zone_10-01,zone_10,2025-10-10T00:00:00Z,67.22,0.169,84.6,467.47,4.7,warning
SNS-zone_11-01,zone_11,2025-10-10T00:00:00Z,159.35,0.479,126.15,1143.39,4.7,evacuation
SNS-zone_12-01,zone_12,2025-10-10T00:00:00Z,156.03,0.466,115.84,1091.67,4.7,evacuation
SNS-zone_13-01,zone_13,2025-10-10T00:00:00Z,10.83,0.026,47.77,119.03,4.7,safe
SNS-zone_14-01,zone_14,2025-10-10T00:00:00Z,17.02,0.025,44.88,128.75,4.7,safe
SNS-zone_15-01,zone_15,2025-10-10T00:00:00Z,10.78,0.016,46.29,121.4,4.7,safe
SNS-zone_16-01,zone_16,2025-10-10T00:00:00Z,16.18,0.026,37.96,128.01,4.7,safe
SNS-zone_01-01,zone_01,2025-10-11T00:00:00Z,14.76,0.026,43.41,128.46,2.9,safe
SNS-zone_02-01,zone_02,2025-10-11T00:00:00Z,19.46,0.032,35.53,125.12,2.9,safe
SNS-zone_03-01,zone_03,2025-10-11T00:00:00Z,14.72,0.022,36.51,120.49,2.9,safe
SNS-zone_04-01,zone_04,2025-10-11T00:00:00Z,18.95,0.025,44.77,138.55,2.9,safe
SNS-zone_05-01,zone_05,2025-10-11T00:00:00Z,17.46,0.028,48.1,142.8,2.9,safe
SNS-zone_06-01,zone_06,2025-10-11T00:00:00Z,77.68,0.178,71.81,486.05,2.9,warning
SNS-zone_07-01,zone_07,2025-10-11T00:00:00Z,64.75,0.154,82.33,476.45,2.9,warning
SNS-zone_08-01,zone_08,2025-10-11T00:00:00Z,63.79,0.151,77.8,468.37,2.9,warning
SNS-zone_09-01,zone_09,2025-10-11T00:00:00Z,10.27,0.025,35.03,106.06,2.9,safe
SNS-zone_10-01,zone_10,2025-10-11T00:00:00Z,69.27,0.157,81.66,479.75,2.9,warning
SNS-zone_11-01,zone_11,2025-10-11T00:00:00Z,157.34,0.483,122.96,1108.09,2.9,evacuation
SNS-zone_12-01,zone_12,2025-10-11T00:00:00Z,155.39,0.459,116.3,1089.34,2.9,evacuation
SNS-zone_13-01,zone_13,2025-10-11T00:00:00Z,8.13,0.016,49.08,114.11,2.9,safe
SNS-zone_14-01,zone_14,2025-10-11T00:00:00Z,14.92,0.017,42.32,128.63,2.9,safe
SNS-zone_15-01,zone_15,2025-10-11T00:00:00Z,11.36,0.023,43.7,123.19,2.9,safe
SNS-zone_16-01,zone_16,2025-10-11T00:00:00Z,17.81,0.033,36.81,118.38,2.9,safe
SNS-zone_01-01,zone_01,2025-10-12T00:00:00Z,20.61,0.033,44.47,142.67,0.1,safe
SNS-zone_02-01,zone_02,2025-10-12T00:00:00Z,19.49,0.03,33.61,121.71,0.1,safe
SNS-zone_03-01,zone_03,2025-10-12T00:00:00Z,13.33,0.024,36.99,108.75,0.1,safe
SNS-zone_04-01,zone_04,2025-10-12T00:00:00Z,20.7,0.025,44.58,142.1,0.1,safe
SNS-zone_05-01,zone_05,2025-10-12T00:00:00Z,15.42,0.017,45.79,133.71,0.1,safe
SNS-zone_06-01,zone_06,2025-10-12T00:00:00Z,71.1,0.155,71.0,467.78,0.1,warning
SNS-zone_07-01,zone_07,2025-10-12T00:00:00Z,65.79,0.167,79.44,464.47,0.1,warning
SNS-zone_08-01,zone_08,2025-10-12T00:00:00Z,64.59,0.161,76.61,462.62,0.1,warning
SNS-zone_09-01,zone_09,2025-10-12T00:00:00Z,6.54,0.01,33.45,108.72,0.1,safe
SNS-zone_10-01,zone_10,2025-10-12T00:00:00Z,70.02,0.179,77.18,478.31,0.1,warning
SNS-zone_11-01,zone_11,2025-10-12T00:00:00Z,134.79,0.421,122.67,1019.25,0.1,evacuation
SNS-zone_12-01,zone_12,2025-10-12T00:00:00Z,138.39,0.431,107.0,1028.5,0.1,evacuation
SNS-zone_13-01,zone_13,2025-10-12T00:00:00Z,10.28,0.017,49.51,122.75,0.1,safe
SNS-zone_14-01,zone_14,2025-10-12T00:00:00Z,12.81,0.027,42.94,119.58,0.1,safe
SNS-zone_15-01,zone_15,2025-10-12T00:00:00Z,10.83,0.023,44.23,121.63,0.1,safe
SNS-zone_16-01,zone_16,2025-10-12T00:00:00Z,15.42,0.021,35.06,117.36,0.1,safe
SNS-zone_01-01,zone_01,2025-10-13T00:00:00Z,14.9,0.027,44.18,125.37,1.0,safe
SNS-zone_02-01,zone_02,2025-10-13T00:00:00Z,18.06,0.032,35.86,125.71,1.0,safe
SNS-zone_03-01,zone_03,2025-10-13T00:00:00Z,13.35,0.025,38.63,119.12,1.0,safe
SNS-zone_04-01,zone_04,2025-10-13T00:00:00Z,19.58,0.035,41.94,139.3,1.0,safe
SNS-zone_05-01,zone_05,2025-10-13T00:00:00Z,14.55,0.024,45.87,134.15,1.0,safe
SNS-zone_06-01,zone_06,2025-10-13T00:00:00Z,69.29,0.172,66.41,453.14,1.0,warning
SNS-zone_07-01,zone_07,2025-10-13T00:00:00Z,64.08,0.141,75.82,469.46,1.0,warning
SNS-zone_08-01,zone_08,2025-10-13T00:00:00Z,63.07,0.152,78.11,460.47,1.0,warning
SNS-zone_09-01,zone_09,2025-10-13T00:00:00Z,6.43,0.023,32.0,108.69,1.0,safe
SNS-zone_10-01,zone_10,2025-10-13T00:00:00Z,64.58,0.144,73.13,452.92,1.0,warning
SNS-zone_11-01,zone_11,2025-10-13T00:00:00Z,133.71,0.413,114.57,995.45,1.0,evacuation
SNS-zone_12-01,zone_12,2025-10-13T00:00:00Z,134.53,0.409,98.68,1002.27,1.0,evacuation
SNS-zone_13-01,zone_13,2025-10-13T00:00:00Z,7.32,0.017,45.73,105.61,1.0,safe
SNS-zone_14-01,zone_14,2025-10-13T00:00:00Z,14.7,0.019,41.02,117.45,1.0,safe
SNS-zone_15-01,zone_15,2025-10-13T00:00:00Z,7.56,0.017,42.06,106.74,1.0,safe
SNS-zone_16-01,zone_16,2025-10-13T00:00:00Z,15.81,0.022,35.18,122.33,1.0,safe
SNS-zone_01-01,zone_01,2025-10-14T00:00:00Z,12.61,0.022,41.24,116.56,0.0,safe
SNS-zone_02-01,zone_02,2025-10-14T00:00:00Z,19.89,0.03,32.62,121.06,0.0,safe
SNS-zone_03-01,zone_03,2025-10-14T00:00:00Z,15.03,0.03,34.39,118.46,0.0,safe
SNS-zone_04-01,zone_04,2025-10-14T00:00:00Z,21.43,0.025,40.76,127.06,0.0,safe
SNS-zone_05-01,zone_05,2025-10-14T00:00:00Z,15.74,0.021,44.86,120.71,0.0,safe
SNS-zone_06-01,zone_06,2025-10-14T00:00:00Z,71.92,0.174,64.6,461.32,0.0,warning
SNS-zone_07-01,zone_07,2025-10-14T00:00:00Z,63.83,0.15,74.42,464.73,0.0,warning
SNS-zone_08-01,zone_08,2025-10-14T00:00:00Z,61.53,0.157,75.18,450.0,0.0,warning
SNS-zone_09-01,zone_09,2025-10-14T00:00:00Z,6.22,0.017,33.88,109.71,0.0,safe
SNS-zone_10-01,zone_10,2025-10-14T00:00:00Z,64.17,0.169,72.46,458.05,0.0,warning
SNS-zone_11-01,zone_11,2025-10-14T00:00:00Z,133.85,0.428,113.28,1008.03,0.0,evacuation
SNS-zone_12-01,zone_12,2025-10-14T00:00:00Z,135.45,0.41,101.47,982.69,0.0,evacuation
SNS-zone_13-01,zone_13,2025-10-14T00:00:00Z,3.71,0.019,46.42,108.72,0.0,safe
SNS-zone_14-01,zone_14,2025-10-14T00:00:00Z,12.96,0.026,40.73,116.77,0.0,safe
SNS-zone_15-01,zone_15,2025-10-14T00:00:00Z,5.89,0.014,41.79,113.36,0.0,safe
SNS-zone_16-01,zone_16,2025-10-14T00:00:00Z,15.71,0.023,38.08,127.32,0.0,safe
SNS-zone_01-01,zone_01,2025-10-15T00:00:00Z,9.38,0.012,44.24,118.31,0.0,safe
SNS-zone_02-01,zone_02,2025-10-15T00:00:00Z,20.32,0.039,31.95,132.58,0.0,safe
SNS-zone_03-01,zone_03,2025-10-15T00:00:00Z,14.51,0.026,34.54,120.32,0.0,safe
SNS-zone_04-01,zone_04,2025-10-15T00:00:00Z,17.41,0.028,39.82,120.21,0.0,safe
SNS-zone_05-01,zone_05,2025-10-15T00:00:00Z,15.38,0.026,44.06,133.8,0.0,safe
SNS-zone_06-01,zone_06,2025-10-15T00:00:00Z,73.02,0.165,67.25,474.32,0.0,warning
SNS-zone_07-01,zone_07,2025-10-15T00:00:00Z,62.17,0.139,71.9,457.01,0.0,warning
SNS-zone_08-01,zone_08,2025-10-15T00:00:00Z,56.87,0.134,75.81,437.87,0.0,warning
SNS-zone_09-01,zone_09,2025-10-15T00:00:00Z,6.45,0.015,32.61,96.56,0.0,safe
SNS-zone_10-01,zone_10,2025-10-15T00:00:00Z,64.76,0.166,71.91,455.35,0.0,warning
SNS-zone_11-01,zone_11,2025-10-15T00:00:00Z,129.18,0.395,106.62,983.44,0.0,evacuation
SNS-zone_12-01,zone_12,2025-10-15T00:00:00Z,133.34,0.414,93.1,974.04,0.0,evacuation
SNS-zone_13-01,zone_13,2025-10-15T00:00:00Z,8.51,0.02,43.54,108.8,0.0,safe
SNS-zone_14-01,zone_14,2025-10-15T00:00:00Z,13.96,0.023,37.5,118.44,0.0,safe
SNS-zone_15-01,zone_15,2025-10-15T00:00:00Z,10.17,0.017,41.47,102.1,0.0,safe
SNS-zone_16-01,zone_16,2025-10-15T00:00:00Z,13.22,0.018,32.3,116.8,0.0,safe
SNS-zone_01-01,zone_01,2025-10-16T00:00:00Z,13.17,0.018,40.32,119.62,0.0,safe
SNS-zone_02-01,zone_02,2025-10-16T00:00:00Z,19.02,0.026,32.43,125.24,0.0,safe
SNS-zone_03-01,zone_03,2025-10-16T00:00:00Z,10.84,0.02,35.29,115.13,0.0,safe
SNS-zone_04-01,zone_04,2025-10-16T00:00:00Z,19.71,0.029,40.1,136.91,0.0,safe
SNS-zone_05-01,zone_05,2025-10-16T00:00:00Z,13.54,0.013,41.41,121.71,0.0,safe
SNS-zone_06-01,zone_06,2025-10-16T00:00:00Z,75.1,0.175,61.64,464.35,0.0,warning
SNS-zone_07-01,zone_07,2025-10-16T00:00:00Z,59.36,0.142,69.58,441.69,0.0,warning
SNS-zone_08-01,zone_08,2025-10-16T00:00:00Z,61.03,0.146,71.52,449.22,0.0,warning
SNS-zone_09-01,zone_09,2025-10-16T00:00:00Z,6.66,0.016,30.65,97.13,0.0,safe
SNS-zone_10-01,zone_10,2025-10-16T00:00:00Z,62.2,0.144,74.04,442.47,0.0,warning
SNS-zone_11-01,zone_11,2025-10-16T00:00:00Z,136.29,0.39,104.45,1012.78,0.0,evacuation
SNS-zone_12-01,zone_12,2025-10-16T00:00:00Z,134.28,0.403,89.1,961.55,0.0,evacuation
SNS-zone_13-01,zone_13,2025-10-16T00:00:00Z,5.14,0.018,43.33,101.56,0.0,safe
SNS-zone_14-01,zone_14,2025-10-16T00:00:00Z,12.46,0.023,37.45,109.47,0.0,safe
SNS-zone_15-01,zone_15,2025-10-16T00:00:00Z,7.46,0.023,40.12,105.66,0.0,safe
SNS-zone_16-01,zone_16,2025-10-16T00:00:00Z,14.23,0.02,31.19,114.09,0.0,safe
SNS-zone_01-01,zone_01,2025-10-17T00:00:00Z,12.03,0.022,39.55,112.38,0.0,safe
SNS-zone_02-01,zone_02,2025-10-17T00:00:00Z,17.84,0.032,31.77,121.86,0.0,safe
SNS-zone_03-01,zone_03,2025-10-17T00:00:00Z,9.07,0.02,32.31,101.33,0.0,safe
SNS-zone_04-01,zone_04,2025-10-17T00:00:00Z,18.78,0.031,40.64,126.03,0.0,safe
SNS-zone_05-01,zone_05,2025-10-17T00:00:00Z,15.07,0.017,44.02,133.32,0.0,safe
SNS-zone_06-01,zone_06,2025-10-17T00:00:00Z,68.36,0.165,64.79,463.92,0.0,warning
SNS-zone_07-01,zone_07,2025-10-17T00:00:00Z,56.21,0.135,71.75,413.76,0.0,warning
SNS-zone_08-01,zone_08,2025-10-17T00:00:00Z,57.11,0.118,67.81,435.24,0.0,warning
SNS-zone_09-01,zone_09,2025-10-17T00:00:00Z,0.94,0.014,32.27,86.88,0.0,safe
SNS-zone_10-01,zone_10,2025-10-17T00:00:00Z,61.18,0.151,69.12,446.75,0.0,warning
SNS-zone_11-01,zone_11,2025-10-17T00:00:00Z,140.7,0.437,102.27,1023.68,0.0,evacuation
SNS-zone_12-01,zone_12,2025-10-17T00:00:00Z,132.1,0.419,91.41,980.38,0.0,evacuation
SNS-zone_13-01,zone_13,2025-10-17T00:00:00Z,5.21,0.016,44.3,98.96,0.0,safe
SNS-zone_14-01,zone_14,2025-10-17T00:00:00Z,14.59,0.019,36.71,117.68,0.0,safe
SNS-zone_15-01,zone_15,2025-10-17T00:00:00Z,9.13,0.013,40.84,111.15,0.0,safe
SNS-zone_16-01,zone_16,2025-10-17T00:00:00Z,15.39,0.019,30.7,116.35,0.0,safe
SNS-zone_01-01,zone_01,2025-10-18T00:00:00Z,9.61,0.021,40.08,121.93,0.0,safe
SNS-zone_02-01,zone_02,2025-10-18T00:00:00Z,19.79,0.028,29.86,129.98,0.0,safe
SNS-zone_03-01,zone_03,2025-10-18T00:00:00Z,12.19,0.022,34.33,101.39,0.0,safe
SNS-zone_04-01,zone_04,2025-10-18T00:00:00Z,17.28,0.022,38.72,125.85,0.0,safe
SNS-zone_05-01,zone_05,2025-10-18T00:00:00Z,17.49,0.029,43.05,124.92,0.0,safe
SNS-zone_06-01,zone_06,2025-10-18T00:00:00Z,68.16,0.155,65.24,445.38,0.0,warning
SNS-zone_07-01,zone_07,2025-10-18T00:00:00Z,56.64,0.125,69.64,419.86,0.0,warning
SNS-zone_08-01,zone_08,2025-10-18T00:00:00Z,60.41,0.144,72.72,454.22,0.0,warning
SNS-zone_09-01,zone_09,2025-10-18T00:00:00Z,4.99,0.019,31.48,93.5,0.0,safe
SNS-zone_10-01,zone_10,2025-10-18T00:00:00Z,57.77,0.156,67.71,432.99,0.0,warning
SNS-zone_11-01,zone_11,2025-10-18T00:00:00Z,133.33,0.417,104.94,1001.27,0.0,evacuation
SNS-zone_12-01,zone_12,2025-10-18T00:00:00Z,131.79,0.404,92.39,952.68,0.0,evacuation
SNS-zone_13-01,zone_13,2025-10-18T00:00:00Z,4.74,0.01,43.44,113.2,0.0,safe
SNS-zone_14-01,zone_14,2025-10-18T00:00:00Z,12.37,0.02,36.76,119.01,0.0,safe
SNS-zone_15-01,zone_15,2025-10-18T00:00:00Z,5.17,0.015,37.08,100.25,0.0,safe
SNS-zone_16-01,zone_16,2025-10-18T00:00:00Z,12.55,0.024,30.07,111.33,0.0,safe
SNS-zone_01-01,zone_01,2025-10-19T00:00:00Z,10.53,0.023,37.29,107.15,0.1,safe
SNS-zone_02-01,zone_02,2025-10-19T00:00:00Z,17.01,0.025,28.29,122.19,0.1,safe
SNS-zone_03-01,zone_03,2025-10-19T00:00:00Z,11.2,0.022,32.0,106.18,0.1,safe
SNS-zone_04-01,zone_04,2025-10-19T00:00:00Z,19.04,0.024,38.61,132.24,0.1,safe
SNS-zone_05-01,zone_05,2025-10-19T00:00:00Z,11.62,0.024,41.21,119.23,0.1,safe
SNS-zone_06-01,zone_06,2025-10-19T00:00:00Z,69.16,0.145,61.93,451.02,0.1,warning
SNS-zone_07-01,zone_07,2025-10-19T00:00:00Z,59.06,0.153,67.83,443.61,0.1,warning
SNS-zone_08-01,zone_08,2025-10-19T00:00:00Z,59.87,0.152,66.35,444.08,0.1,warning
SNS-zone_09-01,zone_09,2025-10-19T00:00:00Z,4.41,0.021,31.61,92.65,0.1,safe
SNS-zone_10-01,zone_10,2025-10-19T00:00:00Z,60.17,0.142,68.83,446.19,0.1,warning
SNS-zone_11-01,zone_11,2025-10-19T00:00:00Z,131.95,0.397,101.88,983.05,0.1,evacuation
SNS-zone_12-01,zone_12,2025-10-19T00:00:00Z,131.09,0.401,87.79,939.48,0.1,evacuation
SNS-zone_13-01,zone_13,2025-10-19T00:00:00Z,3.78,0.01,40.01,101.87,0.1,safe
SNS-zone_14-01,zone_14,2025-10-19T00:00:00Z,14.98,0.03,36.36,121.85,0.1,safe
SNS-zone_15-01,zone_15,2025-10-19T00:00:00Z,6.74,0.013,38.97,113.85,0.1,safe
SNS-zone_16-01,zone_16,2025-10-19T00:00:00Z,10.74,0.026,32.68,107.42,0.1,safe
SNS-zone_01-01,zone_01,2025-10-20T00:00:00Z,9.97,0.023,38.67,113.13,0.9,safe
SNS-zone_02-01,zone_02,2025-10-20T00:00:00Z,17.11,0.028,29.56,121.41,0.9,safe
SNS-zone_03-01,zone_03,2025-10-20T00:00:00Z,11.89,0.023,33.08,114.44,0.9,safe
SNS-zone_04-01,zone_04,2025-10-20T00:00:00Z,20.09,0.037,38.42,135.09,0.9,safe
SNS-zone_05-01,zone_05,2025-10-20T00:00:00Z,15.62,0.018,40.37,116.39,0.9,safe
SNS-zone_06-01,zone_06,2025-10-20T00:00:00Z,73.85,0.173,62.22,471.36,0.9,warning
SNS-zone_07-01,zone_07,2025-10-20T00:00:00Z,53.77,0.14,67.04,421.68,0.9,warning
SNS-zone_08-01,zone_08,2025-10-20T00:00:00Z,58.91,0.137,68.7,429.98,0.9,warning
SNS-zone_09-01,zone_09,2025-10-20T00:00:00Z,3.75,0.018,27.18,92.77,0.9,safe
SNS-zone_10-01,zone_10,2025-10-20T00:00:00Z,56.79,0.136,65.85,423.62,0.9,warning
SNS-zone_11-01,zone_11,2025-10-20T00:00:00Z,129.29,0.393,100.09,957.83,0.9,evacuation
SNS-zone_12-01,zone_12,2025-10-20T00:00:00Z,134.86,0.426,86.74,974.9,0.9,evacuation
SNS-zone_13-01,zone_13,2025-10-20T00:00:00Z,6.24,0.017,41.41,107.45,0.9,safe
SNS-zone_14-01,zone_14,2025-10-20T00:00:00Z,11.49,0.027,38.08,118.31,0.9,safe
SNS-zone_15-01,zone_15,2025-10-20T00:00:00Z,7.24,0.021,40.22,105.84,0.9,safe
SNS-zone_16-01,zone_16,2025-10-20T00:00:00Z,13.47,0.025,32.83,124.2,0.9,safe
SNS-zone_01-01,zone_01,2025-10-21T00:00:00Z,9.37,0.016,37.94,106.16,0.0,safe
SNS-zone_02-01,zone_02,2025-10-21T00:00:00Z,17.19,0.022,30.28,116.14,0.0,safe
SNS-zone_03-01,zone_03,2025-10-21T00:00:00Z,10.6,0.023,33.78,103.56,0.0,safe
SNS-zone_04-01,zone_04,2025-10-21T00:00:00Z,20.06,0.031,40.16,127.35,0.0,safe
SNS-zone_05-01,zone_05,2025-10-21T00:00:00Z,13.74,0.026,40.96,117.6,0.0,safe
SNS-zone_06-01,zone_06,2025-10-21T00:00:00Z,69.65,0.164,61.93,462.97,0.0,warning
SNS-zone_07-01,zone_07,2025-10-21T00:00:00Z,51.2,0.13,68.59,405.59,0.0,warning
SNS-zone_08-01,zone_08,2025-10-21T00:00:00Z,55.43,0.129,71.18,420.6,0.0,warning
SNS-zone_09-01,zone_09,2025-10-21T00:00:00Z,3.93,0.011,30.13,84.36,0.0,safe
SNS-zone_10-01,zone_10,2025-10-21T00:00:00Z,57.04,0.156,68.36,422.16,0.0,warning
SNS-zone_11-01,zone_11,2025-10-21T00:00:00Z,130.98,0.406,96.49,966.0,0.0,evacuation
SNS-zone_12-01,zone_12,2025-10-21T00:00:00Z,133.7,0.394,83.56,948.14,0.0,evacuation
SNS-zone_13-01,zone_13,2025-10-21T00:00:00Z,4.02,0.017,43.31,100.25,0.0,safe
SNS-zone_14-01,zone_14,2025-10-21T00:00:00Z,14.21,0.022,38.12,124.21,0.0,safe
SNS-zone_15-01,zone_15,2025-10-21T00:00:00Z,6.73,0.018,40.58,109.38,0.0,safe
SNS-zone_16-01,zone_16,2025-10-21T00:00:00Z,12.91,0.018,32.23,106.72,0.0,safe
SNS-zone_01-01,zone_01,2025-10-22T00:00:00Z,10.25,0.023,41.29,107.54,0.0,safe
SNS-zone_02-01,zone_02,2025-10-22T00:00:00Z,17.15,0.032,32.35,126.16,0.0,safe
SNS-zone_03-01,zone_03,2025-10-22T00:00:00Z,11.13,0.022,35.78,106.62,0.0,safe
SNS-zone_04-01,zone_04,2025-10-22T00:00:00Z,17.41,0.03,38.46,127.6,0.0,safe
SNS-zone_05-01,zone_05,2025-10-22T00:00:00Z,14.85,0.026,41.2,123.25,0.0,safe
SNS-zone_06-01,zone_06,2025-10-22T00:00:00Z,66.45,0.158,59.95,442.0,0.0,warning
SNS-zone_07-01,zone_07,2025-10-22T00:00:00Z,57.81,0.144,68.23,431.71,0.0,warning
SNS-zone_08-01,zone_08,2025-10-22T00:00:00Z,58.58,0.141,66.43,439.67,0.0,warning
SNS-zone_09-01,zone_09,2025-10-22T00:00:00Z,3.5,0.01,31.17,89.39,0.0,safe
SNS-zone_10-01,zone_10,2025-10-22T00:00:00Z,58.26,0.133,64.9,431.09,0.0,warning
SNS-zone_11-01,zone_11,2025-10-22T00:00:00Z,130.86,0.412,100.23,989.86,0.0,evacuation
SNS-zone_12-01,zone_12,2025-10-22T00:00:00Z,135.46,0.433,84.78,961.51,0.0,evacuation
SNS-zone_13-01,zone_13,2025-10-22T00:00:00Z,1.31,0.015,40.58,91.3,0.0,safe
SNS-zone_14-01,zone_14,2025-10-22T00:00:00Z,12.11,0.026,35.03,103.36,0.0,safe
SNS-zone_15-01,zone_15,2025-10-22T00:00:00Z,7.28,0.015,38.59,101.17,0.0,safe
SNS-zone_16-01,zone_16,2025-10-22T00:00:00Z,12.44,0.017,31.0,99.53,0.0,safe
SNS-zone_01-01,zone_01,2025-10-23T00:00:00Z,11.01,0.018,41.55,108.17,0.0,safe
SNS-zone_02-01,zone_02,2025-10-23T00:00:00Z,16.9,0.025,31.48,120.67,0.0,safe
SNS-zone_03-01,zone_03,2025-10-23T00:00:00Z,10.22,0.012,32.13,106.87,0.0,safe
SNS-zone_04-01,zone_04,2025-10-23T00:00:00Z,16.83,0.023,38.95,129.69,0.0,safe
SNS-zone_05-01,zone_05,2025-10-23T00:00:00Z,16.53,0.034,39.83,122.13,0.0,safe
SNS-zone_06-01,zone_06,2025-10-23T00:00:00Z,69.05,0.167,59.62,454.36,0.0,warning
SNS-zone_07-01,zone_07,2025-10-23T00:00:00Z,57.32,0.141,67.08,430.2,0.0,warning
SNS-zone_08-01,zone_08,2025-10-23T00:00:00Z,60.14,0.14,66.11,447.81,0.0,warning
SNS-zone_09-01,zone_09,2025-10-23T00:00:00Z,3.51,0.01,30.17,87.41,0.0,safe
SNS-zone_10-01,zone_10,2025-10-23T00:00:00Z,59.17,0.138,67.54,445.96,0.0,warning
SNS-zone_11-01,zone_11,2025-10-23T00:00:00Z,143.45,0.451,98.3,1024.74,0.0,evacuation
SNS-zone_12-01,zone_12,2025-10-23T00:00:00Z,141.81,0.438,86.53,1008.24,0.0,evacuation
SNS-zone_13-01,zone_13,2025-10-23T00:00:00Z,5.71,0.016,42.35,94.83,0.0,safe
SNS-zone_14-01,zone_14,2025-10-23T00:00:00Z,14.51,0.028,35.5,111.27,0.0,safe
SNS-zone_15-01,zone_15,2025-10-23T00:00:00Z,8.23,0.012,37.69,105.32,0.0,safe
SNS-zone_16-01,zone_16,2025-10-23T00:00:00Z,13.79,0.022,30.23,110.48,0.0,safe
SNS-zone_01-01,zone_01,2025-10-24T00:00:00Z,8.25,0.021,40.39,110.75,0.0,safe
SNS-zone_02-01,zone_02,2025-10-24T00:00:00Z,17.96,0.031,29.1,112.71,0.0,safe
SNS-zone_03-01,zone_03,2025-10-24T00:00:00Z,8.8,0.013,32.19,100.05,0.0,safe
SNS-zone_04-01,zone_04,2025-10-24T00:00:00Z,17.62,0.029,38.46,126.14,0.0,safe
SNS-zone_05-01,zone_05,2025-10-24T00:00:00Z,11.29,0.021,40.25,121.92,0.0,safe
SNS-zone_06-01,zone_06,2025-10-24T00:00:00Z,68.31,0.156,62.24,441.73,0.0,warning
SNS-zone_07-01,zone_07,2025-10-24T00:00:00Z,55.58,0.14,66.1,425.42,0.0,warning
SNS-zone_08-01,zone_08,2025-10-24T00:00:00Z,59.18,0.139,67.73,446.72,0.0,warning
SNS-zone_09-01,zone_09,2025-10-24T00:00:00Z,4.23,0.022,27.1,79.78,0.0,safe
SNS-zone_10-01,zone_10,2025-10-24T00:00:00Z,57.44,0.129,65.18,427.68,0.0,warning
SNS-zone_11-01,zone_11,2025-10-24T00:00:00Z,146.66,0.453,99.43,1036.18,0.0,evacuation
SNS-zone_12-01,zone_12,2025-10-24T00:00:00Z,148.23,0.451,82.25,1015.87,0.0,evacuation
SNS-zone_13-01,zone_13,2025-10-24T00:00:00Z,2.31,0.012,42.71,102.1,0.0,safe
SNS-zone_14-01,zone_14,2025-10-24T00:00:00Z,10.59,0.024,35.08,116.52,0.0,safe
SNS-zone_15-01,zone_15,2025-10-24T00:00:00Z,2.0,0.012,37.36,89.29,0.0,safe
SNS-zone_16-01,zone_16,2025-10-24T00:00:00Z,12.68,0.022,29.3,113.78,0.0,safe
SNS-zone_01-01,zone_01,2025-10-25T00:00:00Z,12.2,0.017,40.45,101.09,15.1,safe
SNS-zone_02-01,zone_02,2025-10-25T00:00:00Z,19.19,0.027,31.7,125.33,15.1,safe
SNS-zone_03-01,zone_03,2025-10-25T00:00:00Z,12.25,0.018,35.95,111.94,15.1,safe
SNS-zone_04-01,zone_04,2025-10-25T00:00:00Z,22.41,0.028,39.83,130.03,15.1,safe
SNS-zone_05-01,zone_05,2025-10-25T00:00:00Z,17.03,0.023,44.39,133.55,15.1,safe
SNS-zone_06-01,zone_06,2025-10-25T00:00:00Z,66.37,0.157,65.16,461.66,15.1,warning
SNS-zone_07-01,zone_07,2025-10-25T00:00:00Z,63.3,0.145,74.16,455.78,15.1,warning
SNS-zone_08-01,zone_08,2025-10-25T00:00:00Z,62.32,0.149,70.85,453.0,15.1,warning
SNS-zone_09-01,zone_09,2025-10-25T00:00:00Z,5.06,0.013,29.05,90.27,15.1,safe
SNS-zone_10-01,zone_10,2025-10-25T00:00:00Z,58.49,0.125,71.51,439.61,15.1,warning
SNS-zone_11-01,zone_11,2025-10-25T00:00:00Z,147.42,0.449,112.9,1057.79,15.1,evacuation
SNS-zone_12-01,zone_12,2025-10-25T00:00:00Z,152.83,0.472,93.8,1056.99,15.1,evacuation
SNS-zone_13-01,zone_13,2025-10-25T00:00:00Z,2.76,0.011,47.98,110.91,15.1,safe
SNS-zone_14-01,zone_14,2025-10-25T00:00:00Z,13.65,0.023,39.14,121.36,15.1,safe
SNS-zone_15-01,zone_15,2025-10-25T00:00:00Z,11.33,0.023,41.21,119.0,15.1,safe
SNS-zone_16-01,zone_16,2025-10-25T00:00:00Z,11.8,0.02,31.34,110.25,15.1,safe
SNS-zone_01-01,zone_01,2025-10-26T00:00:00Z,10.03,0.013,40.91,121.13,1.3,safe
SNS-zone_02-01,zone_02,2025-10-26T00:00:00Z,17.99,0.021,32.68,126.62,1.3,safe
SNS-zone_03-01,zone_03,2025-10-26T00:00:00Z,14.01,0.02,36.49,114.9,1.3,safe
SNS-zone_04-01,zone_04,2025-10-26T00:00:00Z,20.18,0.028,41.14,135.05,1.3,safe
SNS-zone_05-01,zone_05,2025-10-26T00:00:00Z,14.96,0.015,44.12,130.46,1.3,safe
SNS-zone_06-01,zone_06,2025-10-26T00:00:00Z,74.0,0.173,65.09,466.77,1.3,warning
SNS-zone_07-01,zone_07,2025-10-26T00:00:00Z,55.93,0.141,74.16,424.35,1.3,warning
SNS-zone_08-01,zone_08,2025-10-26T00:00:00Z,62.86,0.144,71.63,453.34,1.3,warning
SNS-zone_09-01,zone_09,2025-10-26T00:00:00Z,4.55,0.013,29.87,84.94,1.3,safe
SNS-zone_10-01,zone_10,2025-10-26T00:00:00Z,63.48,0.143,67.14,440.67,1.3,warning
SNS-zone_11-01,zone_11,2025-10-26T00:00:00Z,151.17,0.441,110.05,1069.0,1.3,evacuation
SNS-zone_12-01,zone_12,2025-10-26T00:00:00Z,150.93,0.451,93.17,1053.04,1.3,evacuation
SNS-zone_13-01,zone_13,2025-10-26T00:00:00Z,5.02,0.019,42.04,104.46,1.3,safe
SNS-zone_14-01,zone_14,2025-10-26T00:00:00Z,12.84,0.032,37.51,125.56,1.3,safe
SNS-zone_15-01,zone_15,2025-10-26T00:00:00Z,7.6,0.014,38.99,103.28,1.3,safe
SNS-zone_16-01,zone_16,2025-10-26T00:00:00Z,12.63,0.02,32.7,113.0,1.3,safe
SNS-zone_01-01,zone_01,2025-10-27T00:00:00Z,11.67,0.015,40.3,123.17,0.8,safe
SNS-zone_02-01,zone_02,2025-10-27T00:00:00Z,21.41,0.027,31.84,123.93,0.8,safe
SNS-zone_03-01,zone_03,2025-10-27T00:00:00Z,10.61,0.023,35.55,108.2,0.8,safe
SNS-zone_04-01,zone_04,2025-10-27T00:00:00Z,18.76,0.031,40.78,139.02,0.8,safe
SNS-zone_05-01,zone_05,2025-10-27T00:00:00Z,13.73,0.025,43.04,131.52,0.8,safe
SNS-zone_06-01,zone_06,2025-10-27T00:00:00Z,69.72,0.175,63.47,451.55,0.8,warning
SNS-zone_07-01,zone_07,2025-10-27T00:00:00Z,55.58,0.133,72.51,426.83,0.8,warning
SNS-zone_08-01,zone_08,2025-10-27T00:00:00Z,56.58,0.137,72.06,437.59,0.8,warning
SNS-zone_09-01,zone_09,2025-10-27T00:00:00Z,5.82,0.017,33.19,101.9,0.8,safe
SNS-zone_10-01,zone_10,2025-10-27T00:00:00Z,61.58,0.146,71.86,452.84,0.8,warning
SNS-zone_11-01,zone_11,2025-10-27T00:00:00Z,144.73,0.426,106.54,1022.16,0.8,evacuation
SNS-zone_12-01,zone_12,2025-10-27T00:00:00Z,149.23,0.456,89.28,1009.8,0.8,evacuation
SNS-zone_13-01,zone_13,2025-10-27T00:00:00Z,7.7,0.022,45.71,107.82,0.8,safe
SNS-zone_14-01,zone_14,2025-10-27T00:00:00Z,14.02,0.02,39.88,119.03,0.8,safe
SNS-zone_15-01,zone_15,2025-10-27T00:00:00Z,5.22,0.018,39.55,94.65,0.8,safe
SNS-zone_16-01,zone_16,2025-10-27T00:00:00Z,12.12,0.02,32.19,113.46,0.8,safe
SNS-zone_01-01,zone_01,2025-10-28T00:00:00Z,11.08,0.022,41.85,111.31,0.5,safe
SNS-zone_02-01,zone_02,2025-10-28T00:00:00Z,18.57,0.029,32.01,124.63,0.5,safe
SNS-zone_03-01,zone_03,2025-10-28T00:00:00Z,12.76,0.02,32.41,110.85,0.5,safe
SNS-zone_04-01,zone_04,2025-10-28T00:00:00Z,17.46,0.025,40.94,128.96,0.5,safe
SNS-zone_05-01,zone_05,2025-10-28T00:00:00Z,15.17,0.03,42.35,120.73,0.5,safe
SNS-zone_06-01,zone_06,2025-10-28T00:00:00Z,71.54,0.174,62.28,446.28,0.5,warning
SNS-zone_07-01,zone_07,2025-10-28T00:00:00Z,60.42,0.146,69.76,445.52,0.5,warning
SNS-zone_08-01,zone_08,2025-10-28T00:00:00Z,59.49,0.151,70.54,438.59,0.5,warning
SNS-zone_09-01,zone_09,2025-10-28T00:00:00Z,1.22,0.016,31.84,82.99,0.5,safe
SNS-zone_10-01,zone_10,2025-10-28T00:00:00Z,58.6,0.142,73.53,453.64,0.5,warning
SNS-zone_11-01,zone_11,2025-10-28T00:00:00Z,150.66,0.461,104.93,1061.49,0.5,evacuation
SNS-zone_12-01,zone_12,2025-10-28T00:00:00Z,150.23,0.47,90.14,1029.45,0.5,evacuation
SNS-zone_13-01,zone_13,2025-10-28T00:00:00Z,4.35,0.011,43.79,102.3,0.5,safe
SNS-zone_14-01,zone_14,2025-10-28T00:00:00Z,12.32,0.029,36.68,124.55,0.5,safe
SNS-zone_15-01,zone_15,2025-10-28T00:00:00Z,6.95,0.021,39.91,105.18,0.5,safe
SNS-zone_16-01,zone_16,2025-10-28T00:00:00Z,11.46,0.026,32.78,116.67,0.5,safe
SNS-zone_01-01,zone_01,2025-10-29T00:00:00Z,12.21,0.02,42.54,119.76,12.1,safe
SNS-zone_02-01,zone_02,2025-10-29T00:00:00Z,20.94,0.028,33.58,131.71,12.1,safe
SNS-zone_03-01,zone_03,2025-10-29T00:00:00Z,12.55,0.027,35.9,104.85,12.1,safe
SNS-zone_04-01,zone_04,2025-10-29T00:00:00Z,20.43,0.031,40.66,132.91,12.1,safe
SNS-zone_05-01,zone_05,2025-10-29T00:00:00Z,16.29,0.023,46.63,140.43,12.1,safe
SNS-zone_06-01,zone_06,2025-10-29T00:00:00Z,71.99,0.168,68.39,468.66,12.1,warning
SNS-zone_07-01,zone_07,2025-10-29T00:00:00Z,57.83,0.146,74.39,450.0,12.1,warning
SNS-zone_08-01,zone_08,2025-10-29T00:00:00Z,61.14,0.15,75.59,455.57,12.1,warning
SNS-zone_09-01,zone_09,2025-10-29T00:00:00Z,9.47,0.017,31.53,109.77,12.1,safe
SNS-zone_10-01,zone_10,2025-10-29T00:00:00Z,64.57,0.144,70.07,454.39,12.1,warning
SNS-zone_11-01,zone_11,2025-10-29T00:00:00Z,146.51,0.446,116.12,1069.67,12.1,evacuation
SNS-zone_12-01,zone_12,2025-10-29T00:00:00Z,154.14,0.455,97.78,1087.5,12.1,evacuation
SNS-zone_13-01,zone_13,2025-10-29T00:00:00Z,5.4,0.017,44.99,101.73,12.1,safe
SNS-zone_14-01,zone_14,2025-10-29T00:00:00Z,12.45,0.02,40.66,122.52,12.1,safe
SNS-zone_15-01,zone_15,2025-10-29T00:00:00Z,9.59,0.016,42.24,109.12,12.1,safe
SNS-zone_16-01,zone_16,2025-10-29T00:00:00Z,12.76,0.016,31.59,112.06,12.1,safe
SNS-zone_01-01,zone_01,2025-10-30T00:00:00Z,19.49,0.023,47.3,148.12,30.1,safe
SNS-zone_02-01,zone_02,2025-10-30T00:00:00Z,24.68,0.029,37.37,141.01,30.1,safe
SNS-zone_03-01,zone_03,2025-10-30T00:00:00Z,18.05,0.022,39.49,133.95,30.1,safe
SNS-zone_04-01,zone_04,2025-10-30T00:00:00Z,25.02,0.034,45.77,146.34,30.1,safe
SNS-zone_05-01,zone_05,2025-10-30T00:00:00Z,19.09,0.026,49.01,143.18,30.1,safe
SNS-zone_06-01,zone_06,2025-10-30T00:00:00Z,72.46,0.158,79.92,493.04,30.1,warning
SNS-zone_07-01,zone_07,2025-10-30T00:00:00Z,71.26,0.161,86.56,491.49,30.1,warning
SNS-zone_08-01,zone_08,2025-10-30T00:00:00Z,66.37,0.16,82.17,471.49,30.1,warning
SNS-zone_09-01,zone_09,2025-10-30T00:00:00Z,8.99,0.013,36.11,102.73,30.1,safe
SNS-zone_10-01,zone_10,2025-10-30T00:00:00Z,71.82,0.145,82.77,491.48,30.1,warning
SNS-zone_11-01,zone_11,2025-10-30T00:00:00Z,161.66,0.492,138.34,1152.01,30.1,evacuation
SNS-zone_12-01,zone_12,2025-10-30T00:00:00Z,171.36,0.519,120.29,1170.73,30.1,evacuation
SNS-zone_13-01,zone_13,2025-10-30T00:00:00Z,9.26,0.017,49.99,127.21,30.1,safe
SNS-zone_14-01,zone_14,2025-10-30T00:00:00Z,16.27,0.022,42.97,124.56,30.1,safe
SNS-zone_15-01,zone_15,2025-10-30T00:00:00Z,14.44,0.026,48.34,137.25,30.1,safe
SNS-zone_16-01,zone_16,2025-10-30T00:00:00Z,16.48,0.027,38.53,123.87,30.1,safe
SNS-zone_01-01,zone_01,2025-10-31T00:00:00Z,15.17,0.026,49.37,131.99,6.7,safe
SNS-zone_02-01,zone_02,2025-10-31T00:00:00Z,21.46,0.033,37.62,123.97,6.7,safe
SNS-zone_03-01,zone_03,2025-10-31T00:00:00Z,16.63,0.017,39.76,130.57,6.7,safe
SNS-zone_04-01,zone_04,2025-10-31T00:00:00Z,21.4,0.025,47.62,148.96,6.7,safe
SNS-zone_05-01,zone_05,2025-10-31T00:00:00Z,19.24,0.03,50.18,137.53,6.7,safe
SNS-zone_06-01,zone_06,2025-10-31T00:00:00Z,75.87,0.171,75.07,486.6,6.7,warning
SNS-zone_07-01,zone_07,2025-10-31T00:00:00Z,66.99,0.158,87.69,478.83,6.7,warning
SNS-zone_08-01,zone_08,2025-10-31T00:00:00Z,65.33,0.161,81.66,484.82,6.7,warning
SNS-zone_09-01,zone_09,2025-10-31T00:00:00Z,8.05,0.02,36.89,107.62,6.7,safe
SNS-zone_10-01,zone_10,2025-10-31T00:00:00Z,70.01,0.169,85.48,476.5,6.7,warning
SNS-zone_11-01,zone_11,2025-10-31T00:00:00Z,164.81,0.483,139.29,1169.94,6.7,evacuation
SNS-zone_12-01,zone_12,2025-10-31T00:00:00Z,162.35,0.506,120.02,1112.95,6.7,evacuation
SNS-zone_13-01,zone_13,2025-10-31T00:00:00Z,10.31,0.02,48.55,120.57,6.7,safe
SNS-zone_14-01,zone_14,2025-10-31T00:00:00Z,14.95,0.023,44.83,127.54,6.7,safe
SNS-zone_15-01,zone_15,2025-10-31T00:00:00Z,13.49,0.013,47.67,131.33,6.7,safe
SNS-zone_16-01,zone_16,2025-10-31T00:00:00Z,12.34,0.025,37.5,119.55,6.7,safe
SNS-zone_01-01,zone_01,2025-11-01T00:00:00Z,15.46,0.022,45.6,128.58,0.0,safe
SNS-zone_02-01,zone_02,2025-11-01T00:00:00Z,20.7,0.03,34.46,131.66,0.0,safe
SNS-zone_03-01,zone_03,2025-11-01T00:00:00Z,14.61,0.025,37.98,122.28,0.0,safe
SNS-zone_04-01,zone_04,2025-11-01T00:00:00Z,21.47,0.028,46.77,141.01,0.0,safe
SNS-zone_05-01,zone_05,2025-11-01T00:00:00Z,17.99,0.022,48.76,144.1,0.0,safe
SNS-zone_06-01,zone_06,2025-11-01T00:00:00Z,77.44,0.178,70.12,473.63,0.0,warning
SNS-zone_07-01,zone_07,2025-11-01T00:00:00Z,67.9,0.152,82.06,491.77,0.0,warning
SNS-zone_08-01,zone_08,2025-11-01T00:00:00Z,66.1,0.158,78.28,467.79,0.0,warning
SNS-zone_09-01,zone_09,2025-11-01T00:00:00Z,11.39,0.023,32.96,110.59,0.0,safe
SNS-zone_10-01,zone_10,2025-11-01T00:00:00Z,71.59,0.164,79.94,487.86,0.0,warning
SNS-zone_11-01,zone_11,2025-11-01T00:00:00Z,162.39,0.488,123.43,1127.94,0.0,evacuation
SNS-zone_12-01,zone_12,2025-11-01T00:00:00Z,157.19,0.473,106.54,1104.39,0.0,evacuation
SNS-zone_13-01,zone_13,2025-11-01T00:00:00Z,8.38,0.013,44.54,103.83,0.0,safe
SNS-zone_14-01,zone_14,2025-11-01T00:00:00Z,17.36,0.022,41.04,124.32,0.0,safe
SNS-zone_15-01,zone_15,2025-11-01T00:00:00Z,11.0,0.016,44.43,109.71,0.0,safe
SNS-zone_16-01,zone_16,2025-11-01T00:00:00Z,11.8,0.013,39.81,119.52,0.0,safe
SNS-zone_01-01,zone_01,2025-11-02T00:00:00Z,16.27,0.022,43.3,130.87,0.0,safe
SNS-zone_02-01,zone_02,2025-11-02T00:00:00Z,19.52,0.027,34.98,130.49,0.0,safe
SNS-zone_03-01,zone_03,2025-11-02T00:00:00Z,13.2,0.019,36.36,114.85,0.0,safe
SNS-zone_04-01,zone_04,2025-11-02T00:00:00Z,19.9,0.027,44.65,134.69,0.0,safe
SNS-zone_05-01,zone_05,2025-11-02T00:00:00Z,15.11,0.021,46.8,124.48,0.0,safe
SNS-zone_06-01,zone_06,2025-11-02T00:00:00Z,70.61,0.15,69.16,469.22,0.0,warning
SNS-zone_07-01,zone_07,2025-11-02T00:00:00Z,59.08,0.138,76.73,443.98,0.0,warning
SNS-zone_08-01,zone_08,2025-11-02T00:00:00Z,66.31,0.155,77.72,469.45,0.0,warning
SNS-zone_09-01,zone_09,2025-11-02T00:00:00Z,9.04,0.018,32.87,108.4,0.0,safe
SNS-zone_10-01,zone_10,2025-11-02T00:00:00Z,67.54,0.151,76.75,465.57,0.0,warning
SNS-zone_11-01,zone_11,2025-11-02T00:00:00Z,150.5,0.455,124.76,1112.0,0.0,evacuation
SNS-zone_12-01,zone_12,2025-11-02T00:00:00Z,157.98,0.465,104.49,1079.33,0.0,evacuation
SNS-zone_13-01,zone_13,2025-11-02T00:00:00Z,6.0,0.014,44.84,105.29,0.0,safe
SNS-zone_14-01,zone_14,2025-11-02T00:00:00Z,14.41,0.024,41.39,130.39,0.0,safe
SNS-zone_15-01,zone_15,2025-11-02T00:00:00Z,9.38,0.017,43.38,112.59,0.0,safe
SNS-zone_16-01,zone_16,2025-11-02T00:00:00Z,15.35,0.027,37.67,116.68,0.0,safe
SNS-zone_01-01,zone_01,2025-11-03T00:00:00Z,14.31,0.026,44.05,129.59,0.0,safe
SNS-zone_02-01,zone_02,2025-11-03T00:00:00Z,20.55,0.033,34.22,124.75,0.0,safe
SNS-zone_03-01,zone_03,2025-11-03T00:00:00Z,12.7,0.02,37.49,100.89,0.0,safe
SNS-zone_04-01,zone_04,2025-11-03T00:00:00Z,22.96,0.034,41.16,138.85,0.0,safe
SNS-zone_05-01,zone_05,2025-11-03T00:00:00Z,15.34,0.027,43.89,126.56,0.0,safe
SNS-zone_06-01,zone_06,2025-11-03T00:00:00Z,68.88,0.152,67.84,464.75,0.0,warning
SNS-zone_07-01,zone_07,2025-11-03T00:00:00Z,62.66,0.135,77.45,443.3,0.0,warning
SNS-zone_08-01,zone_08,2025-11-03T00:00:00Z,62.82,0.152,77.55,457.67,0.0,warning
SNS-zone_09-01,zone_09,2025-11-03T00:00:00Z,7.39,0.018,35.23,107.19,0.0,safe
SNS-zone_10-01,zone_10,2025-11-03T00:00:00Z,64.16,0.161,75.69,458.31,0.0,warning
SNS-zone_11-01,zone_11,2025-11-03T00:00:00Z,152.06,0.467,113.53,1072.55,0.0,evacuation
SNS-zone_12-01,zone_12,2025-11-03T00:00:00Z,152.25,0.47,102.54,1048.39,0.0,evacuation
SNS-zone_13-01,zone_13,2025-11-03T00:00:00Z,7.24,0.017,46.33,102.76,0.0,safe
SNS-zone_14-01,zone_14,2025-11-03T00:00:00Z,14.57,0.025,41.23,124.45,0.0,safe
SNS-zone_15-01,zone_15,2025-11-03T00:00:00Z,8.77,0.013,44.0,111.37,0.0,safe
SNS-zone_16-01,zone_16,2025-11-03T00:00:00Z,14.67,0.03,33.87,117.18,0.0,safe
SNS-zone_01-01,zone_01,2025-11-04T00:00:00Z,12.07,0.024,41.12,121.4,0.0,safe
SNS-zone_02-01,zone_02,2025-11-04T00:00:00Z,20.39,0.036,32.04,128.73,0.0,safe
SNS-zone_03-01,zone_03,2025-11-04T00:00:00Z,9.97,0.02,34.63,100.38,0.0,safe
SNS-zone_04-01,zone_04,2025-11-04T00:00:00Z,18.31,0.03,41.92,132.17,0.0,safe
SNS-zone_05-01,zone_05,2025-11-04T00:00:00Z,13.2,0.019,43.64,128.37,0.0,safe
SNS-zone_06-01,zone_06,2025-11-04T00:00:00Z,72.28,0.165,65.33,461.13,0.0,warning
SNS-zone_07-01,zone_07,2025-11-04T00:00:00Z,61.23,0.134,75.43,446.08,0.0,warning
SNS-zone_08-01,zone_08,2025-11-04T00:00:00Z,61.36,0.141,74.04,443.35,0.0,warning
SNS-zone_09-01,zone_09,2025-11-04T00:00:00Z,4.17,0.011,32.74,93.78,0.0,safe
SNS-zone_10-01,zone_10,2025-11-04T00:00:00Z,63.07,0.154,72.4,445.92,0.0,warning
SNS-zone_11-01,zone_11,2025-11-04T00:00:00Z,144.98,0.425,110.63,1045.33,0.0,evacuation
SNS-zone_12-01,zone_12,2025-11-04T00:00:00Z,149.63,0.461,99.43,1044.08,0.0,evacuation
SNS-zone_13-01,zone_13,2025-11-04T00:00:00Z,5.88,0.016,45.17,107.81,0.0,safe
SNS-zone_14-01,zone_14,2025-11-04T00:00:00Z,13.45,0.038,37.22,122.61,0.0,safe
SNS-zone_15-01,zone_15,2025-11-04T00:00:00Z,7.67,0.018,43.25,104.69,0.0,safe
SNS-zone_16-01,zone_16,2025-11-04T00:00:00Z,13.0,0.023,35.87,119.76,0.0,safe
SNS-zone_01-01,zone_01,2025-11-05T00:00:00Z,12.31,0.019,41.4,124.87,0.0,safe
SNS-zone_02-01,zone_02,2025-11-05T00:00:00Z,18.29,0.026,31.87,122.02,0.0,safe
SNS-zone_03-01,zone_03,2025-11-05T00:00:00Z,12.21,0.023,36.98,110.8,0.0,safe
SNS-zone_04-01,zone_04,2025-11-05T00:00:00Z,21.21,0.033,40.7,142.47,0.0,safe
SNS-zone_05-01,zone_05,2025-11-05T00:00:00Z,15.77,0.029,43.13,128.82,0.0,safe
SNS-zone_06-01,zone_06,2025-11-05T00:00:00Z,72.39,0.188,62.09,477.52,0.0,warning
SNS-zone_07-01,zone_07,2025-11-05T00:00:00Z,62.88,0.143,73.96,454.45,0.0,warning
SNS-zone_08-01,zone_08,2025-11-05T00:00:00Z,57.11,0.139,71.2,425.45,0.0,warning
SNS-zone_09-01,zone_09,2025-11-05T00:00:00Z,8.77,0.014,30.38,98.6,0.0,safe
SNS-zone_10-01,zone_10,2025-11-05T00:00:00Z,64.06,0.148,71.6,447.83,0.0,warning
SNS-zone_11-01,zone_11,2025-11-05T00:00:00Z,145.44,0.445,109.35,1041.82,0.0,evacuation
SNS-zone_12-01,zone_12,2025-11-05T00:00:00Z,148.16,0.458,98.31,1047.61,0.0,evacuation
SNS-zone_13-01,zone_13,2025-11-05T00:00:00Z,3.58,0.019,45.09,101.74,0.0,safe
SNS-zone_14-01,zone_14,2025-11-05T00:00:00Z,14.18,0.031,37.27,115.6,0.0,safe
SNS-zone_15-01,zone_15,2025-11-05T00:00:00Z,7.48,0.016,40.29,108.04,0.0,safe
SNS-zone_16-01,zone_16,2025-11-05T00:00:00Z,12.58,0.023,31.31,120.67,0.0,safe
SNS-zone_01-01,zone_01,2025-11-06T00:00:00Z,11.2,0.025,41.51,115.05,0.0,safe
SNS-zone_02-01,zone_02,2025-11-06T00:00:00Z,16.09,0.02,32.66,112.79,0.0,safe
SNS-zone_03-01,zone_03,2025-11-06T00:00:00Z,10.13,0.012,34.43,100.95,0.0,safe
SNS-zone_04-01,zone_04,2025-11-06T00:00:00Z,17.5,0.027,39.76,125.2,0.0,safe
SNS-zone_05-01,zone_05,2025-11-06T00:00:00Z,13.42,0.023,43.11,133.52,0.0,safe
SNS-zone_06-01,zone_06,2025-11-06T00:00:00Z,72.18,0.177,63.88,450.9,0.0,warning
SNS-zone_07-01,zone_07,2025-11-06T00:00:00Z,55.32,0.138,71.73,436.61,0.0,warning
SNS-zone_08-01,zone_08,2025-11-06T00:00:00Z,59.31,0.156,72.2,421.08,0.0,warning
SNS-zone_09-01,zone_09,2025-11-06T00:00:00Z,3.77,0.011,30.44,95.9,0.0,safe
SNS-zone_10-01,zone_10,2025-11-06T00:00:00Z,61.44,0.158,71.06,437.17,0.0,warning
SNS-zone_11-01,zone_11,2025-11-06T00:00:00Z,148.36,0.438,105.52,1060.97,0.0,evacuation
SNS-zone_12-01,zone_12,2025-11-06T00:00:00Z,147.72,0.444,95.13,1021.66,0.0,evacuation
SNS-zone_13-01,zone_13,2025-11-06T00:00:00Z,6.86,0.023,45.37,113.14,0.0,safe
SNS-zone_14-01,zone_14,2025-11-06T00:00:00Z,14.25,0.022,36.41,110.72,0.0,safe
SNS-zone_15-01,zone_15,2025-11-06T00:00:00Z,7.83,0.01,43.32,113.63,0.0,safe
SNS-zone_16-01,zone_16,2025-11-06T00:00:00Z,13.09,0.022,33.64,109.73,0.0,safe
SNS-zone_01-01,zone_01,2025-11-07T00:00:00Z,12.2,0.021,41.37,124.74,0.0,safe
SNS-zone_02-01,zone_02,2025-11-07T00:00:00Z,20.83,0.028,32.48,127.79,0.0,safe
SNS-zone_03-01,zone_03,2025-11-07T00:00:00Z,10.95,0.018,34.18,107.79,0.0,safe
SNS-zone_04-01,zone_04,2025-11-07T00:00:00Z,15.62,0.025,40.47,124.78,0.0,safe
SNS-zone_05-01,zone_05,2025-11-07T00:00:00Z,15.83,0.026,41.8,127.89,0.0,safe
SNS-zone_06-01,zone_06,2025-11-07T00:00:00Z,68.5,0.157,64.22,465.19,0.0,warning
SNS-zone_07-01,zone_07,2025-11-07T00:00:00Z,57.19,0.138,67.27,431.28,0.0,warning
SNS-zone_08-01,zone_08,2025-11-07T00:00:00Z,60.61,0.138,73.16,460.07,0.0,warning
SNS-zone_09-01,zone_09,2025-11-07T00:00:00Z,7.4,0.019,31.07,94.84,0.0,safe
SNS-zone_10-01,zone_10,2025-11-07T00:00:00Z,61.95,0.163,65.48,428.47,0.0,warning
SNS-zone_11-01,zone_11,2025-11-07T00:00:00Z,136.47,0.413,103.6,1004.97,0.0,evacuation
SNS-zone_12-01,zone_12,2025-11-07T00:00:00Z,151.91,0.471,91.81,1037.92,0.0,evacuation
SNS-zone_13-01,zone_13,2025-11-07T00:00:00Z,5.09,0.014,45.56,101.92,0.0,safe
SNS-zone_14-01,zone_14,2025-11-07T00:00:00Z,14.73,0.026,37.43,114.45,0.0,safe
SNS-zone_15-01,zone_15,2025-11-07T00:00:00Z,6.04,0.017,38.96,97.48,0.0,safe
SNS-zone_16-01,zone_16,2025-11-07T00:00:00Z,10.99,0.023,31.66,100.81,0.0,safe
SNS-zone_01-01,zone_01,2025-11-08T00:00:00Z,10.09,0.019,40.82,114.64,0.0,safe
SNS-zone_02-01,zone_02,2025-11-08T00:00:00Z,19.81,0.029,31.13,120.07,0.0,safe
SNS-zone_03-01,zone_03,2025-11-08T00:00:00Z,11.25,0.023,33.24,101.41,0.0,safe
SNS-zone_04-01,zone_04,2025-11-08T00:00:00Z,20.61,0.034,39.07,136.52,0.0,safe
SNS-zone_05-01,zone_05,2025-11-08T00:00:00Z,13.71,0.023,44.52,123.1,0.0,safe
SNS-zone_06-01,zone_06,2025-11-08T00:00:00Z,70.5,0.171,61.26,448.53,0.0,warning
SNS-zone_07-01,zone_07,2025-11-08T00:00:00Z,54.23,0.13,68.97,426.03,0.0,warning
SNS-zone_08-01,zone_08,2025-11-08T00:00:00Z,56.67,0.129,73.94,436.71,0.0,warning
SNS-zone_09-01,zone_09,2025-11-08T00:00:00Z,8.74,0.017,28.84,102.76,0.0,safe
SNS-zone_10-01,zone_10,2025-11-08T00:00:00Z,62.2,0.146,64.86,437.82,0.0,warning
SNS-zone_11-01,zone_11,2025-11-08T00:00:00Z,146.47,0.44,99.43,1048.97,0.0,evacuation
SNS-zone_12-01,zone_12,2025-11-08T00:00:00Z,145.85,0.453,88.51,1032.06,0.0,evacuation
SNS-zone_13-01,zone_13,2025-11-08T00:00:00Z,2.69,0.01,46.63,100.2,0.0,safe
SNS-zone_14-01,zone_14,2025-11-08T00:00:00Z,13.38,0.017,37.04,121.27,0.0,safe
SNS-zone_15-01,zone_15,2025-11-08T00:00:00Z,7.97,0.015,40.79,107.18,0.0,safe
SNS-zone_16-01,zone_16,2025-11-08T00:00:00Z,13.12,0.023,31.14,111.17,0.0,safe
SNS-zone_01-01,zone_01,2025-11-09T00:00:00Z,11.1,0.029,39.8,110.13,0.0,safe
SNS-zone_02-01,zone_02,2025-11-09T00:00:00Z,18.65,0.031,31.98,123.96,0.0,safe
SNS-zone_03-01,zone_03,2025-11-09T00:00:00Z,8.9,0.016,32.95,95.2,0.0,safe
SNS-zone_04-01,zone_04,2025-11-09T00:00:00Z,19.91,0.033,38.81,140.79,0.0,safe
SNS-zone_05-01,zone_05,2025-11-09T00:00:00Z,11.65,0.018,42.45,108.25,0.0,safe
SNS-zone_06-01,zone_06,2025-11-09T00:00:00Z,66.35,0.162,59.58,435.97,0.0,warning
SNS-zone_07-01,zone_07,2025-11-09T00:00:00Z,55.83,0.135,64.78,428.37,0.0,warning
SNS-zone_08-01,zone_08,2025-11-09T00:00:00Z,59.72,0.15,70.02,437.0,0.0,warning
SNS-zone_09-01,zone_09,2025-11-09T00:00:00Z,4.66,0.022,28.86,87.42,0.0,safe
SNS-zone_10-01,zone_10,2025-11-09T00:00:00Z,60.35,0.139,67.24,429.14,0.0,warning
SNS-zone_11-01,zone_11,2025-11-09T00:00:00Z,145.25,0.434,97.99,1011.53,0.0,evacuation
SNS-zone_12-01,zone_12,2025-11-09T00:00:00Z,143.03,0.438,84.9,1011.54,0.0,evacuation
SNS-zone_13-01,zone_13,2025-11-09T00:00:00Z,3.04,0.01,42.79,98.94,0.0,safe
SNS-zone_14-01,zone_14,2025-11-09T00:00:00Z,11.99,0.022,37.62,119.48,0.0,safe
SNS-zone_15-01,zone_15,2025-11-09T00:00:00Z,10.37,0.023,40.52,114.01,0.0,safe
SNS-zone_16-01,zone_16,2025-11-09T00:00:00Z,11.31,0.023,32.66,110.39,0.0,safe
SNS-zone_01-01,zone_01,2025-11-10T00:00:00Z,8.1,0.021,38.22,111.83,0.0,safe
SNS-zone_02-01,zone_02,2025-11-10T00:00:00Z,18.78,0.02,27.36,115.41,0.0,safe
SNS-zone_03-01,zone_03,2025-11-10T00:00:00Z,10.55,0.022,35.14,113.24,0.0,safe
SNS-zone_04-01,zone_04,2025-11-10T00:00:00Z,17.99,0.028,37.48,125.33,0.0,safe
SNS-zone_05-01,zone_05,2025-11-10T00:00:00Z,13.1,0.018,38.9,120.22,0.0,safe
SNS-zone_06-01,zone_06,2025-11-10T00:00:00Z,65.33,0.154,59.88,435.94,0.0,warning
SNS-zone_07-01,zone_07,2025-11-10T00:00:00Z,57.39,0.14,71.13,435.86,0.0,warning
SNS-zone_08-01,zone_08,2025-11-10T00:00:00Z,57.17,0.147,69.73,426.19,0.0,warning
SNS-zone_09-01,zone_09,2025-11-10T00:00:00Z,4.84,0.014,28.08,88.63,0.0,safe
SNS-zone_10-01,zone_10,2025-11-10T00:00:00Z,54.04,0.159,67.47,414.36,0.0,warning
SNS-zone_11-01,zone_11,2025-11-10T00:00:00Z,144.31,0.418,102.14,1008.32,0.0,evacuation
SNS-zone_12-01,zone_12,2025-11-10T00:00:00Z,141.66,0.444,84.04,997.97,0.0,evacuation
SNS-zone_13-01,zone_13,2025-11-10T00:00:00Z,6.52,0.015,43.15,105.58,0.0,safe
SNS-zone_14-01,zone_14,2025-11-10T00:00:00Z,11.86,0.026,36.08,116.29,0.0,safe
SNS-zone_15-01,zone_15,2025-11-10T00:00:00Z,8.25,0.016,39.29,101.62,0.0,safe
SNS-zone_16-01,zone_16,2025-11-10T00:00:00Z,10.74,0.027,32.21,107.11,0.0,safe
SNS-zone_01-01,zone_01,2025-11-11T00:00:00Z,10.63,0.016,39.96,113.29,0.0,safe
SNS-zone_02-01,zone_02,2025-11-11T00:00:00Z,19.71,0.032,31.06,123.74,0.0,safe
SNS-zone_03-01,zone_03,2025-11-11T00:00:00Z,9.07,0.024,32.5,98.55,0.0,safe
SNS-zone_04-01,zone_04,2025-11-11T00:00:00Z,17.0,0.018,39.39,127.13,0.0,safe
SNS-zone_05-01,zone_05,2025-11-11T00:00:00Z,13.69,0.016,38.89,123.33,0.0,safe
SNS-zone_06-01,zone_06,2025-11-11T00:00:00Z,65.6,0.147,58.46,456.58,0.0,warning
SNS-zone_07-01,zone_07,2025-11-11T00:00:00Z,55.3,0.141,67.33,419.95,0.0,warning
SNS-zone_08-01,zone_08,2025-11-11T00:00:00Z,60.54,0.133,68.0,447.71,0.0,warning
SNS-zone_09-01,zone_09,2025-11-11T00:00:00Z,4.3,0.016,29.22,93.06,0.0,safe
SNS-zone_10-01,zone_10,2025-11-11T00:00:00Z,60.81,0.15,64.06,428.87,0.0,warning
SNS-zone_11-01,zone_11,2025-11-11T00:00:00Z,146.19,0.451,98.46,1012.73,0.0,evacuation
SNS-zone_12-01,zone_12,2025-11-11T00:00:00Z,151.03,0.456,86.07,1040.33,0.0,evacuation
SNS-zone_13-01,zone_13,2025-11-11T00:00:00Z,4.83,0.017,42.03,102.45,0.0,safe
SNS-zone_14-01,zone_14,2025-11-11T00:00:00Z,10.96,0.014,35.44,113.02,0.0,safe
SNS-zone_15-01,zone_15,2025-11-11T00:00:00Z,8.81,0.01,39.11,104.41,0.0,safe
SNS-zone_16-01,zone_16,2025-11-11T00:00:00Z,13.5,0.018,30.7,114.3,0.0,safe
SNS-zone_01-01,zone_01,2025-11-12T00:00:00Z,8.48,0.017,39.13,112.66,0.0,safe
SNS-zone_02-01,zone_02,2025-11-12T00:00:00Z,19.53,0.031,32.24,133.42,0.0,safe
SNS-zone_03-01,zone_03,2025-11-12T00:00:00Z,10.74,0.027,32.27,110.35,0.0,safe
SNS-zone_04-01,zone_04,2025-11-12T00:00:00Z,17.4,0.025,40.11,128.67,0.0,safe
SNS-zone_05-01,zone_05,2025-11-12T00:00:00Z,14.7,0.028,41.39,128.49,0.0,safe
SNS-zone_06-01,zone_06,2025-11-12T00:00:00Z,67.38,0.162,59.67,442.87,0.0,warning
SNS-zone_07-01,zone_07,2025-11-12T00:00:00Z,52.97,0.15,65.33,404.26,0.0,warning
SNS-zone_08-01,zone_08,2025-11-12T00:00:00Z,63.22,0.155,70.92,451.23,0.0,warning
SNS-zone_09-01,zone_09,2025-11-12T00:00:00Z,0.5,0.01,29.69,82.29,0.0,safe
SNS-zone_10-01,zone_10,2025-11-12T00:00:00Z,60.46,0.162,66.58,434.23,0.0,warning
SNS-zone_11-01,zone_11,2025-11-12T00:00:00Z,148.85,0.459,100.53,1050.26,0.0,evacuation
SNS-zone_12-01,zone_12,2025-11-12T00:00:00Z,140.26,0.422,83.25,986.59,0.0,evacuation
SNS-zone_13-01,zone_13,2025-11-12T00:00:00Z,3.22,0.017,43.55,99.1,0.0,safe
SNS-zone_14-01,zone_14,2025-11-12T00:00:00Z,10.99,0.015,34.31,106.42,0.0,safe
SNS-zone_15-01,zone_15,2025-11-12T00:00:00Z,8.41,0.013,37.83,98.41,0.0,safe
SNS-zone_16-01,zone_16,2025-11-12T00:00:00Z,13.46,0.016,32.85,115.05,0.0,safe
SNS-zone_01-01,zone_01,2025-11-13T00:00:00Z,8.85,0.016,37.91,109.45,0.0,safe
SNS-zone_02-01,zone_02,2025-11-13T00:00:00Z,15.08,0.02,30.29,112.25,0.0,safe
SNS-zone_03-01,zone_03,2025-11-13T00:00:00Z,10.32,0.017,33.11,117.23,0.0,safe
SNS-zone_04-01,zone_04,2025-11-13T00:00:00Z,13.84,0.022,39.61,119.96,0.0,safe
SNS-zone_05-01,zone_05,2025-11-13T00:00:00Z,12.84,0.02,42.88,121.67,0.0,safe
SNS-zone_06-01,zone_06,2025-11-13T00:00:00Z,67.38,0.168,61.69,438.98,0.0,warning
SNS-zone_07-01,zone_07,2025-11-13T00:00:00Z,56.18,0.144,67.6,416.73,0.0,warning
SNS-zone_08-01,zone_08,2025-11-13T00:00:00Z,57.23,0.13,70.5,433.35,0.0,warning
SNS-zone_09-01,zone_09,2025-11-13T00:00:00Z,6.45,0.015,29.84,89.39,0.0,safe
SNS-zone_10-01,zone_10,2025-11-13T00:00:00Z,57.97,0.133,64.0,427.49,0.0,warning
SNS-zone_11-01,zone_11,2025-11-13T00:00:00Z,149.14,0.442,91.17,1024.65,0.0,evacuation
SNS-zone_12-01,zone_12,2025-11-13T00:00:00Z,147.24,0.434,88.88,1027.64,0.0,evacuation
SNS-zone_13-01,zone_13,2025-11-13T00:00:00Z,1.4,0.013,40.24,94.45,0.0,safe
SNS-zone_14-01,zone_14,2025-11-13T00:00:00Z,10.83,0.015,33.38,110.42,0.0,safe
SNS-zone_15-01,zone_15,2025-11-13T00:00:00Z,6.64,0.011,38.45,106.03,0.0,safe
SNS-zone_16-01,zone_16,2025-11-13T00:00:00Z,13.41,0.021,31.46,119.09,0.0,safe
SNS-zone_01-01,zone_01,2025-11-14T00:00:00Z,9.57,0.017,37.79,110.08,0.0,safe
SNS-zone_02-01,zone_02,2025-11-14T00:00:00Z,17.16,0.028,32.72,121.09,0.0,safe
SNS-zone_03-01,zone_03,2025-11-14T00:00:00Z,6.32,0.01,31.68,99.15,0.0,safe
SNS-zone_04-01,zone_04,2025-11-14T00:00:00Z,20.62,0.032,37.56,128.49,0.0,safe
SNS-zone_05-01,zone_05,2025-11-14T00:00:00Z,15.59,0.021,40.1,117.68,0.0,safe
SNS-zone_06-01,zone_06,2025-11-14T00:00:00Z,72.35,0.167,59.59,442.08,0.0,warning
SNS-zone_07-01,zone_07,2025-11-14T00:00:00Z,55.76,0.139,66.14,414.29,0.0,warning
SNS-zone_08-01,zone_08,2025-11-14T00:00:00Z,59.04,0.152,68.68,438.73,0.0,warning
SNS-zone_09-01,zone_09,2025-11-14T00:00:00Z,6.0,0.022,28.23,91.91,0.0,safe
SNS-zone_10-01,zone_10,2025-11-14T00:00:00Z,57.59,0.161,64.28,421.35,0.0,warning
SNS-zone_11-01,zone_11,2025-11-14T00:00:00Z,147.09,0.449,95.3,1056.88,0.0,evacuation
SNS-zone_12-01,zone_12,2025-11-14T00:00:00Z,146.33,0.459,82.52,998.83,0.0,evacuation
SNS-zone_13-01,zone_13,2025-11-14T00:00:00Z,3.41,0.01,40.98,94.69,0.0,safe
SNS-zone_14-01,zone_14,2025-11-14T00:00:00Z,15.41,0.025,35.16,118.81,0.0,safe
SNS-zone_15-01,zone_15,2025-11-14T00:00:00Z,8.54,0.024,37.74,100.55,0.0,safe
SNS-zone_16-01,zone_16,2025-11-14T00:00:00Z,11.59,0.016,29.21,102.17,0.0,safe
SNS-zone_01-01,zone_01,2025-11-15T00:00:00Z,9.45,0.013,38.12,101.67,0.0,safe
SNS-zone_02-01,zone_02,2025-11-15T00:00:00Z,19.92,0.029,30.09,120.8,0.0,safe
SNS-zone_03-01,zone_03,2025-11-15T00:00:00Z,9.7,0.021,33.0,105.28,0.0,safe
SNS-zone_04-01,zone_04,2025-11-15T00:00:00Z,19.87,0.025,38.43,128.81,0.0,safe
SNS-zone_05-01,zone_05,2025-11-15T00:00:00Z,14.76,0.027,41.64,122.29,0.0,safe
SNS-zone_06-01,zone_06,2025-11-15T00:00:00Z,67.04,0.159,63.03,447.85,0.0,warning
SNS-zone_07-01,zone_07,2025-11-15T00:00:00Z,53.14,0.121,65.34,419.62,0.0,warning
SNS-zone_08-01,zone_08,2025-11-15T00:00:00Z,56.36,0.138,66.87,439.91,0.0,warning
SNS-zone_09-01,zone_09,2025-11-15T00:00:00Z,4.44,0.017,29.36,89.47,0.0,safe
SNS-zone_10-01,zone_10,2025-11-15T00:00:00Z,59.97,0.145,63.06,436.73,0.0,warning
SNS-zone_11-01,zone_11,2025-11-15T00:00:00Z,142.46,0.452,97.96,1003.92,0.0,evacuation
SNS-zone_12-01,zone_12,2025-11-15T00:00:00Z,142.48,0.433,84.98,985.97,0.0,evacuation
SNS-zone_13-01,zone_13,2025-11-15T00:00:00Z,2.45,0.01,42.59,96.66,0.0,safe
SNS-zone_14-01,zone_14,2025-11-15T00:00:00Z,15.69,0.023,34.32,116.13,0.0,safe
SNS-zone_15-01,zone_15,2025-11-15T00:00:00Z,7.96,0.013,36.73,102.39,0.0,safe
SNS-zone_16-01,zone_16,2025-11-15T00:00:00Z,14.56,0.022,31.85,112.91,0.0,safe
SNS-zone_01-01,zone_01,2025-11-16T00:00:00Z,8.69,0.024,37.74,108.43,0.0,safe
SNS-zone_02-01,zone_02,2025-11-16T00:00:00Z,15.35,0.024,29.09,109.81,0.0,safe
SNS-zone_03-01,zone_03,2025-11-16T00:00:00Z,10.89,0.017,33.66,102.85,0.0,safe
SNS-zone_04-01,zone_04,2025-11-16T00:00:00Z,18.58,0.025,39.23,122.38,0.0,safe
SNS-zone_05-01,zone_05,2025-11-16T00:00:00Z,15.42,0.028,40.3,124.61,0.0,safe
SNS-zone_06-01,zone_06,2025-11-16T00:00:00Z,67.06,0.152,58.42,441.02,0.0,warning
SNS-zone_07-01,zone_07,2025-11-16T00:00:00Z,56.64,0.133,66.92,418.54,0.0,warning
SNS-zone_08-01,zone_08,2025-11-16T00:00:00Z,57.44,0.154,68.49,423.31,0.0,warning
SNS-zone_09-01,zone_09,2025-11-16T00:00:00Z,4.15,0.017,26.71,85.48,0.0,safe
SNS-zone_10-01,zone_10,2025-11-16T00:00:00Z,54.96,0.122,62.83,411.41,0.0,warning
SNS-zone_11-01,zone_11,2025-11-16T00:00:00Z,146.75,0.454,93.53,1041.58,0.0,evacuation
SNS-zone_12-01,zone_12,2025-11-16T00:00:00Z,145.24,0.439,83.94,993.03,0.0,evacuation
SNS-zone_13-01,zone_13,2025-11-16T00:00:00Z,5.48,0.016,39.94,99.4,0.0,safe
SNS-zone_14-01,zone_14,2025-11-16T00:00:00Z,12.14,0.02,36.94,113.89,0.0,safe
SNS-zone_15-01,zone_15,2025-11-16T00:00:00Z,7.46,0.021,37.33,103.71,0.0,safe
SNS-zone_16-01,zone_16,2025-11-16T00:00:00Z,13.59,0.02,28.04,116.2,0.0,safe
SNS-zone_01-01,zone_01,2025-11-17T00:00:00Z,8.7,0.014,39.57,108.62,0.0,safe
SNS-zone_02-01,zone_02,2025-11-17T00:00:00Z,16.26,0.025,29.41,108.16,0.0,safe
SNS-zone_03-01,zone_03,2025-11-17T00:00:00Z,10.15,0.021,32.42,109.26,0.0,safe
SNS-zone_04-01,zone_04,2025-11-17T00:00:00Z,19.16,0.016,38.31,127.07,0.0,safe
SNS-zone_05-01,zone_05,2025-11-17T00:00:00Z,14.03,0.026,42.99,124.09,0.0,safe
SNS-zone_06-01,zone_06,2025-11-17T00:00:00Z,68.93,0.166,61.51,454.97,0.0,warning
SNS-zone_07-01,zone_07,2025-11-17T00:00:00Z,55.52,0.141,65.34,419.17,0.0,warning
SNS-zone_08-01,zone_08,2025-11-17T00:00:00Z,54.72,0.12,67.07,416.81,0.0,warning
SNS-zone_09-01,zone_09,2025-11-17T00:00:00Z,2.41,0.01,28.51,83.85,0.0,safe
SNS-zone_10-01,zone_10,2025-11-17T00:00:00Z,53.06,0.138,62.43,420.49,0.0,warning
SNS-zone_11-01,zone_11,2025-11-17T00:00:00Z,148.69,0.443,99.34,1041.53,0.0,evacuation
SNS-zone_12-01,zone_12,2025-11-17T00:00:00Z,143.98,0.423,83.31,986.63,0.0,evacuation
SNS-zone_13-01,zone_13,2025-11-17T00:00:00Z,3.02,0.023,39.82,100.25,0.0,safe
SNS-zone_14-01,zone_14,2025-11-17T00:00:00Z,12.95,0.019,34.95,116.2,0.0,safe
SNS-zone_15-01,zone_15,2025-11-17T00:00:00Z,4.83,0.01,39.57,93.92,0.0,safe
SNS-zone_16-01,zone_16,2025-11-17T00:00:00Z,13.17,0.023,30.02,117.61,0.0,safe
SNS-zone_01-01,zone_01,2025-11-18T00:00:00Z,8.45,0.014,38.47,108.67,0.0,safe
SNS-zone_02-01,zone_02,2025-11-18T00:00:00Z,18.41,0.021,28.08,119.0,0.0,safe
SNS-zone_03-01,zone_03,2025-11-18T00:00:00Z,7.09,0.023,34.73,108.66,0.0,safe
SNS-zone_04-01,zone_04,2025-11-18T00:00:00Z,16.05,0.013,38.42,113.64,0.0,safe
SNS-zone_05-01,zone_05,2025-11-18T00:00:00Z,16.68,0.024,39.32,126.9,0.0,safe
SNS-zone_06-01,zone_06,2025-11-18T00:00:00Z,65.78,0.155,58.73,435.71,0.0,warning
SNS-zone_07-01,zone_07,2025-11-18T00:00:00Z,53.46,0.141,68.78,405.37,0.0,warning
SNS-zone_08-01,zone_08,2025-11-18T00:00:00Z,55.07,0.131,66.76,425.91,0.0,warning
SNS-zone_09-01,zone_09,2025-11-18T00:00:00Z,5.02,0.016,26.37,90.31,0.0,safe
SNS-zone_10-01,zone_10,2025-11-18T00:00:00Z,58.15,0.154,65.52,429.32,0.0,warning
SNS-zone_11-01,zone_11,2025-11-18T00:00:00Z,148.6,0.466,89.85,1021.87,0.0,evacuation
SNS-zone_12-01,zone_12,2025-11-18T00:00:00Z,137.31,0.418,84.66,988.58,0.0,evacuation
SNS-zone_13-01,zone_13,2025-11-18T00:00:00Z,3.8,0.011,39.21,99.63,0.0,safe
SNS-zone_14-01,zone_14,2025-11-18T00:00:00Z,11.46,0.014,34.3,102.5,0.0,safe
SNS-zone_15-01,zone_15,2025-11-18T00:00:00Z,8.23,0.015,36.71,107.62,0.0,safe
SNS-zone_16-01,zone_16,2025-11-18T00:00:00Z,12.77,0.016,30.34,101.3,0.0,safe
SNS-zone_01-01,zone_01,2025-11-19T00:00:00Z,11.14,0.022,39.07,113.02,0.0,safe
SNS-zone_02-01,zone_02,2025-11-19T00:00:00Z,16.12,0.03,29.48,116.54,0.0,safe
SNS-zone_03-01,zone_03,2025-11-19T00:00:00Z,11.48,0.018,34.17,101.15,0.0,safe
SNS-zone_04-01,zone_04,2025-11-19T00:00:00Z,18.05,0.032,38.73,127.3,0.0,safe
SNS-zone_05-01,zone_05,2025-11-19T00:00:00Z,14.71,0.021,38.7,125.4,0.0,safe
SNS-zone_06-01,zone_06,2025-11-19T00:00:00Z,66.42,0.173,57.21,436.23,0.0,warning
SNS-zone_07-01,zone_07,2025-11-19T00:00:00Z,55.64,0.137,68.52,416.15,0.0,warning
SNS-zone_08-01,zone_08,2025-11-19T00:00:00Z,60.94,0.145,69.45,447.16,0.0,warning
SNS-zone_09-01,zone_09,2025-11-19T00:00:00Z,2.9,0.012,30.21,79.43,0.0,safe
SNS-zone_10-01,zone_10,2025-11-19T00:00:00Z,56.86,0.129,62.91,426.98,0.0,warning
SNS-zone_11-01,zone_11,2025-11-19T00:00:00Z,146.38,0.431,92.45,1014.28,0.0,evacuation
SNS-zone_12-01,zone_12,2025-11-19T00:00:00Z,140.32,0.422,78.92,980.01,0.0,evacuation
SNS-zone_13-01,zone_13,2025-11-19T00:00:00Z,2.77,0.01,42.57,99.44,0.0,safe
SNS-zone_14-01,zone_14,2025-11-19T00:00:00Z,13.76,0.013,35.53,120.15,0.0,safe
SNS-zone_15-01,zone_15,2025-11-19T00:00:00Z,8.66,0.019,37.72,116.31,0.0,safe
SNS-zone_16-01,zone_16,2025-11-19T00:00:00Z,14.0,0.021,29.09,108.21,0.0,safe
SNS-zone_01-01,zone_01,2025-11-20T00:00:00Z,8.2,0.018,39.24,108.39,0.0,safe
SNS-zone_02-01,zone_02,2025-11-20T00:00:00Z,17.4,0.029,27.58,115.06,0.0,safe
SNS-zone_03-01,zone_03,2025-11-20T00:00:00Z,9.86,0.022,32.38,98.82,0.0,safe
SNS-zone_04-01,zone_04,2025-11-20T00:00:00Z,20.26,0.028,38.48,126.08,0.0,safe
SNS-zone_05-01,zone_05,2025-11-20T00:00:00Z,10.78,0.022,40.35,114.99,0.0,safe
SNS-zone_06-01,zone_06,2025-11-20T00:00:00Z,67.19,0.158,54.06,452.2,0.0,warning
SNS-zone_07-01,zone_07,2025-11-20T00:00:00Z,56.2,0.136,63.39,408.95,0.0,warning
SNS-zone_08-01,zone_08,2025-11-20T00:00:00Z,53.59,0.127,68.05,417.44,0.0,warning
SNS-zone_09-01,zone_09,2025-11-20T00:00:00Z,2.61,0.01,28.19,83.53,0.0,safe
SNS-zone_10-01,zone_10,2025-11-20T00:00:00Z,56.61,0.149,69.5,429.98,0.0,warning
SNS-zone_11-01,zone_11,2025-11-20T00:00:00Z,140.09,0.427,93.61,1006.64,0.0,evacuation
SNS-zone_12-01,zone_12,2025-11-20T00:00:00Z,143.91,0.427,82.69,993.77,0.0,evacuation
SNS-zone_13-01,zone_13,2025-11-20T00:00:00Z,3.04,0.017,42.98,97.9,0.0,safe
SNS-zone_14-01,zone_14,2025-11-20T00:00:00Z,10.68,0.018,34.83,109.06,0.0,safe
SNS-zone_15-01,zone_15,2025-11-20T00:00:00Z,6.98,0.017,34.5,104.53,0.0,safe
SNS-zone_16-01,zone_16,2025-11-20T00:00:00Z,12.26,0.021,29.37,114.85,0.0,safe
SNS-zone_01-01,zone_01,2025-11-21T00:00:00Z,7.61,0.019,38.5,105.35,0.0,safe
SNS-zone_02-01,zone_02,2025-11-21T00:00:00Z,16.09,0.022,30.06,113.86,0.0,safe
SNS-zone_03-01,zone_03,2025-11-21T00:00:00Z,9.79,0.015,34.88,107.84,0.0,safe
SNS-zone_04-01,zone_04,2025-11-21T00:00:00Z,17.48,0.029,35.74,122.94,0.0,safe
SNS-zone_05-01,zone_05,2025-11-21T00:00:00Z,11.86,0.017,41.68,111.38,0.0,safe
SNS-zone_06-01,zone_06,2025-11-21T00:00:00Z,67.85,0.14,60.35,443.11,0.0,warning
SNS-zone_07-01,zone_07,2025-11-21T00:00:00Z,54.86,0.138,63.52,413.25,0.0,warning
SNS-zone_08-01,zone_08,2025-11-21T00:00:00Z,63.8,0.135,68.99,452.34,0.0,warning
SNS-zone_09-01,zone_09,2025-11-21T00:00:00Z,3.19,0.014,26.38,77.7,0.0,safe
SNS-zone_10-01,zone_10,2025-11-21T00:00:00Z,56.58,0.127,65.5,424.62,0.0,warning
SNS-zone_11-01,zone_11,2025-11-21T00:00:00Z,140.75,0.422,95.55,997.45,0.0,evacuation
SNS-zone_12-01,zone_12,2025-11-21T00:00:00Z,145.86,0.42,81.77,1022.68,0.0,evacuation
SNS-zone_13-01,zone_13,2025-11-21T00:00:00Z,4.14,0.01,40.26,90.24,0.0,safe
SNS-zone_14-01,zone_14,2025-11-21T00:00:00Z,12.3,0.017,35.8,103.38,0.0,safe
SNS-zone_15-01,zone_15,2025-11-21T00:00:00Z,7.05,0.013,38.53,97.87,0.0,safe
SNS-zone_16-01,zone_16,2025-11-21T00:00:00Z,12.49,0.019,29.05,115.31,0.0,safe
SNS-zone_01-01,zone_01,2025-11-22T00:00:00Z,10.18,0.016,40.1,123.25,0.0,safe
SNS-zone_02-01,zone_02,2025-11-22T00:00:00Z,17.24,0.026,31.08,128.5,0.0,safe
SNS-zone_03-01,zone_03,2025-11-22T00:00:00Z,10.6,0.02,32.2,109.42,0.0,safe
SNS-zone_04-01,zone_04,2025-11-22T00:00:00Z,18.74,0.036,37.71,132.46,0.0,safe
SNS-zone_05-01,zone_05,2025-11-22T00:00:00Z,15.01,0.025,38.0,128.76,0.0,safe
SNS-zone_06-01,zone_06,2025-11-22T00:00:00Z,65.64,0.15,59.32,434.5,0.0,warning
SNS-zone_07-01,zone_07,2025-11-22T00:00:00Z,52.04,0.131,65.3,415.61,0.0,warning
SNS-zone_08-01,zone_08,2025-11-22T00:00:00Z,57.65,0.135,67.05,429.29,0.0,warning
SNS-zone_09-01,zone_09,2025-11-22T00:00:00Z,5.5,0.018,27.77,97.88,0.0,safe
SNS-zone_10-01,zone_10,2025-11-22T00:00:00Z,57.74,0.151,62.8,426.85,0.0,warning
SNS-zone_11-01,zone_11,2025-11-22T00:00:00Z,142.24,0.427,98.98,993.43,0.0,evacuation
SNS-zone_12-01,zone_12,2025-11-22T00:00:00Z,142.32,0.427,85.14,1005.1,0.0,evacuation
SNS-zone_13-01,zone_13,2025-11-22T00:00:00Z,2.53,0.014,41.93,94.77,0.0,safe
SNS-zone_14-01,zone_14,2025-11-22T00:00:00Z,12.45,0.015,35.07,105.43,0.0,safe
SNS-zone_15-01,zone_15,2025-11-22T00:00:00Z,8.1,0.019,37.25,101.23,0.0,safe
SNS-zone_16-01,zone_16,2025-11-22T00:00:00Z,11.69,0.023,28.56,104.93,0.0,safe
SNS-zone_01-01,zone_01,2025-11-23T00:00:00Z,8.99,0.015,39.38,120.12,0.0,safe
SNS-zone_02-01,zone_02,2025-11-23T00:00:00Z,14.92,0.017,28.92,102.73,0.0,safe
SNS-zone_03-01,zone_03,2025-11-23T00:00:00Z,5.67,0.023,32.7,89.82,0.0,safe
SNS-zone_04-01,zone_04,2025-11-23T00:00:00Z,16.39,0.022,37.25,124.53,0.0,safe
SNS-zone_05-01,zone_05,2025-11-23T00:00:00Z,13.19,0.021,41.04,119.59,0.0,safe
SNS-zone_06-01,zone_06,2025-11-23T00:00:00Z,73.57,0.164,62.05,468.4,0.0,warning
SNS-zone_07-01,zone_07,2025-11-23T00:00:00Z,60.07,0.144,63.44,434.48,0.0,warning
SNS-zone_08-01,zone_08,2025-11-23T00:00:00Z,54.22,0.141,68.11,412.8,0.0,warning
SNS-zone_09-01,zone_09,2025-11-23T00:00:00Z,6.07,0.016,26.68,97.92,0.0,safe
SNS-zone_10-01,zone_10,2025-11-23T00:00:00Z,52.94,0.145,63.54,419.28,0.0,warning
SNS-zone_11-01,zone_11,2025-11-23T00:00:00Z,147.06,0.437,94.01,1040.42,0.0,evacuation
SNS-zone_12-01,zone_12,2025-11-23T00:00:00Z,143.28,0.42,77.91,974.28,0.0,evacuation
SNS-zone_13-01,zone_13,2025-11-23T00:00:00Z,5.24,0.017,40.76,103.36,0.0,safe
SNS-zone_14-01,zone_14,2025-11-23T00:00:00Z,10.2,0.018,35.11,99.21,0.0,safe
SNS-zone_15-01,zone_15,2025-11-23T00:00:00Z,8.87,0.011,37.97,107.28,0.0,safe
SNS-zone_16-01,zone_16,2025-11-23T00:00:00Z,10.87,0.019,31.16,100.32,0.0,safe
SNS-zone_01-01,zone_01,2025-11-24T00:00:00Z,7.8,0.015,37.31,93.85,0.0,safe
SNS-zone_02-01,zone_02,2025-11-24T00:00:00Z,17.95,0.03,30.08,111.66,0.0,safe
SNS-zone_03-01,zone_03,2025-11-24T00:00:00Z,8.97,0.013,31.66,106.44,0.0,safe
SNS-zone_04-01,zone_04,2025-11-24T00:00:00Z,17.36,0.024,39.39,124.77,0.0,safe
SNS-zone_05-01,zone_05,2025-11-24T00:00:00Z,10.66,0.02,39.19,113.95,0.0,safe
SNS-zone_06-01,zone_06,2025-11-24T00:00:00Z,68.71,0.158,56.76,460.45,0.0,warning
SNS-zone_07-01,zone_07,2025-11-24T00:00:00Z,59.05,0.146,67.72,432.21,0.0,warning
SNS-zone_08-01,zone_08,2025-11-24T00:00:00Z,58.65,0.157,65.81,418.83,0.0,warning
SNS-zone_09-01,zone_09,2025-11-24T00:00:00Z,2.97,0.01,30.11,77.33,0.0,safe
SNS-zone_10-01,zone_10,2025-11-24T00:00:00Z,55.97,0.166,65.33,430.01,0.0,warning
SNS-zone_11-01,zone_11,2025-11-24T00:00:00Z,141.4,0.417,99.74,1030.11,0.0,evacuation
SNS-zone_12-01,zone_12,2025-11-24T00:00:00Z,143.3,0.446,78.97,989.1,0.0,evacuation
SNS-zone_13-01,zone_13,2025-11-24T00:00:00Z,4.47,0.018,42.93,110.47,0.0,safe
SNS-zone_14-01,zone_14,2025-11-24T00:00:00Z,10.98,0.02,34.44,105.08,0.0,safe
SNS-zone_15-01,zone_15,2025-11-24T00:00:00Z,9.69,0.016,38.37,113.24,0.0,safe
SNS-zone_16-01,zone_16,2025-11-24T00:00:00Z,10.54,0.017,30.76,100.92,0.0,safe
SNS-zone_01-01,zone_01,2025-11-25T00:00:00Z,8.91,0.026,37.4,108.71,0.0,safe
SNS-zone_02-01,zone_02,2025-11-25T00:00:00Z,17.4,0.03,29.17,125.5,0.0,safe
SNS-zone_03-01,zone_03,2025-11-25T00:00:00Z,10.08,0.031,33.41,105.65,0.0,safe
SNS-zone_04-01,zone_04,2025-11-25T00:00:00Z,17.55,0.033,38.46,123.85,0.0,safe
SNS-zone_05-01,zone_05,2025-11-25T00:00:00Z,13.11,0.019,40.44,118.47,0.0,safe
SNS-zone_06-01,zone_06,2025-11-25T00:00:00Z,69.2,0.148,54.57,452.6,0.0,warning
SNS-zone_07-01,zone_07,2025-11-25T00:00:00Z,54.05,0.137,63.36,412.12,0.0,warning
SNS-zone_08-01,zone_08,2025-11-25T00:00:00Z,56.74,0.135,66.22,427.59,0.0,warning
SNS-zone_09-01,zone_09,2025-11-25T00:00:00Z,1.56,0.012,30.59,84.01,0.0,safe
SNS-zone_10-01,zone_10,2025-11-25T00:00:00Z,53.08,0.138,63.89,406.99,0.0,warning
SNS-zone_11-01,zone_11,2025-11-25T00:00:00Z,137.24,0.445,87.63,938.94,0.0,evacuation
SNS-zone_12-01,zone_12,2025-11-25T00:00:00Z,140.2,0.422,83.88,982.57,0.0,evacuation
SNS-zone_13-01,zone_13,2025-11-25T00:00:00Z,5.93,0.014,40.8,105.16,0.0,safe
SNS-zone_14-01,zone_14,2025-11-25T00:00:00Z,12.4,0.022,34.14,109.52,0.0,safe
SNS-zone_15-01,zone_15,2025-11-25T00:00:00Z,5.04,0.013,36.28,107.39,0.0,safe
SNS-zone_16-01,zone_16,2025-11-25T00:00:00Z,13.22,0.027,31.06,114.66,0.0,safe
SNS-zone_01-01,zone_01,2025-11-26T00:00:00Z,7.81,0.019,39.44,102.12,0.0,safe
SNS-zone_02-01,zone_02,2025-11-26T00:00:00Z,15.84,0.022,29.42,103.49,0.0,safe
SNS-zone_03-01,zone_03,2025-11-26T00:00:00Z,10.25,0.022,31.18,102.87,0.0,safe
SNS-zone_04-01,zone_04,2025-11-26T00:00:00Z,17.83,0.02,36.56,129.05,0.0,safe
SNS-zone_05-01,zone_05,2025-11-26T00:00:00Z,14.07,0.023,39.62,114.85,0.0,safe
SNS-zone_06-01,zone_06,2025-11-26T00:00:00Z,68.64,0.153,59.15,448.52,0.0,warning
SNS-zone_07-01,zone_07,2025-11-26T00:00:00Z,55.8,0.128,65.71,423.57,0.0,warning
SNS-zone_08-01,zone_08,2025-11-26T00:00:00Z,58.72,0.149,67.85,440.32,0.0,warning
SNS-zone_09-01,zone_09,2025-11-26T00:00:00Z,3.12,0.011,27.89,85.11,0.0,safe
SNS-zone_10-01,zone_10,2025-11-26T00:00:00Z,56.76,0.152,60.77,420.98,0.0,warning
SNS-zone_11-01,zone_11,2025-11-26T00:00:00Z,138.67,0.426,94.11,1000.11,0.0,evacuation
SNS-zone_12-01,zone_12,2025-11-26T00:00:00Z,138.54,0.436,81.64,977.65,0.0,evacuation
SNS-zone_13-01,zone_13,2025-11-26T00:00:00Z,5.65,0.022,41.75,106.45,0.0,safe
SNS-zone_14-01,zone_14,2025-11-26T00:00:00Z,13.55,0.026,36.05,122.3,0.0,safe
SNS-zone_15-01,zone_15,2025-11-26T00:00:00Z,6.23,0.022,36.77,98.88,0.0,safe
SNS-zone_16-01,zone_16,2025-11-26T00:00:00Z,10.64,0.012,29.55,97.05,0.0,safe
SNS-zone_01-01,zone_01,2025-11-27T00:00:00Z,11.41,0.019,36.7,117.7,0.0,safe
SNS-zone_02-01,zone_02,2025-11-27T00:00:00Z,15.69,0.025,29.48,113.33,0.0,safe
SNS-zone_03-01,zone_03,2025-11-27T00:00:00Z,7.56,0.01,33.7,101.47,0.0,safe
SNS-zone_04-01,zone_04,2025-11-27T00:00:00Z,16.19,0.021,38.16,127.89,0.0,safe
SNS-zone_05-01,zone_05,2025-11-27T00:00:00Z,11.88,0.022,39.8,112.99,0.0,safe
SNS-zone_06-01,zone_06,2025-11-27T00:00:00Z,66.5,0.139,60.65,433.16,0.0,warning
SNS-zone_07-01,zone_07,2025-11-27T00:00:00Z,53.02,0.142,63.4,408.62,0.0,warning
SNS-zone_08-01,zone_08,2025-11-27T00:00:00Z,56.91,0.147,67.27,445.59,0.0,warning
SNS-zone_09-01,zone_09,2025-11-27T00:00:00Z,4.1,0.017,26.79,91.18,0.0,safe
SNS-zone_10-01,zone_10,2025-11-27T00:00:00Z,58.48,0.15,66.0,412.25,0.0,warning
SNS-zone_11-01,zone_11,2025-11-27T00:00:00Z,145.06,0.431,95.09,1018.41,0.0,evacuation
SNS-zone_12-01,zone_12,2025-11-27T00:00:00Z,145.27,0.445,80.09,998.61,0.0,evacuation
SNS-zone_13-01,zone_13,2025-11-27T00:00:00Z,4.76,0.014,42.71,98.05,0.0,safe
SNS-zone_14-01,zone_14,2025-11-27T00:00:00Z,11.64,0.017,35.27,108.93,0.0,safe
SNS-zone_15-01,zone_15,2025-11-27T00:00:00Z,8.23,0.022,36.33,105.05,0.0,safe
SNS-zone_16-01,zone_16,2025-11-27T00:00:00Z,11.84,0.021,29.36,109.35,0.0,safe
SNS-zone_01-01,zone_01,2025-11-28T00:00:00Z,10.69,0.025,36.23,109.16,0.0,safe
SNS-zone_02-01,zone_02,2025-11-28T00:00:00Z,16.19,0.027,29.46,115.91,0.0,safe
SNS-zone_03-01,zone_03,2025-11-28T00:00:00Z,9.1,0.023,33.89,107.1,0.0,safe
SNS-zone_04-01,zone_04,2025-11-28T00:00:00Z,19.43,0.029,38.4,135.45,0.0,safe
SNS-zone_05-01,zone_05,2025-11-28T00:00:00Z,13.48,0.027,38.15,113.32,0.0,safe
SNS-zone_06-01,zone_06,2025-11-28T00:00:00Z,69.04,0.157,61.07,453.42,0.0,warning
SNS-zone_07-01,zone_07,2025-11-28T00:00:00Z,53.48,0.132,62.98,419.24,0.0,warning
SNS-zone_08-01,zone_08,2025-11-28T00:00:00Z,57.52,0.14,65.91,424.05,0.0,warning
SNS-zone_09-01,zone_09,2025-11-28T00:00:00Z,1.89,0.018,27.52,80.27,0.0,safe
SNS-zone_10-01,zone_10,2025-11-28T00:00:00Z,56.95,0.134,64.89,409.98,0.0,warning
SNS-zone_11-01,zone_11,2025-11-28T00:00:00Z,143.83,0.464,95.57,1018.98,0.0,evacuation
SNS-zone_12-01,zone_12,2025-11-28T00:00:00Z,136.0,0.425,77.85,958.06,0.0,evacuation
SNS-zone_13-01,zone_13,2025-11-28T00:00:00Z,5.01,0.015,41.49,105.71,0.0,safe
SNS-zone_14-01,zone_14,2025-11-28T00:00:00Z,13.33,0.022,34.98,110.68,0.0,safe
SNS-zone_15-01,zone_15,2025-11-28T00:00:00Z,6.58,0.016,39.44,102.35,0.0,safe
SNS-zone_16-01,zone_16,2025-11-28T00:00:00Z,12.24,0.025,29.31,101.05,0.0,safe
SNS-zone_01-01,zone_01,2025-11-29T00:00:00Z,7.75,0.017,36.36,103.44,0.0,safe
SNS-zone_02-01,zone_02,2025-11-29T00:00:00Z,19.28,0.028,28.41,120.33,0.0,safe
SNS-zone_03-01,zone_03,2025-11-29T00:00:00Z,8.87,0.015,33.6,98.71,0.0,safe
SNS-zone_04-01,zone_04,2025-11-29T00:00:00Z,16.9,0.023,37.29,131.82,0.0,safe
SNS-zone_05-01,zone_05,2025-11-29T00:00:00Z,11.66,0.018,42.31,120.62,0.0,safe
SNS-zone_06-01,zone_06,2025-11-29T00:00:00Z,64.8,0.136,57.84,433.19,0.0,warning
SNS-zone_07-01,zone_07,2025-11-29T00:00:00Z,54.02,0.133,65.88,418.95,0.0,warning
SNS-zone_08-01,zone_08,2025-11-29T00:00:00Z,56.23,0.143,65.35,436.89,0.0,warning
SNS-zone_09-01,zone_09,2025-11-29T00:00:00Z,4.82,0.016,29.26,94.32,0.0,safe
SNS-zone_10-01,zone_10,2025-11-29T00:00:00Z,51.26,0.124,61.51,403.47,0.0,warning
SNS-zone_11-01,zone_11,2025-11-29T00:00:00Z,138.71,0.415,92.37,996.9,0.0,evacuation
SNS-zone_12-01,zone_12,2025-11-29T00:00:00Z,146.42,0.435,80.39,1011.18,0.0,evacuation
SNS-zone_13-01,zone_13,2025-11-29T00:00:00Z,5.05,0.021,41.54,98.35,0.0,safe
SNS-zone_14-01,zone_14,2025-11-29T00:00:00Z,12.6,0.019,34.15,109.12,0.0,safe
SNS-zone_15-01,zone_15,2025-11-29T00:00:00Z,3.97,0.015,37.42,103.91,0.0,safe
SNS-zone_16-01,zone_16,2025-11-29T00:00:00Z,10.7,0.022,28.95,106.59,0.0,safe
SNS-zone_01-01,zone_01,2025-11-30T00:00:00Z,9.58,0.018,37.73,103.46,0.0,safe
SNS-zone_02-01,zone_02,2025-11-30T00:00:00Z,17.51,0.027,30.57,123.85,0.0,safe
SNS-zone_03-01,zone_03,2025-11-30T00:00:00Z,10.79,0.02,34.58,107.14,0.0,safe
SNS-zone_04-01,zone_04,2025-11-30T00:00:00Z,18.76,0.023,36.32,123.61,0.0,safe
SNS-zone_05-01,zone_05,2025-11-30T00:00:00Z,11.05,0.017,40.75,117.45,0.0,safe
SNS-zone_06-01,zone_06,2025-11-30T00:00:00Z,66.71,0.156,57.46,446.37,0.0,warning
SNS-zone_07-01,zone_07,2025-11-30T00:00:00Z,50.5,0.132,66.24,404.61,0.0,warning
SNS-zone_08-01,zone_08,2025-11-30T00:00:00Z,60.3,0.143,63.07,439.53,0.0,warning
SNS-zone_09-01,zone_09,2025-11-30T00:00:00Z,4.76,0.01,28.62,86.36,0.0,safe
SNS-zone_10-01,zone_10,2025-11-30T00:00:00Z,55.87,0.126,68.32,435.6,0.0,warning
SNS-zone_11-01,zone_11,2025-11-30T00:00:00Z,138.91,0.447,94.68,991.79,0.0,evacuation
SNS-zone_12-01,zone_12,2025-11-30T00:00:00Z,148.84,0.459,82.13,1000.05,0.0,evacuation
SNS-zone_13-01,zone_13,2025-11-30T00:00:00Z,6.15,0.02,38.94,102.23,0.0,safe
SNS-zone_14-01,zone_14,2025-11-30T00:00:00Z,13.04,0.02,34.14,112.34,0.0,safe
SNS-zone_15-01,zone_15,2025-11-30T00:00:00Z,3.35,0.016,36.14,81.86,0.0,safe
SNS-zone_16-01,zone_16,2025-11-30T00:00:00Z,13.69,0.021,27.82,104.24,0.0,safe
SNS-zone_01-01,zone_01,2025-12-01T00:00:00Z,9.41,0.014,38.41,112.67,0.0,safe
SNS-zone_02-01,zone_02,2025-12-01T00:00:00Z,17.7,0.027,28.98,112.2,0.0,safe
SNS-zone_03-01,zone_03,2025-12-01T00:00:00Z,10.4,0.027,32.07,108.27,0.0,safe
SNS-zone_04-01,zone_04,2025-12-01T00:00:00Z,17.04,0.027,35.83,122.89,0.0,safe
SNS-zone_05-01,zone_05,2025-12-01T00:00:00Z,11.39,0.017,39.25,118.42,0.0,safe
SNS-zone_06-01,zone_06,2025-12-01T00:00:00Z,70.86,0.167,60.21,465.13,0.0,warning
SNS-zone_07-01,zone_07,2025-12-01T00:00:00Z,58.08,0.154,65.99,425.29,0.0,warning
SNS-zone_08-01,zone_08,2025-12-01T00:00:00Z,55.1,0.149,68.83,420.01,0.0,warning
SNS-zone_09-01,zone_09,2025-12-01T00:00:00Z,5.62,0.018,29.34,86.11,0.0,safe
SNS-zone_10-01,zone_10,2025-12-01T00:00:00Z,56.53,0.136,62.63,412.43,0.0,warning
SNS-zone_11-01,zone_11,2025-12-01T00:00:00Z,139.01,0.412,92.41,1007.17,0.0,evacuation
SNS-zone_12-01,zone_12,2025-12-01T00:00:00Z,143.52,0.433,81.23,1007.39,0.0,evacuation
SNS-zone_13-01,zone_13,2025-12-01T00:00:00Z,4.48,0.017,41.83,104.45,0.0,safe
SNS-zone_14-01,zone_14,2025-12-01T00:00:00Z,11.66,0.017,35.27,116.55,0.0,safe
SNS-zone_15-01,zone_15,2025-12-01T00:00:00Z,5.77,0.013,36.78,101.91,0.0,safe
SNS-zone_16-01,zone_16,2025-12-01T00:00:00Z,13.29,0.022,30.11,111.58,0.0,safe
SNS-zone_01-01,zone_01,2025-12-02T00:00:00Z,10.55,0.017,36.42,111.3,0.0,safe
SNS-zone_02-01,zone_02,2025-12-02T00:00:00Z,16.84,0.018,29.67,116.08,0.0,safe
SNS-zone_03-01,zone_03,2025-12-02T00:00:00Z,8.07,0.02,32.1,101.0,0.0,safe
SNS-zone_04-01,zone_04,2025-12-02T00:00:00Z,18.55,0.026,38.7,128.55,0.0,safe
SNS-zone_05-01,zone_05,2025-12-02T00:00:00Z,12.42,0.022,40.15,116.91,0.0,safe
SNS-zone_06-01,zone_06,2025-12-02T00:00:00Z,65.03,0.167,58.79,444.43,0.0,warning
SNS-zone_07-01,zone_07,2025-12-02T00:00:00Z,57.67,0.134,63.84,430.99,0.0,warning
SNS-zone_08-01,zone_08,2025-12-02T00:00:00Z,52.57,0.132,67.05,413.86,0.0,warning
SNS-zone_09-01,zone_09,2025-12-02T00:00:00Z,3.75,0.014,30.49,84.66,0.0,safe
SNS-zone_10-01,zone_10,2025-12-02T00:00:00Z,55.69,0.141,63.19,432.93,0.0,warning
SNS-zone_11-01,zone_11,2025-12-02T00:00:00Z,143.13,0.451,91.68,1019.64,0.0,evacuation
SNS-zone_12-01,zone_12,2025-12-02T00:00:00Z,148.07,0.46,84.82,1017.25,0.0,evacuation
SNS-zone_13-01,zone_13,2025-12-02T00:00:00Z,5.51,0.015,40.99,97.69,0.0,safe
SNS-zone_14-01,zone_14,2025-12-02T00:00:00Z,10.17,0.013,34.73,105.37,0.0,safe
SNS-zone_15-01,zone_15,2025-12-02T00:00:00Z,6.59,0.01,38.18,102.25,0.0,safe
SNS-zone_16-01,zone_16,2025-12-02T00:00:00Z,13.03,0.029,29.37,107.44,0.0,safe
SNS-zone_01-01,zone_01,2025-12-03T00:00:00Z,8.81,0.018,40.12,115.39,0.0,safe
SNS-zone_02-01,zone_02,2025-12-03T00:00:00Z,17.29,0.022,29.05,117.89,0.0,safe
SNS-zone_03-01,zone_03,2025-12-03T00:00:00Z,7.32,0.02,32.89,103.41,0.0,safe
SNS-zone_04-01,zone_04,2025-12-03T00:00:00Z,19.67,0.026,38.16,132.06,0.0,safe
SNS-zone_05-01,zone_05,2025-12-03T00:00:00Z,13.25,0.019,38.57,125.38,0.0,safe
SNS-zone_06-01,zone_06,2025-12-03T00:00:00Z,72.27,0.156,59.38,447.35,0.0,warning
SNS-zone_07-01,zone_07,2025-12-03T00:00:00Z,54.21,0.134,65.57,422.04,0.0,warning
SNS-zone_08-01,zone_08,2025-12-03T00:00:00Z,57.28,0.149,69.69,427.61,0.0,warning
SNS-zone_09-01,zone_09,2025-12-03T00:00:00Z,2.83,0.01,27.81,86.2,0.0,safe
SNS-zone_10-01,zone_10,2025-12-03T00:00:00Z,57.62,0.14,64.44,430.01,0.0,warning
SNS-zone_11-01,zone_11,2025-12-03T00:00:00Z,143.19,0.429,91.53,1002.76,0.0,evacuation
SNS-zone_12-01,zone_12,2025-12-03T00:00:00Z,141.46,0.441,80.53,980.62,0.0,evacuation
SNS-zone_13-01,zone_13,2025-12-03T00:00:00Z,5.45,0.013,42.39,106.68,0.0,safe
SNS-zone_14-01,zone_14,2025-12-03T00:00:00Z,13.43,0.022,35.84,119.31,0.0,safe
SNS-zone_15-01,zone_15,2025-12-03T00:00:00Z,7.35,0.022,36.54,99.29,0.0,safe
SNS-zone_16-01,zone_16,2025-12-03T00:00:00Z,11.02,0.02,30.58,102.45,0.0,safe
SNS-zone_01-01,zone_01,2025-12-04T00:00:00Z,11.26,0.024,40.73,114.26,0.0,safe
SNS-zone_02-01,zone_02,2025-12-04T00:00:00Z,15.85,0.026,31.23,120.95,0.0,safe
SNS-zone_03-01,zone_03,2025-12-04T00:00:00Z,10.66,0.02,32.05,111.36,0.0,safe
SNS-zone_04-01,zone_04,2025-12-04T00:00:00Z,15.59,0.027,36.36,123.98,0.0,safe
SNS-zone_05-01,zone_05,2025-12-04T00:00:00Z,15.18,0.018,40.89,120.21,0.0,safe
SNS-zone_06-01,zone_06,2025-12-04T00:00:00Z,68.14,0.158,60.3,459.68,0.0,warning
SNS-zone_07-01,zone_07,2025-12-04T00:00:00Z,57.76,0.148,64.46,424.73,0.0,warning
SNS-zone_08-01,zone_08,2025-12-04T00:00:00Z,55.37,0.139,67.75,432.34,0.0,warning
SNS-zone_09-01,zone_09,2025-12-04T00:00:00Z,3.78,0.015,26.74,84.95,0.0,safe
SNS-zone_10-01,zone_10,2025-12-04T00:00:00Z,56.69,0.148,62.99,429.87,0.0,warning
SNS-zone_11-01,zone_11,2025-12-04T00:00:00Z,139.75,0.428,96.39,1006.23,0.0,evacuation
SNS-zone_12-01,zone_12,2025-12-04T00:00:00Z,141.07,0.449,85.01,1007.22,0.0,evacuation
SNS-zone_13-01,zone_13,2025-12-04T00:00:00Z,2.95,0.012,42.46,107.71,0.0,safe
SNS-zone_14-01,zone_14,2025-12-04T00:00:00Z,11.08,0.026,33.89,115.91,0.0,safe
SNS-zone_15-01,zone_15,2025-12-04T00:00:00Z,7.43,0.02,40.33,114.14,0.0,safe
SNS-zone_16-01,zone_16,2025-12-04T00:00:00Z,14.52,0.02,31.43,111.41,0.0,safe
SNS-zone_01-01,zone_01,2025-12-05T00:00:00Z,10.68,0.023,39.03,107.7,0.0,safe
SNS-zone_02-01,zone_02,2025-12-05T00:00:00Z,19.81,0.032,28.93,116.55,0.0,safe
SNS-zone_03-01,zone_03,2025-12-05T00:00:00Z,9.46,0.019,33.24,99.74,0.0,safe
SNS-zone_04-01,zone_04,2025-12-05T00:00:00Z,17.56,0.024,38.24,133.91,0.0,safe
SNS-zone_05-01,zone_05,2025-12-05T00:00:00Z,12.11,0.021,39.84,125.84,0.0,safe
SNS-zone_06-01,zone_06,2025-12-05T00:00:00Z,66.94,0.148,57.2,429.52,0.0,warning
SNS-zone_07-01,zone_07,2025-12-05T00:00:00Z,58.5,0.138,64.6,422.35,0.0,warning
SNS-zone_08-01,zone_08,2025-12-05T00:00:00Z,57.69,0.137,67.53,420.74,0.0,warning
SNS-zone_09-01,zone_09,2025-12-05T00:00:00Z,3.91,0.01,30.72,92.31,0.0,safe
SNS-zone_10-01,zone_10,2025-12-05T00:00:00Z,58.19,0.142,63.13,423.44,0.0,warning
SNS-zone_11-01,zone_11,2025-12-05T00:00:00Z,144.3,0.416,90.7,1018.13,0.0,evacuation
SNS-zone_12-01,zone_12,2025-12-05T00:00:00Z,139.86,0.417,84.11,975.07,0.0,evacuation
SNS-zone_13-01,zone_13,2025-12-05T00:00:00Z,2.16,0.013,39.53,94.51,0.0,safe
SNS-zone_14-01,zone_14,2025-12-05T00:00:00Z,11.5,0.018,35.09,117.24,0.0,safe
SNS-zone_15-01,zone_15,2025-12-05T00:00:00Z,6.74,0.014,36.87,111.77,0.0,safe
SNS-zone_16-01,zone_16,2025-12-05T00:00:00Z,12.79,0.024,28.6,118.25,0.0,safe
SNS-zone_01-01,zone_01,2025-12-06T00:00:00Z,5.99,0.01,39.52,96.78,0.0,safe
SNS-zone_02-01,zone_02,2025-12-06T00:00:00Z,16.14,0.024,30.91,123.39,0.0,safe
SNS-zone_03-01,zone_03,2025-12-06T00:00:00Z,9.94,0.025,30.57,94.62,0.0,safe
SNS-zone_04-01,zone_04,2025-12-06T00:00:00Z,17.7,0.029,38.69,124.58,0.0,safe
SNS-zone_05-01,zone_05,2025-12-06T00:00:00Z,11.21,0.018,38.52,118.63,0.0,safe
SNS-zone_06-01,zone_06,2025-12-06T00:00:00Z,69.65,0.147,60.51,456.59,0.0,warning
SNS-zone_07-01,zone_07,2025-12-06T00:00:00Z,53.22,0.141,67.75,429.89,0.0,warning
SNS-zone_08-01,zone_08,2025-12-06T00:00:00Z,56.75,0.141,67.53,436.87,0.0,warning
SNS-zone_09-01,zone_09,2025-12-06T00:00:00Z,2.96,0.012,29.39,86.26,0.0,safe
SNS-zone_10-01,zone_10,2025-12-06T00:00:00Z,55.81,0.139,62.71,428.52,0.0,warning
SNS-zone_11-01,zone_11,2025-12-06T00:00:00Z,139.09,0.407,94.06,1009.43,0.0,evacuation
SNS-zone_12-01,zone_12,2025-12-06T00:00:00Z,137.77,0.408,84.36,982.62,0.0,evacuation
SNS-zone_13-01,zone_13,2025-12-06T00:00:00Z,2.4,0.01,43.74,99.21,0.0,safe
SNS-zone_14-01,zone_14,2025-12-06T00:00:00Z,14.3,0.026,35.22,112.5,0.0,safe
SNS-zone_15-01,zone_15,2025-12-06T00:00:00Z,4.74,0.01,36.27,95.61,0.0,safe
SNS-zone_16-01,zone_16,2025-12-06T00:00:00Z,11.32,0.017,27.96,99.74,0.0,safe
SNS-zone_01-01,zone_01,2025-12-07T00:00:00Z,9.7,0.019,37.93,116.78,0.0,safe
SNS-zone_02-01,zone_02,2025-12-07T00:00:00Z,17.54,0.029,30.05,117.97,0.0,safe
SNS-zone_03-01,zone_03,2025-12-07T00:00:00Z,8.31,0.016,32.75,97.89,0.0,safe
SNS-zone_04-01,zone_04,2025-12-07T00:00:00Z,18.29,0.027,38.04,128.68,0.0,safe
SNS-zone_05-01,zone_05,2025-12-07T00:00:00Z,14.37,0.023,39.53,118.72,0.0,safe
SNS-zone_06-01,zone_06,2025-12-07T00:00:00Z,64.41,0.148,58.11,445.29,0.0,warning
SNS-zone_07-01,zone_07,2025-12-07T00:00:00Z,50.5,0.13,64.72,405.38,0.0,warning
SNS-zone_08-01,zone_08,2025-12-07T00:00:00Z,57.26,0.144,69.06,438.56,0.0,warning
SNS-zone_09-01,zone_09,2025-12-07T00:00:00Z,1.79,0.011,29.7,72.22,0.0,safe
SNS-zone_10-01,zone_10,2025-12-07T00:00:00Z,52.64,0.131,63.8,407.87,0.0,warning
SNS-zone_11-01,zone_11,2025-12-07T00:00:00Z,142.5,0.444,92.47,1007.85,0.0,evacuation
SNS-zone_12-01,zone_12,2025-12-07T00:00:00Z,141.46,0.445,84.04,1004.73,0.0,evacuation
SNS-zone_13-01,zone_13,2025-12-07T00:00:00Z,6.48,0.018,40.79,99.36,0.0,safe
SNS-zone_14-01,zone_14,2025-12-07T00:00:00Z,12.22,0.018,35.57,107.47,0.0,safe
SNS-zone_15-01,zone_15,2025-12-07T00:00:00Z,6.77,0.015,39.52,109.26,0.0,safe
SNS-zone_16-01,zone_16,2025-12-07T00:00:00Z,12.96,0.026,29.41,111.33,0.0,safe
SNS-zone_01-01,zone_01,2025-12-08T00:00:00Z,6.55,0.016,40.21,96.11,0.0,safe
SNS-zone_02-01,zone_02,2025-12-08T00:00:00Z,14.53,0.017,30.66,119.14,0.0,safe
SNS-zone_03-01,zone_03,2025-12-08T00:00:00Z,4.89,0.016,34.85,101.99,0.0,safe
SNS-zone_04-01,zone_04,2025-12-08T00:00:00Z,19.53,0.028,40.41,136.99,0.0,safe
SNS-zone_05-01,zone_05,2025-12-08T00:00:00Z,13.96,0.022,39.46,123.12,0.0,safe
SNS-zone_06-01,zone_06,2025-12-08T00:00:00Z,67.54,0.169,56.8,437.84,0.0,warning
SNS-zone_07-01,zone_07,2025-12-08T00:00:00Z,58.3,0.149,67.1,424.98,0.0,warning
SNS-zone_08-01,zone_08,2025-12-08T00:00:00Z,57.2,0.144,67.54,420.34,0.0,warning
SNS-zone_09-01,zone_09,2025-12-08T00:00:00Z,3.98,0.015,29.03,93.94,0.0,safe
SNS-zone_10-01,zone_10,2025-12-08T00:00:00Z,56.31,0.139,62.06,414.93,0.0,warning
SNS-zone_11-01,zone_11,2025-12-08T00:00:00Z,146.37,0.462,89.56,1024.05,0.0,evacuation
SNS-zone_12-01,zone_12,2025-12-08T00:00:00Z,145.8,0.43,85.56,1010.38,0.0,evacuation
SNS-zone_13-01,zone_13,2025-12-08T00:00:00Z,3.92,0.01,41.85,103.06,0.0,safe
SNS-zone_14-01,zone_14,2025-12-08T00:00:00Z,10.14,0.021,35.29,108.25,0.0,safe
SNS-zone_15-01,zone_15,2025-12-08T00:00:00Z,4.48,0.015,36.14,91.45,0.0,safe
SNS-zone_16-01,zone_16,2025-12-08T00:00:00Z,9.47,0.018,30.5,96.06,0.0,safe
SNS-zone_01-01,zone_01,2025-12-09T00:00:00Z,8.57,0.018,38.71,97.24,0.0,safe
SNS-zone_02-01,zone_02,2025-12-09T00:00:00Z,18.84,0.026,30.94,116.93,0.0,safe
SNS-zone_03-01,zone_03,2025-12-09T00:00:00Z,7.01,0.013,31.7,105.5,0.0,safe
SNS-zone_04-01,zone_04,2025-12-09T00:00:00Z,18.53,0.026,38.75,129.65,0.0,safe
SNS-zone_05-01,zone_05,2025-12-09T00:00:00Z,12.37,0.022,39.55,109.39,0.0,safe
SNS-zone_06-01,zone_06,2025-12-09T00:00:00Z,63.97,0.151,57.43,416.55,0.0,warning
SNS-zone_07-01,zone_07,2025-12-09T00:00:00Z,57.01,0.124,66.37,429.9,0.0,warning
SNS-zone_08-01,zone_08,2025-12-09T00:00:00Z,55.98,0.128,67.45,433.28,0.0,warning
SNS-zone_09-01,zone_09,2025-12-09T00:00:00Z,0.5,0.015,27.79,77.7,0.0,safe
SNS-zone_10-01,zone_10,2025-12-09T00:00:00Z,53.87,0.135,63.77,410.55,0.0,warning
SNS-zone_11-01,zone_11,2025-12-09T00:00:00Z,141.39,0.424,95.54,992.56,0.0,evacuation
SNS-zone_12-01,zone_12,2025-12-09T00:00:00Z,135.16,0.414,79.34,942.52,0.0,evacuation
SNS-zone_13-01,zone_13,2025-12-09T00:00:00Z,6.84,0.026,43.36,108.64,0.0,safe
SNS-zone_14-01,zone_14,2025-12-09T00:00:00Z,10.18,0.026,36.12,115.09,0.0,safe
SNS-zone_15-01,zone_15,2025-12-09T00:00:00Z,7.34,0.017,38.13,96.85,0.0,safe
SNS-zone_16-01,zone_16,2025-12-09T00:00:00Z,13.7,0.023,30.05,110.4,0.0,safe
SNS-zone_01-01,zone_01,2025-12-10T00:00:00Z,9.63,0.015,36.69,109.7,0.0,safe
SNS-zone_02-01,zone_02,2025-12-10T00:00:00Z,16.83,0.029,28.38,113.85,0.0,safe
SNS-zone_03-01,zone_03,2025-12-10T00:00:00Z,10.33,0.016,31.76,106.17,0.0,safe
SNS-zone_04-01,zone_04,2025-12-10T00:00:00Z,13.0,0.02,37.44,117.09,0.0,safe
SNS-zone_05-01,zone_05,2025-12-10T00:00:00Z,11.61,0.017,41.75,113.41,0.0,safe
SNS-zone_06-01,zone_06,2025-12-10T00:00:00Z,63.9,0.157,57.74,443.48,0.0,warning
SNS-zone_07-01,zone_07,2025-12-10T00:00:00Z,51.43,0.139,64.71,406.52,0.0,warning
SNS-zone_08-01,zone_08,2025-12-10T00:00:00Z,59.8,0.144,66.76,436.76,0.0,warning
SNS-zone_09-01,zone_09,2025-12-10T00:00:00Z,3.79,0.01,27.99,88.44,0.0,safe
SNS-zone_10-01,zone_10,2025-12-10T00:00:00Z,56.9,0.143,65.68,419.41,0.0,warning
SNS-zone_11-01,zone_11,2025-12-10T00:00:00Z,145.58,0.41,97.33,1020.35,0.0,evacuation
SNS-zone_12-01,zone_12,2025-12-10T00:00:00Z,140.89,0.426,80.57,986.43,0.0,evacuation
SNS-zone_13-01,zone_13,2025-12-10T00:00:00Z,4.55,0.012,40.9,108.07,0.0,safe
SNS-zone_14-01,zone_14,2025-12-10T00:00:00Z,10.72,0.02,35.43,107.37,0.0,safe
SNS-zone_15-01,zone_15,2025-12-10T00:00:00Z,7.04,0.012,36.28,104.16,0.0,safe
SNS-zone_16-01,zone_16,2025-12-10T00:00:00Z,12.02,0.026,30.15,107.04,0.0,safe
SNS-zone_01-01,zone_01,2025-12-11T00:00:00Z,7.03,0.02,37.63,102.79,0.0,safe
SNS-zone_02-01,zone_02,2025-12-11T00:00:00Z,19.24,0.027,31.28,120.79,0.0,safe
SNS-zone_03-01,zone_03,2025-12-11T00:00:00Z,7.08,0.021,33.41,104.49,0.0,safe
SNS-zone_04-01,zone_04,2025-12-11T00:00:00Z,17.78,0.026,39.45,122.62,0.0,safe
SNS-zone_05-01,zone_05,2025-12-11T00:00:00Z,13.6,0.019,40.34,119.48,0.0,safe
SNS-zone_06-01,zone_06,2025-12-11T00:00:00Z,70.88,0.157,58.7,460.06,0.0,warning
SNS-zone_07-01,zone_07,2025-12-11T00:00:00Z,57.19,0.13,65.54,428.08,0.0,warning
SNS-zone_08-01,zone_08,2025-12-11T00:00:00Z,57.68,0.138,67.97,417.74,0.0,warning
SNS-zone_09-01,zone_09,2025-12-11T00:00:00Z,6.2,0.011,29.21,91.99,0.0,safe
SNS-zone_10-01,zone_10,2025-12-11T00:00:00Z,58.55,0.148,66.62,434.93,0.0,warning
SNS-zone_11-01,zone_11,2025-12-11T00:00:00Z,140.57,0.435,92.82,997.07,0.0,evacuation
SNS-zone_12-01,zone_12,2025-12-11T00:00:00Z,141.27,0.428,79.16,968.89,0.0,evacuation
SNS-zone_13-01,zone_13,2025-12-11T00:00:00Z,1.53,0.01,39.72,103.39,0.0,safe
SNS-zone_14-01,zone_14,2025-12-11T00:00:00Z,12.31,0.021,35.26,113.74,0.0,safe
SNS-zone_15-01,zone_15,2025-12-11T00:00:00Z,9.95,0.018,38.67,114.73,0.0,safe
SNS-zone_16-01,zone_16,2025-12-11T00:00:00Z,12.36,0.027,29.77,106.79,0.0,safe
SNS-zone_01-01,zone_01,2025-12-12T00:00:00Z,9.38,0.015,37.07,105.04,0.0,safe
SNS-zone_02-01,zone_02,2025-12-12T00:00:00Z,15.94,0.031,27.68,117.57,0.0,safe
SNS-zone_03-01,zone_03,2025-12-12T00:00:00Z,9.16,0.018,33.78,112.75,0.0,safe
SNS-zone_04-01,zone_04,2025-12-12T00:00:00Z,18.46,0.031,36.28,128.35,0.0,safe
SNS-zone_05-01,zone_05,2025-12-12T00:00:00Z,10.58,0.023,39.59,113.58,0.0,safe
SNS-zone_06-01,zone_06,2025-12-12T00:00:00Z,69.51,0.162,56.88,451.74,0.0,warning
SNS-zone_07-01,zone_07,2025-12-12T00:00:00Z,54.69,0.128,60.45,410.02,0.0,warning
SNS-zone_08-01,zone_08,2025-12-12T00:00:00Z,55.59,0.133,70.43,424.65,0.0,warning
SNS-zone_09-01,zone_09,2025-12-12T00:00:00Z,0.5,0.012,28.38,81.17,0.0,safe
SNS-zone_10-01,zone_10,2025-12-12T00:00:00Z,58.95,0.152,66.14,435.56,0.0,warning
SNS-zone_11-01,zone_11,2025-12-12T00:00:00Z,144.41,0.418,95.54,1025.4,0.0,evacuation
SNS-zone_12-01,zone_12,2025-12-12T00:00:00Z,140.63,0.446,85.32,1008.81,0.0,evacuation
SNS-zone_13-01,zone_13,2025-12-12T00:00:00Z,2.28,0.01,41.15,100.91,0.0,safe
SNS-zone_14-01,zone_14,2025-12-12T00:00:00Z,11.58,0.018,35.25,109.05,0.0,safe
SNS-zone_15-01,zone_15,2025-12-12T00:00:00Z,6.12,0.017,37.13,96.8,0.0,safe
SNS-zone_16-01,zone_16,2025-12-12T00:00:00Z,15.07,0.021,28.54,105.81,0.0,safe
SNS-zone_01-01,zone_01,2025-12-13T00:00:00Z,7.07,0.012,38.12,100.9,0.0,safe
SNS-zone_02-01,zone_02,2025-12-13T00:00:00Z,16.26,0.026,28.22,113.86,0.0,safe
SNS-zone_03-01,zone_03,2025-12-13T00:00:00Z,9.29,0.014,31.73,112.6,0.0,safe
SNS-zone_04-01,zone_04,2025-12-13T00:00:00Z,17.8,0.029,36.59,118.93,0.0,safe
SNS-zone_05-01,zone_05,2025-12-13T00:00:00Z,10.63,0.017,37.97,119.26,0.0,safe
SNS-zone_06-01,zone_06,2025-12-13T00:00:00Z,68.99,0.159,57.22,441.5,0.0,warning
SNS-zone_07-01,zone_07,2025-12-13T00:00:00Z,52.48,0.138,61.93,405.91,0.0,warning
SNS-zone_08-01,zone_08,2025-12-13T00:00:00Z,55.78,0.14,67.36,427.63,0.0,warning
SNS-zone_09-01,zone_09,2025-12-13T00:00:00Z,3.46,0.01,30.47,90.12,0.0,safe
SNS-zone_10-01,zone_10,2025-12-13T00:00:00Z,52.5,0.133,61.6,408.34,0.0,warning
SNS-zone_11-01,zone_11,2025-12-13T00:00:00Z,148.36,0.456,92.49,1035.15,0.0,evacuation
SNS-zone_12-01,zone_12,2025-12-13T00:00:00Z,138.11,0.436,80.52,968.69,0.0,evacuation
SNS-zone_13-01,zone_13,2025-12-13T00:00:00Z,4.4,0.013,40.79,95.14,0.0,safe
SNS-zone_14-01,zone_14,2025-12-13T00:00:00Z,14.47,0.029,37.24,121.85,0.0,safe
SNS-zone_15-01,zone_15,2025-12-13T00:00:00Z,3.6,0.013,36.14,95.17,0.0,safe
SNS-zone_16-01,zone_16,2025-12-13T00:00:00Z,13.95,0.018,30.76,104.43,0.0,safe
SNS-zone_01-01,zone_01,2025-12-14T00:00:00Z,8.67,0.019,40.61,106.19,0.0,safe
SNS-zone_02-01,zone_02,2025-12-14T00:00:00Z,17.78,0.026,28.73,115.48,0.0,safe
SNS-zone_03-01,zone_03,2025-12-14T00:00:00Z,9.24,0.015,32.71,102.78,0.0,safe
SNS-zone_04-01,zone_04,2025-12-14T00:00:00Z,18.49,0.029,38.16,128.86,0.0,safe
SNS-zone_05-01,zone_05,2025-12-14T00:00:00Z,12.7,0.023,40.84,117.96,0.0,safe
SNS-zone_06-01,zone_06,2025-12-14T00:00:00Z,65.81,0.146,61.35,431.45,0.0,warning
SNS-zone_07-01,zone_07,2025-12-14T00:00:00Z,58.34,0.149,65.33,420.0,0.0,warning
SNS-zone_08-01,zone_08,2025-12-14T00:00:00Z,54.61,0.134,68.91,419.75,0.0,warning
SNS-zone_09-01,zone_09,2025-12-14T00:00:00Z,1.46,0.01,28.03,80.27,0.0,safe
SNS-zone_10-01,zone_10,2025-12-14T00:00:00Z,58.32,0.138,62.57,409.73,0.0,warning
SNS-zone_11-01,zone_11,2025-12-14T00:00:00Z,142.7,0.432,94.24,982.4,0.0,evacuation
SNS-zone_12-01,zone_12,2025-12-14T00:00:00Z,144.18,0.43,80.74,1008.46,0.0,evacuation
SNS-zone_13-01,zone_13,2025-12-14T00:00:00Z,4.59,0.015,43.06,103.81,0.0,safe
SNS-zone_14-01,zone_14,2025-12-14T00:00:00Z,12.54,0.02,35.89,105.97,0.0,safe
SNS-zone_15-01,zone_15,2025-12-14T00:00:00Z,4.51,0.01,36.82,98.2,0.0,safe
SNS-zone_16-01,zone_16,2025-12-14T00:00:00Z,15.92,0.024,30.2,121.46,0.0,safe
SNS-zone_01-01,zone_01,2025-12-15T00:00:00Z,8.29,0.021,38.11,109.42,0.0,safe
SNS-zone_02-01,zone_02,2025-12-15T00:00:00Z,17.16,0.025,30.36,115.92,0.0,safe
SNS-zone_03-01,zone_03,2025-12-15T00:00:00Z,12.1,0.017,34.49,112.09,0.0,safe
SNS-zone_04-01,zone_04,2025-12-15T00:00:00Z,17.32,0.022,39.46,128.27,0.0,safe
SNS-zone_05-01,zone_05,2025-12-15T00:00:00Z,13.13,0.017,38.41,115.39,0.0,safe
SNS-zone_06-01,zone_06,2025-12-15T00:00:00Z,68.1,0.154,60.53,448.35,0.0,warning
SNS-zone_07-01,zone_07,2025-12-15T00:00:00Z,56.06,0.147,65.07,418.06,0.0,warning
SNS-zone_08-01,zone_08,2025-12-15T00:00:00Z,55.25,0.147,68.33,430.86,0.0,warning
SNS-zone_09-01,zone_09,2025-12-15T00:00:00Z,2.81,0.011,28.82,85.42,0.0,safe
SNS-zone_10-01,zone_10,2025-12-15T00:00:00Z,52.16,0.121,62.67,419.49,0.0,warning
SNS-zone_11-01,zone_11,2025-12-15T00:00:00Z,145.3,0.423,93.25,1020.3,0.0,evacuation
SNS-zone_12-01,zone_12,2025-12-15T00:00:00Z,143.6,0.429,80.27,992.67,0.0,evacuation
SNS-zone_13-01,zone_13,2025-12-15T00:00:00Z,6.94,0.017,40.91,102.12,0.0,safe
SNS-zone_14-01,zone_14,2025-12-15T00:00:00Z,10.57,0.022,34.53,100.36,0.0,safe
SNS-zone_15-01,zone_15,2025-12-15T00:00:00Z,9.09,0.013,37.34,110.58,0.0,safe
SNS-zone_16-01,zone_16,2025-12-15T00:00:00Z,12.53,0.02,26.96,106.33,0.0,safe
SNS-zone_01-01,zone_01,2025-12-16T00:00:00Z,7.76,0.01,37.61,103.3,0.0,safe
SNS-zone_02-01,zone_02,2025-12-16T00:00:00Z,16.59,0.032,29.6,114.8,0.0,safe
SNS-zone_03-01,zone_03,2025-12-16T00:00:00Z,9.01,0.02,31.29,106.62,0.0,safe
SNS-zone_04-01,zone_04,2025-12-16T00:00:00Z,17.9,0.025,36.5,131.39,0.0,safe
SNS-zone_05-01,zone_05,2025-12-16T00:00:00Z,12.53,0.017,39.88,116.67,0.0,safe
SNS-zone_06-01,zone_06,2025-12-16T00:00:00Z,65.34,0.148,59.62,442.91,0.0,warning
SNS-zone_07-01,zone_07,2025-12-16T00:00:00Z,52.62,0.131,65.52,412.42,0.0,warning
SNS-zone_08-01,zone_08,2025-12-16T00:00:00Z,56.01,0.159,65.73,418.01,0.0,warning
SNS-zone_09-01,zone_09,2025-12-16T00:00:00Z,3.87,0.017,28.06,86.77,0.0,safe
SNS-zone_10-01,zone_10,2025-12-16T00:00:00Z,58.52,0.134,62.49,430.27,0.0,warning
SNS-zone_11-01,zone_11,2025-12-16T00:00:00Z,139.05,0.414,94.42,982.12,0.0,evacuation
SNS-zone_12-01,zone_12,2025-12-16T00:00:00Z,141.25,0.44,81.08,964.07,0.0,evacuation
SNS-zone_13-01,zone_13,2025-12-16T00:00:00Z,5.46,0.015,41.51,109.05,0.0,safe
SNS-zone_14-01,zone_14,2025-12-16T00:00:00Z,10.52,0.024,35.32,104.74,0.0,safe
SNS-zone_15-01,zone_15,2025-12-16T00:00:00Z,6.67,0.01,35.98,93.76,0.0,safe
SNS-zone_16-01,zone_16,2025-12-16T00:00:00Z,12.64,0.029,28.85,101.95,0.0,safe
SNS-zone_01-01,zone_01,2025-12-17T00:00:00Z,10.67,0.019,36.43,118.13,0.0,safe
SNS-zone_02-01,zone_02,2025-12-17T00:00:00Z,16.7,0.024,30.37,120.61,0.0,safe
SNS-zone_03-01,zone_03,2025-12-17T00:00:00Z,7.74,0.02,33.14,94.7,0.0,safe
SNS-zone_04-01,zone_04,2025-12-17T00:00:00Z,17.14,0.027,37.26,122.29,0.0,safe
SNS-zone_05-01,zone_05,2025-12-17T00:00:00Z,14.24,0.022,41.38,127.54,0.0,safe
SNS-zone_06-01,zone_06,2025-12-17T00:00:00Z,65.87,0.154,57.13,435.7,0.0,warning
SNS-zone_07-01,zone_07,2025-12-17T00:00:00Z,51.37,0.134,65.87,409.23,0.0,warning
SNS-zone_08-01,zone_08,2025-12-17T00:00:00Z,61.43,0.139,66.74,428.62,0.0,warning
SNS-zone_09-01,zone_09,2025-12-17T00:00:00Z,3.22,0.01,28.32,84.5,0.0,safe
SNS-zone_10-01,zone_10,2025-12-17T00:00:00Z,56.98,0.143,64.78,442.41,0.0,warning
SNS-zone_11-01,zone_11,2025-12-17T00:00:00Z,145.25,0.45,94.7,1027.77,0.0,evacuation
SNS-zone_12-01,zone_12,2025-12-17T00:00:00Z,133.12,0.398,80.76,949.49,0.0,evacuation
SNS-zone_13-01,zone_13,2025-12-17T00:00:00Z,4.44,0.01,41.72,90.14,0.0,safe
SNS-zone_14-01,zone_14,2025-12-17T00:00:00Z,12.53,0.024,33.88,110.5,0.0,safe
SNS-zone_15-01,zone_15,2025-12-17T00:00:00Z,6.92,0.017,38.14,105.62,0.0,safe
SNS-zone_16-01,zone_16,2025-12-17T00:00:00Z,13.39,0.02,31.69,111.6,0.0,safe
SNS-zone_01-01,zone_01,2025-12-18T00:00:00Z,9.09,0.023,38.94,124.32,0.0,safe
SNS-zone_02-01,zone_02,2025-12-18T00:00:00Z,17.7,0.028,31.11,119.51,0.0,safe
SNS-zone_03-01,zone_03,2025-12-18T00:00:00Z,6.3,0.018,34.24,106.05,0.0,safe
SNS-zone_04-01,zone_04,2025-12-18T00:00:00Z,19.67,0.031,35.74,125.69,0.0,safe
SNS-zone_05-01,zone_05,2025-12-18T00:00:00Z,15.86,0.022,37.4,121.98,0.0,safe
SNS-zone_06-01,zone_06,2025-12-18T00:00:00Z,58.24,0.139,59.17,413.54,0.0,warning
SNS-zone_07-01,zone_07,2025-12-18T00:00:00Z,57.69,0.141,65.05,432.28,0.0,warning
SNS-zone_08-01,zone_08,2025-12-18T00:00:00Z,55.12,0.131,66.28,418.35,0.0,warning
SNS-zone_09-01,zone_09,2025-12-18T00:00:00Z,6.79,0.015,28.03,88.41,0.0,safe
SNS-zone_10-01,zone_10,2025-12-18T00:00:00Z,54.11,0.129,63.29,407.84,0.0,warning
SNS-zone_11-01,zone_11,2025-12-18T00:00:00Z,141.78,0.403,94.52,1016.18,0.0,evacuation
SNS-zone_12-01,zone_12,2025-12-18T00:00:00Z,139.72,0.433,86.18,972.22,0.0,evacuation
SNS-zone_13-01,zone_13,2025-12-18T00:00:00Z,3.11,0.016,40.65,91.49,0.0,safe
SNS-zone_14-01,zone_14,2025-12-18T00:00:00Z,12.41,0.022,33.91,112.05,0.0,safe
SNS-zone_15-01,zone_15,2025-12-18T00:00:00Z,5.44,0.021,37.43,101.99,0.0,safe
SNS-zone_16-01,zone_16,2025-12-18T00:00:00Z,14.86,0.024,29.84,116.88,0.0,safe
SNS-zone_01-01,zone_01,2025-12-19T00:00:00Z,7.19,0.017,38.09,95.87,0.0,safe
SNS-zone_02-01,zone_02,2025-12-19T00:00:00Z,15.46,0.025,27.82,105.85,0.0,safe
SNS-zone_03-01,zone_03,2025-12-19T00:00:00Z,6.61,0.015,34.82,92.53,0.0,safe
SNS-zone_04-01,zone_04,2025-12-19T00:00:00Z,18.75,0.029,36.01,130.63,0.0,safe
SNS-zone_05-01,zone_05,2025-12-19T00:00:00Z,14.68,0.029,39.97,122.15,0.0,safe
SNS-zone_06-01,zone_06,2025-12-19T00:00:00Z,64.76,0.165,61.45,442.53,0.0,warning
SNS-zone_07-01,zone_07,2025-12-19T00:00:00Z,55.06,0.122,65.38,422.38,0.0,warning
SNS-zone_08-01,zone_08,2025-12-19T00:00:00Z,60.13,0.153,66.04,444.0,0.0,warning
SNS-zone_09-01,zone_09,2025-12-19T00:00:00Z,3.38,0.014,28.0,83.77,0.0,safe
SNS-zone_10-01,zone_10,2025-12-19T00:00:00Z,56.3,0.151,66.01,427.98,0.0,warning
SNS-zone_11-01,zone_11,2025-12-19T00:00:00Z,138.35,0.421,93.62,1006.5,0.0,evacuation
SNS-zone_12-01,zone_12,2025-12-19T00:00:00Z,139.15,0.412,80.31,979.23,0.0,evacuation
SNS-zone_13-01,zone_13,2025-12-19T00:00:00Z,3.63,0.013,41.38,93.08,0.0,safe
SNS-zone_14-01,zone_14,2025-12-19T00:00:00Z,12.79,0.032,35.03,124.13,0.0,safe
SNS-zone_15-01,zone_15,2025-12-19T00:00:00Z,4.91,0.011,36.9,92.02,0.0,safe
SNS-zone_16-01,zone_16,2025-12-19T00:00:00Z,13.22,0.026,30.97,112.05,0.0,safe
SNS-zone_01-01,zone_01,2025-12-20T00:00:00Z,6.49,0.012,37.34,98.38,0.0,safe
SNS-zone_02-01,zone_02,2025-12-20T00:00:00Z,20.49,0.031,31.78,130.06,0.0,safe
SNS-zone_03-01,zone_03,2025-12-20T00:00:00Z,11.31,0.019,33.75,112.17,0.0,safe
SNS-zone_04-01,zone_04,2025-12-20T00:00:00Z,18.12,0.026,36.35,120.3,0.0,safe
SNS-zone_05-01,zone_05,2025-12-20T00:00:00Z,11.31,0.024,40.77,112.29,0.0,safe
SNS-zone_06-01,zone_06,2025-12-20T00:00:00Z,68.45,0.155,56.38,438.53,0.0,warning
SNS-zone_07-01,zone_07,2025-12-20T00:00:00Z,50.61,0.129,64.44,415.71,0.0,warning
SNS-zone_08-01,zone_08,2025-12-20T00:00:00Z,57.46,0.133,68.46,425.92,0.0,warning
SNS-zone_09-01,zone_09,2025-12-20T00:00:00Z,5.3,0.01,26.41,91.24,0.0,safe
SNS-zone_10-01,zone_10,2025-12-20T00:00:00Z,59.45,0.148,59.3,424.0,0.0,warning
SNS-zone_11-01,zone_11,2025-12-20T00:00:00Z,136.98,0.426,93.42,998.92,0.0,evacuation
SNS-zone_12-01,zone_12,2025-12-20T00:00:00Z,146.67,0.443,78.32,1006.77,0.0,evacuation
SNS-zone_13-01,zone_13,2025-12-20T00:00:00Z,3.7,0.014,38.22,96.69,0.0,safe
SNS-zone_14-01,zone_14,2025-12-20T00:00:00Z,8.8,0.019,34.17,106.49,0.0,safe
SNS-zone_15-01,zone_15,2025-12-20T00:00:00Z,3.23,0.016,37.75,97.05,0.0,safe
SNS-zone_16-01,zone_16,2025-12-20T00:00:00Z,13.69,0.022,30.49,111.42,0.0,safe
SNS-zone_01-01,zone_01,2025-12-21T00:00:00Z,9.94,0.025,40.27,112.1,0.0,safe
SNS-zone_02-01,zone_02,2025-12-21T00:00:00Z,16.33,0.022,27.54,109.53,0.0,safe
SNS-zone_03-01,zone_03,2025-12-21T00:00:00Z,10.46,0.026,31.91,100.11,0.0,safe
SNS-zone_04-01,zone_04,2025-12-21T00:00:00Z,18.95,0.023,38.77,130.53,0.0,safe
SNS-zone_05-01,zone_05,2025-12-21T00:00:00Z,12.7,0.02,36.22,107.01,0.0,safe
SNS-zone_06-01,zone_06,2025-12-21T00:00:00Z,65.64,0.161,57.3,460.04,0.0,warning
SNS-zone_07-01,zone_07,2025-12-21T00:00:00Z,56.56,0.13,64.64,425.78,0.0,warning
SNS-zone_08-01,zone_08,2025-12-21T00:00:00Z,54.3,0.145,68.17,412.7,0.0,warning
SNS-zone_09-01,zone_09,2025-12-21T00:00:00Z,2.28,0.022,25.74,79.54,0.0,safe
SNS-zone_10-01,zone_10,2025-12-21T00:00:00Z,54.37,0.155,62.05,416.8,0.0,warning
SNS-zone_11-01,zone_11,2025-12-21T00:00:00Z,139.06,0.427,94.73,988.0,0.0,evacuation
SNS-zone_12-01,zone_12,2025-12-21T00:00:00Z,143.02,0.427,81.95,1003.06,0.0,evacuation
SNS-zone_13-01,zone_13,2025-12-21T00:00:00Z,4.29,0.011,39.5,93.72,0.0,safe
SNS-zone_14-01,zone_14,2025-12-21T00:00:00Z,12.7,0.026,36.21,114.44,0.0,safe
SNS-zone_15-01,zone_15,2025-12-21T00:00:00Z,4.97,0.014,35.35,96.68,0.0,safe
SNS-zone_16-01,zone_16,2025-12-21T00:00:00Z,11.4,0.017,29.21,96.27,0.0,safe
SNS-zone_01-01,zone_01,2025-12-22T00:00:00Z,7.33,0.019,38.34,112.07,0.0,safe
SNS-zone_02-01,zone_02,2025-12-22T00:00:00Z,16.44,0.028,29.5,105.77,0.0,safe
SNS-zone_03-01,zone_03,2025-12-22T00:00:00Z,11.0,0.02,32.8,110.41,0.0,safe
SNS-zone_04-01,zone_04,2025-12-22T00:00:00Z,17.78,0.029,38.31,115.83,0.0,safe
SNS-zone_05-01,zone_05,2025-12-22T00:00:00Z,12.39,0.017,39.11,113.61,0.0,safe
SNS-zone_06-01,zone_06,2025-12-22T00:00:00Z,68.69,0.163,60.73,438.44,0.0,warning
SNS-zone_07-01,zone_07,2025-12-22T00:00:00Z,53.48,0.129,64.86,400.11,0.0,warning
SNS-zone_08-01,zone_08,2025-12-22T00:00:00Z,58.22,0.14,70.93,444.07,0.0,warning
SNS-zone_09-01,zone_09,2025-12-22T00:00:00Z,1.04,0.011,29.11,77.94,0.0,safe
SNS-zone_10-01,zone_10,2025-12-22T00:00:00Z,59.42,0.139,65.35,429.79,0.0,warning
SNS-zone_11-01,zone_11,2025-12-22T00:00:00Z,142.81,0.43,91.6,981.04,0.0,evacuation
SNS-zone_12-01,zone_12,2025-12-22T00:00:00Z,139.99,0.429,82.87,978.56,0.0,evacuation
SNS-zone_13-01,zone_13,2025-12-22T00:00:00Z,6.97,0.013,42.24,107.83,0.0,safe
SNS-zone_14-01,zone_14,2025-12-22T00:00:00Z,10.19,0.019,36.46,104.8,0.0,safe
SNS-zone_15-01,zone_15,2025-12-22T00:00:00Z,6.23,0.014,38.13,108.15,0.0,safe
SNS-zone_16-01,zone_16,2025-12-22T00:00:00Z,11.64,0.02,28.74,112.16,0.0,safe
SNS-zone_01-01,zone_01,2025-12-23T00:00:00Z,8.33,0.012,37.0,100.96,0.0,safe
SNS-zone_02-01,zone_02,2025-12-23T00:00:00Z,17.51,0.022,28.41,127.3,0.0,safe
SNS-zone_03-01,zone_03,2025-12-23T00:00:00Z,8.11,0.018,32.52,102.5,0.0,safe
SNS-zone_04-01,zone_04,2025-12-23T00:00:00Z,19.55,0.015,37.51,125.05,0.0,safe
SNS-zone_05-01,zone_05,2025-12-23T00:00:00Z,15.73,0.031,42.22,121.02,0.0,safe
SNS-zone_06-01,zone_06,2025-12-23T00:00:00Z,65.33,0.16,60.67,449.53,0.0,warning
SNS-zone_07-01,zone_07,2025-12-23T00:00:00Z,54.03,0.144,64.66,403.48,0.0,warning
SNS-zone_08-01,zone_08,2025-12-23T00:00:00Z,58.76,0.144,65.1,433.72,0.0,warning
SNS-zone_09-01,zone_09,2025-12-23T00:00:00Z,1.77,0.01,28.76,81.99,0.0,safe
SNS-zone_10-01,zone_10,2025-12-23T00:00:00Z,55.03,0.131,62.14,398.45,0.0,warning
SNS-zone_11-01,zone_11,2025-12-23T00:00:00Z,142.83,0.459,97.83,1019.64,0.0,evacuation
SNS-zone_12-01,zone_12,2025-12-23T00:00:00Z,143.72,0.42,81.94,1000.03,0.0,evacuation
SNS-zone_13-01,zone_13,2025-12-23T00:00:00Z,5.36,0.026,41.6,106.49,0.0,safe
SNS-zone_14-01,zone_14,2025-12-23T00:00:00Z,11.93,0.025,35.05,113.48,0.0,safe
SNS-zone_15-01,zone_15,2025-12-23T00:00:00Z,4.84,0.015,36.33,100.66,0.0,safe
SNS-zone_16-01,zone_16,2025-12-23T00:00:00Z,12.81,0.019,30.16,116.28,0.0,safe
SNS-zone_01-01,zone_01,2025-12-24T00:00:00Z,11.48,0.023,39.36,107.63,0.0,safe
SNS-zone_02-01,zone_02,2025-12-24T00:00:00Z,16.72,0.033,26.66,118.95,0.0,safe
SNS-zone_03-01,zone_03,2025-12-24T00:00:00Z,8.37,0.01,32.43,101.24,0.0,safe
SNS-zone_04-01,zone_04,2025-12-24T00:00:00Z,18.19,0.023,37.87,119.43,0.0,safe
SNS-zone_05-01,zone_05,2025-12-24T00:00:00Z,13.12,0.019,38.99,117.55,0.0,safe
SNS-zone_06-01,zone_06,2025-12-24T00:00:00Z,66.42,0.153,62.08,437.89,0.0,warning
SNS-zone_07-01,zone_07,2025-12-24T00:00:00Z,54.41,0.129,64.8,419.8,0.0,warning
SNS-zone_08-01,zone_08,2025-12-24T00:00:00Z,59.64,0.138,67.08,426.3,0.0,warning
SNS-zone_09-01,zone_09,2025-12-24T00:00:00Z,4.14,0.017,27.14,90.1,0.0,safe
SNS-zone_10-01,zone_10,2025-12-24T00:00:00Z,55.81,0.141,62.54,418.63,0.0,warning
SNS-zone_11-01,zone_11,2025-12-24T00:00:00Z,139.08,0.435,87.5,980.23,0.0,evacuation
SNS-zone_12-01,zone_12,2025-12-24T00:00:00Z,140.41,0.418,78.56,997.15,0.0,evacuation
SNS-zone_13-01,zone_13,2025-12-24T00:00:00Z,4.33,0.02,40.52,107.78,0.0,safe
SNS-zone_14-01,zone_14,2025-12-24T00:00:00Z,13.14,0.021,37.0,111.65,0.0,safe
SNS-zone_15-01,zone_15,2025-12-24T00:00:00Z,7.36,0.012,38.27,94.35,0.0,safe
SNS-zone_16-01,zone_16,2025-12-24T00:00:00Z,12.24,0.027,29.6,112.22,0.0,safe
SNS-zone_01-01,zone_01,2025-12-25T00:00:00Z,7.89,0.014,37.47,101.86,0.0,safe
SNS-zone_02-01,zone_02,2025-12-25T00:00:00Z,17.89,0.026,28.23,115.26,0.0,safe
SNS-zone_03-01,zone_03,2025-12-25T00:00:00Z,7.15,0.01,33.69,93.65,0.0,safe
SNS-zone_04-01,zone_04,2025-12-25T00:00:00Z,17.29,0.023,40.84,132.54,0.0,safe
SNS-zone_05-01,zone_05,2025-12-25T00:00:00Z,13.12,0.017,40.65,117.13,0.0,safe
SNS-zone_06-01,zone_06,2025-12-25T00:00:00Z,62.89,0.151,61.33,419.28,0.0,warning
SNS-zone_07-01,zone_07,2025-12-25T00:00:00Z,53.4,0.139,65.81,407.9,0.0,warning
SNS-zone_08-01,zone_08,2025-12-25T00:00:00Z,57.44,0.135,65.7,417.55,0.0,warning
SNS-zone_09-01,zone_09,2025-12-25T00:00:00Z,3.0,0.014,29.15,89.32,0.0,safe
SNS-zone_10-01,zone_10,2025-12-25T00:00:00Z,54.8,0.132,63.52,400.3,0.0,warning
SNS-zone_11-01,zone_11,2025-12-25T00:00:00Z,138.93,0.419,95.53,1010.09,0.0,evacuation
SNS-zone_12-01,zone_12,2025-12-25T00:00:00Z,139.92,0.429,81.44,971.47,0.0,evacuation
SNS-zone_13-01,zone_13,2025-12-25T00:00:00Z,3.94,0.025,39.03,105.13,0.0,safe
SNS-zone_14-01,zone_14,2025-12-25T00:00:00Z,13.04,0.03,34.84,115.48,0.0,safe
SNS-zone_15-01,zone_15,2025-12-25T00:00:00Z,5.21,0.019,36.28,95.65,0.0,safe
SNS-zone_16-01,zone_16,2025-12-25T00:00:00Z,14.25,0.022,30.44,112.68,0.0,safe
SNS-zone_01-01,zone_01,2025-12-26T00:00:00Z,7.37,0.017,38.31,105.88,0.0,safe
SNS-zone_02-01,zone_02,2025-12-26T00:00:00Z,14.89,0.026,32.87,116.9,0.0,safe
SNS-zone_03-01,zone_03,2025-12-26T00:00:00Z,6.59,0.024,30.99,91.93,0.0,safe
SNS-zone_04-01,zone_04,2025-12-26T00:00:00Z,17.49,0.024,35.03,122.19,0.0,safe
SNS-zone_05-01,zone_05,2025-12-26T00:00:00Z,10.47,0.015,38.4,111.49,0.0,safe
SNS-zone_06-01,zone_06,2025-12-26T00:00:00Z,67.48,0.153,57.95,451.85,0.0,warning
SNS-zone_07-01,zone_07,2025-12-26T00:00:00Z,56.13,0.134,67.67,432.52,0.0,warning
SNS-zone_08-01,zone_08,2025-12-26T00:00:00Z,56.58,0.14,66.24,412.64,0.0,warning
SNS-zone_09-01,zone_09,2025-12-26T00:00:00Z,2.83,0.013,28.62,82.36,0.0,safe
SNS-zone_10-01,zone_10,2025-12-26T00:00:00Z,57.42,0.148,61.79,428.38,0.0,warning
SNS-zone_11-01,zone_11,2025-12-26T00:00:00Z,138.44,0.417,96.37,996.1,0.0,evacuation
SNS-zone_12-01,zone_12,2025-12-26T00:00:00Z,142.9,0.469,85.46,987.26,0.0,evacuation
SNS-zone_13-01,zone_13,2025-12-26T00:00:00Z,3.4,0.022,42.22,94.65,0.0,safe
SNS-zone_14-01,zone_14,2025-12-26T00:00:00Z,12.85,0.019,34.38,124.42,0.0,safe
SNS-zone_15-01,zone_15,2025-12-26T00:00:00Z,6.0,0.013,38.94,100.88,0.0,safe
SNS-zone_16-01,zone_16,2025-12-26T00:00:00Z,13.14,0.026,31.28,106.5,0.0,safe
SNS-zone_01-01,zone_01,2025-12-27T00:00:00Z,7.26,0.02,37.96,101.04,0.0,safe
SNS-zone_02-01,zone_02,2025-12-27T00:00:00Z,17.29,0.024,31.0,120.59,0.0,safe
SNS-zone_03-01,zone_03,2025-12-27T00:00:00Z,8.88,0.019,32.51,104.06,0.0,safe
SNS-zone_04-01,zone_04,2025-12-27T00:00:00Z,18.15,0.022,37.4,126.57,0.0,safe
SNS-zone_05-01,zone_05,2025-12-27T00:00:00Z,14.98,0.024,39.15,128.11,0.0,safe
SNS-zone_06-01,zone_06,2025-12-27T00:00:00Z,72.58,0.157,55.37,447.22,0.0,warning
SNS-zone_07-01,zone_07,2025-12-27T00:00:00Z,58.04,0.154,62.11,439.7,0.0,warning
SNS-zone_08-01,zone_08,2025-12-27T00:00:00Z,57.57,0.152,69.76,444.21,0.0,warning
SNS-zone_09-01,zone_09,2025-12-27T00:00:00Z,4.2,0.011,31.39,87.57,0.0,safe
SNS-zone_10-01,zone_10,2025-12-27T00:00:00Z,55.92,0.132,64.91,416.78,0.0,warning
SNS-zone_11-01,zone_11,2025-12-27T00:00:00Z,139.98,0.433,95.98,1002.56,0.0,evacuation
SNS-zone_12-01,zone_12,2025-12-27T00:00:00Z,139.81,0.421,82.15,995.86,0.0,evacuation
SNS-zone_13-01,zone_13,2025-12-27T00:00:00Z,2.68,0.014,42.25,97.12,0.0,safe
SNS-zone_14-01,zone_14,2025-12-27T00:00:00Z,10.86,0.017,35.11,109.4,0.0,safe
SNS-zone_15-01,zone_15,2025-12-27T00:00:00Z,6.74,0.019,37.61,106.48,0.0,safe
SNS-zone_16-01,zone_16,2025-12-27T00:00:00Z,11.91,0.021,29.62,110.28,0.0,safe
SNS-zone_01-01,zone_01,2025-12-28T00:00:00Z,7.15,0.02,38.85,105.08,0.0,safe
SNS-zone_02-01,zone_02,2025-12-28T00:00:00Z,16.63,0.024,30.02,119.72,0.0,safe
SNS-zone_03-01,zone_03,2025-12-28T00:00:00Z,6.83,0.023,33.05,105.32,0.0,safe
SNS-zone_04-01,zone_04,2025-12-28T00:00:00Z,14.83,0.027,38.12,110.49,0.0,safe
SNS-zone_05-01,zone_05,2025-12-28T00:00:00Z,15.75,0.023,39.37,126.62,0.0,safe
SNS-zone_06-01,zone_06,2025-12-28T00:00:00Z,66.5,0.16,60.73,444.65,0.0,warning
SNS-zone_07-01,zone_07,2025-12-28T00:00:00Z,51.43,0.117,64.38,399.18,0.0,warning
SNS-zone_08-01,zone_08,2025-12-28T00:00:00Z,57.42,0.147,68.91,430.54,0.0,warning
SNS-zone_09-01,zone_09,2025-12-28T00:00:00Z,7.01,0.02,27.87,91.3,0.0,safe
SNS-zone_10-01,zone_10,2025-12-28T00:00:00Z,58.73,0.133,60.83,422.13,0.0,warning
SNS-zone_11-01,zone_11,2025-12-28T00:00:00Z,144.21,0.434,94.7,1020.37,0.0,evacuation
SNS-zone_12-01,zone_12,2025-12-28T00:00:00Z,138.94,0.427,86.11,999.32,0.0,evacuation
SNS-zone_13-01,zone_13,2025-12-28T00:00:00Z,2.6,0.01,42.03,94.67,0.0,safe
SNS-zone_14-01,zone_14,2025-12-28T00:00:00Z,12.49,0.025,36.19,109.0,0.0,safe
SNS-zone_15-01,zone_15,2025-12-28T00:00:00Z,6.21,0.014,34.74,105.32,0.0,safe
SNS-zone_16-01,zone_16,2025-12-28T00:00:00Z,13.4,0.024,30.33,105.89,0.0,safe
SNS-zone_01-01,zone_01,2025-12-29T00:00:00Z,9.43,0.021,36.24,103.68,0.0,safe
SNS-zone_02-01,zone_02,2025-12-29T00:00:00Z,17.1,0.025,30.15,123.41,0.0,safe
SNS-zone_03-01,zone_03,2025-12-29T00:00:00Z,7.08,0.013,31.12,95.31,0.0,safe
SNS-zone_04-01,zone_04,2025-12-29T00:00:00Z,17.66,0.023,38.15,120.03,0.0,safe
SNS-zone_05-01,zone_05,2025-12-29T00:00:00Z,13.52,0.02,37.76,121.65,0.0,safe
SNS-zone_06-01,zone_06,2025-12-29T00:00:00Z,66.63,0.139,60.69,457.63,0.0,warning
SNS-zone_07-01,zone_07,2025-12-29T00:00:00Z,58.33,0.145,64.79,426.43,0.0,warning
SNS-zone_08-01,zone_08,2025-12-29T00:00:00Z,52.53,0.123,66.81,417.86,0.0,warning
SNS-zone_09-01,zone_09,2025-12-29T00:00:00Z,4.14,0.012,28.01,91.07,0.0,safe
SNS-zone_10-01,zone_10,2025-12-29T00:00:00Z,54.09,0.144,62.06,412.46,0.0,warning
SNS-zone_11-01,zone_11,2025-12-29T00:00:00Z,141.64,0.43,92.46,1006.73,0.0,evacuation
SNS-zone_12-01,zone_12,2025-12-29T00:00:00Z,147.26,0.464,85.18,1000.28,0.0,evacuation
SNS-zone_13-01,zone_13,2025-12-29T00:00:00Z,3.44,0.019,42.62,102.51,0.0,safe
SNS-zone_14-01,zone_14,2025-12-29T00:00:00Z,13.7,0.024,35.15,109.56,0.0,safe
SNS-zone_15-01,zone_15,2025-12-29T00:00:00Z,5.98,0.011,38.87,102.9,0.0,safe
SNS-zone_16-01,zone_16,2025-12-29T00:00:00Z,10.97,0.017,31.49,107.87,0.0,safe
SNS-zone_01-01,zone_01,2025-12-30T00:00:00Z,5.91,0.016,37.33,92.2,0.0,safe
SNS-zone_02-01,zone_02,2025-12-30T00:00:00Z,19.04,0.025,27.57,114.93,0.0,safe
SNS-zone_03-01,zone_03,2025-12-30T00:00:00Z,7.53,0.022,33.75,111.13,0.0,safe
SNS-zone_04-01,zone_04,2025-12-30T00:00:00Z,15.36,0.027,37.22,117.31,0.0,safe
SNS-zone_05-01,zone_05,2025-12-30T00:00:00Z,12.38,0.011,39.82,116.14,0.0,safe
SNS-zone_06-01,zone_06,2025-12-30T00:00:00Z,65.37,0.155,60.11,452.14,0.0,warning
SNS-zone_07-01,zone_07,2025-12-30T00:00:00Z,53.31,0.15,67.46,433.25,0.0,warning
SNS-zone_08-01,zone_08,2025-12-30T00:00:00Z,57.23,0.129,65.78,425.0,0.0,warning
SNS-zone_09-01,zone_09,2025-12-30T00:00:00Z,6.23,0.019,27.69,96.33,0.0,safe
SNS-zone_10-01,zone_10,2025-12-30T00:00:00Z,50.62,0.128,62.92,402.02,0.0,warning
SNS-zone_11-01,zone_11,2025-12-30T00:00:00Z,137.02,0.421,93.38,994.82,0.0,evacuation
SNS-zone_12-01,zone_12,2025-12-30T00:00:00Z,138.43,0.429,78.43,957.4,0.0,evacuation
SNS-zone_13-01,zone_13,2025-12-30T00:00:00Z,3.78,0.014,41.64,100.92,0.0,safe
SNS-zone_14-01,zone_14,2025-12-30T00:00:00Z,11.64,0.021,35.86,105.17,0.0,safe
SNS-zone_15-01,zone_15,2025-12-30T00:00:00Z,7.53,0.017,36.19,107.15,0.0,safe
SNS-zone_16-01,zone_16,2025-12-30T00:00:00Z,13.92,0.032,31.09,109.95,0.0,safe
SNS-zone_01-01,zone_01,2025-12-31T00:00:00Z,7.26,0.01,38.56,107.73,0.0,safe
SNS-zone_02-01,zone_02,2025-12-31T00:00:00Z,19.21,0.04,28.99,110.57,0.0,safe
SNS-zone_03-01,zone_03,2025-12-31T00:00:00Z,10.16,0.017,33.4,111.28,0.0,safe
SNS-zone_04-01,zone_04,2025-12-31T00:00:00Z,17.12,0.018,39.25,130.7,0.0,safe
SNS-zone_05-01,zone_05,2025-12-31T00:00:00Z,14.38,0.023,39.21,117.69,0.0,safe
SNS-zone_06-01,zone_06,2025-12-31T00:00:00Z,69.12,0.165,57.53,455.48,0.0,warning
SNS-zone_07-01,zone_07,2025-12-31T00:00:00Z,52.87,0.13,64.75,417.8,0.0,warning
SNS-zone_08-01,zone_08,2025-12-31T00:00:00Z,59.65,0.155,67.81,426.14,0.0,warning
SNS-zone_09-01,zone_09,2025-12-31T00:00:00Z,4.44,0.014,29.4,99.25,0.0,safe
SNS-zone_10-01,zone_10,2025-12-31T00:00:00Z,54.68,0.137,63.14,416.94,0.0,warning
SNS-zone_11-01,zone_11,2025-12-31T00:00:00Z,141.58,0.427,95.84,988.37,0.0,evacuation
SNS-zone_12-01,zone_12,2025-12-31T00:00:00Z,141.07,0.437,82.04,985.52,0.0,evacuation
SNS-zone_13-01,zone_13,2025-12-31T00:00:00Z,4.42,0.018,42.87,99.86,0.0,safe
SNS-zone_14-01,zone_14,2025-12-31T00:00:00Z,13.96,0.018,36.41,114.98,0.0,safe
SNS-zone_15-01,zone_15,2025-12-31T00:00:00Z,6.5,0.023,36.03,106.62,0.0,safe
SNS-zone_16-01,zone_16,2025-12-31T00:00:00Z,13.46,0.026,31.19,114.07,0.0,safe
SNS-zone_01-01,zone_01,2026-01-01T00:00:00Z,6.8,0.016,38.17,99.87,0.0,safe
SNS-zone_02-01,zone_02,2026-01-01T00:00:00Z,17.48,0.027,30.97,119.15,0.0,safe
SNS-zone_03-01,zone_03,2026-01-01T00:00:00Z,8.74,0.019,32.16,105.69,0.0,safe
SNS-zone_04-01,zone_04,2026-01-01T00:00:00Z,16.54,0.024,38.33,126.26,0.0,safe
SNS-zone_05-01,zone_05,2026-01-01T00:00:00Z,13.47,0.019,38.56,117.11,0.0,safe
SNS-zone_06-01,zone_06,2026-01-01T00:00:00Z,66.25,0.155,56.89,439.43,0.0,warning
SNS-zone_07-01,zone_07,2026-01-01T00:00:00Z,57.52,0.142,62.9,432.57,0.0,warning
SNS-zone_08-01,zone_08,2026-01-01T00:00:00Z,62.53,0.15,64.7,435.89,0.0,warning
SNS-zone_09-01,zone_09,2026-01-01T00:00:00Z,1.57,0.01,29.15,78.48,0.0,safe
SNS-zone_10-01,zone_10,2026-01-01T00:00:00Z,57.28,0.137,63.5,419.51,0.0,warning
SNS-zone_11-01,zone_11,2026-01-01T00:00:00Z,143.81,0.439,92.84,988.23,0.0,evacuation
SNS-zone_12-01,zone_12,2026-01-01T00:00:00Z,144.87,0.441,83.63,1023.47,0.0,evacuation
SNS-zone_13-01,zone_13,2026-01-01T00:00:00Z,1.94,0.013,42.85,104.79,0.0,safe
SNS-zone_14-01,zone_14,2026-01-01T00:00:00Z,11.57,0.02,34.42,112.1,0.0,safe
SNS-zone_15-01,zone_15,2026-01-01T00:00:00Z,3.95,0.013,37.12,100.01,0.0,safe
SNS-zone_16-01,zone_16,2026-01-01T00:00:00Z,12.7,0.02,28.67,108.52,0.0,safe
SNS-zone_01-01,zone_01,2026-01-02T00:00:00Z,8.04,0.015,37.22,109.94,0.0,safe
SNS-zone_02-01,zone_02,2026-01-02T00:00:00Z,18.11,0.027,30.33,122.96,0.0,safe
SNS-zone_03-01,zone_03,2026-01-02T00:00:00Z,7.41,0.016,31.25,97.19,0.0,safe
SNS-zone_04-01,zone_04,2026-01-02T00:00:00Z,16.44,0.024,39.12,128.43,0.0,safe
SNS-zone_05-01,zone_05,2026-01-02T00:00:00Z,14.32,0.025,41.07,119.55,0.0,safe
SNS-zone_06-01,zone_06,2026-01-02T00:00:00Z,62.43,0.147,60.09,435.59,0.0,warning
SNS-zone_07-01,zone_07,2026-01-02T00:00:00Z,51.24,0.126,62.71,405.87,0.0,warning
SNS-zone_08-01,zone_08,2026-01-02T00:00:00Z,57.08,0.139,64.11,424.98,0.0,warning
SNS-zone_09-01,zone_09,2026-01-02T00:00:00Z,0.5,0.01,29.99,79.08,0.0,safe
SNS-zone_10-01,zone_10,2026-01-02T00:00:00Z,57.65,0.151,66.03,433.88,0.0,warning
SNS-zone_11-01,zone_11,2026-01-02T00:00:00Z,139.61,0.419,94.62,1000.18,0.0,evacuation
SNS-zone_12-01,zone_12,2026-01-02T00:00:00Z,143.43,0.429,80.65,977.11,0.0,evacuation
SNS-zone_13-01,zone_13,2026-01-02T00:00:00Z,5.46,0.019,41.71,100.89,0.0,safe
SNS-zone_14-01,zone_14,2026-01-02T00:00:00Z,13.93,0.025,34.03,115.38,0.0,safe
SNS-zone_15-01,zone_15,2026-01-02T00:00:00Z,6.86,0.017,38.64,99.31,0.0,safe
SNS-zone_16-01,zone_16,2026-01-02T00:00:00Z,14.25,0.023,30.42,109.67,0.0,safe
SNS-zone_01-01,zone_01,2026-01-03T00:00:00Z,6.92,0.022,39.25,107.13,0.0,safe
SNS-zone_02-01,zone_02,2026-01-03T00:00:00Z,16.92,0.03,29.46,115.71,0.0,safe
SNS-zone_03-01,zone_03,2026-01-03T00:00:00Z,6.54,0.022,35.51,102.42,0.0,safe
SNS-zone_04-01,zone_04,2026-01-03T00:00:00Z,17.47,0.026,37.35,121.56,0.0,safe
SNS-zone_05-01,zone_05,2026-01-03T00:00:00Z,13.89,0.027,40.12,112.21,0.0,safe
SNS-zone_06-01,zone_06,2026-01-03T00:00:00Z,65.61,0.126,57.23,436.39,0.0,warning
SNS-zone_07-01,zone_07,2026-01-03T00:00:00Z,56.87,0.151,64.37,428.8,0.0,warning
SNS-zone_08-01,zone_08,2026-01-03T00:00:00Z,54.87,0.137,66.5,429.11,0.0,warning
SNS-zone_09-01,zone_09,2026-01-03T00:00:00Z,3.01,0.014,27.46,91.01,0.0,safe
SNS-zone_10-01,zone_10,2026-01-03T00:00:00Z,58.57,0.144,64.49,415.21,0.0,warning
SNS-zone_11-01,zone_11,2026-01-03T00:00:00Z,140.37,0.437,91.51,988.54,0.0,evacuation
SNS-zone_12-01,zone_12,2026-01-03T00:00:00Z,141.23,0.413,84.46,973.98,0.0,evacuation
SNS-zone_13-01,zone_13,2026-01-03T00:00:00Z,1.74,0.014,40.92,89.75,0.0,safe
SNS-zone_14-01,zone_14,2026-01-03T00:00:00Z,8.64,0.016,32.86,94.68,0.0,safe
SNS-zone_15-01,zone_15,2026-01-03T00:00:00Z,6.21,0.01,39.08,97.57,0.0,safe
SNS-zone_16-01,zone_16,2026-01-03T00:00:00Z,9.72,0.019,28.88,104.17,0.0,safe
SNS-zone_01-01,zone_01,2026-01-04T00:00:00Z,7.42,0.016,35.28,104.5,0.0,safe
SNS-zone_02-01,zone_02,2026-01-04T00:00:00Z,12.74,0.022,30.41,111.71,0.0,safe
SNS-zone_03-01,zone_03,2026-01-04T00:00:00Z,8.01,0.02,35.87,105.95,0.0,safe
SNS-zone_04-01,zone_04,2026-01-04T00:00:00Z,18.11,0.03,37.46,127.73,0.0,safe
SNS-zone_05-01,zone_05,2026-01-04T00:00:00Z,12.39,0.023,38.79,129.24,0.0,safe
SNS-zone_06-01,zone_06,2026-01-04T00:00:00Z,65.27,0.147,57.48,441.76,0.0,warning
SNS-zone_07-01,zone_07,2026-01-04T00:00:00Z,53.46,0.138,63.2,417.93,0.0,warning
SNS-zone_08-01,zone_08,2026-01-04T00:00:00Z,55.92,0.145,70.29,424.46,0.0,warning
SNS-zone_09-01,zone_09,2026-01-04T00:00:00Z,5.35,0.015,27.46,89.31,0.0,safe
SNS-zone_10-01,zone_10,2026-01-04T00:00:00Z,60.45,0.141,63.22,438.85,0.0,warning
SNS-zone_11-01,zone_11,2026-01-04T00:00:00Z,138.9,0.436,91.5,1012.36,0.0,evacuation
SNS-zone_12-01,zone_12,2026-01-04T00:00:00Z,145.03,0.443,82.08,1013.21,0.0,evacuation
SNS-zone_13-01,zone_13,2026-01-04T00:00:00Z,6.36,0.021,40.24,110.19,0.0,safe
SNS-zone_14-01,zone_14,2026-01-04T00:00:00Z,8.76,0.019,35.63,112.86,0.0,safe
SNS-zone_15-01,zone_15,2026-01-04T00:00:00Z,5.82,0.011,36.58,103.49,0.0,safe
SNS-zone_16-01,zone_16,2026-01-04T00:00:00Z,10.92,0.024,29.92,103.03,0.0,safe
SNS-zone_01-01,zone_01,2026-01-05T00:00:00Z,7.71,0.016,38.69,106.09,0.0,safe
SNS-zone_02-01,zone_02,2026-01-05T00:00:00Z,16.56,0.029,29.68,121.74,0.0,safe
SNS-zone_03-01,zone_03,2026-01-05T00:00:00Z,8.47,0.01,33.38,104.19,0.0,safe
SNS-zone_04-01,zone_04,2026-01-05T00:00:00Z,16.17,0.02,38.65,128.57,0.0,safe
SNS-zone_05-01,zone_05,2026-01-05T00:00:00Z,9.62,0.013,39.01,117.12,0.0,safe
SNS-zone_06-01,zone_06,2026-01-05T00:00:00Z,71.32,0.171,58.35,463.51,0.0,warning
SNS-zone_07-01,zone_07,2026-01-05T00:00:00Z,55.37,0.142,67.74,437.89,0.0,warning
SNS-zone_08-01,zone_08,2026-01-05T00:00:00Z,54.2,0.126,64.59,424.5,0.0,warning
SNS-zone_09-01,zone_09,2026-01-05T00:00:00Z,2.26,0.012,27.02,77.87,0.0,safe
SNS-zone_10-01,zone_10,2026-01-05T00:00:00Z,56.67,0.131,64.22,425.8,0.0,warning
SNS-zone_11-01,zone_11,2026-01-05T00:00:00Z,139.32,0.429,88.68,990.95,0.0,evacuation
SNS-zone_12-01,zone_12,2026-01-05T00:00:00Z,141.3,0.4,86.98,991.4,0.0,evacuation
SNS-zone_13-01,zone_13,2026-01-05T00:00:00Z,4.34,0.018,41.52,95.09,0.0,safe
SNS-zone_14-01,zone_14,2026-01-05T00:00:00Z,10.94,0.02,36.57,113.16,0.0,safe
SNS-zone_15-01,zone_15,2026-01-05T00:00:00Z,4.43,0.021,39.37,110.78,0.0,safe
SNS-zone_16-01,zone_16,2026-01-05T00:00:00Z,12.45,0.016,29.87,108.29,0.0,safe
SNS-zone_01-01,zone_01,2026-01-06T00:00:00Z,9.0,0.017,39.65,111.14,0.0,safe
SNS-zone_02-01,zone_02,2026-01-06T00:00:00Z,17.76,0.021,28.77,112.98,0.0,safe
SNS-zone_03-01,zone_03,2026-01-06T00:00:00Z,8.81,0.026,33.96,102.23,0.0,safe
SNS-zone_04-01,zone_04,2026-01-06T00:00:00Z,18.68,0.027,38.24,119.78,0.0,safe
SNS-zone_05-01,zone_05,2026-01-06T00:00:00Z,12.43,0.024,38.27,122.7,0.0,safe
SNS-zone_06-01,zone_06,2026-01-06T00:00:00Z,68.82,0.158,57.84,446.03,0.0,warning
SNS-zone_07-01,zone_07,2026-01-06T00:00:00Z,53.51,0.141,66.9,416.91,0.0,warning
SNS-zone_08-01,zone_08,2026-01-06T00:00:00Z,61.9,0.15,64.24,425.69,0.0,warning
SNS-zone_09-01,zone_09,2026-01-06T00:00:00Z,6.06,0.01,28.55,93.82,0.0,safe
SNS-zone_10-01,zone_10,2026-01-06T00:00:00Z,55.68,0.132,64.19,421.62,0.0,warning
SNS-zone_11-01,zone_11,2026-01-06T00:00:00Z,145.1,0.448,89.61,1022.64,0.0,evacuation
SNS-zone_12-01,zone_12,2026-01-06T00:00:00Z,144.18,0.429,80.84,1012.91,0.0,evacuation
SNS-zone_13-01,zone_13,2026-01-06T00:00:00Z,4.8,0.012,41.83,110.83,0.0,safe
SNS-zone_14-01,zone_14,2026-01-06T00:00:00Z,11.92,0.025,35.92,114.51,0.0,safe
SNS-zone_15-01,zone_15,2026-01-06T00:00:00Z,3.97,0.012,37.67,96.12,0.0,safe
SNS-zone_16-01,zone_16,2026-01-06T00:00:00Z,10.52,0.015,30.62,99.06,0.0,safe
SNS-zone_01-01,zone_01,2026-01-07T00:00:00Z,7.97,0.016,37.66,107.17,0.0,safe
SNS-zone_02-01,zone_02,2026-01-07T00:00:00Z,18.44,0.029,28.95,124.28,0.0,safe
SNS-zone_03-01,zone_03,2026-01-07T00:00:00Z,8.01,0.014,32.33,109.92,0.0,safe
SNS-zone_04-01,zone_04,2026-01-07T00:00:00Z,16.61,0.023,36.98,130.28,0.0,safe
SNS-zone_05-01,zone_05,2026-01-07T00:00:00Z,13.39,0.023,39.28,115.74,0.0,safe
SNS-zone_06-01,zone_06,2026-01-07T00:00:00Z,65.97,0.154,59.48,453.99,0.0,warning
SNS-zone_07-01,zone_07,2026-01-07T00:00:00Z,56.14,0.15,67.89,424.79,0.0,warning
SNS-zone_08-01,zone_08,2026-01-07T00:00:00Z,50.5,0.133,67.64,407.19,0.0,warning
SNS-zone_09-01,zone_09,2026-01-07T00:00:00Z,1.57,0.01,28.77,77.4,0.0,safe
SNS-zone_10-01,zone_10,2026-01-07T00:00:00Z,59.19,0.136,62.49,418.55,0.0,warning
SNS-zone_11-01,zone_11,2026-01-07T00:00:00Z,142.99,0.455,96.73,1021.77,0.0,evacuation
SNS-zone_12-01,zone_12,2026-01-07T00:00:00Z,144.77,0.414,83.11,1000.51,0.0,evacuation
SNS-zone_13-01,zone_13,2026-01-07T00:00:00Z,4.44,0.013,41.22,96.31,0.0,safe
SNS-zone_14-01,zone_14,2026-01-07T00:00:00Z,12.64,0.024,34.15,102.51,0.0,safe
SNS-zone_15-01,zone_15,2026-01-07T00:00:00Z,6.87,0.013,35.98,96.98,0.0,safe
SNS-zone_16-01,zone_16,2026-01-07T00:00:00Z,11.88,0.017,29.66,105.77,0.0,safe
SNS-zone_01-01,zone_01,2026-01-08T00:00:00Z,11.73,0.019,38.6,118.76,0.0,safe
SNS-zone_02-01,zone_02,2026-01-08T00:00:00Z,17.92,0.028,30.57,116.79,0.0,safe
SNS-zone_03-01,zone_03,2026-01-08T00:00:00Z,8.4,0.019,32.48,105.16,0.0,safe
SNS-zone_04-01,zone_04,2026-01-08T00:00:00Z,17.86,0.026,36.57,129.3,0.0,safe
SNS-zone_05-01,zone_05,2026-01-08T00:00:00Z,14.38,0.025,39.56,126.04,0.0,safe
SNS-zone_06-01,zone_06,2026-01-08T00:00:00Z,71.1,0.152,59.85,465.15,0.0,warning
SNS-zone_07-01,zone_07,2026-01-08T00:00:00Z,50.76,0.13,61.04,406.94,0.0,warning
SNS-zone_08-01,zone_08,2026-01-08T00:00:00Z,59.49,0.15,68.15,432.07,0.0,warning
SNS-zone_09-01,zone_09,2026-01-08T00:00:00Z,1.68,0.01,27.66,82.39,0.0,safe
SNS-zone_10-01,zone_10,2026-01-08T00:00:00Z,54.32,0.136,63.45,407.51,0.0,warning
SNS-zone_11-01,zone_11,2026-01-08T00:00:00Z,139.12,0.417,96.09,1007.41,0.0,evacuation
SNS-zone_12-01,zone_12,2026-01-08T00:00:00Z,143.92,0.436,82.58,984.7,0.0,evacuation
SNS-zone_13-01,zone_13,2026-01-08T00:00:00Z,3.46,0.01,41.97,106.12,0.0,safe
SNS-zone_14-01,zone_14,2026-01-08T00:00:00Z,10.41,0.023,37.28,109.72,0.0,safe
SNS-zone_15-01,zone_15,2026-01-08T00:00:00Z,5.57,0.013,37.26,109.92,0.0,safe
SNS-zone_16-01,zone_16,2026-01-08T00:00:00Z,13.65,0.021,31.07,110.24,0.0,safe
SNS-zone_01-01,zone_01,2026-01-09T00:00:00Z,8.01,0.013,39.69,97.11,0.0,safe
SNS-zone_02-01,zone_02,2026-01-09T00:00:00Z,18.28,0.03,30.66,126.82,0.0,safe
SNS-zone_03-01,zone_03,2026-01-09T00:00:00Z,7.82,0.017,31.59,95.76,0.0,safe
SNS-zone_04-01,zone_04,2026-01-09T00:00:00Z,18.55,0.025,38.94,118.85,0.0,safe
SNS-zone_05-01,zone_05,2026-01-09T00:00:00Z,14.04,0.019,39.04,119.47,0.0,safe
SNS-zone_06-01,zone_06,2026-01-09T00:00:00Z,69.59,0.152,59.54,459.4,0.0,warning
SNS-zone_07-01,zone_07,2026-01-09T00:00:00Z,54.48,0.129,66.08,423.01,0.0,warning
SNS-zone_08-01,zone_08,2026-01-09T00:00:00Z,53.71,0.123,66.27,406.15,0.0,warning
SNS-zone_09-01,zone_09,2026-01-09T00:00:00Z,7.1,0.015,28.89,87.87,0.0,safe
SNS-zone_10-01,zone_10,2026-01-09T00:00:00Z,53.73,0.138,60.84,425.97,0.0,warning
SNS-zone_11-01,zone_11,2026-01-09T00:00:00Z,143.08,0.435,94.6,996.52,0.0,evacuation
SNS-zone_12-01,zone_12,2026-01-09T00:00:00Z,133.94,0.41,79.07,962.49,0.0,evacuation
SNS-zone_13-01,zone_13,2026-01-09T00:00:00Z,4.94,0.011,42.72,100.75,0.0,safe
SNS-zone_14-01,zone_14,2026-01-09T00:00:00Z,12.52,0.02,34.97,110.56,0.0,safe
SNS-zone_15-01,zone_15,2026-01-09T00:00:00Z,6.66,0.018,38.03,104.44,0.0,safe
SNS-zone_16-01,zone_16,2026-01-09T00:00:00Z,11.94,0.017,29.17,98.43,0.0,safe
SNS-zone_01-01,zone_01,2026-01-10T00:00:00Z,8.09,0.024,36.0,103.89,0.0,safe
SNS-zone_02-01,zone_02,2026-01-10T00:00:00Z,18.75,0.024,30.12,121.24,0.0,safe
SNS-zone_03-01,zone_03,2026-01-10T00:00:00Z,9.25,0.023,33.65,95.11,0.0,safe
SNS-zone_04-01,zone_04,2026-01-10T00:00:00Z,18.47,0.037,36.86,114.37,0.0,safe
SNS-zone_05-01,zone_05,2026-01-10T00:00:00Z,13.06,0.021,38.99,122.26,0.0,safe
SNS-zone_06-01,zone_06,2026-01-10T00:00:00Z,69.95,0.159,57.56,444.59,0.0,warning
SNS-zone_07-01,zone_07,2026-01-10T00:00:00Z,56.8,0.156,66.01,434.63,0.0,warning
SNS-zone_08-01,zone_08,2026-01-10T00:00:00Z,53.45,0.132,69.33,421.97,0.0,warning
SNS-zone_09-01,zone_09,2026-01-10T00:00:00Z,3.3,0.016,25.43,85.89,0.0,safe
SNS-zone_10-01,zone_10,2026-01-10T00:00:00Z,57.3,0.148,62.2,425.83,0.0,warning
SNS-zone_11-01,zone_11,2026-01-10T00:00:00Z,140.35,0.438,94.0,1004.97,0.0,evacuation
SNS-zone_12-01,zone_12,2026-01-10T00:00:00Z,144.23,0.438,85.95,998.78,0.0,evacuation
SNS-zone_13-01,zone_13,2026-01-10T00:00:00Z,2.76,0.012,38.88,100.18,0.0,safe
SNS-zone_14-01,zone_14,2026-01-10T00:00:00Z,12.34,0.021,34.83,106.06,0.0,safe
SNS-zone_15-01,zone_15,2026-01-10T00:00:00Z,6.84,0.017,38.56,104.73,0.0,safe
SNS-zone_16-01,zone_16,2026-01-10T00:00:00Z,12.86,0.021,30.9,117.35,0.0,safe
SNS-zone_01-01,zone_01,2026-01-11T00:00:00Z,8.29,0.01,38.64,111.02,0.0,safe
SNS-zone_02-01,zone_02,2026-01-11T00:00:00Z,16.03,0.024,29.51,111.39,0.0,safe
SNS-zone_03-01,zone_03,2026-01-11T00:00:00Z,10.7,0.024,33.45,109.2,0.0,safe
SNS-zone_04-01,zone_04,2026-01-11T00:00:00Z,17.97,0.036,38.18,133.62,0.0,safe
SNS-zone_05-01,zone_05,2026-01-11T00:00:00Z,13.01,0.023,38.02,117.22,0.0,safe
SNS-zone_06-01,zone_06,2026-01-11T00:00:00Z,67.34,0.15,61.58,442.8,0.0,warning
SNS-zone_07-01,zone_07,2026-01-11T00:00:00Z,55.0,0.132,65.43,406.88,0.0,warning
SNS-zone_08-01,zone_08,2026-01-11T00:00:00Z,60.64,0.151,67.33,433.81,0.0,warning
SNS-zone_09-01,zone_09,2026-01-11T00:00:00Z,5.08,0.022,28.55,102.46,0.0,safe
SNS-zone_10-01,zone_10,2026-01-11T00:00:00Z,58.69,0.134,63.32,410.35,0.0,warning
SNS-zone_11-01,zone_11,2026-01-11T00:00:00Z,142.34,0.44,93.26,1024.5,0.0,evacuation
SNS-zone_12-01,zone_12,2026-01-11T00:00:00Z,144.57,0.454,83.37,1003.87,0.0,evacuation
SNS-zone_13-01,zone_13,2026-01-11T00:00:00Z,3.02,0.01,42.77,102.95,0.0,safe
SNS-zone_14-01,zone_14,2026-01-11T00:00:00Z,11.64,0.02,36.82,106.25,0.0,safe
SNS-zone_15-01,zone_15,2026-01-11T00:00:00Z,5.07,0.016,37.34,98.19,0.0,safe
SNS-zone_16-01,zone_16,2026-01-11T00:00:00Z,11.79,0.018,29.43,103.78,0.0,safe
SNS-zone_01-01,zone_01,2026-01-12T00:00:00Z,9.77,0.024,38.53,102.64,0.0,safe
SNS-zone_02-01,zone_02,2026-01-12T00:00:00Z,16.68,0.026,28.75,105.99,0.0,safe
SNS-zone_03-01,zone_03,2026-01-12T00:00:00Z,10.64,0.019,33.7,109.72,0.0,safe
SNS-zone_04-01,zone_04,2026-01-12T00:00:00Z,19.17,0.027,38.58,131.42,0.0,safe
SNS-zone_05-01,zone_05,2026-01-12T00:00:00Z,14.46,0.021,40.58,119.41,0.0,safe
SNS-zone_06-01,zone_06,2026-01-12T00:00:00Z,64.13,0.155,59.34,434.73,0.0,warning
SNS-zone_07-01,zone_07,2026-01-12T00:00:00Z,56.94,0.146,64.64,418.59,0.0,warning
SNS-zone_08-01,zone_08,2026-01-12T00:00:00Z,56.85,0.128,67.58,445.44,0.0,warning
SNS-zone_09-01,zone_09,2026-01-12T00:00:00Z,1.57,0.01,27.83,79.26,0.0,safe
SNS-zone_10-01,zone_10,2026-01-12T00:00:00Z,57.08,0.142,63.84,415.51,0.0,warning
SNS-zone_11-01,zone_11,2026-01-12T00:00:00Z,138.8,0.428,93.84,1002.77,0.0,evacuation
SNS-zone_12-01,zone_12,2026-01-12T00:00:00Z,138.68,0.426,81.22,972.01,0.0,evacuation
SNS-zone_13-01,zone_13,2026-01-12T00:00:00Z,3.79,0.01,40.22,95.22,0.0,safe
SNS-zone_14-01,zone_14,2026-01-12T00:00:00Z,10.27,0.017,34.08,107.36,0.0,safe
SNS-zone_15-01,zone_15,2026-01-12T00:00:00Z,6.71,0.016,37.99,101.58,0.0,safe
SNS-zone_16-01,zone_16,2026-01-12T00:00:00Z,12.45,0.026,30.19,105.03,0.0,safe
SNS-zone_01-01,zone_01,2026-01-13T00:00:00Z,8.0,0.026,38.65,109.41,0.0,safe
SNS-zone_02-01,zone_02,2026-01-13T00:00:00Z,15.92,0.028,29.7,118.02,0.0,safe
SNS-zone_03-01,zone_03,2026-01-13T00:00:00Z,9.95,0.014,35.87,110.63,0.0,safe
SNS-zone_04-01,zone_04,2026-01-13T00:00:00Z,16.51,0.02,36.97,119.86,0.0,safe
SNS-zone_05-01,zone_05,2026-01-13T00:00:00Z,13.98,0.022,38.22,126.22,0.0,safe
SNS-zone_06-01,zone_06,2026-01-13T00:00:00Z,69.13,0.17,61.08,447.26,0.0,warning
SNS-zone_07-01,zone_07,2026-01-13T00:00:00Z,53.88,0.132,64.98,417.32,0.0,warning
SNS-zone_08-01,zone_08,2026-01-13T00:00:00Z,58.87,0.156,69.83,431.79,0.0,warning
SNS-zone_09-01,zone_09,2026-01-13T00:00:00Z,1.97,0.015,29.0,82.98,0.0,safe
SNS-zone_10-01,zone_10,2026-01-13T00:00:00Z,55.56,0.145,62.42,424.92,0.0,warning
SNS-zone_11-01,zone_11,2026-01-13T00:00:00Z,141.82,0.412,96.55,989.62,0.0,evacuation
SNS-zone_12-01,zone_12,2026-01-13T00:00:00Z,137.67,0.416,78.95,970.27,0.0,evacuation
SNS-zone_13-01,zone_13,2026-01-13T00:00:00Z,4.11,0.018,41.16,106.54,0.0,safe
SNS-zone_14-01,zone_14,2026-01-13T00:00:00Z,12.5,0.014,34.18,104.02,0.0,safe
SNS-zone_15-01,zone_15,2026-01-13T00:00:00Z,6.91,0.017,36.84,100.93,0.0,safe
SNS-zone_16-01,zone_16,2026-01-13T00:00:00Z,14.15,0.026,32.14,116.07,0.0,safe
SNS-zone_01-01,zone_01,2026-01-14T00:00:00Z,8.99,0.015,38.47,105.95,0.0,safe
SNS-zone_02-01,zone_02,2026-01-14T00:00:00Z,16.0,0.021,27.77,109.13,0.0,safe
SNS-zone_03-01,zone_03,2026-01-14T00:00:00Z,9.06,0.016,31.6,102.25,0.0,safe
SNS-zone_04-01,zone_04,2026-01-14T00:00:00Z,15.22,0.024,37.45,121.89,0.0,safe
SNS-zone_05-01,zone_05,2026-01-14T00:00:00Z,15.13,0.026,39.18,124.99,0.0,safe
SNS-zone_06-01,zone_06,2026-01-14T00:00:00Z,64.38,0.164,58.2,434.54,0.0,warning
SNS-zone_07-01,zone_07,2026-01-14T00:00:00Z,50.5,0.125,64.21,402.89,0.0,warning
SNS-zone_08-01,zone_08,2026-01-14T00:00:00Z,55.93,0.142,64.19,410.37,0.0,warning
SNS-zone_09-01,zone_09,2026-01-14T00:00:00Z,2.33,0.01,28.34,89.33,0.0,safe
SNS-zone_10-01,zone_10,2026-01-14T00:00:00Z,53.61,0.134,61.75,407.09,0.0,warning
SNS-zone_11-01,zone_11,2026-01-14T00:00:00Z,139.98,0.429,95.18,1006.96,0.0,evacuation
SNS-zone_12-01,zone_12,2026-01-14T00:00:00Z,140.61,0.444,81.54,999.31,0.0,evacuation
SNS-zone_13-01,zone_13,2026-01-14T00:00:00Z,5.03,0.01,42.84,105.57,0.0,safe
SNS-zone_14-01,zone_14,2026-01-14T00:00:00Z,9.38,0.011,35.74,101.48,0.0,safe
SNS-zone_15-01,zone_15,2026-01-14T00:00:00Z,5.37,0.015,38.71,103.51,0.0,safe
SNS-zone_16-01,zone_16,2026-01-14T00:00:00Z,13.54,0.024,32.09,108.97,0.0,safe
SNS-zone_01-01,zone_01,2026-01-15T00:00:00Z,7.33,0.015,39.24,105.74,0.0,safe
SNS-zone_02-01,zone_02,2026-01-15T00:00:00Z,16.86,0.017,30.7,116.46,0.0,safe
SNS-zone_03-01,zone_03,2026-01-15T00:00:00Z,11.0,0.016,33.31,110.99,0.0,safe
SNS-zone_04-01,zone_04,2026-01-15T00:00:00Z,16.97,0.031,37.71,140.43,0.0,safe
SNS-zone_05-01,zone_05,2026-01-15T00:00:00Z,13.95,0.018,38.04,114.08,0.0,safe
SNS-zone_06-01,zone_06,2026-01-15T00:00:00Z,67.5,0.146,59.04,458.84,0.0,warning
SNS-zone_07-01,zone_07,2026-01-15T00:00:00Z,55.36,0.139,64.06,423.55,0.0,warning
SNS-zone_08-01,zone_08,2026-01-15T00:00:00Z,58.31,0.138,65.51,426.95,0.0,warning
SNS-zone_09-01,zone_09,2026-01-15T00:00:00Z,3.68,0.014,28.07,86.25,0.0,safe
SNS-zone_10-01,zone_10,2026-01-15T00:00:00Z,58.85,0.146,62.36,428.64,0.0,warning
SNS-zone_11-01,zone_11,2026-01-15T00:00:00Z,141.41,0.431,92.92,993.22,0.0,evacuation
SNS-zone_12-01,zone_12,2026-01-15T00:00:00Z,140.1,0.435,78.86,984.67,0.0,evacuation
SNS-zone_13-01,zone_13,2026-01-15T00:00:00Z,4.84,0.017,41.55,109.5,0.0,safe
SNS-zone_14-01,zone_14,2026-01-15T00:00:00Z,12.91,0.031,34.35,113.32,0.0,safe
SNS-zone_15-01,zone_15,2026-01-15T00:00:00Z,6.11,0.016,39.93,106.85,0.0,safe
SNS-zone_16-01,zone_16,2026-01-15T00:00:00Z,10.91,0.024,30.62,103.2,0.0,safe
SNS-zone_01-01,zone_01,2026-01-16T00:00:00Z,9.12,0.016,38.82,114.07,0.0,safe
SNS-zone_02-01,zone_02,2026-01-16T00:00:00Z,15.29,0.025,30.46,114.4,0.0,safe
SNS-zone_03-01,zone_03,2026-01-16T00:00:00Z,7.41,0.015,33.01,97.37,0.0,safe
SNS-zone_04-01,zone_04,2026-01-16T00:00:00Z,18.1,0.023,36.04,122.82,0.0,safe
SNS-zone_05-01,zone_05,2026-01-16T00:00:00Z,12.05,0.015,39.06,114.46,0.0,safe
SNS-zone_06-01,zone_06,2026-01-16T00:00:00Z,63.42,0.152,56.43,433.93,0.0,warning
SNS-zone_07-01,zone_07,2026-01-16T00:00:00Z,55.76,0.134,66.78,420.57,0.0,warning
SNS-zone_08-01,zone_08,2026-01-16T00:00:00Z,56.56,0.162,68.21,418.33,0.0,warning
SNS-zone_09-01,zone_09,2026-01-16T00:00:00Z,3.69,0.012,29.19,85.48,0.0,safe
SNS-zone_10-01,zone_10,2026-01-16T00:00:00Z,59.17,0.15,61.27,402.76,0.0,warning
SNS-zone_11-01,zone_11,2026-01-16T00:00:00Z,140.59,0.426,91.88,994.67,0.0,evacuation
SNS-zone_12-01,zone_12,2026-01-16T00:00:00Z,138.29,0.416,81.85,964.14,0.0,evacuation
SNS-zone_13-01,zone_13,2026-01-16T00:00:00Z,2.4,0.014,42.86,96.51,0.0,safe
SNS-zone_14-01,zone_14,2026-01-16T00:00:00Z,10.88,0.031,36.24,104.18,0.0,safe
SNS-zone_15-01,zone_15,2026-01-16T00:00:00Z,5.66,0.013,35.84,102.69,0.0,safe
SNS-zone_16-01,zone_16,2026-01-16T00:00:00Z,10.53,0.021,27.68,99.96,0.0,safe
SNS-zone_01-01,zone_01,2026-01-17T00:00:00Z,7.15,0.018,37.92,101.43,0.0,safe
SNS-zone_02-01,zone_02,2026-01-17T00:00:00Z,15.18,0.025,31.33,99.64,0.0,safe
SNS-zone_03-01,zone_03,2026-01-17T00:00:00Z,6.74,0.014,32.57,96.75,0.0,safe
SNS-zone_04-01,zone_04,2026-01-17T00:00:00Z,18.4,0.031,35.93,123.0,0.0,safe
SNS-zone_05-01,zone_05,2026-01-17T00:00:00Z,14.62,0.027,40.62,113.05,0.0,safe
SNS-zone_06-01,zone_06,2026-01-17T00:00:00Z,68.07,0.158,61.52,447.35,0.0,warning
SNS-zone_07-01,zone_07,2026-01-17T00:00:00Z,55.75,0.147,65.55,432.51,0.0,warning
SNS-zone_08-01,zone_08,2026-01-17T00:00:00Z,51.69,0.121,66.63,404.61,0.0,warning
SNS-zone_09-01,zone_09,2026-01-17T00:00:00Z,4.93,0.018,27.73,85.33,0.0,safe
SNS-zone_10-01,zone_10,2026-01-17T00:00:00Z,55.17,0.136,65.23,429.46,0.0,warning
SNS-zone_11-01,zone_11,2026-01-17T00:00:00Z,141.33,0.45,95.64,1020.18,0.0,evacuation
SNS-zone_12-01,zone_12,2026-01-17T00:00:00Z,146.83,0.435,82.65,999.57,0.0,evacuation
SNS-zone_13-01,zone_13,2026-01-17T00:00:00Z,3.73,0.016,42.77,100.56,0.0,safe
SNS-zone_14-01,zone_14,2026-01-17T00:00:00Z,13.16,0.023,36.21,115.53,0.0,safe
SNS-zone_15-01,zone_15,2026-01-17T00:00:00Z,6.39,0.016,34.84,93.44,0.0,safe
SNS-zone_16-01,zone_16,2026-01-17T00:00:00Z,12.21,0.021,28.24,110.88,0.0,safe
SNS-zone_01-01,zone_01,2026-01-18T00:00:00Z,7.23,0.022,39.16,109.42,0.0,safe
SNS-zone_02-01,zone_02,2026-01-18T00:00:00Z,19.0,0.025,31.86,124.72,0.0,safe
SNS-zone_03-01,zone_03,2026-01-18T00:00:00Z,11.7,0.019,29.63,110.81,0.0,safe
SNS-zone_04-01,zone_04,2026-01-18T00:00:00Z,19.81,0.03,38.73,128.05,0.0,safe
SNS-zone_05-01,zone_05,2026-01-18T00:00:00Z,14.21,0.023,38.5,119.43,0.0,safe
SNS-zone_06-01,zone_06,2026-01-18T00:00:00Z,63.28,0.155,58.95,455.52,0.0,warning
SNS-zone_07-01,zone_07,2026-01-18T00:00:00Z,54.06,0.144,64.01,419.96,0.0,warning
SNS-zone_08-01,zone_08,2026-01-18T00:00:00Z,58.04,0.139,69.0,435.39,0.0,warning
SNS-zone_09-01,zone_09,2026-01-18T00:00:00Z,2.96,0.01,28.48,88.1,0.0,safe
SNS-zone_10-01,zone_10,2026-01-18T00:00:00Z,57.1,0.151,63.66,448.13,0.0,warning
SNS-zone_11-01,zone_11,2026-01-18T00:00:00Z,143.33,0.447,95.47,1019.54,0.0,evacuation
SNS-zone_12-01,zone_12,2026-01-18T00:00:00Z,144.82,0.459,81.69,980.78,0.0,evacuation
SNS-zone_13-01,zone_13,2026-01-18T00:00:00Z,6.36,0.01,40.02,99.62,0.0,safe
SNS-zone_14-01,zone_14,2026-01-18T00:00:00Z,12.51,0.018,33.16,111.03,0.0,safe
SNS-zone_15-01,zone_15,2026-01-18T00:00:00Z,7.59,0.015,39.37,113.75,0.0,safe
SNS-zone_16-01,zone_16,2026-01-18T00:00:00Z,11.52,0.024,30.99,102.28,0.0,safe
SNS-zone_01-01,zone_01,2026-01-19T00:00:00Z,11.43,0.016,38.74,110.03,0.0,safe
SNS-zone_02-01,zone_02,2026-01-19T00:00:00Z,15.69,0.026,30.67,117.56,0.0,safe
SNS-zone_03-01,zone_03,2026-01-19T00:00:00Z,6.86,0.024,33.17,106.74,0.0,safe
SNS-zone_04-01,zone_04,2026-01-19T00:00:00Z,17.04,0.032,38.3,121.92,0.0,safe
SNS-zone_05-01,zone_05,2026-01-19T00:00:00Z,14.75,0.026,39.25,115.49,0.0,safe
SNS-zone_06-01,zone_06,2026-01-19T00:00:00Z,69.0,0.159,59.12,455.74,0.0,warning
SNS-zone_07-01,zone_07,2026-01-19T00:00:00Z,54.16,0.127,66.68,408.29,0.0,warning
SNS-zone_08-01,zone_08,2026-01-19T00:00:00Z,56.3,0.146,67.01,424.11,0.0,warning
SNS-zone_09-01,zone_09,2026-01-19T00:00:00Z,4.07,0.016,29.23,85.19,0.0,safe
SNS-zone_10-01,zone_10,2026-01-19T00:00:00Z,53.97,0.128,64.81,416.52,0.0,warning
SNS-zone_11-01,zone_11,2026-01-19T00:00:00Z,144.69,0.436,93.56,1025.17,0.0,evacuation
SNS-zone_12-01,zone_12,2026-01-19T00:00:00Z,139.53,0.434,81.53,957.52,0.0,evacuation
SNS-zone_13-01,zone_13,2026-01-19T00:00:00Z,6.5,0.019,41.39,108.61,0.0,safe
SNS-zone_14-01,zone_14,2026-01-19T00:00:00Z,14.55,0.032,34.29,115.66,0.0,safe
SNS-zone_15-01,zone_15,2026-01-19T00:00:00Z,4.87,0.011,37.33,94.63,0.0,safe
SNS-zone_16-01,zone_16,2026-01-19T00:00:00Z,10.63,0.026,30.31,99.68,0.0,safe
SNS-zone_01-01,zone_01,2026-01-20T00:00:00Z,10.86,0.02,36.11,113.28,0.0,safe
SNS-zone_02-01,zone_02,2026-01-20T00:00:00Z,21.29,0.027,30.97,129.76,0.0,safe
SNS-zone_03-01,zone_03,2026-01-20T00:00:00Z,10.15,0.014,33.33,106.55,0.0,safe
SNS-zone_04-01,zone_04,2026-01-20T00:00:00Z,18.7,0.022,37.81,124.85,0.0,safe
SNS-zone_05-01,zone_05,2026-01-20T00:00:00Z,14.0,0.021,40.79,133.22,0.0,safe
SNS-zone_06-01,zone_06,2026-01-20T00:00:00Z,68.96,0.153,57.61,451.07,0.0,warning
SNS-zone_07-01,zone_07,2026-01-20T00:00:00Z,55.17,0.137,65.48,410.82,0.0,warning
SNS-zone_08-01,zone_08,2026-01-20T00:00:00Z,58.48,0.15,68.12,436.3,0.0,warning
SNS-zone_09-01,zone_09,2026-01-20T00:00:00Z,5.48,0.017,29.12,96.01,0.0,safe
SNS-zone_10-01,zone_10,2026-01-20T00:00:00Z,56.6,0.14,65.02,414.03,0.0,warning
SNS-zone_11-01,zone_11,2026-01-20T00:00:00Z,142.02,0.427,95.58,1009.27,0.0,evacuation
SNS-zone_12-01,zone_12,2026-01-20T00:00:00Z,142.25,0.43,81.53,976.81,0.0,evacuation
SNS-zone_13-01,zone_13,2026-01-20T00:00:00Z,3.72,0.01,41.42,91.88,0.0,safe
SNS-zone_14-01,zone_14,2026-01-20T00:00:00Z,11.49,0.016,32.85,100.39,0.0,safe
SNS-zone_15-01,zone_15,2026-01-20T00:00:00Z,8.49,0.023,35.94,94.15,0.0,safe
SNS-zone_16-01,zone_16,2026-01-20T00:00:00Z,13.81,0.023,28.76,106.74,0.0,safe
SNS-zone_01-01,zone_01,2026-01-21T00:00:00Z,6.93,0.017,38.58,116.06,0.0,safe
SNS-zone_02-01,zone_02,2026-01-21T00:00:00Z,14.49,0.022,29.67,108.08,0.0,safe
SNS-zone_03-01,zone_03,2026-01-21T00:00:00Z,8.82,0.017,32.65,99.77,0.0,safe
SNS-zone_04-01,zone_04,2026-01-21T00:00:00Z,17.56,0.026,36.85,120.17,0.0,safe
SNS-zone_05-01,zone_05,2026-01-21T00:00:00Z,12.77,0.022,40.62,124.88,0.0,safe
SNS-zone_06-01,zone_06,2026-01-21T00:00:00Z,68.2,0.17,61.3,456.48,0.0,warning
SNS-zone_07-01,zone_07,2026-01-21T00:00:00Z,51.44,0.128,66.12,418.83,0.0,warning
SNS-zone_08-01,zone_08,2026-01-21T00:00:00Z,58.13,0.137,68.03,440.71,0.0,warning
SNS-zone_09-01,zone_09,2026-01-21T00:00:00Z,7.42,0.021,27.11,86.41,0.0,safe
SNS-zone_10-01,zone_10,2026-01-21T00:00:00Z,56.63,0.14,62.02,412.31,0.0,warning
SNS-zone_11-01,zone_11,2026-01-21T00:00:00Z,144.74,0.445,93.75,1029.01,0.0,evacuation
SNS-zone_12-01,zone_12,2026-01-21T00:00:00Z,141.45,0.413,80.74,975.02,0.0,evacuation
SNS-zone_13-01,zone_13,2026-01-21T00:00:00Z,5.92,0.018,41.61,106.35,0.0,safe
SNS-zone_14-01,zone_14,2026-01-21T00:00:00Z,12.75,0.019,33.94,113.31,0.0,safe
SNS-zone_15-01,zone_15,2026-01-21T00:00:00Z,7.19,0.01,39.0,99.24,0.0,safe
SNS-zone_16-01,zone_16,2026-01-21T00:00:00Z,9.25,0.019,30.22,93.26,0.0,safe
SNS-zone_01-01,zone_01,2026-01-22T00:00:00Z,9.71,0.02,38.38,112.14,0.0,safe
SNS-zone_02-01,zone_02,2026-01-22T00:00:00Z,17.37,0.03,29.07,113.18,0.0,safe
SNS-zone_03-01,zone_03,2026-01-22T00:00:00Z,8.5,0.014,33.03,101.99,0.0,safe
SNS-zone_04-01,zone_04,2026-01-22T00:00:00Z,16.07,0.027,35.51,124.22,0.0,safe
SNS-zone_05-01,zone_05,2026-01-22T00:00:00Z,14.89,0.018,39.01,119.3,0.0,safe
SNS-zone_06-01,zone_06,2026-01-22T00:00:00Z,68.26,0.153,58.78,454.01,0.0,warning
SNS-zone_07-01,zone_07,2026-01-22T00:00:00Z,52.99,0.13,67.25,407.57,0.0,warning
SNS-zone_08-01,zone_08,2026-01-22T00:00:00Z,54.27,0.121,65.97,419.17,0.0,warning
SNS-zone_09-01,zone_09,2026-01-22T00:00:00Z,1.99,0.012,28.98,82.72,0.0,safe
SNS-zone_10-01,zone_10,2026-01-22T00:00:00Z,56.12,0.14,64.9,418.37,0.0,warning
SNS-zone_11-01,zone_11,2026-01-22T00:00:00Z,145.58,0.43,94.84,1021.72,0.0,evacuation
SNS-zone_12-01,zone_12,2026-01-22T00:00:00Z,137.67,0.399,88.78,983.78,0.0,evacuation
SNS-zone_13-01,zone_13,2026-01-22T00:00:00Z,4.44,0.011,43.27,102.43,0.0,safe
SNS-zone_14-01,zone_14,2026-01-22T00:00:00Z,14.49,0.019,32.26,112.71,0.0,safe
SNS-zone_15-01,zone_15,2026-01-22T00:00:00Z,7.37,0.013,36.85,103.09,0.0,safe
SNS-zone_16-01,zone_16,2026-01-22T00:00:00Z,13.9,0.025,29.0,101.54,0.0,safe
SNS-zone_01-01,zone_01,2026-01-23T00:00:00Z,9.33,0.024,37.3,117.23,0.0,safe
SNS-zone_02-01,zone_02,2026-01-23T00:00:00Z,17.13,0.026,29.7,115.75,0.0,safe
SNS-zone_03-01,zone_03,2026-01-23T00:00:00Z,6.69,0.01,32.28,101.89,0.0,safe
SNS-zone_04-01,zone_04,2026-01-23T00:00:00Z,16.22,0.023,37.07,117.62,0.0,safe
SNS-zone_05-01,zone_05,2026-01-23T00:00:00Z,13.86,0.023,38.85,126.3,0.0,safe
SNS-zone_06-01,zone_06,2026-01-23T00:00:00Z,67.78,0.177,58.84,438.62,0.0,warning
SNS-zone_07-01,zone_07,2026-01-23T00:00:00Z,53.35,0.137,64.81,411.9,0.0,warning
SNS-zone_08-01,zone_08,2026-01-23T00:00:00Z,56.96,0.135,68.34,437.41,0.0,warning
SNS-zone_09-01,zone_09,2026-01-23T00:00:00Z,2.68,0.01,30.03,84.61,0.0,safe
SNS-zone_10-01,zone_10,2026-01-23T00:00:00Z,53.48,0.145,64.8,416.08,0.0,warning
SNS-zone_11-01,zone_11,2026-01-23T00:00:00Z,140.18,0.406,96.59,996.64,0.0,evacuation
SNS-zone_12-01,zone_12,2026-01-23T00:00:00Z,142.06,0.448,76.96,981.18,0.0,evacuation
SNS-zone_13-01,zone_13,2026-01-23T00:00:00Z,4.74,0.01,43.8,99.51,0.0,safe
SNS-zone_14-01,zone_14,2026-01-23T00:00:00Z,12.58,0.022,35.26,111.32,0.0,safe
SNS-zone_15-01,zone_15,2026-01-23T00:00:00Z,8.96,0.019,38.88,107.47,0.0,safe
SNS-zone_16-01,zone_16,2026-01-23T00:00:00Z,11.88,0.028,28.21,99.02,0.0,safe
SNS-zone_01-01,zone_01,2026-01-24T00:00:00Z,7.85,0.017,40.16,102.48,0.0,safe
SNS-zone_02-01,zone_02,2026-01-24T00:00:00Z,15.85,0.023,30.69,112.26,0.0,safe
SNS-zone_03-01,zone_03,2026-01-24T00:00:00Z,10.7,0.01,34.53,106.55,0.0,safe
SNS-zone_04-01,zone_04,2026-01-24T00:00:00Z,19.14,0.023,38.31,127.94,0.0,safe
SNS-zone_05-01,zone_05,2026-01-24T00:00:00Z,10.89,0.019,41.05,112.8,0.0,safe
SNS-zone_06-01,zone_06,2026-01-24T00:00:00Z,64.22,0.158,56.21,443.4,0.0,warning
SNS-zone_07-01,zone_07,2026-01-24T00:00:00Z,54.15,0.138,64.68,402.04,0.0,warning
SNS-zone_08-01,zone_08,2026-01-24T00:00:00Z,60.04,0.14,67.15,446.46,0.0,warning
SNS-zone_09-01,zone_09,2026-01-24T00:00:00Z,2.14,0.012,30.54,86.89,0.0,safe
SNS-zone_10-01,zone_10,2026-01-24T00:00:00Z,56.4,0.143,64.58,426.98,0.0,warning
SNS-zone_11-01,zone_11,2026-01-24T00:00:00Z,136.91,0.425,94.76,979.75,0.0,evacuation
SNS-zone_12-01,zone_12,2026-01-24T00:00:00Z,141.33,0.449,82.96,974.95,0.0,evacuation
SNS-zone_13-01,zone_13,2026-01-24T00:00:00Z,2.39,0.01,42.88,107.41,0.0,safe
SNS-zone_14-01,zone_14,2026-01-24T00:00:00Z,13.41,0.02,33.55,108.07,0.0,safe
SNS-zone_15-01,zone_15,2026-01-24T00:00:00Z,5.82,0.017,35.69,101.04,0.0,safe
SNS-zone_16-01,zone_16,2026-01-24T00:00:00Z,12.22,0.028,28.26,96.51,0.0,safe
SNS-zone_01-01,zone_01,2026-01-25T00:00:00Z,10.26,0.026,38.31,102.42,0.0,safe
SNS-zone_02-01,zone_02,2026-01-25T00:00:00Z,15.92,0.028,28.09,110.72,0.0,safe
SNS-zone_03-01,zone_03,2026-01-25T00:00:00Z,8.52,0.016,32.71,96.41,0.0,safe
SNS-zone_04-01,zone_04,2026-01-25T00:00:00Z,16.51,0.03,37.86,121.6,0.0,safe
SNS-zone_05-01,zone_05,2026-01-25T00:00:00Z,13.05,0.02,39.33,121.51,0.0,safe
SNS-zone_06-01,zone_06,2026-01-25T00:00:00Z,68.98,0.16,56.9,458.86,0.0,warning
SNS-zone_07-01,zone_07,2026-01-25T00:00:00Z,58.34,0.128,64.83,420.12,0.0,warning
SNS-zone_08-01,zone_08,2026-01-25T00:00:00Z,57.97,0.14,67.84,433.49,0.0,warning
SNS-zone_09-01,zone_09,2026-01-25T00:00:00Z,4.96,0.016,28.34,97.61,0.0,safe
SNS-zone_10-01,zone_10,2026-01-25T00:00:00Z,51.19,0.138,64.9,395.28,0.0,warning
SNS-zone_11-01,zone_11,2026-01-25T00:00:00Z,139.83,0.416,95.14,999.46,0.0,evacuation
SNS-zone_12-01,zone_12,2026-01-25T00:00:00Z,138.05,0.423,84.28,975.93,0.0,evacuation
SNS-zone_13-01,zone_13,2026-01-25T00:00:00Z,4.68,0.014,43.08,103.97,0.0,safe
SNS-zone_14-01,zone_14,2026-01-25T00:00:00Z,14.08,0.027,35.71,124.61,0.0,safe
SNS-zone_15-01,zone_15,2026-01-25T00:00:00Z,6.03,0.014,36.9,97.92,0.0,safe
SNS-zone_16-01,zone_16,2026-01-25T00:00:00Z,12.61,0.022,30.35,115.46,0.0,safe
SNS-zone_01-01,zone_01,2026-01-26T00:00:00Z,7.98,0.011,38.06,100.55,0.0,safe
SNS-zone_02-01,zone_02,2026-01-26T00:00:00Z,17.44,0.025,30.02,122.63,0.0,safe
SNS-zone_03-01,zone_03,2026-01-26T00:00:00Z,9.62,0.012,34.98,101.51,0.0,safe
SNS-zone_04-01,zone_04,2026-01-26T00:00:00Z,17.99,0.027,38.53,121.74,0.0,safe
SNS-zone_05-01,zone_05,2026-01-26T00:00:00Z,12.86,0.021,39.64,113.3,0.0,safe
SNS-zone_06-01,zone_06,2026-01-26T00:00:00Z,63.15,0.16,63.42,444.83,0.0,warning
SNS-zone_07-01,zone_07,2026-01-26T00:00:00Z,55.18,0.125,66.1,412.38,0.0,warning
SNS-zone_08-01,zone_08,2026-01-26T00:00:00Z,52.51,0.136,69.82,414.42,0.0,warning
SNS-zone_09-01,zone_09,2026-01-26T00:00:00Z,4.24,0.012,29.25,93.66,0.0,safe
SNS-zone_10-01,zone_10,2026-01-26T00:00:00Z,57.26,0.132,60.84,416.59,0.0,warning
SNS-zone_11-01,zone_11,2026-01-26T00:00:00Z,142.6,0.432,91.97,1000.7,0.0,evacuation
SNS-zone_12-01,zone_12,2026-01-26T00:00:00Z,144.11,0.437,81.09,1004.29,0.0,evacuation
SNS-zone_13-01,zone_13,2026-01-26T00:00:00Z,5.01,0.01,43.64,100.15,0.0,safe
SNS-zone_14-01,zone_14,2026-01-26T00:00:00Z,9.96,0.025,34.55,113.48,0.0,safe
SNS-zone_15-01,zone_15,2026-01-26T00:00:00Z,3.49,0.015,38.01,95.31,0.0,safe
SNS-zone_16-01,zone_16,2026-01-26T00:00:00Z,12.6,0.02,30.13,110.67,0.0,safe
SNS-zone_01-01,zone_01,2026-01-27T00:00:00Z,8.73,0.013,39.24,101.99,0.0,safe
SNS-zone_02-01,zone_02,2026-01-27T00:00:00Z,16.99,0.023,30.17,118.88,0.0,safe
SNS-zone_03-01,zone_03,2026-01-27T00:00:00Z,8.3,0.015,32.75,103.49,0.0,safe
SNS-zone_04-01,zone_04,2026-01-27T00:00:00Z,17.19,0.031,38.81,133.38,0.0,safe
SNS-zone_05-01,zone_05,2026-01-27T00:00:00Z,12.68,0.022,39.3,117.36,0.0,safe
SNS-zone_06-01,zone_06,2026-01-27T00:00:00Z,66.95,0.16,60.35,443.6,0.0,warning
SNS-zone_07-01,zone_07,2026-01-27T00:00:00Z,57.85,0.138,67.75,410.17,0.0,warning
SNS-zone_08-01,zone_08,2026-01-27T00:00:00Z,60.61,0.144,68.33,448.14,0.0,warning
SNS-zone_09-01,zone_09,2026-01-27T00:00:00Z,5.41,0.012,29.75,97.07,0.0,safe
SNS-zone_10-01,zone_10,2026-01-27T00:00:00Z,56.76,0.135,64.17,439.22,0.0,warning
SNS-zone_11-01,zone_11,2026-01-27T00:00:00Z,145.21,0.452,89.67,1019.39,0.0,evacuation
SNS-zone_12-01,zone_12,2026-01-27T00:00:00Z,146.3,0.446,81.25,1014.54,0.0,evacuation
SNS-zone_13-01,zone_13,2026-01-27T00:00:00Z,3.95,0.013,41.59,92.67,0.0,safe
SNS-zone_14-01,zone_14,2026-01-27T00:00:00Z,13.65,0.029,34.13,112.51,0.0,safe
SNS-zone_15-01,zone_15,2026-01-27T00:00:00Z,5.72,0.013,36.82,97.15,0.0,safe
SNS-zone_16-01,zone_16,2026-01-27T00:00:00Z,13.62,0.022,29.61,110.96,0.0,safe
SNS-zone_01-01,zone_01,2026-01-28T00:00:00Z,11.12,0.014,37.84,111.01,0.0,safe
SNS-zone_02-01,zone_02,2026-01-28T00:00:00Z,16.94,0.029,26.77,121.17,0.0,safe
SNS-zone_03-01,zone_03,2026-01-28T00:00:00Z,11.52,0.02,33.76,113.18,0.0,safe
SNS-zone_04-01,zone_04,2026-01-28T00:00:00Z,18.21,0.032,39.53,132.53,0.0,safe
SNS-zone_05-01,zone_05,2026-01-28T00:00:00Z,14.84,0.021,38.95,115.75,0.0,safe
SNS-zone_06-01,zone_06,2026-01-28T00:00:00Z,68.97,0.152,60.21,459.71,0.0,warning
SNS-zone_07-01,zone_07,2026-01-28T00:00:00Z,53.13,0.131,67.98,413.21,0.0,warning
SNS-zone_08-01,zone_08,2026-01-28T00:00:00Z,55.45,0.152,69.85,433.5,0.0,warning
SNS-zone_09-01,zone_09,2026-01-28T00:00:00Z,4.11,0.02,28.26,80.44,0.0,safe
SNS-zone_10-01,zone_10,2026-01-28T00:00:00Z,57.13,0.147,66.14,420.66,0.0,warning
SNS-zone_11-01,zone_11,2026-01-28T00:00:00Z,139.34,0.403,96.56,997.22,0.0,evacuation
SNS-zone_12-01,zone_12,2026-01-28T00:00:00Z,142.85,0.402,77.88,992.17,0.0,evacuation
SNS-zone_13-01,zone_13,2026-01-28T00:00:00Z,3.96,0.02,40.69,103.03,0.0,safe
SNS-zone_14-01,zone_14,2026-01-28T00:00:00Z,15.24,0.031,34.32,121.78,0.0,safe
SNS-zone_15-01,zone_15,2026-01-28T00:00:00Z,6.63,0.019,37.51,91.6,0.0,safe
SNS-zone_16-01,zone_16,2026-01-28T00:00:00Z,14.65,0.027,28.19,107.11,0.0,safe
SNS-zone_01-01,zone_01,2026-01-29T00:00:00Z,8.21,0.017,37.95,92.53,0.0,safe
SNS-zone_02-01,zone_02,2026-01-29T00:00:00Z,19.0,0.028,30.86,123.1,0.0,safe
SNS-zone_03-01,zone_03,2026-01-29T00:00:00Z,8.08,0.015,32.92,106.61,0.0,safe
SNS-zone_04-01,zone_04,2026-01-29T00:00:00Z,17.0,0.027,38.07,123.23,0.0,safe
SNS-zone_05-01,zone_05,2026-01-29T00:00:00Z,11.37,0.023,42.81,111.06,0.0,safe
SNS-zone_06-01,zone_06,2026-01-29T00:00:00Z,65.11,0.162,58.33,435.06,0.0,warning
SNS-zone_07-01,zone_07,2026-01-29T00:00:00Z,50.5,0.114,62.97,411.68,0.0,warning
SNS-zone_08-01,zone_08,2026-01-29T00:00:00Z,57.5,0.129,69.7,428.94,0.0,warning
SNS-zone_09-01,zone_09,2026-01-29T00:00:00Z,4.17,0.01,28.44,84.74,0.0,safe
SNS-zone_10-01,zone_10,2026-01-29T00:00:00Z,56.34,0.134,64.56,423.82,0.0,warning
SNS-zone_11-01,zone_11,2026-01-29T00:00:00Z,141.38,0.416,101.19,1029.99,0.0,evacuation
SNS-zone_12-01,zone_12,2026-01-29T00:00:00Z,140.58,0.418,82.59,980.05,0.0,evacuation
SNS-zone_13-01,zone_13,2026-01-29T00:00:00Z,2.87,0.013,42.46,100.62,0.0,safe
SNS-zone_14-01,zone_14,2026-01-29T00:00:00Z,12.88,0.025,34.38,107.87,0.0,safe
SNS-zone_15-01,zone_15,2026-01-29T00:00:00Z,9.34,0.015,37.16,101.74,0.0,safe
SNS-zone_16-01,zone_16,2026-01-29T00:00:00Z,10.46,0.021,30.08,109.36,0.0,safe
SNS-zone_01-01,zone_01,2026-01-30T00:00:00Z,9.66,0.023,37.97,118.47,0.0,safe
SNS-zone_02-01,zone_02,2026-01-30T00:00:00Z,16.67,0.03,28.96,118.72,0.0,safe
SNS-zone_03-01,zone_03,2026-01-30T00:00:00Z,8.7,0.012,33.2,99.82,0.0,safe
SNS-zone_04-01,zone_04,2026-01-30T00:00:00Z,17.54,0.017,35.99,130.05,0.0,safe
SNS-zone_05-01,zone_05,2026-01-30T00:00:00Z,12.58,0.015,36.98,125.37,0.0,safe
SNS-zone_06-01,zone_06,2026-01-30T00:00:00Z,73.98,0.169,58.94,465.31,0.0,warning
SNS-zone_07-01,zone_07,2026-01-30T00:00:00Z,56.54,0.132,65.43,411.75,0.0,warning
SNS-zone_08-01,zone_08,2026-01-30T00:00:00Z,54.44,0.126,68.07,414.59,0.0,warning
SNS-zone_09-01,zone_09,2026-01-30T00:00:00Z,4.08,0.014,27.73,90.07,0.0,safe
SNS-zone_10-01,zone_10,2026-01-30T00:00:00Z,58.15,0.141,62.06,421.71,0.0,warning
SNS-zone_11-01,zone_11,2026-01-30T00:00:00Z,147.41,0.437,95.83,1031.81,0.0,evacuation
SNS-zone_12-01,zone_12,2026-01-30T00:00:00Z,146.01,0.456,81.59,997.38,0.0,evacuation
SNS-zone_13-01,zone_13,2026-01-30T00:00:00Z,4.55,0.014,39.78,109.06,0.0,safe
SNS-zone_14-01,zone_14,2026-01-30T00:00:00Z,15.87,0.027,36.01,123.33,0.0,safe
SNS-zone_15-01,zone_15,2026-01-30T00:00:00Z,7.06,0.013,37.26,93.03,0.0,safe
SNS-zone_16-01,zone_16,2026-01-30T00:00:00Z,12.13,0.014,31.47,111.68,0.0,safe
SNS-zone_01-01,zone_01,2026-01-31T00:00:00Z,6.96,0.017,37.93,116.1,0.0,safe
SNS-zone_02-01,zone_02,2026-01-31T00:00:00Z,16.47,0.028,29.53,115.77,0.0,safe
SNS-zone_03-01,zone_03,2026-01-31T00:00:00Z,8.53,0.016,33.53,104.79,0.0,safe
SNS-zone_04-01,zone_04,2026-01-31T00:00:00Z,19.43,0.03,39.38,129.83,0.0,safe
SNS-zone_05-01,zone_05,2026-01-31T00:00:00Z,10.68,0.024,37.09,115.08,0.0,safe
SNS-zone_06-01,zone_06,2026-01-31T00:00:00Z,65.87,0.164,58.93,440.59,0.0,warning
SNS-zone_07-01,zone_07,2026-01-31T00:00:00Z,55.65,0.147,67.17,418.2,0.0,warning
SNS-zone_08-01,zone_08,2026-01-31T00:00:00Z,57.16,0.135,66.68,428.93,0.0,warning
SNS-zone_09-01,zone_09,2026-01-31T00:00:00Z,3.24,0.019,28.88,88.49,0.0,safe
SNS-zone_10-01,zone_10,2026-01-31T00:00:00Z,56.92,0.15,64.05,411.19,0.0,warning
SNS-zone_11-01,zone_11,2026-01-31T00:00:00Z,135.16,0.423,92.99,978.28,0.0,evacuation
SNS-zone_12-01,zone_12,2026-01-31T00:00:00Z,144.12,0.443,79.94,992.4,0.0,evacuation
SNS-zone_13-01,zone_13,2026-01-31T00:00:00Z,3.99,0.017,39.46,92.18,0.0,safe
SNS-zone_14-01,zone_14,2026-01-31T00:00:00Z,13.08,0.022,34.37,111.26,0.0,safe
SNS-zone_15-01,zone_15,2026-01-31T00:00:00Z,5.02,0.013,38.21,106.1,0.0,safe
SNS-zone_16-01,zone_16,2026-01-31T00:00:00Z,10.49,0.022,29.27,100.48,0.0,safe
SNS-zone_01-01,zone_01,2026-02-01T00:00:00Z,8.58,0.017,38.26,108.14,0.0,safe
SNS-zone_02-01,zone_02,2026-02-01T00:00:00Z,13.7,0.018,27.97,105.36,0.0,safe
SNS-zone_03-01,zone_03,2026-02-01T00:00:00Z,7.3,0.01,34.61,109.24,0.0,safe
SNS-zone_04-01,zone_04,2026-02-01T00:00:00Z,19.6,0.022,37.54,135.56,0.0,safe
SNS-zone_05-01,zone_05,2026-02-01T00:00:00Z,13.95,0.03,38.86,126.51,0.0,safe
SNS-zone_06-01,zone_06,2026-02-01T00:00:00Z,65.48,0.151,58.95,432.58,0.0,warning
SNS-zone_07-01,zone_07,2026-02-01T00:00:00Z,54.99,0.133,67.16,414.08,0.0,warning
SNS-zone_08-01,zone_08,2026-02-01T00:00:00Z,56.71,0.141,69.44,422.76,0.0,warning
SNS-zone_09-01,zone_09,2026-02-01T00:00:00Z,4.96,0.01,29.31,91.69,0.0,safe
SNS-zone_10-01,zone_10,2026-02-01T00:00:00Z,55.75,0.14,63.76,422.43,0.0,warning
SNS-zone_11-01,zone_11,2026-02-01T00:00:00Z,141.0,0.437,93.25,1008.86,0.0,evacuation
SNS-zone_12-01,zone_12,2026-02-01T00:00:00Z,143.78,0.421,81.97,963.66,0.0,evacuation
SNS-zone_13-01,zone_13,2026-02-01T00:00:00Z,3.69,0.013,42.0,98.47,0.0,safe
SNS-zone_14-01,zone_14,2026-02-01T00:00:00Z,11.74,0.019,35.14,111.3,0.0,safe
SNS-zone_15-01,zone_15,2026-02-01T00:00:00Z,7.35,0.018,36.43,110.64,0.0,safe
SNS-zone_16-01,zone_16,2026-02-01T00:00:00Z,13.7,0.026,29.14,105.0,0.0,safe
SNS-zone_01-01,zone_01,2026-02-02T00:00:00Z,7.8,0.015,37.56,104.55,0.0,safe
SNS-zone_02-01,zone_02,2026-02-02T00:00:00Z,16.92,0.031,29.09,114.06,0.0,safe
SNS-zone_03-01,zone_03,2026-02-02T00:00:00Z,9.33,0.02,33.67,100.22,0.0,safe
SNS-zone_04-01,zone_04,2026-02-02T00:00:00Z,17.44,0.023,38.24,127.03,0.0,safe
SNS-zone_05-01,zone_05,2026-02-02T00:00:00Z,9.48,0.017,39.18,105.92,0.0,safe
SNS-zone_06-01,zone_06,2026-02-02T00:00:00Z,70.45,0.16,58.87,443.07,0.0,warning
SNS-zone_07-01,zone_07,2026-02-02T00:00:00Z,53.85,0.123,65.5,423.44,0.0,warning
SNS-zone_08-01,zone_08,2026-02-02T00:00:00Z,58.07,0.13,71.05,432.05,0.0,warning
SNS-zone_09-01,zone_09,2026-02-02T00:00:00Z,4.43,0.016,27.21,86.89,0.0,safe
SNS-zone_10-01,zone_10,2026-02-02T00:00:00Z,57.6,0.152,64.93,431.42,0.0,warning
SNS-zone_11-01,zone_11,2026-02-02T00:00:00Z,142.13,0.417,89.19,1029.37,0.0,evacuation
SNS-zone_12-01,zone_12,2026-02-02T00:00:00Z,135.73,0.414,83.0,957.66,0.0,evacuation
SNS-zone_13-01,zone_13,2026-02-02T00:00:00Z,2.79,0.017,41.38,90.58,0.0,safe
SNS-zone_14-01,zone_14,2026-02-02T00:00:00Z,13.89,0.024,34.48,115.91,0.0,safe
SNS-zone_15-01,zone_15,2026-02-02T00:00:00Z,8.95,0.022,39.02,104.1,0.0,safe
SNS-zone_16-01,zone_16,2026-02-02T00:00:00Z,13.92,0.014,31.44,110.35,0.0,safe
SNS-zone_01-01,zone_01,2026-02-03T00:00:00Z,8.78,0.024,37.39,105.43,0.0,safe
SNS-zone_02-01,zone_02,2026-02-03T00:00:00Z,17.6,0.022,30.09,121.92,0.0,safe
SNS-zone_03-01,zone_03,2026-02-03T00:00:00Z,5.29,0.01,34.68,98.84,0.0,safe
SNS-zone_04-01,zone_04,2026-02-03T00:00:00Z,19.31,0.022,39.64,128.42,0.0,safe
SNS-zone_05-01,zone_05,2026-02-03T00:00:00Z,12.65,0.027,39.16,122.58,0.0,safe
SNS-zone_06-01,zone_06,2026-02-03T00:00:00Z,62.88,0.144,59.0,426.1,0.0,warning
SNS-zone_07-01,zone_07,2026-02-03T00:00:00Z,54.77,0.131,62.3,410.41,0.0,warning
SNS-zone_08-01,zone_08,2026-02-03T00:00:00Z,57.82,0.128,67.12,426.04,0.0,warning
SNS-zone_09-01,zone_09,2026-02-03T00:00:00Z,4.84,0.015,30.47,97.4,0.0,safe
SNS-zone_10-01,zone_10,2026-02-03T00:00:00Z,55.85,0.151,65.14,412.08,0.0,warning
SNS-zone_11-01,zone_11,2026-02-03T00:00:00Z,147.7,0.443,93.12,1042.35,0.0,evacuation
SNS-zone_12-01,zone_12,2026-02-03T00:00:00Z,139.8,0.439,79.89,978.26,0.0,evacuation
SNS-zone_13-01,zone_13,2026-02-03T00:00:00Z,4.2,0.015,40.91,101.58,0.0,safe
SNS-zone_14-01,zone_14,2026-02-03T00:00:00Z,12.91,0.02,33.19,114.23,0.0,safe
SNS-zone_15-01,zone_15,2026-02-03T00:00:00Z,7.07,0.021,35.68,100.88,0.0,safe
SNS-zone_16-01,zone_16,2026-02-03T00:00:00Z,12.22,0.019,30.56,102.55,0.0,safe
SNS-zone_01-01,zone_01,2026-02-04T00:00:00Z,10.26,0.011,35.07,113.86,0.0,safe
SNS-zone_02-01,zone_02,2026-02-04T00:00:00Z,17.03,0.021,30.95,121.77,0.0,safe
SNS-zone_03-01,zone_03,2026-02-04T00:00:00Z,11.06,0.015,31.98,103.41,0.0,safe
SNS-zone_04-01,zone_04,2026-02-04T00:00:00Z,18.4,0.032,37.08,128.76,0.0,safe
SNS-zone_05-01,zone_05,2026-02-04T00:00:00Z,14.58,0.024,39.27,123.12,0.0,safe
SNS-zone_06-01,zone_06,2026-02-04T00:00:00Z,67.94,0.154,57.31,443.46,0.0,warning
SNS-zone_07-01,zone_07,2026-02-04T00:00:00Z,54.37,0.141,61.8,412.15,0.0,warning
SNS-zone_08-01,zone_08,2026-02-04T00:00:00Z,60.87,0.139,65.98,447.68,0.0,warning
SNS-zone_09-01,zone_09,2026-02-04T00:00:00Z,3.66,0.02,27.49,81.52,0.0,safe
SNS-zone_10-01,zone_10,2026-02-04T00:00:00Z,55.07,0.139,63.12,402.35,0.0,warning
SNS-zone_11-01,zone_11,2026-02-04T00:00:00Z,141.88,0.432,93.85,998.08,0.0,evacuation
SNS-zone_12-01,zone_12,2026-02-04T00:00:00Z,140.16,0.399,79.56,967.11,0.0,evacuation
SNS-zone_13-01,zone_13,2026-02-04T00:00:00Z,1.44,0.013,39.97,90.18,0.0,safe
SNS-zone_14-01,zone_14,2026-02-04T00:00:00Z,8.84,0.021,37.44,110.8,0.0,safe
SNS-zone_15-01,zone_15,2026-02-04T00:00:00Z,7.29,0.019,38.91,106.45,0.0,safe
SNS-zone_16-01,zone_16,2026-02-04T00:00:00Z,10.7,0.021,31.59,107.46,0.0,safe
SNS-zone_01-01,zone_01,2026-02-05T00:00:00Z,8.06,0.014,37.84,98.53,0.0,safe
SNS-zone_02-01,zone_02,2026-02-05T00:00:00Z,18.37,0.023,27.84,120.14,0.0,safe
SNS-zone_03-01,zone_03,2026-02-05T00:00:00Z,11.72,0.017,32.91,99.53,0.0,safe
SNS-zone_04-01,zone_04,2026-02-05T00:00:00Z,19.2,0.022,38.49,132.37,0.0,safe
SNS-zone_05-01,zone_05,2026-02-05T00:00:00Z,13.04,0.016,40.56,129.53,0.0,safe
SNS-zone_06-01,zone_06,2026-02-05T00:00:00Z,71.77,0.149,59.51,471.44,0.0,warning
SNS-zone_07-01,zone_07,2026-02-05T00:00:00Z,53.99,0.124,65.11,425.22,0.0,warning
SNS-zone_08-01,zone_08,2026-02-05T00:00:00Z,54.29,0.137,68.72,432.57,0.0,warning
SNS-zone_09-01,zone_09,2026-02-05T00:00:00Z,4.53,0.01,29.41,95.55,0.0,safe
SNS-zone_10-01,zone_10,2026-02-05T00:00:00Z,52.46,0.128,63.81,413.48,0.0,warning
SNS-zone_11-01,zone_11,2026-02-05T00:00:00Z,142.23,0.418,92.64,997.43,0.0,evacuation
SNS-zone_12-01,zone_12,2026-02-05T00:00:00Z,144.7,0.43,82.31,1010.92,0.0,evacuation
SNS-zone_13-01,zone_13,2026-02-05T00:00:00Z,3.42,0.01,40.5,108.65,0.0,safe
SNS-zone_14-01,zone_14,2026-02-05T00:00:00Z,12.54,0.025,35.58,115.92,0.0,safe
SNS-zone_15-01,zone_15,2026-02-05T00:00:00Z,6.35,0.022,37.58,108.75,0.0,safe
SNS-zone_16-01,zone_16,2026-02-05T00:00:00Z,13.37,0.021,29.44,117.01,0.0,safe
SNS-zone_01-01,zone_01,2026-02-06T00:00:00Z,11.25,0.025,36.92,116.34,0.0,safe
SNS-zone_02-01,zone_02,2026-02-06T00:00:00Z,18.83,0.034,28.66,114.15,0.0,safe
SNS-zone_03-01,zone_03,2026-02-06T00:00:00Z,11.4,0.015,34.94,109.51,0.0,safe
SNS-zone_04-01,zone_04,2026-02-06T00:00:00Z,19.34,0.03,37.3,129.59,0.0,safe
SNS-zone_05-01,zone_05,2026-02-06T00:00:00Z,12.74,0.027,38.85,119.08,0.0,safe
SNS-zone_06-01,zone_06,2026-02-06T00:00:00Z,67.02,0.154,59.78,446.61,0.0,warning
SNS-zone_07-01,zone_07,2026-02-06T00:00:00Z,50.5,0.119,65.95,400.43,0.0,warning
SNS-zone_08-01,zone_08,2026-02-06T00:00:00Z,52.94,0.133,69.22,423.65,0.0,warning
SNS-zone_09-01,zone_09,2026-02-06T00:00:00Z,1.78,0.01,29.17,83.05,0.0,safe
SNS-zone_10-01,zone_10,2026-02-06T00:00:00Z,54.83,0.129,68.39,418.94,0.0,warning
SNS-zone_11-01,zone_11,2026-02-06T00:00:00Z,147.05,0.444,93.23,1027.68,0.0,evacuation
SNS-zone_12-01,zone_12,2026-02-06T00:00:00Z,141.97,0.435,78.83,991.83,0.0,evacuation
SNS-zone_13-01,zone_13,2026-02-06T00:00:00Z,6.79,0.013,40.47,105.19,0.0,safe
SNS-zone_14-01,zone_14,2026-02-06T00:00:00Z,12.72,0.017,34.06,111.13,0.0,safe
SNS-zone_15-01,zone_15,2026-02-06T00:00:00Z,6.79,0.01,37.34,102.69,0.0,safe
SNS-zone_16-01,zone_16,2026-02-06T00:00:00Z,13.34,0.022,29.57,113.51,0.0,safe
SNS-zone_01-01,zone_01,2026-02-07T00:00:00Z,6.92,0.018,39.11,101.73,0.0,safe
SNS-zone_02-01,zone_02,2026-02-07T00:00:00Z,18.1,0.029,28.62,116.81,0.0,safe
SNS-zone_03-01,zone_03,2026-02-07T00:00:00Z,11.01,0.017,35.66,113.27,0.0,safe
SNS-zone_04-01,zone_04,2026-02-07T00:00:00Z,16.21,0.026,37.16,122.19,0.0,safe
SNS-zone_05-01,zone_05,2026-02-07T00:00:00Z,10.8,0.023,39.44,117.4,0.0,safe
SNS-zone_06-01,zone_06,2026-02-07T00:00:00Z,67.84,0.151,58.95,441.97,0.0,warning
SNS-zone_07-01,zone_07,2026-02-07T00:00:00Z,54.16,0.126,66.39,417.84,0.0,warning
SNS-zone_08-01,zone_08,2026-02-07T00:00:00Z,59.52,0.139,69.05,436.94,0.0,warning
SNS-zone_09-01,zone_09,2026-02-07T00:00:00Z,4.09,0.011,29.25,94.97,0.0,safe
SNS-zone_10-01,zone_10,2026-02-07T00:00:00Z,55.32,0.143,65.85,414.7,0.0,warning
SNS-zone_11-01,zone_11,2026-02-07T00:00:00Z,141.44,0.431,95.22,1030.05,0.0,evacuation
SNS-zone_12-01,zone_12,2026-02-07T00:00:00Z,145.34,0.44,82.68,993.04,0.0,evacuation
SNS-zone_13-01,zone_13,2026-02-07T00:00:00Z,4.03,0.014,42.78,99.9,0.0,safe
SNS-zone_14-01,zone_14,2026-02-07T00:00:00Z,11.43,0.018,35.79,103.44,0.0,safe
SNS-zone_15-01,zone_15,2026-02-07T00:00:00Z,8.84,0.027,37.1,102.79,0.0,safe
SNS-zone_16-01,zone_16,2026-02-07T00:00:00Z,9.08,0.014,29.5,95.58,0.0,safe
SNS-zone_01-01,zone_01,2026-02-08T00:00:00Z,9.69,0.017,36.78,106.89,0.0,safe
SNS-zone_02-01,zone_02,2026-02-08T00:00:00Z,16.9,0.021,29.05,116.44,0.0,safe
SNS-zone_03-01,zone_03,2026-02-08T00:00:00Z,8.38,0.023,33.08,103.17,0.0,safe
SNS-zone_04-01,zone_04,2026-02-08T00:00:00Z,17.4,0.03,36.75,120.33,0.0,safe
SNS-zone_05-01,zone_05,2026-02-08T00:00:00Z,12.92,0.019,37.14,107.62,0.0,safe
SNS-zone_06-01,zone_06,2026-02-08T00:00:00Z,68.05,0.165,57.93,450.65,0.0,warning
SNS-zone_07-01,zone_07,2026-02-08T00:00:00Z,52.41,0.124,64.45,413.6,0.0,warning
SNS-zone_08-01,zone_08,2026-02-08T00:00:00Z,57.08,0.133,68.92,422.44,0.0,warning
SNS-zone_09-01,zone_09,2026-02-08T00:00:00Z,3.99,0.01,29.31,79.91,0.0,safe
SNS-zone_10-01,zone_10,2026-02-08T00:00:00Z,57.82,0.146,61.06,435.51,0.0,warning
SNS-zone_11-01,zone_11,2026-02-08T00:00:00Z,139.66,0.43,95.09,1006.32,0.0,evacuation
SNS-zone_12-01,zone_12,2026-02-08T00:00:00Z,141.33,0.423,86.04,976.4,0.0,evacuation
SNS-zone_13-01,zone_13,2026-02-08T00:00:00Z,2.42,0.01,40.58,95.35,0.0,safe
SNS-zone_14-01,zone_14,2026-02-08T00:00:00Z,13.82,0.028,33.98,115.14,0.0,safe
SNS-zone_15-01,zone_15,2026-02-08T00:00:00Z,7.04,0.013,38.91,107.2,0.0,safe
SNS-zone_16-01,zone_16,2026-02-08T00:00:00Z,12.04,0.021,30.69,105.76,0.0,safe
SNS-zone_01-01,zone_01,2026-02-09T00:00:00Z,9.28,0.023,39.1,107.72,0.0,safe
SNS-zone_02-01,zone_02,2026-02-09T00:00:00Z,16.38,0.021,30.59,115.47,0.0,safe
SNS-zone_03-01,zone_03,2026-02-09T00:00:00Z,7.0,0.018,34.2,106.49,0.0,safe
SNS-zone_04-01,zone_04,2026-02-09T00:00:00Z,19.93,0.028,37.18,138.67,0.0,safe
SNS-zone_05-01,zone_05,2026-02-09T00:00:00Z,14.14,0.018,38.39,120.09,0.0,safe
SNS-zone_06-01,zone_06,2026-02-09T00:00:00Z,68.17,0.168,57.85,453.8,0.0,warning
SNS-zone_07-01,zone_07,2026-02-09T00:00:00Z,50.5,0.143,67.38,402.54,0.0,warning
SNS-zone_08-01,zone_08,2026-02-09T00:00:00Z,55.96,0.14,64.85,429.81,0.0,warning
SNS-zone_09-01,zone_09,2026-02-09T00:00:00Z,5.41,0.01,28.28,92.51,0.0,safe
SNS-zone_10-01,zone_10,2026-02-09T00:00:00Z,58.43,0.152,64.69,441.38,0.0,warning
SNS-zone_11-01,zone_11,2026-02-09T00:00:00Z,140.43,0.432,93.2,992.49,0.0,evacuation
SNS-zone_12-01,zone_12,2026-02-09T00:00:00Z,143.01,0.439,79.61,976.61,0.0,evacuation
SNS-zone_13-01,zone_13,2026-02-09T00:00:00Z,4.48,0.019,41.39,105.51,0.0,safe
SNS-zone_14-01,zone_14,2026-02-09T00:00:00Z,13.58,0.024,34.13,128.22,0.0,safe
SNS-zone_15-01,zone_15,2026-02-09T00:00:00Z,8.6,0.022,37.19,103.03,0.0,safe
SNS-zone_16-01,zone_16,2026-02-09T00:00:00Z,14.73,0.03,28.82,117.73,0.0,safe
SNS-zone_01-01,zone_01,2026-02-10T00:00:00Z,9.54,0.018,36.95,110.91,0.0,safe
SNS-zone_02-01,zone_02,2026-02-10T00:00:00Z,16.86,0.029,26.63,125.78,0.0,safe
SNS-zone_03-01,zone_03,2026-02-10T00:00:00Z,10.82,0.02,33.97,102.21,0.0,safe
SNS-zone_04-01,zone_04,2026-02-10T00:00:00Z,14.62,0.018,36.33,111.13,0.0,safe
SNS-zone_05-01,zone_05,2026-02-10T00:00:00Z,10.78,0.017,40.53,115.89,0.0,safe
SNS-zone_06-01,zone_06,2026-02-10T00:00:00Z,66.91,0.147,58.64,445.11,0.0,warning
SNS-zone_07-01,zone_07,2026-02-10T00:00:00Z,51.03,0.126,64.2,408.1,0.0,warning
SNS-zone_08-01,zone_08,2026-02-10T00:00:00Z,59.24,0.145,66.56,425.75,0.0,warning
SNS-zone_09-01,zone_09,2026-02-10T00:00:00Z,6.77,0.015,28.29,93.75,0.0,safe
SNS-zone_10-01,zone_10,2026-02-10T00:00:00Z,58.51,0.149,64.34,420.38,0.0,warning
SNS-zone_11-01,zone_11,2026-02-10T00:00:00Z,141.56,0.431,94.91,1011.04,0.0,evacuation
SNS-zone_12-01,zone_12,2026-02-10T00:00:00Z,135.57,0.416,80.12,962.17,0.0,evacuation
SNS-zone_13-01,zone_13,2026-02-10T00:00:00Z,4.7,0.016,40.89,103.69,0.0,safe
SNS-zone_14-01,zone_14,2026-02-10T00:00:00Z,13.31,0.025,35.97,108.15,0.0,safe
SNS-zone_15-01,zone_15,2026-02-10T00:00:00Z,4.64,0.014,35.85,105.57,0.0,safe
SNS-zone_16-01,zone_16,2026-02-10T00:00:00Z,12.36,0.019,30.69,115.95,0.0,safe
SNS-zone_01-01,zone_01,2026-02-11T00:00:00Z,6.74,0.015,38.64,108.09,0.0,safe
SNS-zone_02-01,zone_02,2026-02-11T00:00:00Z,16.75,0.028,29.68,116.64,0.0,safe
SNS-zone_03-01,zone_03,2026-02-11T00:00:00Z,6.27,0.026,32.51,98.03,0.0,safe
SNS-zone_04-01,zone_04,2026-02-11T00:00:00Z,17.92,0.018,39.19,130.57,0.0,safe
SNS-zone_05-01,zone_05,2026-02-11T00:00:00Z,13.68,0.028,39.03,121.75,0.0,safe
SNS-zone_06-01,zone_06,2026-02-11T00:00:00Z,69.33,0.158,58.39,455.16,0.0,warning
SNS-zone_07-01,zone_07,2026-02-11T00:00:00Z,51.58,0.129,63.48,429.09,0.0,warning
SNS-zone_08-01,zone_08,2026-02-11T00:00:00Z,59.18,0.137,67.19,420.43,0.0,warning
SNS-zone_09-01,zone_09,2026-02-11T00:00:00Z,4.89,0.016,29.05,87.53,0.0,safe
SNS-zone_10-01,zone_10,2026-02-11T00:00:00Z,55.33,0.14,61.74,390.53,0.0,warning
SNS-zone_11-01,zone_11,2026-02-11T00:00:00Z,141.35,0.464,93.58,1004.72,0.0,evacuation
SNS-zone_12-01,zone_12,2026-02-11T00:00:00Z,139.94,0.432,83.25,971.91,0.0,evacuation
SNS-zone_13-01,zone_13,2026-02-11T00:00:00Z,2.41,0.01,40.8,98.6,0.0,safe
SNS-zone_14-01,zone_14,2026-02-11T00:00:00Z,11.88,0.024,35.3,107.02,0.0,safe
SNS-zone_15-01,zone_15,2026-02-11T00:00:00Z,8.48,0.021,36.86,111.75,0.0,safe
SNS-zone_16-01,zone_16,2026-02-11T00:00:00Z,11.5,0.017,28.82,106.74,0.0,safe
SNS-zone_01-01,zone_01,2026-02-12T00:00:00Z,10.19,0.014,37.62,106.52,0.0,safe
SNS-zone_02-01,zone_02,2026-02-12T00:00:00Z,18.82,0.03,28.28,123.26,0.0,safe
SNS-zone_03-01,zone_03,2026-02-12T00:00:00Z,8.57,0.018,30.94,102.99,0.0,safe
SNS-zone_04-01,zone_04,2026-02-12T00:00:00Z,19.08,0.027,36.1,129.51,0.0,safe
SNS-zone_05-01,zone_05,2026-02-12T00:00:00Z,13.39,0.023,39.37,116.64,0.0,safe
SNS-zone_06-01,zone_06,2026-02-12T00:00:00Z,65.4,0.153,59.13,445.63,0.0,warning
SNS-zone_07-01,zone_07,2026-02-12T00:00:00Z,58.05,0.136,61.52,427.41,0.0,warning
SNS-zone_08-01,zone_08,2026-02-12T00:00:00Z,56.58,0.135,64.56,432.05,0.0,warning
SNS-zone_09-01,zone_09,2026-02-12T00:00:00Z,4.83,0.016,28.07,89.53,0.0,safe
SNS-zone_10-01,zone_10,2026-02-12T00:00:00Z,59.03,0.152,62.39,429.51,0.0,warning
SNS-zone_11-01,zone_11,2026-02-12T00:00:00Z,143.9,0.435,94.12,1020.86,0.0,evacuation
SNS-zone_12-01,zone_12,2026-02-12T00:00:00Z,142.0,0.429,85.75,998.87,0.0,evacuation
SNS-zone_13-01,zone_13,2026-02-12T00:00:00Z,0.5,0.01,41.05,85.47,0.0,safe
SNS-zone_14-01,zone_14,2026-02-12T00:00:00Z,15.47,0.019,33.77,118.38,0.0,safe
SNS-zone_15-01,zone_15,2026-02-12T00:00:00Z,6.01,0.018,36.82,101.59,0.0,safe
SNS-zone_16-01,zone_16,2026-02-12T00:00:00Z,10.0,0.013,29.68,104.09,0.0,safe
SNS-zone_01-01,zone_01,2026-02-13T00:00:00Z,9.53,0.026,36.38,100.94,0.0,safe
SNS-zone_02-01,zone_02,2026-02-13T00:00:00Z,17.18,0.028,30.23,121.38,0.0,safe
SNS-zone_03-01,zone_03,2026-02-13T00:00:00Z,6.67,0.013,33.01,98.84,0.0,safe
SNS-zone_04-01,zone_04,2026-02-13T00:00:00Z,20.2,0.029,38.22,131.56,0.0,safe
SNS-zone_05-01,zone_05,2026-02-13T00:00:00Z,12.78,0.023,40.0,109.1,0.0,safe
SNS-zone_06-01,zone_06,2026-02-13T00:00:00Z,66.56,0.152,58.25,441.58,0.0,warning
SNS-zone_07-01,zone_07,2026-02-13T00:00:00Z,56.0,0.123,63.31,417.13,0.0,warning
SNS-zone_08-01,zone_08,2026-02-13T00:00:00Z,59.41,0.143,66.59,441.47,0.0,warning
SNS-zone_09-01,zone_09,2026-02-13T00:00:00Z,2.51,0.012,27.55,87.81,0.0,safe
SNS-zone_10-01,zone_10,2026-02-13T00:00:00Z,58.85,0.149,61.59,441.7,0.0,warning
SNS-zone_11-01,zone_11,2026-02-13T00:00:00Z,141.1,0.426,96.57,1021.24,0.0,evacuation
SNS-zone_12-01,zone_12,2026-02-13T00:00:00Z,144.88,0.45,78.1,1003.18,0.0,evacuation
SNS-zone_13-01,zone_13,2026-02-13T00:00:00Z,4.98,0.017,42.69,100.88,0.0,safe
SNS-zone_14-01,zone_14,2026-02-13T00:00:00Z,11.86,0.017,34.32,122.46,0.0,safe
SNS-zone_15-01,zone_15,2026-02-13T00:00:00Z,6.69,0.021,36.89,102.96,0.0,safe
SNS-zone_16-01,zone_16,2026-02-13T00:00:00Z,14.23,0.025,28.75,115.95,0.0,safe
SNS-zone_01-01,zone_01,2026-02-14T00:00:00Z,11.16,0.02,35.75,111.36,0.0,safe
SNS-zone_02-01,zone_02,2026-02-14T00:00:00Z,16.29,0.031,29.28,115.61,0.0,safe
SNS-zone_03-01,zone_03,2026-02-14T00:00:00Z,10.41,0.02,30.52,108.21,0.0,safe
SNS-zone_04-01,zone_04,2026-02-14T00:00:00Z,21.34,0.032,37.77,124.22,0.0,safe
SNS-zone_05-01,zone_05,2026-02-14T00:00:00Z,11.91,0.027,39.91,109.69,0.0,safe
SNS-zone_06-01,zone_06,2026-02-14T00:00:00Z,66.48,0.168,59.93,456.78,0.0,warning
SNS-zone_07-01,zone_07,2026-02-14T00:00:00Z,53.23,0.144,68.2,429.68,0.0,warning
SNS-zone_08-01,zone_08,2026-02-14T00:00:00Z,54.54,0.153,68.74,433.1,0.0,warning
SNS-zone_09-01,zone_09,2026-02-14T00:00:00Z,3.29,0.011,28.8,90.53,0.0,safe
SNS-zone_10-01,zone_10,2026-02-14T00:00:00Z,56.68,0.146,64.97,418.95,0.0,warning
SNS-zone_11-01,zone_11,2026-02-14T00:00:00Z,143.08,0.443,90.94,993.66,0.0,evacuation
SNS-zone_12-01,zone_12,2026-02-14T00:00:00Z,143.78,0.458,81.5,1004.39,0.0,evacuation
SNS-zone_13-01,zone_13,2026-02-14T00:00:00Z,3.71,0.013,42.44,93.67,0.0,safe
SNS-zone_14-01,zone_14,2026-02-14T00:00:00Z,11.47,0.018,34.79,112.52,0.0,safe
SNS-zone_15-01,zone_15,2026-02-14T00:00:00Z,4.18,0.01,38.41,96.53,0.0,safe
SNS-zone_16-01,zone_16,2026-02-14T00:00:00Z,11.61,0.019,30.2,101.87,0.0,safe
SNS-zone_01-01,zone_01,2026-02-15T00:00:00Z,9.22,0.023,37.59,107.68,0.0,safe
SNS-zone_02-01,zone_02,2026-02-15T00:00:00Z,14.94,0.024,28.21,111.92,0.0,safe
SNS-zone_03-01,zone_03,2026-02-15T00:00:00Z,10.23,0.023,33.42,107.05,0.0,safe
SNS-zone_04-01,zone_04,2026-02-15T00:00:00Z,18.6,0.027,37.4,125.03,0.0,safe
SNS-zone_05-01,zone_05,2026-02-15T00:00:00Z,12.58,0.018,40.06,112.06,0.0,safe
SNS-zone_06-01,zone_06,2026-02-15T00:00:00Z,67.64,0.155,57.14,438.46,0.0,warning
SNS-zone_07-01,zone_07,2026-02-15T00:00:00Z,56.9,0.125,63.18,416.25,0.0,warning
SNS-zone_08-01,zone_08,2026-02-15T00:00:00Z,52.02,0.137,68.45,410.18,0.0,warning
SNS-zone_09-01,zone_09,2026-02-15T00:00:00Z,4.93,0.012,28.3,95.0,0.0,safe
SNS-zone_10-01,zone_10,2026-02-15T00:00:00Z,55.21,0.131,60.83,399.5,0.0,warning
SNS-zone_11-01,zone_11,2026-02-15T00:00:00Z,141.04,0.464,90.35,980.57,0.0,evacuation
SNS-zone_12-01,zone_12,2026-02-15T00:00:00Z,142.19,0.435,84.43,976.58,0.0,evacuation
SNS-zone_13-01,zone_13,2026-02-15T00:00:00Z,2.1,0.013,41.26,97.71,0.0,safe
SNS-zone_14-01,zone_14,2026-02-15T00:00:00Z,11.98,0.019,33.57,108.43,0.0,safe
SNS-zone_15-01,zone_15,2026-02-15T00:00:00Z,7.82,0.016,38.19,105.9,0.0,safe
SNS-zone_16-01,zone_16,2026-02-15T00:00:00Z,12.78,0.018,28.05,106.42,0.0,safe
SNS-zone_01-01,zone_01,2026-02-16T00:00:00Z,8.84,0.018,38.38,106.02,0.0,safe
SNS-zone_02-01,zone_02,2026-02-16T00:00:00Z,17.51,0.032,29.91,117.32,0.0,safe
SNS-zone_03-01,zone_03,2026-02-16T00:00:00Z,10.59,0.02,32.79,107.68,0.0,safe
SNS-zone_04-01,zone_04,2026-02-16T00:00:00Z,22.42,0.027,38.39,141.75,0.0,safe
SNS-zone_05-01,zone_05,2026-02-16T00:00:00Z,13.14,0.024,41.04,117.18,0.0,safe
SNS-zone_06-01,zone_06,2026-02-16T00:00:00Z,66.7,0.16,62.35,450.68,0.0,warning
SNS-zone_07-01,zone_07,2026-02-16T00:00:00Z,55.31,0.135,64.22,414.66,0.0,warning
SNS-zone_08-01,zone_08,2026-02-16T00:00:00Z,60.41,0.14,66.75,440.64,0.0,warning
SNS-zone_09-01,zone_09,2026-02-16T00:00:00Z,4.22,0.015,30.81,84.87,0.0,safe
SNS-zone_10-01,zone_10,2026-02-16T00:00:00Z,57.52,0.142,64.7,425.56,0.0,warning
SNS-zone_11-01,zone_11,2026-02-16T00:00:00Z,142.04,0.446,89.2,1013.51,0.0,evacuation
SNS-zone_12-01,zone_12,2026-02-16T00:00:00Z,144.13,0.438,82.6,1013.2,0.0,evacuation
SNS-zone_13-01,zone_13,2026-02-16T00:00:00Z,4.37,0.013,41.91,105.17,0.0,safe
SNS-zone_14-01,zone_14,2026-02-16T00:00:00Z,14.05,0.018,34.29,113.6,0.0,safe
SNS-zone_15-01,zone_15,2026-02-16T00:00:00Z,6.75,0.011,37.59,99.24,0.0,safe
SNS-zone_16-01,zone_16,2026-02-16T00:00:00Z,13.31,0.02,31.75,114.5,0.0,safe
SNS-zone_01-01,zone_01,2026-02-17T00:00:00Z,6.05,0.019,38.62,95.19,0.0,safe
SNS-zone_02-01,zone_02,2026-02-17T00:00:00Z,15.9,0.018,27.78,112.25,0.0,safe
SNS-zone_03-01,zone_03,2026-02-17T00:00:00Z,9.05,0.016,31.62,97.37,0.0,safe
SNS-zone_04-01,zone_04,2026-02-17T00:00:00Z,17.07,0.024,37.03,115.61,0.0,safe
SNS-zone_05-01,zone_05,2026-02-17T00:00:00Z,15.18,0.022,38.49,128.65,0.0,safe
SNS-zone_06-01,zone_06,2026-02-17T00:00:00Z,65.33,0.147,56.94,427.29,0.0,warning
SNS-zone_07-01,zone_07,2026-02-17T00:00:00Z,54.58,0.142,67.04,413.25,0.0,warning
SNS-zone_08-01,zone_08,2026-02-17T00:00:00Z,55.0,0.132,67.57,420.37,0.0,warning
SNS-zone_09-01,zone_09,2026-02-17T00:00:00Z,4.4,0.014,28.0,87.46,0.0,safe
SNS-zone_10-01,zone_10,2026-02-17T00:00:00Z,55.32,0.132,60.15,407.64,0.0,warning
SNS-zone_11-01,zone_11,2026-02-17T00:00:00Z,141.07,0.441,95.46,1022.77,0.0,evacuation
SNS-zone_12-01,zone_12,2026-02-17T00:00:00Z,136.74,0.408,87.21,980.25,0.0,evacuation
SNS-zone_13-01,zone_13,2026-02-17T00:00:00Z,3.35,0.018,41.62,96.07,0.0,safe
SNS-zone_14-01,zone_14,2026-02-17T00:00:00Z,12.35,0.028,34.38,104.88,0.0,safe
SNS-zone_15-01,zone_15,2026-02-17T00:00:00Z,8.34,0.019,35.04,105.87,0.0,safe
SNS-zone_16-01,zone_16,2026-02-17T00:00:00Z,13.34,0.029,29.86,109.99,0.0,safe
SNS-zone_01-01,zone_01,2026-02-18T00:00:00Z,8.34,0.019,38.45,106.9,0.0,safe
SNS-zone_02-01,zone_02,2026-02-18T00:00:00Z,19.64,0.029,29.49,122.8,0.0,safe
SNS-zone_03-01,zone_03,2026-02-18T00:00:00Z,7.02,0.022,32.17,108.23,0.0,safe
SNS-zone_04-01,zone_04,2026-02-18T00:00:00Z,15.84,0.026,38.42,128.51,0.0,safe
SNS-zone_05-01,zone_05,2026-02-18T00:00:00Z,9.0,0.013,38.72,101.11,0.0,safe
SNS-zone_06-01,zone_06,2026-02-18T00:00:00Z,68.83,0.161,53.61,458.84,0.0,warning
SNS-zone_07-01,zone_07,2026-02-18T00:00:00Z,50.5,0.132,65.34,409.77,0.0,warning
SNS-zone_08-01,zone_08,2026-02-18T00:00:00Z,62.52,0.134,69.63,434.13,0.0,warning
SNS-zone_09-01,zone_09,2026-02-18T00:00:00Z,5.23,0.01,27.37,83.09,0.0,safe
SNS-zone_10-01,zone_10,2026-02-18T00:00:00Z,54.1,0.118,64.62,410.66,0.0,warning
SNS-zone_11-01,zone_11,2026-02-18T00:00:00Z,142.75,0.424,93.87,1006.93,0.0,evacuation
SNS-zone_12-01,zone_12,2026-02-18T00:00:00Z,141.42,0.429,77.19,959.43,0.0,evacuation
SNS-zone_13-01,zone_13,2026-02-18T00:00:00Z,5.26,0.012,38.92,97.4,0.0,safe
SNS-zone_14-01,zone_14,2026-02-18T00:00:00Z,14.42,0.015,35.98,119.66,0.0,safe
SNS-zone_15-01,zone_15,2026-02-18T00:00:00Z,4.55,0.016,39.02,90.36,0.0,safe
SNS-zone_16-01,zone_16,2026-02-18T00:00:00Z,11.65,0.016,29.62,108.42,0.0,safe
SNS-zone_01-01,zone_01,2026-02-19T00:00:00Z,7.45,0.013,37.6,104.97,0.0,safe
SNS-zone_02-01,zone_02,2026-02-19T00:00:00Z,16.22,0.024,28.19,112.0,0.0,safe
SNS-zone_03-01,zone_03,2026-02-19T00:00:00Z,6.78,0.011,35.45,100.73,0.0,safe
SNS-zone_04-01,zone_04,2026-02-19T00:00:00Z,17.54,0.029,36.66,133.23,0.0,safe
SNS-zone_05-01,zone_05,2026-02-19T00:00:00Z,12.44,0.02,39.63,110.27,0.0,safe
SNS-zone_06-01,zone_06,2026-02-19T00:00:00Z,65.86,0.147,56.19,433.78,0.0,warning
SNS-zone_07-01,zone_07,2026-02-19T00:00:00Z,56.55,0.142,65.02,417.48,0.0,warning
SNS-zone_08-01,zone_08,2026-02-19T00:00:00Z,53.44,0.14,67.07,417.18,0.0,warning
SNS-zone_09-01,zone_09,2026-02-19T00:00:00Z,6.15,0.018,28.9,90.67,0.0,safe
SNS-zone_10-01,zone_10,2026-02-19T00:00:00Z,53.53,0.127,63.02,412.45,0.0,warning
SNS-zone_11-01,zone_11,2026-02-19T00:00:00Z,145.98,0.443,96.43,1017.23,0.0,evacuation
SNS-zone_12-01,zone_12,2026-02-19T00:00:00Z,145.4,0.454,82.04,982.97,0.0,evacuation
SNS-zone_13-01,zone_13,2026-02-19T00:00:00Z,1.71,0.01,41.69,91.38,0.0,safe
SNS-zone_14-01,zone_14,2026-02-19T00:00:00Z,10.98,0.021,36.78,107.02,0.0,safe
SNS-zone_15-01,zone_15,2026-02-19T00:00:00Z,3.84,0.012,37.86,98.1,0.0,safe
SNS-zone_16-01,zone_16,2026-02-19T00:00:00Z,10.45,0.017,30.97,107.16,0.0,safe
SNS-zone_01-01,zone_01,2026-02-20T00:00:00Z,6.06,0.017,38.74,107.22,0.0,safe
SNS-zone_02-01,zone_02,2026-02-20T00:00:00Z,17.98,0.027,31.24,115.24,0.0,safe
SNS-zone_03-01,zone_03,2026-02-20T00:00:00Z,7.24,0.015,32.31,104.44,0.0,safe
SNS-zone_04-01,zone_04,2026-02-20T00:00:00Z,17.39,0.024,37.55,126.2,0.0,safe
SNS-zone_05-01,zone_05,2026-02-20T00:00:00Z,13.72,0.022,40.08,110.76,0.0,safe
SNS-zone_06-01,zone_06,2026-02-20T00:00:00Z,69.49,0.167,60.29,443.71,0.0,warning
SNS-zone_07-01,zone_07,2026-02-20T00:00:00Z,55.34,0.129,62.17,431.38,0.0,warning
SNS-zone_08-01,zone_08,2026-02-20T00:00:00Z,57.74,0.125,70.2,431.37,0.0,warning
SNS-zone_09-01,zone_09,2026-02-20T00:00:00Z,4.97,0.01,29.75,89.12,0.0,safe
SNS-zone_10-01,zone_10,2026-02-20T00:00:00Z,55.89,0.142,63.73,432.72,0.0,warning
SNS-zone_11-01,zone_11,2026-02-20T00:00:00Z,141.95,0.444,92.98,1006.65,0.0,evacuation
SNS-zone_12-01,zone_12,2026-02-20T00:00:00Z,145.14,0.426,82.2,995.11,0.0,evacuation
SNS-zone_13-01,zone_13,2026-02-20T00:00:00Z,2.74,0.02,41.11,105.15,0.0,safe
SNS-zone_14-01,zone_14,2026-02-20T00:00:00Z,13.85,0.021,36.59,121.59,0.0,safe
SNS-zone_15-01,zone_15,2026-02-20T00:00:00Z,5.94,0.013,36.54,87.39,0.0,safe
SNS-zone_16-01,zone_16,2026-02-20T00:00:00Z,13.76,0.018,30.44,111.49,0.0,safe
SNS-zone_01-01,zone_01,2026-02-21T00:00:00Z,10.09,0.023,38.56,119.09,0.0,safe
SNS-zone_02-01,zone_02,2026-02-21T00:00:00Z,18.86,0.023,30.3,129.69,0.0,safe
SNS-zone_03-01,zone_03,2026-02-21T00:00:00Z,9.52,0.013,34.43,116.9,0.0,safe
SNS-zone_04-01,zone_04,2026-02-21T00:00:00Z,20.81,0.031,35.01,131.58,0.0,safe
SNS-zone_05-01,zone_05,2026-02-21T00:00:00Z,14.28,0.019,37.81,123.15,0.0,safe
SNS-zone_06-01,zone_06,2026-02-21T00:00:00Z,72.22,0.158,61.49,485.08,0.0,warning
SNS-zone_07-01,zone_07,2026-02-21T00:00:00Z,52.54,0.124,63.62,410.87,0.0,warning
SNS-zone_08-01,zone_08,2026-02-21T00:00:00Z,57.41,0.135,67.56,433.69,0.0,warning
SNS-zone_09-01,zone_09,2026-02-21T00:00:00Z,3.35,0.01,25.81,89.08,0.0,safe
SNS-zone_10-01,zone_10,2026-02-21T00:00:00Z,53.09,0.126,60.23,407.4,0.0,warning
SNS-zone_11-01,zone_11,2026-02-21T00:00:00Z,139.52,0.42,91.47,1008.43,0.0,evacuation
SNS-zone_12-01,zone_12,2026-02-21T00:00:00Z,138.19,0.44,78.91,972.63,0.0,evacuation
SNS-zone_13-01,zone_13,2026-02-21T00:00:00Z,4.77,0.017,38.95,103.72,0.0,safe
SNS-zone_14-01,zone_14,2026-02-21T00:00:00Z,12.79,0.025,34.54,112.03,0.0,safe
SNS-zone_15-01,zone_15,2026-02-21T00:00:00Z,7.27,0.019,36.66,101.87,0.0,safe
SNS-zone_16-01,zone_16,2026-02-21T00:00:00Z,11.31,0.025,28.79,94.2,0.0,safe
SNS-zone_01-01,zone_01,2026-02-22T00:00:00Z,6.7,0.016,36.04,97.65,0.0,safe
SNS-zone_02-01,zone_02,2026-02-22T00:00:00Z,15.26,0.026,28.73,111.13,0.0,safe
SNS-zone_03-01,zone_03,2026-02-22T00:00:00Z,10.34,0.024,34.65,102.53,0.0,safe
SNS-zone_04-01,zone_04,2026-02-22T00:00:00Z,16.65,0.019,37.47,123.16,0.0,safe
SNS-zone_05-01,zone_05,2026-02-22T00:00:00Z,12.24,0.023,38.55,104.21,0.0,safe
SNS-zone_06-01,zone_06,2026-02-22T00:00:00Z,66.58,0.159,63.83,444.65,0.0,warning
SNS-zone_07-01,zone_07,2026-02-22T00:00:00Z,56.44,0.125,65.74,427.76,0.0,warning
SNS-zone_08-01,zone_08,2026-02-22T00:00:00Z,53.54,0.125,66.73,398.32,0.0,warning
SNS-zone_09-01,zone_09,2026-02-22T00:00:00Z,2.32,0.015,29.3,84.94,0.0,safe
SNS-zone_10-01,zone_10,2026-02-22T00:00:00Z,59.63,0.149,58.2,428.38,0.0,warning
SNS-zone_11-01,zone_11,2026-02-22T00:00:00Z,140.62,0.448,90.18,991.82,0.0,evacuation
SNS-zone_12-01,zone_12,2026-02-22T00:00:00Z,143.96,0.441,80.54,974.49,0.0,evacuation
SNS-zone_13-01,zone_13,2026-02-22T00:00:00Z,3.58,0.012,40.58,94.72,0.0,safe
SNS-zone_14-01,zone_14,2026-02-22T00:00:00Z,13.16,0.023,35.93,102.25,0.0,safe
SNS-zone_15-01,zone_15,2026-02-22T00:00:00Z,5.18,0.014,34.45,98.62,0.0,safe
SNS-zone_16-01,zone_16,2026-02-22T00:00:00Z,10.7,0.017,30.0,110.82,0.0,safe
SNS-zone_01-01,zone_01,2026-02-23T00:00:00Z,7.55,0.014,38.89,106.43,0.1,safe
SNS-zone_02-01,zone_02,2026-02-23T00:00:00Z,17.04,0.026,30.9,116.79,0.1,safe
SNS-zone_03-01,zone_03,2026-02-23T00:00:00Z,8.3,0.015,33.56,97.69,0.1,safe
SNS-zone_04-01,zone_04,2026-02-23T00:00:00Z,15.91,0.023,40.29,120.13,0.1,safe
SNS-zone_05-01,zone_05,2026-02-23T00:00:00Z,14.4,0.021,39.17,115.35,0.1,safe
SNS-zone_06-01,zone_06,2026-02-23T00:00:00Z,68.48,0.157,57.73,436.24,0.1,warning
SNS-zone_07-01,zone_07,2026-02-23T00:00:00Z,56.69,0.142,66.82,432.26,0.1,warning
SNS-zone_08-01,zone_08,2026-02-23T00:00:00Z,58.09,0.138,64.72,422.65,0.1,warning
SNS-zone_09-01,zone_09,2026-02-23T00:00:00Z,4.02,0.017,27.69,84.45,0.1,safe
SNS-zone_10-01,zone_10,2026-02-23T00:00:00Z,57.35,0.142,62.5,416.2,0.1,warning
SNS-zone_11-01,zone_11,2026-02-23T00:00:00Z,145.57,0.455,95.74,1034.89,0.1,evacuation
SNS-zone_12-01,zone_12,2026-02-23T00:00:00Z,137.79,0.429,83.71,971.0,0.1,evacuation
SNS-zone_13-01,zone_13,2026-02-23T00:00:00Z,3.79,0.013,39.94,90.76,0.1,safe
SNS-zone_14-01,zone_14,2026-02-23T00:00:00Z,12.53,0.016,34.83,108.62,0.1,safe
SNS-zone_15-01,zone_15,2026-02-23T00:00:00Z,3.74,0.011,38.54,100.43,0.1,safe
SNS-zone_16-01,zone_16,2026-02-23T00:00:00Z,11.17,0.015,30.18,94.67,0.1,safe
SNS-zone_01-01,zone_01,2026-02-24T00:00:00Z,6.52,0.011,37.53,97.27,0.0,safe
SNS-zone_02-01,zone_02,2026-02-24T00:00:00Z,20.29,0.029,28.71,115.31,0.0,safe
SNS-zone_03-01,zone_03,2026-02-24T00:00:00Z,8.63,0.015,35.61,108.52,0.0,safe
SNS-zone_04-01,zone_04,2026-02-24T00:00:00Z,17.78,0.031,39.1,122.03,0.0,safe
SNS-zone_05-01,zone_05,2026-02-24T00:00:00Z,11.43,0.024,37.68,106.92,0.0,safe
SNS-zone_06-01,zone_06,2026-02-24T00:00:00Z,67.34,0.161,61.09,449.09,0.0,warning
SNS-zone_07-01,zone_07,2026-02-24T00:00:00Z,56.93,0.132,65.42,439.83,0.0,warning
SNS-zone_08-01,zone_08,2026-02-24T00:00:00Z,50.5,0.121,65.77,418.96,0.0,warning
SNS-zone_09-01,zone_09,2026-02-24T00:00:00Z,3.84,0.016,28.76,95.0,0.0,safe
SNS-zone_10-01,zone_10,2026-02-24T00:00:00Z,60.07,0.155,61.92,416.13,0.0,warning
SNS-zone_11-01,zone_11,2026-02-24T00:00:00Z,141.54,0.429,91.69,990.15,0.0,evacuation
SNS-zone_12-01,zone_12,2026-02-24T00:00:00Z,146.14,0.454,74.69,995.77,0.0,evacuation
SNS-zone_13-01,zone_13,2026-02-24T00:00:00Z,4.27,0.015,39.89,95.88,0.0,safe
SNS-zone_14-01,zone_14,2026-02-24T00:00:00Z,11.74,0.018,35.51,114.22,0.0,safe
SNS-zone_15-01,zone_15,2026-02-24T00:00:00Z,7.93,0.021,36.64,109.9,0.0,safe
SNS-zone_16-01,zone_16,2026-02-24T00:00:00Z,13.76,0.023,29.34,111.34,0.0,safe
SNS-zone_01-01,zone_01,2026-02-25T00:00:00Z,10.21,0.03,37.09,104.81,0.0,safe
SNS-zone_02-01,zone_02,2026-02-25T00:00:00Z,17.16,0.024,32.14,118.95,0.0,safe
SNS-zone_03-01,zone_03,2026-02-25T00:00:00Z,10.25,0.018,32.22,98.03,0.0,safe
SNS-zone_04-01,zone_04,2026-02-25T00:00:00Z,18.56,0.037,38.43,132.85,0.0,safe
SNS-zone_05-01,zone_05,2026-02-25T00:00:00Z,13.12,0.017,38.65,115.62,0.0,safe
SNS-zone_06-01,zone_06,2026-02-25T00:00:00Z,63.34,0.148,60.87,441.16,0.0,warning
SNS-zone_07-01,zone_07,2026-02-25T00:00:00Z,54.12,0.123,66.96,417.56,0.0,warning
SNS-zone_08-01,zone_08,2026-02-25T00:00:00Z,53.61,0.135,66.79,424.71,0.0,warning
SNS-zone_09-01,zone_09,2026-02-25T00:00:00Z,3.63,0.014,27.64,85.24,0.0,safe
SNS-zone_10-01,zone_10,2026-02-25T00:00:00Z,55.05,0.143,63.64,418.22,0.0,warning
SNS-zone_11-01,zone_11,2026-02-25T00:00:00Z,142.54,0.421,95.11,1027.59,0.0,evacuation
SNS-zone_12-01,zone_12,2026-02-25T00:00:00Z,136.97,0.417,80.98,971.95,0.0,evacuation
SNS-zone_13-01,zone_13,2026-02-25T00:00:00Z,6.34,0.012,42.68,93.99,0.0,safe
SNS-zone_14-01,zone_14,2026-02-25T00:00:00Z,13.78,0.022,36.65,118.45,0.0,safe
SNS-zone_15-01,zone_15,2026-02-25T00:00:00Z,8.34,0.018,39.97,104.35,0.0,safe
SNS-zone_16-01,zone_16,2026-02-25T00:00:00Z,14.31,0.023,27.47,110.07,0.0,safe
SNS-zone_01-01,zone_01,2026-02-26T00:00:00Z,8.91,0.021,38.85,104.15,0.0,safe
SNS-zone_02-01,zone_02,2026-02-26T00:00:00Z,19.21,0.034,29.49,110.7,0.0,safe
SNS-zone_03-01,zone_03,2026-02-26T00:00:00Z,8.8,0.02,33.19,101.65,0.0,safe
SNS-zone_04-01,zone_04,2026-02-26T00:00:00Z,16.73,0.027,40.17,135.09,0.0,safe
SNS-zone_05-01,zone_05,2026-02-26T00:00:00Z,13.83,0.026,39.28,113.68,0.0,safe
SNS-zone_06-01,zone_06,2026-02-26T00:00:00Z,70.13,0.154,59.06,443.58,0.0,warning
SNS-zone_07-01,zone_07,2026-02-26T00:00:00Z,51.84,0.123,64.5,405.3,0.0,warning
SNS-zone_08-01,zone_08,2026-02-26T00:00:00Z,56.26,0.138,66.04,436.81,0.0,warning
SNS-zone_09-01,zone_09,2026-02-26T00:00:00Z,4.31,0.012,31.5,80.8,0.0,safe
SNS-zone_10-01,zone_10,2026-02-26T00:00:00Z,57.05,0.141,66.03,418.46,0.0,warning
SNS-zone_11-01,zone_11,2026-02-26T00:00:00Z,138.4,0.431,94.64,995.61,0.0,evacuation
SNS-zone_12-01,zone_12,2026-02-26T00:00:00Z,145.41,0.466,82.08,1010.31,0.0,evacuation
SNS-zone_13-01,zone_13,2026-02-26T00:00:00Z,4.65,0.01,41.02,92.99,0.0,safe
SNS-zone_14-01,zone_14,2026-02-26T00:00:00Z,12.87,0.026,35.97,115.47,0.0,safe
SNS-zone_15-01,zone_15,2026-02-26T00:00:00Z,9.49,0.018,37.08,113.48,0.0,safe
SNS-zone_16-01,zone_16,2026-02-26T00:00:00Z,14.28,0.022,31.23,118.42,0.0,safe
SNS-zone_01-01,zone_01,2026-02-27T00:00:00Z,8.81,0.018,37.57,119.75,0.0,safe
SNS-zone_02-01,zone_02,2026-02-27T00:00:00Z,16.75,0.028,28.0,112.7,0.0,safe
SNS-zone_03-01,zone_03,2026-02-27T00:00:00Z,9.73,0.018,33.98,100.45,0.0,safe
SNS-zone_04-01,zone_04,2026-02-27T00:00:00Z,15.22,0.021,38.15,120.77,0.0,safe
SNS-zone_05-01,zone_05,2026-02-27T00:00:00Z,12.21,0.019,38.46,117.98,0.0,safe
SNS-zone_06-01,zone_06,2026-02-27T00:00:00Z,66.1,0.154,55.27,447.58,0.0,warning
SNS-zone_07-01,zone_07,2026-02-27T00:00:00Z,53.32,0.121,64.2,413.52,0.0,warning
SNS-zone_08-01,zone_08,2026-02-27T00:00:00Z,54.89,0.135,67.2,405.89,0.0,warning
SNS-zone_09-01,zone_09,2026-02-27T00:00:00Z,3.26,0.01,26.15,73.38,0.0,safe
SNS-zone_10-01,zone_10,2026-02-27T00:00:00Z,59.64,0.151,66.83,441.14,0.0,warning
SNS-zone_11-01,zone_11,2026-02-27T00:00:00Z,143.81,0.418,92.84,1001.54,0.0,evacuation
SNS-zone_12-01,zone_12,2026-02-27T00:00:00Z,140.08,0.432,82.38,978.1,0.0,evacuation
SNS-zone_13-01,zone_13,2026-02-27T00:00:00Z,4.08,0.016,41.54,102.41,0.0,safe
SNS-zone_14-01,zone_14,2026-02-27T00:00:00Z,10.4,0.016,36.66,104.28,0.0,safe
SNS-zone_15-01,zone_15,2026-02-27T00:00:00Z,4.59,0.01,38.57,99.93,0.0,safe
SNS-zone_16-01,zone_16,2026-02-27T00:00:00Z,13.89,0.031,28.67,102.4,0.0,safe
SNS-zone_01-01,zone_01,2026-02-28T00:00:00Z,7.57,0.024,39.63,106.12,0.0,safe
SNS-zone_02-01,zone_02,2026-02-28T00:00:00Z,17.84,0.021,27.79,127.16,0.0,safe
SNS-zone_03-01,zone_03,2026-02-28T00:00:00Z,9.97,0.021,34.58,99.65,0.0,safe
SNS-zone_04-01,zone_04,2026-02-28T00:00:00Z,19.36,0.028,38.54,120.76,0.0,safe
SNS-zone_05-01,zone_05,2026-02-28T00:00:00Z,12.46,0.012,39.53,117.59,0.0,safe
SNS-zone_06-01,zone_06,2026-02-28T00:00:00Z,66.26,0.146,56.34,426.86,0.0,warning
SNS-zone_07-01,zone_07,2026-02-28T00:00:00Z,55.24,0.146,62.4,409.4,0.0,warning
SNS-zone_08-01,zone_08,2026-02-28T00:00:00Z,59.99,0.136,68.11,418.52,0.0,warning
SNS-zone_09-01,zone_09,2026-02-28T00:00:00Z,4.33,0.015,26.64,86.17,0.0,safe
SNS-zone_10-01,zone_10,2026-02-28T00:00:00Z,59.16,0.133,64.82,426.27,0.0,warning
SNS-zone_11-01,zone_11,2026-02-28T00:00:00Z,147.39,0.463,94.76,1018.71,0.0,evacuation
SNS-zone_12-01,zone_12,2026-02-28T00:00:00Z,137.76,0.44,84.53,974.83,0.0,evacuation
SNS-zone_13-01,zone_13,2026-02-28T00:00:00Z,4.24,0.017,41.79,101.4,0.0,safe
SNS-zone_14-01,zone_14,2026-02-28T00:00:00Z,12.18,0.021,33.14,112.94,0.0,safe
SNS-zone_15-01,zone_15,2026-02-28T00:00:00Z,7.62,0.019,35.49,106.79,0.0,safe
SNS-zone_16-01,zone_16,2026-02-28T00:00:00Z,10.82,0.015,29.91,97.54,0.0,safe
SNS-zone_01-01,zone_01,2026-03-01T00:00:00Z,11.34,0.018,37.5,115.99,0.0,safe
SNS-zone_02-01,zone_02,2026-03-01T00:00:00Z,16.16,0.025,29.93,117.61,0.0,safe
SNS-zone_03-01,zone_03,2026-03-01T00:00:00Z,8.69,0.014,30.77,109.39,0.0,safe
SNS-zone_04-01,zone_04,2026-03-01T00:00:00Z,17.47,0.027,38.89,130.98,0.0,safe
SNS-zone_05-01,zone_05,2026-03-01T00:00:00Z,13.86,0.019,37.28,122.95,0.0,safe
SNS-zone_06-01,zone_06,2026-03-01T00:00:00Z,64.54,0.152,59.45,446.89,0.0,warning
SNS-zone_07-01,zone_07,2026-03-01T00:00:00Z,55.85,0.136,65.41,432.68,0.0,warning
SNS-zone_08-01,zone_08,2026-03-01T00:00:00Z,57.23,0.139,66.48,425.5,0.0,warning
SNS-zone_09-01,zone_09,2026-03-01T00:00:00Z,1.66,0.019,28.34,84.56,0.0,safe
SNS-zone_10-01,zone_10,2026-03-01T00:00:00Z,54.22,0.13,63.68,406.16,0.0,warning
SNS-zone_11-01,zone_11,2026-03-01T00:00:00Z,138.16,0.422,93.47,977.97,0.0,evacuation
SNS-zone_12-01,zone_12,2026-03-01T00:00:00Z,144.96,0.453,81.38,1004.11,0.0,evacuation
SNS-zone_13-01,zone_13,2026-03-01T00:00:00Z,6.27,0.011,38.69,91.46,0.0,safe
SNS-zone_14-01,zone_14,2026-03-01T00:00:00Z,13.96,0.024,34.3,115.72,0.0,safe
SNS-zone_15-01,zone_15,2026-03-01T00:00:00Z,4.54,0.01,37.29,91.48,0.0,safe
SNS-zone_16-01,zone_16,2026-03-01T00:00:00Z,12.4,0.02,30.04,101.13,0.0,safe
SNS-zone_01-01,zone_01,2026-03-02T00:00:00Z,10.08,0.013,39.01,114.3,0.0,safe
SNS-zone_02-01,zone_02,2026-03-02T00:00:00Z,17.88,0.026,28.93,127.29,0.0,safe
SNS-zone_03-01,zone_03,2026-03-02T00:00:00Z,9.77,0.016,32.15,95.92,0.0,safe
SNS-zone_04-01,zone_04,2026-03-02T00:00:00Z,17.35,0.021,37.95,120.03,0.0,safe
SNS-zone_05-01,zone_05,2026-03-02T00:00:00Z,13.37,0.014,39.18,122.07,0.0,safe
SNS-zone_06-01,zone_06,2026-03-02T00:00:00Z,66.77,0.163,58.9,449.72,0.0,warning
SNS-zone_07-01,zone_07,2026-03-02T00:00:00Z,56.51,0.138,63.96,425.45,0.0,warning
SNS-zone_08-01,zone_08,2026-03-02T00:00:00Z,54.98,0.14,68.25,430.14,0.0,warning
SNS-zone_09-01,zone_09,2026-03-02T00:00:00Z,3.11,0.01,28.96,78.66,0.0,safe
SNS-zone_10-01,zone_10,2026-03-02T00:00:00Z,56.6,0.13,68.03,429.82,0.0,warning
SNS-zone_11-01,zone_11,2026-03-02T00:00:00Z,138.24,0.412,92.35,969.62,0.0,evacuation
SNS-zone_12-01,zone_12,2026-03-02T00:00:00Z,139.76,0.408,79.95,975.21,0.0,evacuation
SNS-zone_13-01,zone_13,2026-03-02T00:00:00Z,4.96,0.014,41.11,87.04,0.0,safe
SNS-zone_14-01,zone_14,2026-03-02T00:00:00Z,12.09,0.019,36.32,123.22,0.0,safe
SNS-zone_15-01,zone_15,2026-03-02T00:00:00Z,8.05,0.011,37.23,110.25,0.0,safe
SNS-zone_16-01,zone_16,2026-03-02T00:00:00Z,13.29,0.021,28.23,107.19,0.0,safe
SNS-zone_01-01,zone_01,2026-03-03T00:00:00Z,8.25,0.02,37.38,105.16,0.0,safe
SNS-zone_02-01,zone_02,2026-03-03T00:00:00Z,15.21,0.026,30.57,109.24,0.0,safe
SNS-zone_03-01,zone_03,2026-03-03T00:00:00Z,7.67,0.02,33.86,99.56,0.0,safe
SNS-zone_04-01,zone_04,2026-03-03T00:00:00Z,17.78,0.025,38.39,126.82,0.0,safe
SNS-zone_05-01,zone_05,2026-03-03T00:00:00Z,12.43,0.031,38.41,119.28,0.0,safe
SNS-zone_06-01,zone_06,2026-03-03T00:00:00Z,68.88,0.164,59.35,448.33,0.0,warning
SNS-zone_07-01,zone_07,2026-03-03T00:00:00Z,53.79,0.135,67.5,418.64,0.0,warning
SNS-zone_08-01,zone_08,2026-03-03T00:00:00Z,61.24,0.155,66.94,450.94,0.0,warning
SNS-zone_09-01,zone_09,2026-03-03T00:00:00Z,5.36,0.018,29.01,92.1,0.0,safe
SNS-zone_10-01,zone_10,2026-03-03T00:00:00Z,54.21,0.138,60.24,421.6,0.0,warning
SNS-zone_11-01,zone_11,2026-03-03T00:00:00Z,142.17,0.436,93.84,1002.19,0.0,evacuation
SNS-zone_12-01,zone_12,2026-03-03T00:00:00Z,142.95,0.441,81.3,1011.41,0.0,evacuation
SNS-zone_13-01,zone_13,2026-03-03T00:00:00Z,5.44,0.014,42.33,100.82,0.0,safe
SNS-zone_14-01,zone_14,2026-03-03T00:00:00Z,10.81,0.017,37.34,113.71,0.0,safe
SNS-zone_15-01,zone_15,2026-03-03T00:00:00Z,5.36,0.017,36.68,85.81,0.0,safe
SNS-zone_16-01,zone_16,2026-03-03T00:00:00Z,11.96,0.022,28.32,102.55,0.0,safe
SNS-zone_01-01,zone_01,2026-03-04T00:00:00Z,6.62,0.019,38.46,104.93,0.0,safe
SNS-zone_02-01,zone_02,2026-03-04T00:00:00Z,17.68,0.026,31.48,118.82,0.0,safe
SNS-zone_03-01,zone_03,2026-03-04T00:00:00Z,9.02,0.02,33.65,101.8,0.0,safe
SNS-zone_04-01,zone_04,2026-03-04T00:00:00Z,19.32,0.022,37.18,128.01,0.0,safe
SNS-zone_05-01,zone_05,2026-03-04T00:00:00Z,10.82,0.025,39.2,115.02,0.0,safe
SNS-zone_06-01,zone_06,2026-03-04T00:00:00Z,67.47,0.154,58.14,442.31,0.0,warning
SNS-zone_07-01,zone_07,2026-03-04T00:00:00Z,54.52,0.139,63.31,426.13,0.0,warning
SNS-zone_08-01,zone_08,2026-03-04T00:00:00Z,61.18,0.163,62.08,438.38,0.0,warning
SNS-zone_09-01,zone_09,2026-03-04T00:00:00Z,4.51,0.015,29.31,85.94,0.0,safe
SNS-zone_10-01,zone_10,2026-03-04T00:00:00Z,58.1,0.153,64.63,421.98,0.0,warning
SNS-zone_11-01,zone_11,2026-03-04T00:00:00Z,143.38,0.448,95.95,1015.19,0.0,evacuation
SNS-zone_12-01,zone_12,2026-03-04T00:00:00Z,145.69,0.442,83.53,993.2,0.0,evacuation
SNS-zone_13-01,zone_13,2026-03-04T00:00:00Z,3.36,0.01,40.64,92.87,0.0,safe
SNS-zone_14-01,zone_14,2026-03-04T00:00:00Z,11.56,0.018,36.28,113.16,0.0,safe
SNS-zone_15-01,zone_15,2026-03-04T00:00:00Z,6.27,0.016,37.21,107.74,0.0,safe
SNS-zone_16-01,zone_16,2026-03-04T00:00:00Z,13.59,0.015,30.07,107.55,0.0,safe
SNS-zone_01-01,zone_01,2026-03-05T00:00:00Z,10.24,0.021,38.92,115.62,0.0,safe
SNS-zone_02-01,zone_02,2026-03-05T00:00:00Z,18.05,0.025,28.2,122.33,0.0,safe
SNS-zone_03-01,zone_03,2026-03-05T00:00:00Z,9.31,0.018,33.0,100.99,0.0,safe
SNS-zone_04-01,zone_04,2026-03-05T00:00:00Z,17.44,0.032,38.43,126.97,0.0,safe
SNS-zone_05-01,zone_05,2026-03-05T00:00:00Z,11.57,0.023,39.6,119.85,0.0,safe
SNS-zone_06-01,zone_06,2026-03-05T00:00:00Z,68.64,0.169,57.51,457.42,0.0,warning
SNS-zone_07-01,zone_07,2026-03-05T00:00:00Z,53.92,0.141,65.05,418.18,0.0,warning
SNS-zone_08-01,zone_08,2026-03-05T00:00:00Z,61.18,0.158,69.74,449.0,0.0,warning
SNS-zone_09-01,zone_09,2026-03-05T00:00:00Z,3.77,0.02,27.44,87.4,0.0,safe
SNS-zone_10-01,zone_10,2026-03-05T00:00:00Z,59.77,0.13,62.41,432.04,0.0,warning
SNS-zone_11-01,zone_11,2026-03-05T00:00:00Z,141.54,0.417,90.95,998.34,0.0,evacuation
SNS-zone_12-01,zone_12,2026-03-05T00:00:00Z,141.97,0.445,88.03,1010.94,0.0,evacuation
SNS-zone_13-01,zone_13,2026-03-05T00:00:00Z,4.15,0.015,41.9,103.48,0.0,safe
SNS-zone_14-01,zone_14,2026-03-05T00:00:00Z,11.29,0.016,36.06,119.32,0.0,safe
SNS-zone_15-01,zone_15,2026-03-05T00:00:00Z,7.3,0.018,36.99,108.34,0.0,safe
SNS-zone_16-01,zone_16,2026-03-05T00:00:00Z,11.0,0.02,31.06,99.72,0.0,safe
SNS-zone_01-01,zone_01,2026-03-06T00:00:00Z,6.13,0.016,38.17,103.8,0.0,safe
SNS-zone_02-01,zone_02,2026-03-06T00:00:00Z,17.55,0.026,29.14,115.56,0.0,safe
SNS-zone_03-01,zone_03,2026-03-06T00:00:00Z,8.57,0.013,31.96,96.75,0.0,safe
SNS-zone_04-01,zone_04,2026-03-06T00:00:00Z,18.18,0.026,37.52,121.63,0.0,safe
SNS-zone_05-01,zone_05,2026-03-06T00:00:00Z,13.5,0.027,38.24,122.93,0.0,safe
SNS-zone_06-01,zone_06,2026-03-06T00:00:00Z,70.69,0.168,56.48,448.81,0.0,warning
SNS-zone_07-01,zone_07,2026-03-06T00:00:00Z,53.49,0.138,66.09,418.29,0.0,warning
SNS-zone_08-01,zone_08,2026-03-06T00:00:00Z,57.78,0.139,71.1,421.63,0.0,warning
SNS-zone_09-01,zone_09,2026-03-06T00:00:00Z,4.47,0.017,26.89,94.13,0.0,safe
SNS-zone_10-01,zone_10,2026-03-06T00:00:00Z,51.79,0.131,62.2,415.19,0.0,warning
SNS-zone_11-01,zone_11,2026-03-06T00:00:00Z,136.0,0.404,92.3,1003.84,0.0,evacuation
SNS-zone_12-01,zone_12,2026-03-06T00:00:00Z,143.15,0.44,78.27,987.43,0.0,evacuation
SNS-zone_13-01,zone_13,2026-03-06T00:00:00Z,5.27,0.011,42.22,95.1,0.0,safe
SNS-zone_14-01,zone_14,2026-03-06T00:00:00Z,13.7,0.023,33.32,110.51,0.0,safe
SNS-zone_15-01,zone_15,2026-03-06T00:00:00Z,6.22,0.016,38.33,101.61,0.0,safe
SNS-zone_16-01,zone_16,2026-03-06T00:00:00Z,11.61,0.019,30.23,103.08,0.0,safe
SNS-zone_01-01,zone_01,2026-03-07T00:00:00Z,6.7,0.02,38.58,97.92,0.0,safe
SNS-zone_02-01,zone_02,2026-03-07T00:00:00Z,16.78,0.023,32.22,117.34,0.0,safe
SNS-zone_03-01,zone_03,2026-03-07T00:00:00Z,8.94,0.016,33.46,107.04,0.0,safe
SNS-zone_04-01,zone_04,2026-03-07T00:00:00Z,15.42,0.025,38.27,123.19,0.0,safe
SNS-zone_05-01,zone_05,2026-03-07T00:00:00Z,12.39,0.017,39.39,122.79,0.0,safe
SNS-zone_06-01,zone_06,2026-03-07T00:00:00Z,67.82,0.146,57.11,446.66,0.0,warning
SNS-zone_07-01,zone_07,2026-03-07T00:00:00Z,54.74,0.14,63.18,398.12,0.0,warning
SNS-zone_08-01,zone_08,2026-03-07T00:00:00Z,57.42,0.128,68.22,419.49,0.0,warning
SNS-zone_09-01,zone_09,2026-03-07T00:00:00Z,4.63,0.01,29.46,96.14,0.0,safe
SNS-zone_10-01,zone_10,2026-03-07T00:00:00Z,57.19,0.128,59.54,413.25,0.0,warning
SNS-zone_11-01,zone_11,2026-03-07T00:00:00Z,142.35,0.428,97.31,1021.6,0.0,evacuation
SNS-zone_12-01,zone_12,2026-03-07T00:00:00Z,138.88,0.423,80.08,965.95,0.0,evacuation
SNS-zone_13-01,zone_13,2026-03-07T00:00:00Z,3.92,0.017,41.1,96.36,0.0,safe
SNS-zone_14-01,zone_14,2026-03-07T00:00:00Z,10.3,0.025,34.55,106.83,0.0,safe
SNS-zone_15-01,zone_15,2026-03-07T00:00:00Z,5.59,0.023,36.6,105.78,0.0,safe
SNS-zone_16-01,zone_16,2026-03-07T00:00:00Z,12.4,0.018,31.57,104.01,0.0,safe
SNS-zone_01-01,zone_01,2026-03-08T00:00:00Z,9.64,0.019,38.2,109.56,0.0,safe
SNS-zone_02-01,zone_02,2026-03-08T00:00:00Z,16.88,0.031,30.6,114.47,0.0,safe
SNS-zone_03-01,zone_03,2026-03-08T00:00:00Z,9.45,0.015,33.63,106.64,0.0,safe
SNS-zone_04-01,zone_04,2026-03-08T00:00:00Z,19.31,0.034,37.59,131.74,0.0,safe
SNS-zone_05-01,zone_05,2026-03-08T00:00:00Z,10.87,0.019,40.0,119.25,0.0,safe
SNS-zone_06-01,zone_06,2026-03-08T00:00:00Z,70.83,0.174,59.84,454.72,0.0,warning
SNS-zone_07-01,zone_07,2026-03-08T00:00:00Z,56.19,0.141,66.18,420.2,0.0,warning
SNS-zone_08-01,zone_08,2026-03-08T00:00:00Z,59.25,0.151,66.18,444.58,0.0,warning
SNS-zone_09-01,zone_09,2026-03-08T00:00:00Z,3.74,0.018,26.8,74.22,0.0,safe
SNS-zone_10-01,zone_10,2026-03-08T00:00:00Z,56.52,0.136,66.57,422.46,0.0,warning
SNS-zone_11-01,zone_11,2026-03-08T00:00:00Z,144.2,0.449,93.86,1024.33,0.0,evacuation
SNS-zone_12-01,zone_12,2026-03-08T00:00:00Z,147.7,0.46,84.93,1031.92,0.0,evacuation
SNS-zone_13-01,zone_13,2026-03-08T00:00:00Z,4.23,0.017,43.75,103.48,0.0,safe
SNS-zone_14-01,zone_14,2026-03-08T00:00:00Z,12.62,0.017,36.14,119.47,0.0,safe
SNS-zone_15-01,zone_15,2026-03-08T00:00:00Z,4.45,0.01,39.42,92.12,0.0,safe
SNS-zone_16-01,zone_16,2026-03-08T00:00:00Z,12.76,0.022,29.57,110.06,0.0,safe
SNS-zone_01-01,zone_01,2026-03-09T00:00:00Z,7.85,0.015,39.38,107.12,0.0,safe
SNS-zone_02-01,zone_02,2026-03-09T00:00:00Z,16.25,0.029,31.41,107.81,0.0,safe
SNS-zone_03-01,zone_03,2026-03-09T00:00:00Z,9.17,0.01,33.32,103.52,0.0,safe
SNS-zone_04-01,zone_04,2026-03-09T00:00:00Z,17.95,0.022,36.35,126.27,0.0,safe
SNS-zone_05-01,zone_05,2026-03-09T00:00:00Z,13.67,0.028,41.0,114.95,0.0,safe
SNS-zone_06-01,zone_06,2026-03-09T00:00:00Z,69.59,0.18,58.4,433.03,0.0,warning
SNS-zone_07-01,zone_07,2026-03-09T00:00:00Z,57.86,0.143,67.55,429.58,0.0,warning
SNS-zone_08-01,zone_08,2026-03-09T00:00:00Z,57.03,0.136,69.42,415.99,0.0,warning
SNS-zone_09-01,zone_09,2026-03-09T00:00:00Z,3.1,0.013,29.93,84.89,0.0,safe
SNS-zone_10-01,zone_10,2026-03-09T00:00:00Z,52.99,0.13,60.82,417.73,0.0,warning
SNS-zone_11-01,zone_11,2026-03-09T00:00:00Z,140.82,0.436,92.42,981.25,0.0,evacuation
SNS-zone_12-01,zone_12,2026-03-09T00:00:00Z,141.03,0.423,79.45,981.71,0.0,evacuation
SNS-zone_13-01,zone_13,2026-03-09T00:00:00Z,3.99,0.011,39.14,102.81,0.0,safe
SNS-zone_14-01,zone_14,2026-03-09T00:00:00Z,12.87,0.021,34.55,112.2,0.0,safe
SNS-zone_15-01,zone_15,2026-03-09T00:00:00Z,2.22,0.018,37.67,89.62,0.0,safe
SNS-zone_16-01,zone_16,2026-03-09T00:00:00Z,11.77,0.016,28.86,108.42,0.0,safe
SNS-zone_01-01,zone_01,2026-03-10T00:00:00Z,8.16,0.016,37.73,106.78,0.0,safe
SNS-zone_02-01,zone_02,2026-03-10T00:00:00Z,18.33,0.03,28.88,109.36,0.0,safe
SNS-zone_03-01,zone_03,2026-03-10T00:00:00Z,11.94,0.018,33.34,107.8,0.0,safe
SNS-zone_04-01,zone_04,2026-03-10T00:00:00Z,21.24,0.031,38.69,135.32,0.0,safe
SNS-zone_05-01,zone_05,2026-03-10T00:00:00Z,14.25,0.022,41.33,118.88,0.0,safe
SNS-zone_06-01,zone_06,2026-03-10T00:00:00Z,66.75,0.159,61.44,431.0,0.0,warning
SNS-zone_07-01,zone_07,2026-03-10T00:00:00Z,50.57,0.14,66.99,406.09,0.0,warning
SNS-zone_08-01,zone_08,2026-03-10T00:00:00Z,55.99,0.142,67.05,424.37,0.0,warning
SNS-zone_09-01,zone_09,2026-03-10T00:00:00Z,3.94,0.013,28.52,89.98,0.0,safe
SNS-zone_10-01,zone_10,2026-03-10T00:00:00Z,51.14,0.135,63.59,395.32,0.0,warning
SNS-zone_11-01,zone_11,2026-03-10T00:00:00Z,147.12,0.439,96.05,1035.41,0.0,evacuation
SNS-zone_12-01,zone_12,2026-03-10T00:00:00Z,144.43,0.452,83.4,1005.95,0.0,evacuation
SNS-zone_13-01,zone_13,2026-03-10T00:00:00Z,3.67,0.01,39.9,97.68,0.0,safe
SNS-zone_14-01,zone_14,2026-03-10T00:00:00Z,9.15,0.019,33.49,107.72,0.0,safe
SNS-zone_15-01,zone_15,2026-03-10T00:00:00Z,5.67,0.017,38.69,99.0,0.0,safe
SNS-zone_16-01,zone_16,2026-03-10T00:00:00Z,13.3,0.021,29.31,112.95,0.0,safe
SNS-zone_01-01,zone_01,2026-03-11T00:00:00Z,7.28,0.015,39.76,104.83,0.0,safe
SNS-zone_02-01,zone_02,2026-03-11T00:00:00Z,18.24,0.023,28.25,118.45,0.0,safe
SNS-zone_03-01,zone_03,2026-03-11T00:00:00Z,9.09,0.013,33.59,109.55,0.0,safe
SNS-zone_04-01,zone_04,2026-03-11T00:00:00Z,16.68,0.022,37.64,115.23,0.0,safe
SNS-zone_05-01,zone_05,2026-03-11T00:00:00Z,11.87,0.021,39.65,124.23,0.0,safe
SNS-zone_06-01,zone_06,2026-03-11T00:00:00Z,68.58,0.152,56.14,448.3,0.0,warning
SNS-zone_07-01,zone_07,2026-03-11T00:00:00Z,55.24,0.137,66.74,409.4,0.0,warning
SNS-zone_08-01,zone_08,2026-03-11T00:00:00Z,56.54,0.135,69.05,412.84,0.0,warning
SNS-zone_09-01,zone_09,2026-03-11T00:00:00Z,4.42,0.019,29.59,86.27,0.0,safe
SNS-zone_10-01,zone_10,2026-03-11T00:00:00Z,60.64,0.144,64.23,444.02,0.0,warning
SNS-zone_11-01,zone_11,2026-03-11T00:00:00Z,145.41,0.439,89.1,991.54,0.0,evacuation
SNS-zone_12-01,zone_12,2026-03-11T00:00:00Z,145.08,0.431,79.7,987.47,0.0,evacuation
SNS-zone_13-01,zone_13,2026-03-11T00:00:00Z,3.23,0.013,43.89,95.23,0.0,safe
SNS-zone_14-01,zone_14,2026-03-11T00:00:00Z,11.62,0.021,36.02,108.01,0.0,safe
SNS-zone_15-01,zone_15,2026-03-11T00:00:00Z,5.64,0.013,38.63,99.86,0.0,safe
SNS-zone_16-01,zone_16,2026-03-11T00:00:00Z,10.42,0.025,29.37,104.93,0.0,safe
SNS-zone_01-01,zone_01,2026-03-12T00:00:00Z,8.91,0.012,39.98,114.75,0.0,safe
SNS-zone_02-01,zone_02,2026-03-12T00:00:00Z,18.18,0.029,29.21,119.73,0.0,safe
SNS-zone_03-01,zone_03,2026-03-12T00:00:00Z,9.5,0.02,34.02,104.22,0.0,safe
SNS-zone_04-01,zone_04,2026-03-12T00:00:00Z,20.31,0.027,35.87,129.97,0.0,safe
SNS-zone_05-01,zone_05,2026-03-12T00:00:00Z,13.44,0.022,36.23,114.05,0.0,safe
SNS-zone_06-01,zone_06,2026-03-12T00:00:00Z,69.48,0.161,60.76,461.34,0.0,warning
SNS-zone_07-01,zone_07,2026-03-12T00:00:00Z,55.15,0.129,63.93,411.04,0.0,warning
SNS-zone_08-01,zone_08,2026-03-12T00:00:00Z,60.29,0.15,67.59,432.14,0.0,warning
SNS-zone_09-01,zone_09,2026-03-12T00:00:00Z,3.61,0.01,26.83,89.6,0.0,safe
SNS-zone_10-01,zone_10,2026-03-12T00:00:00Z,55.46,0.147,64.4,435.45,0.0,warning
SNS-zone_11-01,zone_11,2026-03-12T00:00:00Z,142.09,0.435,92.78,1006.5,0.0,evacuation
SNS-zone_12-01,zone_12,2026-03-12T00:00:00Z,145.94,0.445,83.29,1011.22,0.0,evacuation
SNS-zone_13-01,zone_13,2026-03-12T00:00:00Z,3.98,0.01,42.46,103.64,0.0,safe
SNS-zone_14-01,zone_14,2026-03-12T00:00:00Z,11.93,0.017,35.96,116.21,0.0,safe
SNS-zone_15-01,zone_15,2026-03-12T00:00:00Z,6.11,0.011,35.91,97.87,0.0,safe
SNS-zone_16-01,zone_16,2026-03-12T00:00:00Z,12.98,0.018,32.94,111.25,0.0,safe
SNS-zone_01-01,zone_01,2026-03-13T00:00:00Z,9.95,0.023,38.57,110.88,0.0,safe
SNS-zone_02-01,zone_02,2026-03-13T00:00:00Z,14.8,0.024,32.07,122.72,0.0,safe
SNS-zone_03-01,zone_03,2026-03-13T00:00:00Z,9.93,0.022,34.38,100.5,0.0,safe
SNS-zone_04-01,zone_04,2026-03-13T00:00:00Z,16.07,0.025,38.61,120.12,0.0,safe
SNS-zone_05-01,zone_05,2026-03-13T00:00:00Z,14.14,0.024,39.03,125.74,0.0,safe
SNS-zone_06-01,zone_06,2026-03-13T00:00:00Z,69.91,0.15,56.19,446.64,0.0,warning
SNS-zone_07-01,zone_07,2026-03-13T00:00:00Z,57.37,0.142,61.27,417.1,0.0,warning
SNS-zone_08-01,zone_08,2026-03-13T00:00:00Z,57.34,0.135,68.03,436.45,0.0,warning
SNS-zone_09-01,zone_09,2026-03-13T00:00:00Z,4.56,0.014,28.83,84.57,0.0,safe
SNS-zone_10-01,zone_10,2026-03-13T00:00:00Z,56.75,0.144,63.85,433.48,0.0,warning
SNS-zone_11-01,zone_11,2026-03-13T00:00:00Z,142.35,0.443,87.3,971.07,0.0,evacuation
SNS-zone_12-01,zone_12,2026-03-13T00:00:00Z,142.72,0.42,82.73,978.01,0.0,evacuation
SNS-zone_13-01,zone_13,2026-03-13T00:00:00Z,4.79,0.016,43.16,108.94,0.0,safe
SNS-zone_14-01,zone_14,2026-03-13T00:00:00Z,12.17,0.022,34.74,117.64,0.0,safe
SNS-zone_15-01,zone_15,2026-03-13T00:00:00Z,7.16,0.013,38.28,107.52,0.0,safe
SNS-zone_16-01,zone_16,2026-03-13T00:00:00Z,12.67,0.027,27.61,117.24,0.0,safe
SNS-zone_01-01,zone_01,2026-03-14T00:00:00Z,10.73,0.018,37.63,122.73,0.0,safe
SNS-zone_02-01,zone_02,2026-03-14T00:00:00Z,15.15,0.028,28.62,111.01,0.0,safe
SNS-zone_03-01,zone_03,2026-03-14T00:00:00Z,8.73,0.017,33.07,102.63,0.0,safe
SNS-zone_04-01,zone_04,2026-03-14T00:00:00Z,18.5,0.027,38.77,130.72,0.0,safe
SNS-zone_05-01,zone_05,2026-03-14T00:00:00Z,12.87,0.019,39.07,117.47,0.0,safe
SNS-zone_06-01,zone_06,2026-03-14T00:00:00Z,72.71,0.183,61.18,462.8,0.0,warning
SNS-zone_07-01,zone_07,2026-03-14T00:00:00Z,51.65,0.123,64.98,399.03,0.0,warning
SNS-zone_08-01,zone_08,2026-03-14T00:00:00Z,57.2,0.144,66.48,421.47,0.0,warning
SNS-zone_09-01,zone_09,2026-03-14T00:00:00Z,2.92,0.01,28.27,96.2,0.0,safe
SNS-zone_10-01,zone_10,2026-03-14T00:00:00Z,50.77,0.125,66.35,412.1,0.0,warning
SNS-zone_11-01,zone_11,2026-03-14T00:00:00Z,135.85,0.408,91.95,969.95,0.0,evacuation
SNS-zone_12-01,zone_12,2026-03-14T00:00:00Z,142.56,0.443,81.76,989.38,0.0,evacuation
SNS-zone_13-01,zone_13,2026-03-14T00:00:00Z,2.64,0.018,42.36,95.71,0.0,safe
SNS-zone_14-01,zone_14,2026-03-14T00:00:00Z,10.25,0.02,37.03,110.23,0.0,safe
SNS-zone_15-01,zone_15,2026-03-14T00:00:00Z,7.14,0.013,35.13,97.51,0.0,safe
SNS-zone_16-01,zone_16,2026-03-14T00:00:00Z,12.77,0.012,31.21,111.1,0.0,safe
SNS-zone_01-01,zone_01,2026-03-15T00:00:00Z,10.8,0.018,37.71,119.37,0.0,safe
SNS-zone_02-01,zone_02,2026-03-15T00:00:00Z,19.41,0.028,29.55,115.0,0.0,safe
SNS-zone_03-01,zone_03,2026-03-15T00:00:00Z,8.49,0.016,34.57,97.66,0.0,safe
SNS-zone_04-01,zone_04,2026-03-15T00:00:00Z,18.05,0.027,38.02,122.58,0.0,safe
SNS-zone_05-01,zone_05,2026-03-15T00:00:00Z,13.62,0.028,40.17,127.83,0.0,safe
SNS-zone_06-01,zone_06,2026-03-15T00:00:00Z,66.51,0.169,58.91,437.77,0.0,warning
SNS-zone_07-01,zone_07,2026-03-15T00:00:00Z,55.24,0.151,63.69,411.09,0.0,warning
SNS-zone_08-01,zone_08,2026-03-15T00:00:00Z,57.8,0.143,66.23,427.13,0.0,warning
SNS-zone_09-01,zone_09,2026-03-15T00:00:00Z,3.16,0.013,29.67,81.18,0.0,safe
SNS-zone_10-01,zone_10,2026-03-15T00:00:00Z,60.12,0.157,66.71,435.32,0.0,warning
SNS-zone_11-01,zone_11,2026-03-15T00:00:00Z,142.93,0.45,96.31,1019.57,0.0,evacuation
SNS-zone_12-01,zone_12,2026-03-15T00:00:00Z,144.02,0.461,81.42,992.77,0.0,evacuation
SNS-zone_13-01,zone_13,2026-03-15T00:00:00Z,2.23,0.01,43.25,99.4,0.0,safe
SNS-zone_14-01,zone_14,2026-03-15T00:00:00Z,11.05,0.02,35.68,118.42,0.0,safe
SNS-zone_15-01,zone_15,2026-03-15T00:00:00Z,6.02,0.014,36.0,107.14,0.0,safe
SNS-zone_16-01,zone_16,2026-03-15T00:00:00Z,11.54,0.019,30.78,102.65,0.0,safe
SNS-zone_01-01,zone_01,2026-03-16T00:00:00Z,8.2,0.014,37.74,99.05,0.0,safe
SNS-zone_02-01,zone_02,2026-03-16T00:00:00Z,17.69,0.025,28.2,121.55,0.0,safe
SNS-zone_03-01,zone_03,2026-03-16T00:00:00Z,10.46,0.016,33.36,109.39,0.0,safe
SNS-zone_04-01,zone_04,2026-03-16T00:00:00Z,17.87,0.037,36.25,123.16,0.0,safe
SNS-zone_05-01,zone_05,2026-03-16T00:00:00Z,14.16,0.026,38.65,115.04,0.0,safe
SNS-zone_06-01,zone_06,2026-03-16T00:00:00Z,69.3,0.157,57.34,444.11,0.0,warning
SNS-zone_07-01,zone_07,2026-03-16T00:00:00Z,56.34,0.151,66.84,423.68,0.0,warning
SNS-zone_08-01,zone_08,2026-03-16T00:00:00Z,56.38,0.141,66.68,425.33,0.0,warning
SNS-zone_09-01,zone_09,2026-03-16T00:00:00Z,5.13,0.026,29.24,98.33,0.0,safe
SNS-zone_10-01,zone_10,2026-03-16T00:00:00Z,56.44,0.139,66.76,444.59,0.0,warning
SNS-zone_11-01,zone_11,2026-03-16T00:00:00Z,144.61,0.425,93.1,1024.92,0.0,evacuation
SNS-zone_12-01,zone_12,2026-03-16T00:00:00Z,149.37,0.452,82.16,1021.38,0.0,evacuation
SNS-zone_13-01,zone_13,2026-03-16T00:00:00Z,4.38,0.016,40.54,105.87,0.0,safe
SNS-zone_14-01,zone_14,2026-03-16T00:00:00Z,12.25,0.032,33.63,109.01,0.0,safe
SNS-zone_15-01,zone_15,2026-03-16T00:00:00Z,7.42,0.01,36.2,103.38,0.0,safe
SNS-zone_16-01,zone_16,2026-03-16T00:00:00Z,11.33,0.018,29.44,104.43,0.0,safe
SNS-zone_01-01,zone_01,2026-03-17T00:00:00Z,7.47,0.018,37.04,103.3,0.0,safe
SNS-zone_02-01,zone_02,2026-03-17T00:00:00Z,17.44,0.028,26.58,117.14,0.0,safe
SNS-zone_03-01,zone_03,2026-03-17T00:00:00Z,9.02,0.018,36.13,112.34,0.0,safe
SNS-zone_04-01,zone_04,2026-03-17T00:00:00Z,15.64,0.026,37.49,121.24,0.0,safe
SNS-zone_05-01,zone_05,2026-03-17T00:00:00Z,11.39,0.01,38.85,115.32,0.0,safe
SNS-zone_06-01,zone_06,2026-03-17T00:00:00Z,66.51,0.165,60.6,441.78,0.0,warning
SNS-zone_07-01,zone_07,2026-03-17T00:00:00Z,54.24,0.141,64.59,417.21,0.0,warning
SNS-zone_08-01,zone_08,2026-03-17T00:00:00Z,61.5,0.147,67.5,432.02,0.0,warning
SNS-zone_09-01,zone_09,2026-03-17T00:00:00Z,2.75,0.011,28.76,87.08,0.0,safe
SNS-zone_10-01,zone_10,2026-03-17T00:00:00Z,58.42,0.143,63.16,422.85,0.0,warning
SNS-zone_11-01,zone_11,2026-03-17T00:00:00Z,138.1,0.404,97.02,1008.35,0.0,evacuation
SNS-zone_12-01,zone_12,2026-03-17T00:00:00Z,138.03,0.411,79.71,955.74,0.0,evacuation
SNS-zone_13-01,zone_13,2026-03-17T00:00:00Z,4.72,0.016,40.99,99.58,0.0,safe
SNS-zone_14-01,zone_14,2026-03-17T00:00:00Z,12.35,0.025,36.19,112.8,0.0,safe
SNS-zone_15-01,zone_15,2026-03-17T00:00:00Z,9.63,0.014,38.3,96.48,0.0,safe
SNS-zone_16-01,zone_16,2026-03-17T00:00:00Z,10.17,0.015,29.99,101.3,0.0,safe
SNS-zone_01-01,zone_01,2026-03-18T00:00:00Z,7.12,0.016,40.11,110.7,0.0,safe
SNS-zone_02-01,zone_02,2026-03-18T00:00:00Z,15.54,0.029,31.18,118.77,0.0,safe
SNS-zone_03-01,zone_03,2026-03-18T00:00:00Z,9.88,0.023,33.78,111.61,0.0,safe
SNS-zone_04-01,zone_04,2026-03-18T00:00:00Z,16.87,0.029,39.55,118.74,0.0,safe
SNS-zone_05-01,zone_05,2026-03-18T00:00:00Z,12.66,0.02,37.37,115.64,0.0,safe
SNS-zone_06-01,zone_06,2026-03-18T00:00:00Z,69.08,0.156,61.62,448.28,0.0,warning
SNS-zone_07-01,zone_07,2026-03-18T00:00:00Z,53.13,0.139,66.13,410.48,0.0,warning
SNS-zone_08-01,zone_08,2026-03-18T00:00:00Z,58.16,0.14,64.68,418.02,0.0,warning
SNS-zone_09-01,zone_09,2026-03-18T00:00:00Z,1.8,0.015,29.57,95.37,0.0,safe
SNS-zone_10-01,zone_10,2026-03-18T00:00:00Z,56.3,0.142,66.08,409.99,0.0,warning
SNS-zone_11-01,zone_11,2026-03-18T00:00:00Z,147.96,0.447,94.84,1030.52,0.0,evacuation
SNS-zone_12-01,zone_12,2026-03-18T00:00:00Z,140.8,0.445,82.94,986.44,0.0,evacuation
SNS-zone_13-01,zone_13,2026-03-18T00:00:00Z,0.83,0.01,43.05,98.87,0.0,safe
SNS-zone_14-01,zone_14,2026-03-18T00:00:00Z,7.91,0.017,36.13,106.74,0.0,safe
SNS-zone_15-01,zone_15,2026-03-18T00:00:00Z,6.32,0.016,34.09,102.95,0.0,safe
SNS-zone_16-01,zone_16,2026-03-18T00:00:00Z,12.62,0.018,29.1,98.84,0.0,safe
SNS-zone_01-01,zone_01,2026-03-19T00:00:00Z,9.63,0.02,38.19,103.76,0.0,safe
SNS-zone_02-01,zone_02,2026-03-19T00:00:00Z,17.63,0.026,27.57,113.82,0.0,safe
SNS-zone_03-01,zone_03,2026-03-19T00:00:00Z,8.15,0.019,34.19,99.25,0.0,safe
SNS-zone_04-01,zone_04,2026-03-19T00:00:00Z,17.1,0.025,35.88,122.2,0.0,safe
SNS-zone_05-01,zone_05,2026-03-19T00:00:00Z,11.7,0.023,37.58,115.28,0.0,safe
SNS-zone_06-01,zone_06,2026-03-19T00:00:00Z,68.27,0.165,58.89,439.8,0.0,warning
SNS-zone_07-01,zone_07,2026-03-19T00:00:00Z,53.34,0.132,66.27,402.8,0.0,warning
SNS-zone_08-01,zone_08,2026-03-19T00:00:00Z,57.93,0.137,66.84,424.69,0.0,warning
SNS-zone_09-01,zone_09,2026-03-19T00:00:00Z,2.68,0.017,26.44,86.42,0.0,safe
SNS-zone_10-01,zone_10,2026-03-19T00:00:00Z,58.42,0.154,62.29,430.11,0.0,warning
SNS-zone_11-01,zone_11,2026-03-19T00:00:00Z,141.4,0.434,94.86,1028.69,0.0,evacuation
SNS-zone_12-01,zone_12,2026-03-19T00:00:00Z,148.63,0.45,81.74,999.35,0.0,evacuation
SNS-zone_13-01,zone_13,2026-03-19T00:00:00Z,2.99,0.016,42.85,93.35,0.0,safe
SNS-zone_14-01,zone_14,2026-03-19T00:00:00Z,13.59,0.025,33.36,124.5,0.0,safe
SNS-zone_15-01,zone_15,2026-03-19T00:00:00Z,7.68,0.022,39.18,114.59,0.0,safe
SNS-zone_16-01,zone_16,2026-03-19T00:00:00Z,10.28,0.024,30.55,112.06,0.0,safe
SNS-zone_01-01,zone_01,2026-03-20T00:00:00Z,12.01,0.031,40.84,118.72,12.9,safe
SNS-zone_02-01,zone_02,2026-03-20T00:00:00Z,17.68,0.026,31.96,117.47,12.9,safe
SNS-zone_03-01,zone_03,2026-03-20T00:00:00Z,10.64,0.026,35.96,114.69,12.9,safe
SNS-zone_04-01,zone_04,2026-03-20T00:00:00Z,17.99,0.026,40.92,129.12,12.9,safe
SNS-zone_05-01,zone_05,2026-03-20T00:00:00Z,16.3,0.022,42.27,130.13,12.9,safe
SNS-zone_06-01,zone_06,2026-03-20T00:00:00Z,65.7,0.15,63.48,439.06,12.9,warning
SNS-zone_07-01,zone_07,2026-03-20T00:00:00Z,62.9,0.146,72.25,440.46,12.9,warning
SNS-zone_08-01,zone_08,2026-03-20T00:00:00Z,60.48,0.144,74.24,441.38,12.9,warning
SNS-zone_09-01,zone_09,2026-03-20T00:00:00Z,6.63,0.016,29.15,84.01,12.9,safe
SNS-zone_10-01,zone_10,2026-03-20T00:00:00Z,63.18,0.157,70.79,443.57,12.9,warning
SNS-zone_11-01,zone_11,2026-03-20T00:00:00Z,146.68,0.439,104.25,1032.76,12.9,evacuation
SNS-zone_12-01,zone_12,2026-03-20T00:00:00Z,151.11,0.442,90.72,1011.79,12.9,evacuation
SNS-zone_13-01,zone_13,2026-03-20T00:00:00Z,3.95,0.013,43.92,96.36,12.9,safe
SNS-zone_14-01,zone_14,2026-03-20T00:00:00Z,15.94,0.017,39.11,120.02,12.9,safe
SNS-zone_15-01,zone_15,2026-03-20T00:00:00Z,7.92,0.016,39.82,102.91,12.9,safe
SNS-zone_16-01,zone_16,2026-03-20T00:00:00Z,12.15,0.015,31.64,109.38,12.9,safe
SNS-zone_01-01,zone_01,2026-03-21T00:00:00Z,10.04,0.017,39.49,108.46,0.2,safe
SNS-zone_02-01,zone_02,2026-03-21T00:00:00Z,16.57,0.021,29.94,119.79,0.2,safe
SNS-zone_03-01,zone_03,2026-03-21T00:00:00Z,9.33,0.02,33.46,103.28,0.2,safe
SNS-zone_04-01,zone_04,2026-03-21T00:00:00Z,18.95,0.031,39.86,133.73,0.2,safe
SNS-zone_05-01,zone_05,2026-03-21T00:00:00Z,12.19,0.026,41.49,117.78,0.2,safe
SNS-zone_06-01,zone_06,2026-03-21T00:00:00Z,74.3,0.162,62.44,471.12,0.2,warning
SNS-zone_07-01,zone_07,2026-03-21T00:00:00Z,61.11,0.14,69.42,441.06,0.2,warning
SNS-zone_08-01,zone_08,2026-03-21T00:00:00Z,58.77,0.137,73.94,435.15,0.2,warning
SNS-zone_09-01,zone_09,2026-03-21T00:00:00Z,4.44,0.015,31.65,83.87,0.2,safe
SNS-zone_10-01,zone_10,2026-03-21T00:00:00Z,58.04,0.137,71.78,450.22,0.2,warning
SNS-zone_11-01,zone_11,2026-03-21T00:00:00Z,145.88,0.469,102.25,1029.46,0.2,evacuation
SNS-zone_12-01,zone_12,2026-03-21T00:00:00Z,152.0,0.446,90.13,1043.94,0.2,evacuation
SNS-zone_13-01,zone_13,2026-03-21T00:00:00Z,3.61,0.01,41.69,100.22,0.2,safe
SNS-zone_14-01,zone_14,2026-03-21T00:00:00Z,12.7,0.021,38.11,109.18,0.2,safe
SNS-zone_15-01,zone_15,2026-03-21T00:00:00Z,7.47,0.016,39.92,113.06,0.2,safe
SNS-zone_16-01,zone_16,2026-03-21T00:00:00Z,12.49,0.022,29.44,106.24,0.2,safe
SNS-zone_01-01,zone_01,2026-03-22T00:00:00Z,12.22,0.019,39.13,123.11,0.0,safe
SNS-zone_02-01,zone_02,2026-03-22T00:00:00Z,18.7,0.024,31.76,114.28,0.0,safe
SNS-zone_03-01,zone_03,2026-03-22T00:00:00Z,12.26,0.021,33.67,112.77,0.0,safe
SNS-zone_04-01,zone_04,2026-03-22T00:00:00Z,19.29,0.028,39.76,124.3,0.0,safe
SNS-zone_05-01,zone_05,2026-03-22T00:00:00Z,16.16,0.03,42.23,126.25,0.0,safe
SNS-zone_06-01,zone_06,2026-03-22T00:00:00Z,68.32,0.164,62.28,454.85,0.0,warning
SNS-zone_07-01,zone_07,2026-03-22T00:00:00Z,56.09,0.131,70.2,418.53,0.0,warning
SNS-zone_08-01,zone_08,2026-03-22T00:00:00Z,57.49,0.132,69.36,420.9,0.0,warning
SNS-zone_09-01,zone_09,2026-03-22T00:00:00Z,5.94,0.012,29.25,87.89,0.0,safe
SNS-zone_10-01,zone_10,2026-03-22T00:00:00Z,59.87,0.152,65.86,438.98,0.0,warning
SNS-zone_11-01,zone_11,2026-03-22T00:00:00Z,146.91,0.455,98.79,1042.7,0.0,evacuation
SNS-zone_12-01,zone_12,2026-03-22T00:00:00Z,151.49,0.449,85.89,1024.53,0.0,evacuation
SNS-zone_13-01,zone_13,2026-03-22T00:00:00Z,7.21,0.017,43.33,108.46,0.0,safe
SNS-zone_14-01,zone_14,2026-03-22T00:00:00Z,12.71,0.021,37.76,111.78,0.0,safe
SNS-zone_15-01,zone_15,2026-03-22T00:00:00Z,6.08,0.01,38.3,104.96,0.0,safe
SNS-zone_16-01,zone_16,2026-03-22T00:00:00Z,14.95,0.019,30.75,106.16,0.0,safe
SNS-zone_01-01,zone_01,2026-03-23T00:00:00Z,10.82,0.022,38.6,109.63,0.0,safe
SNS-zone_02-01,zone_02,2026-03-23T00:00:00Z,16.38,0.027,32.17,115.89,0.0,safe
SNS-zone_03-01,zone_03,2026-03-23T00:00:00Z,7.97,0.01,32.37,101.31,0.0,safe
SNS-zone_04-01,zone_04,2026-03-23T00:00:00Z,19.55,0.025,39.55,129.1,0.0,safe
SNS-zone_05-01,zone_05,2026-03-23T00:00:00Z,16.06,0.028,40.82,126.04,0.0,safe
SNS-zone_06-01,zone_06,2026-03-23T00:00:00Z,68.82,0.167,63.49,468.36,0.0,warning
SNS-zone_07-01,zone_07,2026-03-23T00:00:00Z,57.56,0.139,71.56,435.07,0.0,warning
SNS-zone_08-01,zone_08,2026-03-23T00:00:00Z,60.14,0.144,68.35,434.19,0.0,warning
SNS-zone_09-01,zone_09,2026-03-23T00:00:00Z,5.02,0.01,27.28,87.52,0.0,safe
SNS-zone_10-01,zone_10,2026-03-23T00:00:00Z,59.7,0.133,64.97,426.13,0.0,warning
SNS-zone_11-01,zone_11,2026-03-23T00:00:00Z,145.04,0.445,99.77,1035.19,0.0,evacuation
SNS-zone_12-01,zone_12,2026-03-23T00:00:00Z,148.79,0.441,91.33,1045.72,0.0,evacuation
SNS-zone_13-01,zone_13,2026-03-23T00:00:00Z,3.01,0.017,44.98,107.57,0.0,safe
SNS-zone_14-01,zone_14,2026-03-23T00:00:00Z,9.92,0.014,36.51,107.62,0.0,safe
SNS-zone_15-01,zone_15,2026-03-23T00:00:00Z,9.21,0.018,38.84,110.55,0.0,safe
SNS-zone_16-01,zone_16,2026-03-23T00:00:00Z,11.18,0.021,31.78,100.38,0.0,safe
SNS-zone_01-01,zone_01,2026-03-24T00:00:00Z,7.57,0.024,39.6,113.98,0.0,safe
SNS-zone_02-01,zone_02,2026-03-24T00:00:00Z,17.35,0.032,31.49,116.67,0.0,safe
SNS-zone_03-01,zone_03,2026-03-24T00:00:00Z,9.47,0.028,35.14,122.18,0.0,safe
SNS-zone_04-01,zone_04,2026-03-24T00:00:00Z,19.14,0.026,38.03,135.3,0.0,safe
SNS-zone_05-01,zone_05,2026-03-24T00:00:00Z,13.39,0.027,42.54,123.1,0.0,safe
SNS-zone_06-01,zone_06,2026-03-24T00:00:00Z,74.15,0.162,59.58,467.7,0.0,warning
SNS-zone_07-01,zone_07,2026-03-24T00:00:00Z,56.89,0.141,68.34,430.48,0.0,warning
SNS-zone_08-01,zone_08,2026-03-24T00:00:00Z,61.64,0.143,71.71,443.55,0.0,warning
SNS-zone_09-01,zone_09,2026-03-24T00:00:00Z,6.12,0.017,29.71,92.11,0.0,safe
SNS-zone_10-01,zone_10,2026-03-24T00:00:00Z,56.31,0.148,64.46,425.64,0.0,warning
SNS-zone_11-01,zone_11,2026-03-24T00:00:00Z,140.49,0.415,98.09,1003.11,0.0,evacuation
SNS-zone_12-01,zone_12,2026-03-24T00:00:00Z,145.58,0.448,82.8,1007.1,0.0,evacuation
SNS-zone_13-01,zone_13,2026-03-24T00:00:00Z,6.58,0.014,43.37,109.25,0.0,safe
SNS-zone_14-01,zone_14,2026-03-24T00:00:00Z,10.37,0.018,37.04,114.92,0.0,safe
SNS-zone_15-01,zone_15,2026-03-24T00:00:00Z,5.53,0.014,38.75,96.63,0.0,safe
SNS-zone_16-01,zone_16,2026-03-24T00:00:00Z,12.63,0.018,29.69,103.98,0.0,safe
SNS-zone_01-01,zone_01,2026-03-25T00:00:00Z,9.04,0.02,38.42,109.74,0.0,safe
SNS-zone_02-01,zone_02,2026-03-25T00:00:00Z,19.09,0.024,32.48,124.91,0.0,safe
SNS-zone_03-01,zone_03,2026-03-25T00:00:00Z,9.35,0.025,33.57,109.11,0.0,safe
SNS-zone_04-01,zone_04,2026-03-25T00:00:00Z,18.41,0.026,39.59,129.48,0.0,safe
SNS-zone_05-01,zone_05,2026-03-25T00:00:00Z,11.57,0.019,40.38,126.54,0.0,safe
SNS-zone_06-01,zone_06,2026-03-25T00:00:00Z,73.61,0.164,63.45,468.34,0.0,warning
SNS-zone_07-01,zone_07,2026-03-25T00:00:00Z,55.91,0.133,68.87,418.26,0.0,warning
SNS-zone_08-01,zone_08,2026-03-25T00:00:00Z,59.92,0.142,67.52,433.93,0.0,warning
SNS-zone_09-01,zone_09,2026-03-25T00:00:00Z,2.63,0.011,29.63,95.69,0.0,safe
SNS-zone_10-01,zone_10,2026-03-25T00:00:00Z,58.72,0.148,63.01,416.92,0.0,warning
SNS-zone_11-01,zone_11,2026-03-25T00:00:00Z,144.8,0.463,96.09,1026.88,0.0,evacuation
SNS-zone_12-01,zone_12,2026-03-25T00:00:00Z,139.5,0.413,89.47,1000.43,0.0,evacuation
SNS-zone_13-01,zone_13,2026-03-25T00:00:00Z,6.22,0.016,43.49,112.69,0.0,safe
SNS-zone_14-01,zone_14,2026-03-25T00:00:00Z,13.08,0.023,35.36,109.8,0.0,safe
SNS-zone_15-01,zone_15,2026-03-25T00:00:00Z,8.38,0.023,38.89,107.79,0.0,safe
SNS-zone_16-01,zone_16,2026-03-25T00:00:00Z,12.96,0.021,28.24,100.52,0.0,safe
SNS-zone_01-01,zone_01,2026-03-26T00:00:00Z,12.46,0.018,39.78,116.3,0.0,safe
SNS-zone_02-01,zone_02,2026-03-26T00:00:00Z,18.32,0.032,29.28,121.67,0.0,safe
SNS-zone_03-01,zone_03,2026-03-26T00:00:00Z,6.67,0.018,31.7,93.26,0.0,safe
SNS-zone_04-01,zone_04,2026-03-26T00:00:00Z,18.63,0.024,39.23,141.59,0.0,safe
SNS-zone_05-01,zone_05,2026-03-26T00:00:00Z,15.17,0.02,40.54,120.87,0.0,safe
SNS-zone_06-01,zone_06,2026-03-26T00:00:00Z,70.03,0.166,59.85,464.13,0.0,warning
SNS-zone_07-01,zone_07,2026-03-26T00:00:00Z,60.65,0.139,63.33,439.03,0.0,warning
SNS-zone_08-01,zone_08,2026-03-26T00:00:00Z,56.09,0.128,67.33,427.16,0.0,warning
SNS-zone_09-01,zone_09,2026-03-26T00:00:00Z,5.46,0.017,29.93,91.26,0.0,safe
SNS-zone_10-01,zone_10,2026-03-26T00:00:00Z,54.92,0.132,64.16,423.6,0.0,warning
SNS-zone_11-01,zone_11,2026-03-26T00:00:00Z,146.64,0.462,95.62,1032.8,0.0,evacuation
SNS-zone_12-01,zone_12,2026-03-26T00:00:00Z,142.89,0.428,87.23,990.09,0.0,evacuation
SNS-zone_13-01,zone_13,2026-03-26T00:00:00Z,4.7,0.018,41.17,106.22,0.0,safe
SNS-zone_14-01,zone_14,2026-03-26T00:00:00Z,11.73,0.016,34.94,112.78,0.0,safe
SNS-zone_15-01,zone_15,2026-03-26T00:00:00Z,8.06,0.013,40.3,114.15,0.0,safe
SNS-zone_16-01,zone_16,2026-03-26T00:00:00Z,12.38,0.022,29.99,106.47,0.0,safe
SNS-zone_01-01,zone_01,2026-03-27T00:00:00Z,8.59,0.025,37.55,106.28,1.9,safe
SNS-zone_02-01,zone_02,2026-03-27T00:00:00Z,15.4,0.02,31.22,120.36,1.9,safe
SNS-zone_03-01,zone_03,2026-03-27T00:00:00Z,11.17,0.011,34.42,102.99,1.9,safe
SNS-zone_04-01,zone_04,2026-03-27T00:00:00Z,17.46,0.026,39.19,123.26,1.9,safe
SNS-zone_05-01,zone_05,2026-03-27T00:00:00Z,10.9,0.021,40.91,113.44,1.9,safe
SNS-zone_06-01,zone_06,2026-03-27T00:00:00Z,72.22,0.174,60.76,458.72,1.9,warning
SNS-zone_07-01,zone_07,2026-03-27T00:00:00Z,54.36,0.124,66.94,431.57,1.9,warning
SNS-zone_08-01,zone_08,2026-03-27T00:00:00Z,56.92,0.129,70.97,430.43,1.9,warning
SNS-zone_09-01,zone_09,2026-03-27T00:00:00Z,2.35,0.01,29.64,83.15,1.9,safe
SNS-zone_10-01,zone_10,2026-03-27T00:00:00Z,52.39,0.139,65.23,419.05,1.9,warning
SNS-zone_11-01,zone_11,2026-03-27T00:00:00Z,141.85,0.436,99.48,995.83,1.9,evacuation
SNS-zone_12-01,zone_12,2026-03-27T00:00:00Z,145.0,0.451,82.4,990.79,1.9,evacuation
SNS-zone_13-01,zone_13,2026-03-27T00:00:00Z,5.03,0.019,41.71,96.22,1.9,safe
SNS-zone_14-01,zone_14,2026-03-27T00:00:00Z,13.03,0.023,34.56,113.09,1.9,safe
SNS-zone_15-01,zone_15,2026-03-27T00:00:00Z,7.77,0.016,37.25,97.64,1.9,safe
SNS-zone_16-01,zone_16,2026-03-27T00:00:00Z,14.64,0.023,29.94,102.91,1.9,safe
SNS-zone_01-01,zone_01,2026-03-28T00:00:00Z,9.83,0.024,38.42,109.95,0.0,safe
SNS-zone_02-01,zone_02,2026-03-28T00:00:00Z,17.94,0.039,29.85,129.28,0.0,safe
SNS-zone_03-01,zone_03,2026-03-28T00:00:00Z,8.15,0.018,34.73,92.57,0.0,safe
SNS-zone_04-01,zone_04,2026-03-28T00:00:00Z,22.54,0.026,38.54,137.22,0.0,safe
SNS-zone_05-01,zone_05,2026-03-28T00:00:00Z,11.15,0.021,40.08,122.58,0.0,safe
SNS-zone_06-01,zone_06,2026-03-28T00:00:00Z,69.37,0.16,59.73,450.99,0.0,warning
SNS-zone_07-01,zone_07,2026-03-28T00:00:00Z,55.39,0.136,67.21,429.07,0.0,warning
SNS-zone_08-01,zone_08,2026-03-28T00:00:00Z,57.25,0.152,68.85,429.4,0.0,warning
SNS-zone_09-01,zone_09,2026-03-28T00:00:00Z,2.39,0.019,28.64,89.52,0.0,safe
SNS-zone_10-01,zone_10,2026-03-28T00:00:00Z,53.82,0.129,65.4,425.38,0.0,warning
SNS-zone_11-01,zone_11,2026-03-28T00:00:00Z,141.52,0.434,95.87,993.86,0.0,evacuation
SNS-zone_12-01,zone_12,2026-03-28T00:00:00Z,149.53,0.461,86.88,1030.21,0.0,evacuation
SNS-zone_13-01,zone_13,2026-03-28T00:00:00Z,5.62,0.019,41.13,97.75,0.0,safe
SNS-zone_14-01,zone_14,2026-03-28T00:00:00Z,12.67,0.022,36.27,117.19,0.0,safe
SNS-zone_15-01,zone_15,2026-03-28T00:00:00Z,9.01,0.016,39.35,107.91,0.0,safe
SNS-zone_16-01,zone_16,2026-03-28T00:00:00Z,13.42,0.019,31.65,106.31,0.0,safe
SNS-zone_01-01,zone_01,2026-03-29T00:00:00Z,8.54,0.022,41.93,108.26,0.0,safe
SNS-zone_02-01,zone_02,2026-03-29T00:00:00Z,17.21,0.029,30.93,121.46,0.0,safe
SNS-zone_03-01,zone_03,2026-03-29T00:00:00Z,9.07,0.018,34.55,102.22,0.0,safe
SNS-zone_04-01,zone_04,2026-03-29T00:00:00Z,14.98,0.024,38.56,121.05,0.0,safe
SNS-zone_05-01,zone_05,2026-03-29T00:00:00Z,12.98,0.023,41.95,116.11,0.0,safe
SNS-zone_06-01,zone_06,2026-03-29T00:00:00Z,71.51,0.158,59.3,451.45,0.0,warning
SNS-zone_07-01,zone_07,2026-03-29T00:00:00Z,54.79,0.137,63.48,408.15,0.0,warning
SNS-zone_08-01,zone_08,2026-03-29T00:00:00Z,55.93,0.143,68.95,420.55,0.0,warning
SNS-zone_09-01,zone_09,2026-03-29T00:00:00Z,6.14,0.013,30.23,92.02,0.0,safe
SNS-zone_10-01,zone_10,2026-03-29T00:00:00Z,63.17,0.156,64.24,434.75,0.0,warning
SNS-zone_11-01,zone_11,2026-03-29T00:00:00Z,142.9,0.434,100.27,1029.15,0.0,evacuation
SNS-zone_12-01,zone_12,2026-03-29T00:00:00Z,142.25,0.436,88.18,981.04,0.0,evacuation
SNS-zone_13-01,zone_13,2026-03-29T00:00:00Z,3.18,0.011,42.33,102.79,0.0,safe
SNS-zone_14-01,zone_14,2026-03-29T00:00:00Z,9.91,0.019,33.3,114.74,0.0,safe
SNS-zone_15-01,zone_15,2026-03-29T00:00:00Z,5.2,0.015,38.64,99.22,0.0,safe
SNS-zone_16-01,zone_16,2026-03-29T00:00:00Z,13.55,0.023,29.3,105.41,0.0,safe
SNS-zone_01-01,zone_01,2026-03-30T00:00:00Z,11.98,0.02,39.6,118.86,0.0,safe
SNS-zone_02-01,zone_02,2026-03-30T00:00:00Z,20.12,0.03,29.72,125.13,0.0,safe
SNS-zone_03-01,zone_03,2026-03-30T00:00:00Z,7.12,0.019,33.07,95.16,0.0,safe
SNS-zone_04-01,zone_04,2026-03-30T00:00:00Z,19.49,0.027,39.06,129.42,0.0,safe
SNS-zone_05-01,zone_05,2026-03-30T00:00:00Z,11.52,0.018,39.84,122.54,0.0,safe
SNS-zone_06-01,zone_06,2026-03-30T00:00:00Z,70.47,0.158,63.57,440.88,0.0,warning
SNS-zone_07-01,zone_07,2026-03-30T00:00:00Z,50.87,0.125,68.93,405.64,0.0,warning
SNS-zone_08-01,zone_08,2026-03-30T00:00:00Z,58.5,0.147,70.77,441.3,0.0,warning
SNS-zone_09-01,zone_09,2026-03-30T00:00:00Z,5.11,0.014,28.02,90.4,0.0,safe
SNS-zone_10-01,zone_10,2026-03-30T00:00:00Z,58.16,0.145,65.8,430.63,0.0,warning
SNS-zone_11-01,zone_11,2026-03-30T00:00:00Z,146.06,0.445,92.7,1008.71,0.0,evacuation
SNS-zone_12-01,zone_12,2026-03-30T00:00:00Z,151.22,0.486,80.64,1039.43,0.0,evacuation
SNS-zone_13-01,zone_13,2026-03-30T00:00:00Z,3.87,0.01,42.74,92.65,0.0,safe
SNS-zone_14-01,zone_14,2026-03-30T00:00:00Z,11.97,0.019,36.71,112.74,0.0,safe
SNS-zone_15-01,zone_15,2026-03-30T00:00:00Z,6.88,0.013,38.09,99.05,0.0,safe
SNS-zone_16-01,zone_16,2026-03-30T00:00:00Z,16.16,0.022,30.71,117.83,0.0,safe
SNS-zone_01-01,zone_01,2026-03-31T00:00:00Z,10.76,0.022,39.39,117.17,0.0,safe
SNS-zone_02-01,zone_02,2026-03-31T00:00:00Z,18.01,0.024,30.83,124.65,0.0,safe
SNS-zone_03-01,zone_03,2026-03-31T00:00:00Z,9.3,0.018,33.84,99.32,0.0,safe
SNS-zone_04-01,zone_04,2026-03-31T00:00:00Z,16.29,0.02,37.08,124.46,0.0,safe
SNS-zone_05-01,zone_05,2026-03-31T00:00:00Z,15.22,0.022,37.78,118.73,0.0,safe
SNS-zone_06-01,zone_06,2026-03-31T00:00:00Z,65.55,0.153,56.31,411.63,0.0,warning
SNS-zone_07-01,zone_07,2026-03-31T00:00:00Z,56.91,0.143,65.41,422.99,0.0,warning
SNS-zone_08-01,zone_08,2026-03-31T00:00:00Z,52.82,0.141,70.82,425.29,0.0,warning
SNS-zone_09-01,zone_09,2026-03-31T00:00:00Z,4.68,0.012,30.42,86.53,0.0,safe
SNS-zone_10-01,zone_10,2026-03-31T00:00:00Z,56.88,0.129,65.05,435.94,0.0,warning
SNS-zone_11-01,zone_11,2026-03-31T00:00:00Z,146.32,0.45,94.61,1013.41,0.0,evacuation
SNS-zone_12-01,zone_12,2026-03-31T00:00:00Z,145.29,0.453,83.95,998.36,0.0,evacuation
SNS-zone_13-01,zone_13,2026-03-31T00:00:00Z,6.27,0.022,41.24,109.55,0.0,safe
SNS-zone_14-01,zone_14,2026-03-31T00:00:00Z,12.83,0.015,38.41,113.95,0.0,safe
SNS-zone_15-01,zone_15,2026-03-31T00:00:00Z,4.26,0.017,37.12,98.19,0.0,safe
SNS-zone_16-01,zone_16,2026-03-31T00:00:00Z,12.16,0.012,28.54,104.7,0.0,safe
SNS-zone_01-01,zone_01,2026-04-01T00:00:00Z,10.77,0.022,39.88,120.48,0.0,safe
SNS-zone_02-01,zone_02,2026-04-01T00:00:00Z,15.68,0.027,29.31,116.01,0.0,safe
SNS-zone_03-01,zone_03,2026-04-01T00:00:00Z,9.24,0.013,30.78,108.25,0.0,safe
SNS-zone_04-01,zone_04,2026-04-01T00:00:00Z,16.45,0.032,37.42,126.35,0.0,safe
SNS-zone_05-01,zone_05,2026-04-01T00:00:00Z,15.78,0.025,37.77,116.05,0.0,safe
SNS-zone_06-01,zone_06,2026-04-01T00:00:00Z,67.99,0.159,57.37,431.95,0.0,warning
SNS-zone_07-01,zone_07,2026-04-01T00:00:00Z,55.5,0.132,64.77,425.82,0.0,warning
SNS-zone_08-01,zone_08,2026-04-01T00:00:00Z,55.4,0.131,65.72,413.74,0.0,warning
SNS-zone_09-01,zone_09,2026-04-01T00:00:00Z,5.58,0.023,29.61,94.64,0.0,safe
SNS-zone_10-01,zone_10,2026-04-01T00:00:00Z,58.93,0.152,66.22,436.68,0.0,warning
SNS-zone_11-01,zone_11,2026-04-01T00:00:00Z,141.93,0.458,92.98,962.16,0.0,evacuation
SNS-zone_12-01,zone_12,2026-04-01T00:00:00Z,135.83,0.398,80.42,950.56,0.0,evacuation
SNS-zone_13-01,zone_13,2026-04-01T00:00:00Z,3.37,0.011,43.67,100.15,0.0,safe
SNS-zone_14-01,zone_14,2026-04-01T00:00:00Z,12.17,0.025,37.73,118.22,0.0,safe
SNS-zone_15-01,zone_15,2026-04-01T00:00:00Z,6.25,0.019,38.88,98.57,0.0,safe
SNS-zone_16-01,zone_16,2026-04-01T00:00:00Z,12.99,0.026,29.36,105.27,0.0,safe
SNS-zone_01-01,zone_01,2026-04-02T00:00:00Z,9.16,0.015,38.34,114.53,0.0,safe
SNS-zone_02-01,zone_02,2026-04-02T00:00:00Z,19.81,0.031,30.48,124.03,0.0,safe
SNS-zone_03-01,zone_03,2026-04-02T00:00:00Z,9.4,0.017,32.65,109.59,0.0,safe
SNS-zone_04-01,zone_04,2026-04-02T00:00:00Z,15.12,0.024,36.29,118.94,0.0,safe
SNS-zone_05-01,zone_05,2026-04-02T00:00:00Z,13.76,0.016,40.91,120.89,0.0,safe
SNS-zone_06-01,zone_06,2026-04-02T00:00:00Z,71.53,0.17,58.55,467.69,0.0,warning
SNS-zone_07-01,zone_07,2026-04-02T00:00:00Z,54.95,0.135,67.14,429.5,0.0,warning
SNS-zone_08-01,zone_08,2026-04-02T00:00:00Z,58.15,0.151,67.15,437.04,0.0,warning
SNS-zone_09-01,zone_09,2026-04-02T00:00:00Z,4.63,0.01,30.69,86.68,0.0,safe
SNS-zone_10-01,zone_10,2026-04-02T00:00:00Z,52.09,0.124,64.06,408.56,0.0,warning
SNS-zone_11-01,zone_11,2026-04-02T00:00:00Z,141.02,0.424,96.14,994.02,0.0,evacuation
SNS-zone_12-01,zone_12,2026-04-02T00:00:00Z,148.77,0.468,86.88,1005.94,0.0,evacuation
SNS-zone_13-01,zone_13,2026-04-02T00:00:00Z,1.37,0.01,40.83,93.77,0.0,safe
SNS-zone_14-01,zone_14,2026-04-02T00:00:00Z,13.4,0.018,34.73,111.18,0.0,safe
SNS-zone_15-01,zone_15,2026-04-02T00:00:00Z,6.93,0.016,38.61,112.59,0.0,safe
SNS-zone_16-01,zone_16,2026-04-02T00:00:00Z,13.53,0.026,28.28,112.62,0.0,safe
SNS-zone_01-01,zone_01,2026-04-03T00:00:00Z,8.83,0.023,39.41,108.98,2.6,safe
SNS-zone_02-01,zone_02,2026-04-03T00:00:00Z,16.95,0.029,28.95,119.7,2.6,safe
SNS-zone_03-01,zone_03,2026-04-03T00:00:00Z,6.38,0.024,32.82,97.37,2.6,safe
SNS-zone_04-01,zone_04,2026-04-03T00:00:00Z,17.46,0.027,38.57,125.98,2.6,safe
SNS-zone_05-01,zone_05,2026-04-03T00:00:00Z,13.7,0.023,39.35,115.57,2.6,safe
SNS-zone_06-01,zone_06,2026-04-03T00:00:00Z,73.19,0.156,59.54,449.91,2.6,warning
SNS-zone_07-01,zone_07,2026-04-03T00:00:00Z,55.44,0.139,67.52,422.25,2.6,warning
SNS-zone_08-01,zone_08,2026-04-03T00:00:00Z,55.89,0.143,67.25,434.44,2.6,warning
SNS-zone_09-01,zone_09,2026-04-03T00:00:00Z,5.42,0.017,28.66,99.73,2.6,safe
SNS-zone_10-01,zone_10,2026-04-03T00:00:00Z,54.41,0.131,63.92,411.63,2.6,warning
SNS-zone_11-01,zone_11,2026-04-03T00:00:00Z,138.72,0.445,98.66,1000.91,2.6,evacuation
SNS-zone_12-01,zone_12,2026-04-03T00:00:00Z,139.69,0.419,87.38,982.62,2.6,evacuation
SNS-zone_13-01,zone_13,2026-04-03T00:00:00Z,7.58,0.018,41.97,106.09,2.6,safe
SNS-zone_14-01,zone_14,2026-04-03T00:00:00Z,12.32,0.023,37.19,116.9,2.6,safe
SNS-zone_15-01,zone_15,2026-04-03T00:00:00Z,6.26,0.018,38.04,94.0,2.6,safe
SNS-zone_16-01,zone_16,2026-04-03T00:00:00Z,13.15,0.016,28.7,104.3,2.6,safe
SNS-zone_01-01,zone_01,2026-04-04T00:00:00Z,9.63,0.022,39.33,103.72,1.4,safe
SNS-zone_02-01,zone_02,2026-04-04T00:00:00Z,17.49,0.025,30.0,110.89,1.4,safe
SNS-zone_03-01,zone_03,2026-04-04T00:00:00Z,9.42,0.019,34.08,106.42,1.4,safe
SNS-zone_04-01,zone_04,2026-04-04T00:00:00Z,15.27,0.025,39.7,121.44,1.4,safe
SNS-zone_05-01,zone_05,2026-04-04T00:00:00Z,14.96,0.032,41.29,118.07,1.4,safe
SNS-zone_06-01,zone_06,2026-04-04T00:00:00Z,74.0,0.167,60.22,463.87,1.4,warning
SNS-zone_07-01,zone_07,2026-04-04T00:00:00Z,52.64,0.118,68.14,427.45,1.4,warning
SNS-zone_08-01,zone_08,2026-04-04T00:00:00Z,59.32,0.148,69.14,435.73,1.4,warning
SNS-zone_09-01,zone_09,2026-04-04T00:00:00Z,4.03,0.017,30.65,92.62,1.4,safe
SNS-zone_10-01,zone_10,2026-04-04T00:00:00Z,59.5,0.149,61.26,444.0,1.4,warning
SNS-zone_11-01,zone_11,2026-04-04T00:00:00Z,144.97,0.449,94.67,1047.28,1.4,evacuation
SNS-zone_12-01,zone_12,2026-04-04T00:00:00Z,141.05,0.422,87.42,991.62,1.4,evacuation
SNS-zone_13-01,zone_13,2026-04-04T00:00:00Z,4.9,0.013,43.21,105.47,1.4,safe
SNS-zone_14-01,zone_14,2026-04-04T00:00:00Z,10.28,0.018,36.72,106.4,1.4,safe
SNS-zone_15-01,zone_15,2026-04-04T00:00:00Z,7.7,0.015,38.37,114.51,1.4,safe
SNS-zone_16-01,zone_16,2026-04-04T00:00:00Z,11.38,0.022,30.21,109.84,1.4,safe
SNS-zone_01-01,zone_01,2026-04-05T00:00:00Z,12.7,0.023,39.78,116.18,0.3,safe
SNS-zone_02-01,zone_02,2026-04-05T00:00:00Z,18.41,0.027,31.35,124.35,0.3,safe
SNS-zone_03-01,zone_03,2026-04-05T00:00:00Z,10.6,0.02,32.7,107.14,0.3,safe
SNS-zone_04-01,zone_04,2026-04-05T00:00:00Z,20.74,0.029,37.24,129.7,0.3,safe
SNS-zone_05-01,zone_05,2026-04-05T00:00:00Z,13.44,0.032,41.28,126.3,0.3,safe
SNS-zone_06-01,zone_06,2026-04-05T00:00:00Z,70.63,0.169,57.59,460.24,0.3,warning
SNS-zone_07-01,zone_07,2026-04-05T00:00:00Z,55.36,0.15,65.69,423.71,0.3,warning
SNS-zone_08-01,zone_08,2026-04-05T00:00:00Z,58.7,0.137,68.21,420.96,0.3,warning
SNS-zone_09-01,zone_09,2026-04-05T00:00:00Z,3.7,0.014,26.78,89.67,0.3,safe
SNS-zone_10-01,zone_10,2026-04-05T00:00:00Z,57.44,0.141,64.95,421.89,0.3,warning
SNS-zone_11-01,zone_11,2026-04-05T00:00:00Z,146.03,0.46,97.34,1024.79,0.3,evacuation
SNS-zone_12-01,zone_12,2026-04-05T00:00:00Z,143.86,0.436,86.32,995.76,0.3,evacuation
SNS-zone_13-01,zone_13,2026-04-05T00:00:00Z,2.98,0.01,41.76,102.55,0.3,safe
SNS-zone_14-01,zone_14,2026-04-05T00:00:00Z,13.22,0.027,34.84,119.85,0.3,safe
SNS-zone_15-01,zone_15,2026-04-05T00:00:00Z,7.6,0.014,35.58,103.13,0.3,safe
SNS-zone_16-01,zone_16,2026-04-05T00:00:00Z,11.61,0.02,29.23,102.87,0.3,safe
SNS-zone_01-01,zone_01,2026-04-06T00:00:00Z,11.71,0.022,39.2,114.49,0.2,safe
SNS-zone_02-01,zone_02,2026-04-06T00:00:00Z,16.5,0.027,30.21,120.01,0.2,safe
SNS-zone_03-01,zone_03,2026-04-06T00:00:00Z,11.22,0.018,32.44,110.44,0.2,safe
SNS-zone_04-01,zone_04,2026-04-06T00:00:00Z,17.21,0.024,38.91,117.53,0.2,safe
SNS-zone_05-01,zone_05,2026-04-06T00:00:00Z,13.04,0.023,38.52,105.31,0.2,safe
SNS-zone_06-01,zone_06,2026-04-06T00:00:00Z,66.39,0.156,58.86,432.07,0.2,warning
SNS-zone_07-01,zone_07,2026-04-06T00:00:00Z,54.16,0.136,63.32,396.96,0.2,warning
SNS-zone_08-01,zone_08,2026-04-06T00:00:00Z,56.99,0.136,67.43,419.82,0.2,warning
SNS-zone_09-01,zone_09,2026-04-06T00:00:00Z,0.6,0.01,27.63,77.12,0.2,safe
SNS-zone_10-01,zone_10,2026-04-06T00:00:00Z,55.3,0.125,65.02,432.82,0.2,warning
SNS-zone_11-01,zone_11,2026-04-06T00:00:00Z,138.41,0.411,95.55,991.35,0.2,evacuation
SNS-zone_12-01,zone_12,2026-04-06T00:00:00Z,143.03,0.443,89.81,992.32,0.2,evacuation
SNS-zone_13-01,zone_13,2026-04-06T00:00:00Z,2.26,0.011,43.12,102.89,0.2,safe
SNS-zone_14-01,zone_14,2026-04-06T00:00:00Z,12.97,0.024,35.31,116.08,0.2,safe
SNS-zone_15-01,zone_15,2026-04-06T00:00:00Z,8.0,0.016,38.75,101.61,0.2,safe
SNS-zone_16-01,zone_16,2026-04-06T00:00:00Z,13.69,0.022,31.72,112.1,0.2,safe
