sensor_id,zone_id,timestamp,displacement_mm_day,vibration,pore_pressure,strain,rainfall_mm,risk_level
SNS-zone_01-01,zone_01,2025-08-22T00:00:00Z,32.87,0.043,43.37,173.59,29.1,safe
SNS-zone_02-01,zone_02,2025-08-22T00:00:00Z,42.89,0.047,34.23,182.89,29.1,safe
SNS-zone_03-01,zone_03,2025-08-22T00:00:00Z,32.37,0.042,38.38,156.94,29.1,safe
SNS-zone_04-01,zone_04,2025-08-22T00:00:00Z,42.68,0.05,42.37,183.98,29.1,safe
SNS-zone_05-01,zone_05,2025-08-22T00:00:00Z,33.87,0.043,45.94,174.73,29.1,safe
SNS-zone_06-01,zone_06,2025-08-22T00:00:00Z,80.9,0.183,68.13,469.32,29.1,warning
SNS-zone_07-01,zone_07,2025-08-22T00:00:00Z,68.52,0.163,74.6,478.67,29.1,warning
SNS-zone_08-01,zone_08,2025-08-22T00:00:00Z,66.67,0.144,79.45,475.25,29.1,warning
SNS-zone_09-01,zone_09,2025-08-22T00:00:00Z,23.12,0.034,33.1,134.89,29.1,safe
SNS-zone_10-01,zone_10,2025-08-22T00:00:00Z,68.16,0.15,79.47,461.59,29.1,warning
SNS-zone_11-01,zone_11,2025-08-22T00:00:00Z,97.3,0.31,116.3,885.03,29.1,warning
SNS-zone_12-01,zone_12,2025-08-22T00:00:00Z,101.08,0.302,104.41,875.89,29.1,evacuation
SNS-zone_13-01,zone_13,2025-08-22T00:00:00Z,21.15,0.03,43.53,141.6,29.1,safe
SNS-zone_14-01,zone_14,2025-08-22T00:00:00Z,33.23,0.042,41.02,173.57,29.1,safe
SNS-zone_15-01,zone_15,2025-08-22T00:00:00Z,25.01,0.033,44.97,146.22,29.1,safe
SNS-zone_16-01,zone_16,2025-08-22T00:00:00Z,30.95,0.039,36.75,159.91,29.1,safe
SNS-zone_01-01,zone_01,2025-08-23T00:00:00Z,38.92,0.044,44.83,178.15,14.6,safe
SNS-zone_02-01,zone_02,2025-08-23T00:00:00Z,44.29,0.057,35.0,181.2,14.6,safe
SNS-zone_03-01,zone_03,2025-08-23T00:00:00Z,37.41,0.043,36.87,171.21,14.6,safe
SNS-zone_04-01,zone_04,2025-08-23T00:00:00Z,45.96,0.05,46.98,200.62,14.6,safe
SNS-zone_05-01,zone_05,2025-08-23T00:00:00Z,38.11,0.044,48.35,184.45,14.6,safe
SNS-zone_06-01,zone_06,2025-08-23T00:00:00Z,78.25,0.179,72.47,495.78,14.6,warning
SNS-zone_07-01,zone_07,2025-08-23T00:00:00Z,70.89,0.166,84.09,482.04,14.6,warning
SNS-zone_08-01,zone_08,2025-08-23T00:00:00Z,74.39,0.163,82.03,478.94,14.6,warning
SNS-zone_09-01,zone_09,2025-08-23T00:00:00Z,24.03,0.031,34.79,131.9,14.6,safe
SNS-zone_10-01,zone_10,2025-08-23T00:00:00Z,82.35,0.179,82.42,511.48,14.6,warning
SNS-zone_11-01,zone_11,2025-08-23T00:00:00Z,121.65,0.377,129.78,996.07,14.6,evacuation
SNS-zone_12-01,zone_12,2025-08-23T00:00:00Z,126.12,0.388,112.89,965.0,14.6,evacuation
SNS-zone_13-01,zone_13,2025-08-23T00:00:00Z,18.06,0.034,47.49,135.02,14.6,safe
SNS-zone_14-01,zone_14,2025-08-23T00:00:00Z,33.43,0.041,42.82,178.97,14.6,safe
SNS-zone_15-01,zone_15,2025-08-23T00:00:00Z,24.8,0.03,45.99,145.03,14.6,safe
SNS-zone_16-01,zone_16,2025-08-23T00:00:00Z,31.74,0.035,38.89,153.29,14.6,safe
SNS-zone_01-01,zone_01,2025-08-24T00:00:00Z,44.42,0.048,49.71,188.82,28.6,safe
SNS-zone_02-01,zone_02,2025-08-24T00:00:00Z,50.92,0.061,38.89,204.22,28.6,safe
SNS-zone_03-01,zone_03,2025-08-24T00:00:00Z,43.67,0.055,40.03,188.78,28.6,safe
SNS-zone_04-01,zone_04,2025-08-24T00:00:00Z,50.05,0.05,47.68,213.84,28.6,safe
SNS-zone_05-01,zone_05,2025-08-24T00:00:00Z,42.15,0.056,53.28,193.85,28.6,safe
SNS-zone_06-01,zone_06,2025-08-24T00:00:00Z,87.24,0.184,81.17,540.73,28.6,warning
SNS-zone_07-01,zone_07,2025-08-24T00:00:00Z,93.79,0.205,94.35,564.11,28.6,warning
SNS-zone_08-01,zone_08,2025-08-24T00:00:00Z,84.21,0.183,87.74,524.41,28.6,warning
SNS-zone_09-01,zone_09,2025-08-24T00:00:00Z,31.13,0.041,34.81,152.89,28.6,safe
SNS-zone_10-01,zone_10,2025-08-24T00:00:00Z,89.35,0.196,87.61,549.81,28.6,warning
SNS-zone_11-01,zone_11,2025-08-24T00:00:00Z,139.89,0.422,143.98,1086.26,28.6,evacuation
SNS-zone_12-01,zone_12,2025-08-24T00:00:00Z,139.79,0.419,126.8,1041.07,28.6,evacuation
SNS-zone_13-01,zone_13,2025-08-24T00:00:00Z,29.11,0.038,51.24,165.37,28.6,safe
SNS-zone_14-01,zone_14,2025-08-24T00:00:00Z,36.23,0.045,47.53,168.1,28.6,safe
SNS-zone_15-01,zone_15,2025-08-24T00:00:00Z,31.96,0.037,52.99,179.46,28.6,safe
SNS-zone_16-01,zone_16,2025-08-24T00:00:00Z,41.49,0.039,41.08,190.33,28.6,safe
SNS-zone_01-01,zone_01,2025-08-25T00:00:00Z,47.43,0.048,47.64,197.44,7.8,safe
SNS-zone_02-01,zone_02,2025-08-25T00:00:00Z,46.06,0.05,38.09,191.41,7.8,safe
SNS-zone_03-01,zone_03,2025-08-25T00:00:00Z,45.05,0.049,39.87,178.55,7.8,safe
SNS-zone_04-01,zone_04,2025-08-25T00:00:00Z,49.92,0.053,47.6,202.51,7.8,safe
SNS-zone_05-01,zone_05,2025-08-25T00:00:00Z,43.78,0.045,51.03,195.11,7.8,safe
SNS-zone_06-01,zone_06,2025-08-25T00:00:00Z,94.13,0.207,80.27,540.9,7.8,warning
SNS-zone_07-01,zone_07,2025-08-25T00:00:00Z,86.12,0.192,92.2,522.94,7.8,warning
SNS-zone_08-01,zone_08,2025-08-25T00:00:00Z,81.27,0.174,84.8,527.37,7.8,warning
SNS-zone_09-01,zone_09,2025-08-25T00:00:00Z,31.95,0.039,37.96,147.34,7.8,safe
SNS-zone_10-01,zone_10,2025-08-25T00:00:00Z,88.16,0.188,88.41,554.9,7.8,warning
SNS-zone_11-01,zone_11,2025-08-25T00:00:00Z,128.08,0.396,144.25,1044.68,7.8,evacuation
SNS-zone_12-01,zone_12,2025-08-25T00:00:00Z,130.05,0.405,123.64,1029.5,7.8,evacuation
SNS-zone_13-01,zone_13,2025-08-25T00:00:00Z,28.36,0.043,51.52,166.03,7.8,safe
SNS-zone_14-01,zone_14,2025-08-25T00:00:00Z,37.07,0.039,48.36,179.83,7.8,safe
SNS-zone_15-01,zone_15,2025-08-25T00:00:00Z,33.73,0.042,50.96,179.93,7.8,safe
SNS-zone_16-01,zone_16,2025-08-25T00:00:00Z,31.35,0.043,40.66,163.6,7.8,safe
SNS-zone_01-01,zone_01,2025-08-26T00:00:00Z,42.22,0.043,49.02,192.26,1.7,safe
SNS-zone_02-01,zone_02,2025-08-26T00:00:00Z,47.56,0.054,36.01,196.83,1.7,safe
SNS-zone_03-01,zone_03,2025-08-26T00:00:00Z,38.59,0.043,39.47,169.7,1.7,safe
SNS-zone_04-01,zone_04,2025-08-26T00:00:00Z,44.67,0.054,46.66,190.07,1.7,safe
SNS-zone_05-01,zone_05,2025-08-26T00:00:00Z,41.76,0.048,47.43,189.97,1.7,safe
SNS-zone_06-01,zone_06,2025-08-26T00:00:00Z,82.58,0.176,75.29,518.44,1.7,warning
SNS-zone_07-01,zone_07,2025-08-26T00:00:00Z,80.88,0.185,88.4,508.42,1.7,warning
SNS-zone_08-01,zone_08,2025-08-26T00:00:00Z,74.51,0.176,84.91,492.23,1.7,warning
SNS-zone_09-01,zone_09,2025-08-26T00:00:00Z,25.83,0.039,34.79,140.68,1.7,safe
SNS-zone_10-01,zone_10,2025-08-26T00:00:00Z,81.72,0.184,85.62,518.6,1.7,warning
SNS-zone_11-01,zone_11,2025-08-26T00:00:00Z,133.72,0.402,136.92,1031.03,1.7,evacuation
SNS-zone_12-01,zone_12,2025-08-26T00:00:00Z,127.91,0.382,120.33,1007.1,1.7,evacuation
SNS-zone_13-01,zone_13,2025-08-26T00:00:00Z,30.91,0.045,50.53,165.24,1.7,safe
SNS-zone_14-01,zone_14,2025-08-26T00:00:00Z,36.96,0.051,45.83,174.47,1.7,safe
SNS-zone_15-01,zone_15,2025-08-26T00:00:00Z,30.25,0.031,49.68,174.8,1.7,safe
SNS-zone_16-01,zone_16,2025-08-26T00:00:00Z,36.12,0.04,38.74,168.57,1.7,safe
SNS-zone_01-01,zone_01,2025-08-27T00:00:00Z,39.28,0.048,45.21,175.87,1.2,safe
SNS-zone_02-01,zone_02,2025-08-27T00:00:00Z,47.8,0.064,35.93,192.3,1.2,safe
SNS-zone_03-01,zone_03,2025-08-27T00:00:00Z,36.77,0.035,38.87,158.58,1.2,safe
SNS-zone_04-01,zone_04,2025-08-27T00:00:00Z,42.22,0.052,44.1,183.83,1.2,safe
SNS-zone_05-01,zone_05,2025-08-27T00:00:00Z,39.87,0.046,48.26,191.09,1.2,safe
SNS-zone_06-01,zone_06,2025-08-27T00:00:00Z,82.78,0.183,71.77,507.25,1.2,warning
SNS-zone_07-01,zone_07,2025-08-27T00:00:00Z,78.4,0.159,84.02,523.67,1.2,warning
SNS-zone_08-01,zone_08,2025-08-27T00:00:00Z,74.61,0.166,82.35,485.43,1.2,warning
SNS-zone_09-01,zone_09,2025-08-27T00:00:00Z,25.64,0.031,35.95,142.27,1.2,safe
SNS-zone_10-01,zone_10,2025-08-27T00:00:00Z,80.21,0.17,81.97,515.11,1.2,warning
SNS-zone_11-01,zone_11,2025-08-27T00:00:00Z,125.32,0.39,128.44,1000.42,1.2,evacuation
SNS-zone_12-01,zone_12,2025-08-27T00:00:00Z,123.54,0.389,116.06,963.71,1.2,evacuation
SNS-zone_13-01,zone_13,2025-08-27T00:00:00Z,24.66,0.031,47.14,155.05,1.2,safe
SNS-zone_14-01,zone_14,2025-08-27T00:00:00Z,34.93,0.042,43.0,174.08,1.2,safe
SNS-zone_15-01,zone_15,2025-08-27T00:00:00Z,27.92,0.038,46.81,153.56,1.2,safe
SNS-zone_16-01,zone_16,2025-08-27T00:00:00Z,33.89,0.041,37.92,167.14,1.2,safe
SNS-zone_01-01,zone_01,2025-08-28T00:00:00Z,37.28,0.052,44.68,173.7,4.9,safe
SNS-zone_02-01,zone_02,2025-08-28T00:00:00Z,40.22,0.048,35.89,178.14,4.9,safe
SNS-zone_03-01,zone_03,2025-08-28T00:00:00Z,36.98,0.042,37.47,155.1,4.9,safe
SNS-zone_04-01,zone_04,2025-08-28T00:00:00Z,43.83,0.043,44.94,191.59,4.9,safe
SNS-zone_05-01,zone_05,2025-08-28T00:00:00Z,38.42,0.051,47.2,184.62,4.9,safe
SNS-zone_06-01,zone_06,2025-08-28T00:00:00Z,79.13,0.176,73.42,491.06,4.9,warning
SNS-zone_07-01,zone_07,2025-08-28T00:00:00Z,74.71,0.156,82.06,507.5,4.9,warning
SNS-zone_08-01,zone_08,2025-08-28T00:00:00Z,71.27,0.167,81.38,476.76,4.9,warning
SNS-zone_09-01,zone_09,2025-08-28T00:00:00Z,25.59,0.036,34.43,133.8,4.9,safe
SNS-zone_10-01,zone_10,2025-08-28T00:00:00Z,78.29,0.176,80.66,505.92,4.9,warning
SNS-zone_11-01,zone_11,2025-08-28T00:00:00Z,122.3,0.405,127.44,1006.07,4.9,evacuation
SNS-zone_12-01,zone_12,2025-08-28T00:00:00Z,126.72,0.383,114.29,968.59,4.9,evacuation
SNS-zone_13-01,zone_13,2025-08-28T00:00:00Z,25.03,0.04,47.79,149.29,4.9,safe
SNS-zone_14-01,zone_14,2025-08-28T00:00:00Z,30.96,0.038,43.23,168.14,4.9,safe
SNS-zone_15-01,zone_15,2025-08-28T00:00:00Z,25.34,0.039,44.07,139.83,4.9,safe
SNS-zone_16-01,zone_16,2025-08-28T00:00:00Z,30.76,0.043,35.91,144.26,4.9,safe
SNS-zone_01-01,zone_01,2025-08-29T00:00:00Z,35.64,0.038,45.35,177.86,6.7,safe
SNS-zone_02-01,zone_02,2025-08-29T00:00:00Z,45.03,0.046,36.72,185.09,6.7,safe
SNS-zone_03-01,zone_03,2025-08-29T00:00:00Z,38.74,0.047,37.54,170.85,6.7,safe
SNS-zone_04-01,zone_04,2025-08-29T00:00:00Z,45.46,0.056,45.72,193.7,6.7,safe
SNS-zone_05-01,zone_05,2025-08-29T00:00:00Z,39.11,0.042,47.09,184.81,6.7,safe
SNS-zone_06-01,zone_06,2025-08-29T00:00:00Z,82.07,0.182,75.76,516.97,6.7,warning
SNS-zone_07-01,zone_07,2025-08-29T00:00:00Z,75.4,0.169,86.69,503.06,6.7,warning
SNS-zone_08-01,zone_08,2025-08-29T00:00:00Z,75.53,0.176,78.53,505.94,6.7,warning
SNS-zone_09-01,zone_09,2025-08-29T00:00:00Z,26.31,0.027,34.58,147.25,6.7,safe
SNS-zone_10-01,zone_10,2025-08-29T00:00:00Z,74.54,0.176,77.91,472.28,6.7,warning
SNS-zone_11-01,zone_11,2025-08-29T00:00:00Z,122.55,0.359,128.46,1006.27,6.7,evacuation
SNS-zone_12-01,zone_12,2025-08-29T00:00:00Z,122.27,0.347,112.34,976.51,6.7,evacuation
SNS-zone_13-01,zone_13,2025-08-29T00:00:00Z,27.01,0.034,45.98,160.42,6.7,safe
SNS-zone_14-01,zone_14,2025-08-29T00:00:00Z,35.12,0.041,44.05,168.16,6.7,safe
SNS-zone_15-01,zone_15,2025-08-29T00:00:00Z,30.92,0.04,45.53,167.57,6.7,safe
SNS-zone_16-01,zone_16,2025-08-29T00:00:00Z,34.46,0.039,36.35,171.08,6.7,safe
SNS-zone_01-01,zone_01,2025-08-30T00:00:00Z,35.18,0.043,46.13,166.9,9.7,safe
SNS-zone_02-01,zone_02,2025-08-30T00:00:00Z,42.72,0.052,35.33,176.41,9.7,safe
SNS-zone_03-01,zone_03,2025-08-30T00:00:00Z,32.93,0.041,38.71,164.98,9.7,safe
SNS-zone_04-01,zone_04,2025-08-30T00:00:00Z,47.7,0.052,44.34,200.04,9.7,safe
SNS-zone_05-01,zone_05,2025-08-30T00:00:00Z,36.88,0.045,48.48,170.78,9.7,safe
SNS-zone_06-01,zone_06,2025-08-30T00:00:00Z,83.22,0.189,72.47,505.88,9.7,warning
SNS-zone_07-01,zone_07,2025-08-30T00:00:00Z,79.7,0.181,83.76,503.5,9.7,warning
SNS-zone_08-01,zone_08,2025-08-30T00:00:00Z,72.69,0.178,83.17,497.78,9.7,warning
SNS-zone_09-01,zone_09,2025-08-30T00:00:00Z,23.93,0.028,34.83,128.4,9.7,safe
SNS-zone_10-01,zone_10,2025-08-30T00:00:00Z,82.0,0.165,82.91,519.85,9.7,warning
SNS-zone_11-01,zone_11,2025-08-30T00:00:00Z,124.12,0.378,129.81,983.27,9.7,evacuation
SNS-zone_12-01,zone_12,2025-08-30T00:00:00Z,124.68,0.366,112.2,935.36,9.7,evacuation
SNS-zone_13-01,zone_13,2025-08-30T00:00:00Z,22.97,0.031,47.62,147.47,9.7,safe
SNS-zone_14-01,zone_14,2025-08-30T00:00:00Z,32.15,0.036,45.63,176.99,9.7,safe
SNS-zone_15-01,zone_15,2025-08-30T00:00:00Z,25.29,0.033,45.71,153.96,9.7,safe
SNS-zone_16-01,zone_16,2025-08-30T00:00:00Z,34.11,0.049,36.67,161.86,9.7,safe
SNS-zone_01-01,zone_01,2025-08-31T00:00:00Z,36.52,0.042,45.64,175.4,1.3,safe
SNS-zone_02-01,zone_02,2025-08-31T00:00:00Z,43.6,0.052,36.71,176.65,1.3,safe
SNS-zone_03-01,zone_03,2025-08-31T00:00:00Z,42.39,0.056,38.35,171.19,1.3,safe
SNS-zone_04-01,zone_04,2025-08-31T00:00:00Z,43.61,0.046,44.45,196.51,1.3,safe
SNS-zone_05-01,zone_05,2025-08-31T00:00:00Z,38.25,0.041,46.66,180.72,1.3,safe
SNS-zone_06-01,zone_06,2025-08-31T00:00:00Z,81.52,0.173,73.65,513.5,1.3,warning
SNS-zone_07-01,zone_07,2025-08-31T00:00:00Z,70.8,0.166,80.95,504.16,1.3,warning
SNS-zone_08-01,zone_08,2025-08-31T00:00:00Z,68.67,0.159,79.2,461.6,1.3,warning
SNS-zone_09-01,zone_09,2025-08-31T00:00:00Z,24.72,0.036,37.41,151.38,1.3,safe
SNS-zone_10-01,zone_10,2025-08-31T00:00:00Z,75.84,0.17,76.92,493.45,1.3,warning
SNS-zone_11-01,zone_11,2025-08-31T00:00:00Z,123.24,0.371,122.95,982.29,1.3,evacuation
SNS-zone_12-01,zone_12,2025-08-31T00:00:00Z,123.29,0.397,110.94,980.63,1.3,evacuation
SNS-zone_13-01,zone_13,2025-08-31T00:00:00Z,26.08,0.031,48.61,156.98,1.3,safe
SNS-zone_14-01,zone_14,2025-08-31T00:00:00Z,33.32,0.033,41.26,175.61,1.3,safe
SNS-zone_15-01,zone_15,2025-08-31T00:00:00Z,22.62,0.038,43.49,138.46,1.3,safe
SNS-zone_16-01,zone_16,2025-08-31T00:00:00Z,34.33,0.041,38.18,170.94,1.3,safe
SNS-zone_01-01,zone_01,2025-09-01T00:00:00Z,35.12,0.046,43.13,168.08,7.1,safe
SNS-zone_02-01,zone_02,2025-09-01T00:00:00Z,41.8,0.048,36.26,177.56,7.1,safe
SNS-zone_03-01,zone_03,2025-09-01T00:00:00Z,35.46,0.041,37.5,165.29,7.1,safe
SNS-zone_04-01,zone_04,2025-09-01T00:00:00Z,46.11,0.056,43.72,192.19,7.1,safe
SNS-zone_05-01,zone_05,2025-09-01T00:00:00Z,35.64,0.037,47.24,182.6,7.1,safe
SNS-zone_06-01,zone_06,2025-09-01T00:00:00Z,79.23,0.174,70.72,496.3,7.1,warning
SNS-zone_07-01,zone_07,2025-09-01T00:00:00Z,76.12,0.186,83.13,489.84,7.1,warning
SNS-zone_08-01,zone_08,2025-09-01T00:00:00Z,72.09,0.161,80.5,490.55,7.1,warning
SNS-zone_09-01,zone_09,2025-09-01T00:00:00Z,23.02,0.033,33.72,137.31,7.1,safe
SNS-zone_10-01,zone_10,2025-09-01T00:00:00Z,76.04,0.167,79.78,497.59,7.1,warning
SNS-zone_11-01,zone_11,2025-09-01T00:00:00Z,122.91,0.376,124.92,993.7,7.1,evacuation
SNS-zone_12-01,zone_12,2025-09-01T00:00:00Z,124.54,0.351,111.08,967.79,7.1,evacuation
SNS-zone_13-01,zone_13,2025-09-01T00:00:00Z,22.02,0.025,46.58,139.87,7.1,safe
SNS-zone_14-01,zone_14,2025-09-01T00:00:00Z,34.18,0.043,42.69,168.06,7.1,safe
SNS-zone_15-01,zone_15,2025-09-01T00:00:00Z,26.29,0.033,47.92,156.51,7.1,safe
SNS-zone_16-01,zone_16,2025-09-01T00:00:00Z,32.65,0.045,36.8,152.19,7.1,safe
SNS-zone_01-01,zone_01,2025-09-02T00:00:00Z,41.27,0.046,48.5,190.92,23.6,safe
SNS-zone_02-01,zone_02,2025-09-02T00:00:00Z,48.85,0.056,36.33,193.19,23.6,safe
SNS-zone_03-01,zone_03,2025-09-02T00:00:00Z,42.99,0.052,39.41,176.4,23.6,safe
SNS-zone_04-01,zone_04,2025-09-02T00:00:00Z,47.77,0.049,50.08,208.58,23.6,safe
SNS-zone_05-01,zone_05,2025-09-02T00:00:00Z,41.56,0.047,50.81,195.09,23.6,safe
SNS-zone_06-01,zone_06,2025-09-02T00:00:00Z,87.76,0.197,78.87,528.59,23.6,warning
SNS-zone_07-01,zone_07,2025-09-02T00:00:00Z,83.68,0.189,85.67,521.99,23.6,warning
SNS-zone_08-01,zone_08,2025-09-02T00:00:00Z,77.56,0.172,80.98,500.0,23.6,warning
SNS-zone_09-01,zone_09,2025-09-02T00:00:00Z,26.77,0.034,36.87,162.21,23.6,safe
SNS-zone_10-01,zone_10,2025-09-02T00:00:00Z,87.53,0.185,88.35,529.29,23.6,warning
SNS-zone_11-01,zone_11,2025-09-02T00:00:00Z,133.86,0.426,143.48,1066.22,23.6,evacuation
SNS-zone_12-01,zone_12,2025-09-02T00:00:00Z,132.4,0.409,119.96,1020.94,23.6,evacuation
SNS-zone_13-01,zone_13,2025-09-02T00:00:00Z,28.17,0.039,52.56,160.36,23.6,safe
SNS-zone_14-01,zone_14,2025-09-02T00:00:00Z,35.76,0.038,45.79,173.71,23.6,safe
SNS-zone_15-01,zone_15,2025-09-02T00:00:00Z,33.5,0.037,47.87,180.93,23.6,safe
SNS-zone_16-01,zone_16,2025-09-02T00:00:00Z,36.93,0.038,40.24,171.46,23.6,safe
SNS-zone_01-01,zone_01,2025-09-03T00:00:00Z,52.3,0.062,49.7,219.92,22.6,safe
SNS-zone_02-01,zone_02,2025-09-03T00:00:00Z,50.13,0.054,38.08,201.97,22.6,safe
SNS-zone_03-01,zone_03,2025-09-03T00:00:00Z,45.74,0.057,41.31,189.68,22.6,safe
SNS-zone_04-01,zone_04,2025-09-03T00:00:00Z,52.42,0.055,51.54,219.24,22.6,warning
SNS-zone_05-01,zone_05,2025-09-03T00:00:00Z,49.57,0.058,53.28,212.48,22.6,safe
SNS-zone_06-01,zone_06,2025-09-03T00:00:00Z,102.27,0.199,78.49,566.13,22.6,warning
SNS-zone_07-01,zone_07,2025-09-03T00:00:00Z,94.56,0.195,96.8,570.52,22.6,warning
SNS-zone_08-01,zone_08,2025-09-03T00:00:00Z,90.67,0.194,89.85,551.66,22.6,warning
SNS-zone_09-01,zone_09,2025-09-03T00:00:00Z,34.6,0.042,39.42,164.32,22.6,safe
SNS-zone_10-01,zone_10,2025-09-03T00:00:00Z,100.68,0.211,91.64,580.71,22.6,warning
SNS-zone_11-01,zone_11,2025-09-03T00:00:00Z,137.16,0.416,150.49,1105.63,22.6,evacuation
SNS-zone_12-01,zone_12,2025-09-03T00:00:00Z,141.39,0.443,131.45,1086.82,22.6,evacuation
SNS-zone_13-01,zone_13,2025-09-03T00:00:00Z,29.31,0.043,50.77,161.24,22.6,safe
SNS-zone_14-01,zone_14,2025-09-03T00:00:00Z,39.02,0.047,49.49,182.98,22.6,safe
SNS-zone_15-01,zone_15,2025-09-03T00:00:00Z,33.55,0.045,51.72,173.43,22.6,safe
SNS-zone_16-01,zone_16,2025-09-03T00:00:00Z,40.33,0.046,40.83,176.91,22.6,safe
SNS-zone_01-01,zone_01,2025-09-04T00:00:00Z,64.92,0.073,55.1,249.6,42.0,warning
SNS-zone_02-01,zone_02,2025-09-04T00:00:00Z,58.15,0.067,45.52,224.57,42.0,safe
SNS-zone_03-01,zone_03,2025-09-04T00:00:00Z,61.78,0.07,45.12,227.37,42.0,warning
SNS-zone_04-01,zone_04,2025-09-04T00:00:00Z,60.99,0.065,54.61,228.47,42.0,warning
SNS-zone_05-01,zone_05,2025-09-04T00:00:00Z,54.78,0.059,59.31,230.35,42.0,safe
SNS-zone_06-01,zone_06,2025-09-04T00:00:00Z,112.92,0.241,93.19,616.67,42.0,evacuation
SNS-zone_07-01,zone_07,2025-09-04T00:00:00Z,118.42,0.255,108.05,657.59,42.0,evacuation
SNS-zone_08-01,zone_08,2025-09-04T00:00:00Z,101.93,0.216,97.95,586.11,42.0,warning
SNS-zone_09-01,zone_09,2025-09-04T00:00:00Z,44.67,0.05,46.53,189.0,42.0,safe
SNS-zone_10-01,zone_10,2025-09-04T00:00:00Z,122.27,0.248,103.13,651.21,42.0,evacuation
SNS-zone_11-01,zone_11,2025-09-04T00:00:00Z,152.89,0.433,173.6,1188.31,42.0,evacuation
SNS-zone_12-01,zone_12,2025-09-04T00:00:00Z,151.83,0.463,159.75,1171.79,42.0,evacuation
SNS-zone_13-01,zone_13,2025-09-04T00:00:00Z,35.71,0.042,56.81,191.42,42.0,safe
SNS-zone_14-01,zone_14,2025-09-04T00:00:00Z,45.88,0.048,54.02,216.54,42.0,safe
SNS-zone_15-01,zone_15,2025-09-04T00:00:00Z,43.93,0.05,56.78,207.05,42.0,safe
SNS-zone_16-01,zone_16,2025-09-04T00:00:00Z,44.67,0.044,47.41,190.85,42.0,safe
SNS-zone_01-01,zone_01,2025-09-05T00:00:00Z,58.11,0.058,52.8,225.11,2.6,safe
SNS-zone_02-01,zone_02,2025-09-05T00:00:00Z,51.55,0.062,39.64,195.42,2.6,safe
SNS-zone_03-01,zone_03,2025-09-05T00:00:00Z,58.38,0.066,44.65,222.21,2.6,warning
SNS-zone_04-01,zone_04,2025-09-05T00:00:00Z,56.48,0.066,54.82,238.82,2.6,warning
SNS-zone_05-01,zone_05,2025-09-05T00:00:00Z,52.68,0.052,58.02,224.94,2.6,safe
SNS-zone_06-01,zone_06,2025-09-05T00:00:00Z,105.83,0.221,89.02,595.67,2.6,warning
SNS-zone_07-01,zone_07,2025-09-05T00:00:00Z,107.78,0.234,102.32,612.53,2.6,warning
SNS-zone_08-01,zone_08,2025-09-05T00:00:00Z,94.37,0.206,94.5,570.75,2.6,warning
SNS-zone_09-01,zone_09,2025-09-05T00:00:00Z,42.62,0.049,41.9,191.52,2.6,safe
SNS-zone_10-01,zone_10,2025-09-05T00:00:00Z,110.78,0.215,101.64,609.3,2.6,evacuation
SNS-zone_11-01,zone_11,2025-09-05T00:00:00Z,144.08,0.436,170.62,1150.32,2.6,evacuation
SNS-zone_12-01,zone_12,2025-09-05T00:00:00Z,147.32,0.438,147.03,1117.78,2.6,evacuation
SNS-zone_13-01,zone_13,2025-09-05T00:00:00Z,35.52,0.044,52.49,183.24,2.6,safe
SNS-zone_14-01,zone_14,2025-09-05T00:00:00Z,43.25,0.044,54.49,196.64,2.6,safe
SNS-zone_15-01,zone_15,2025-09-05T00:00:00Z,39.12,0.04,56.23,198.38,2.6,safe
SNS-zone_16-01,zone_16,2025-09-05T00:00:00Z,44.16,0.05,44.66,183.59,2.6,safe
SNS-zone_01-01,zone_01,2025-09-06T00:00:00Z,57.08,0.066,52.76,227.98,6.1,safe
SNS-zone_02-01,zone_02,2025-09-06T00:00:00Z,57.93,0.064,39.46,214.07,6.1,safe
SNS-zone_03-01,zone_03,2025-09-06T00:00:00Z,53.56,0.062,42.82,207.07,6.1,warning
SNS-zone_04-01,zone_04,2025-09-06T00:00:00Z,53.89,0.053,51.21,219.53,6.1,warning
SNS-zone_05-01,zone_05,2025-09-06T00:00:00Z,49.75,0.052,57.67,220.6,6.1,safe
SNS-zone_06-01,zone_06,2025-09-06T00:00:00Z,96.88,0.207,87.83,566.57,6.1,warning
SNS-zone_07-01,zone_07,2025-09-06T00:00:00Z,100.43,0.22,101.51,590.45,6.1,warning
SNS-zone_08-01,zone_08,2025-09-06T00:00:00Z,90.92,0.188,87.75,543.28,6.1,warning
SNS-zone_09-01,zone_09,2025-09-06T00:00:00Z,34.32,0.043,39.45,165.03,6.1,safe
SNS-zone_10-01,zone_10,2025-09-06T00:00:00Z,100.2,0.212,95.14,589.42,6.1,warning
SNS-zone_11-01,zone_11,2025-09-06T00:00:00Z,138.78,0.437,156.29,1089.58,6.1,evacuation
SNS-zone_12-01,zone_12,2025-09-06T00:00:00Z,144.95,0.452,138.85,1090.54,6.1,evacuation
SNS-zone_13-01,zone_13,2025-09-06T00:00:00Z,31.87,0.036,55.47,175.81,6.1,safe
SNS-zone_14-01,zone_14,2025-09-06T00:00:00Z,44.19,0.05,51.23,196.5,6.1,safe
SNS-zone_15-01,zone_15,2025-09-06T00:00:00Z,36.25,0.039,52.89,169.28,6.1,safe
SNS-zone_16-01,zone_16,2025-09-06T00:00:00Z,39.13,0.044,43.6,186.79,6.1,safe
SNS-zone_01-01,zone_01,2025-09-07T00:00:00Z,50.57,0.063,51.25,214.32,7.9,safe
SNS-zone_02-01,zone_02,2025-09-07T00:00:00Z,55.44,0.066,41.23,223.51,7.9,safe
SNS-zone_03-01,zone_03,2025-09-07T00:00:00Z,48.58,0.056,41.79,199.12,7.9,warning
SNS-zone_04-01,zone_04,2025-09-07T00:00:00Z,51.34,0.057,49.83,202.59,7.9,safe
SNS-zone_05-01,zone_05,2025-09-07T00:00:00Z,45.78,0.051,54.63,207.62,7.9,safe
SNS-zone_06-01,zone_06,2025-09-07T00:00:00Z,95.72,0.206,84.25,543.59,7.9,warning
SNS-zone_07-01,zone_07,2025-09-07T00:00:00Z,94.44,0.2,98.35,561.68,7.9,warning
SNS-zone_08-01,zone_08,2025-09-07T00:00:00Z,87.65,0.178,87.27,537.1,7.9,warning
SNS-zone_09-01,zone_09,2025-09-07T00:00:00Z,33.98,0.041,39.64,161.44,7.9,safe
SNS-zone_10-01,zone_10,2025-09-07T00:00:00Z,97.63,0.23,93.28,588.56,7.9,warning
SNS-zone_11-01,zone_11,2025-09-07T00:00:00Z,137.84,0.435,154.4,1082.64,7.9,evacuation
SNS-zone_12-01,zone_12,2025-09-07T00:00:00Z,138.51,0.419,136.81,1083.28,7.9,evacuation
SNS-zone_13-01,zone_13,2025-09-07T00:00:00Z,33.77,0.042,50.6,177.21,7.9,safe
SNS-zone_14-01,zone_14,2025-09-07T00:00:00Z,40.83,0.048,51.12,183.09,7.9,safe
SNS-zone_15-01,zone_15,2025-09-07T00:00:00Z,36.81,0.04,51.2,178.65,7.9,safe
SNS-zone_16-01,zone_16,2025-09-07T00:00:00Z,39.68,0.05,42.18,170.62,7.9,safe
SNS-zone_01-01,zone_01,2025-09-08T00:00:00Z,51.93,0.061,49.59,200.73,5.8,safe
SNS-zone_02-01,zone_02,2025-09-08T00:00:00Z,50.93,0.054,39.69,205.64,5.8,safe
SNS-zone_03-01,zone_03,2025-09-08T00:00:00Z,46.37,0.056,41.05,200.95,5.8,safe
SNS-zone_04-01,zone_04,2025-09-08T00:00:00Z,47.43,0.056,49.39,205.75,5.8,safe
SNS-zone_05-01,zone_05,2025-09-08T00:00:00Z,47.73,0.051,52.9,201.74,5.8,safe
SNS-zone_06-01,zone_06,2025-09-08T00:00:00Z,98.19,0.218,81.02,550.11,5.8,warning
SNS-zone_07-01,zone_07,2025-09-08T00:00:00Z,94.44,0.193,96.88,561.48,5.8,warning
SNS-zone_08-01,zone_08,2025-09-08T00:00:00Z,79.6,0.18,88.07,518.49,5.8,warning
SNS-zone_09-01,zone_09,2025-09-08T00:00:00Z,30.51,0.043,36.14,150.12,5.8,safe
SNS-zone_10-01,zone_10,2025-09-08T00:00:00Z,95.6,0.202,89.71,565.07,5.8,warning
SNS-zone_11-01,zone_11,2025-09-08T00:00:00Z,139.81,0.43,152.64,1104.63,5.8,evacuation
SNS-zone_12-01,zone_12,2025-09-08T00:00:00Z,137.56,0.41,133.74,1057.39,5.8,evacuation
SNS-zone_13-01,zone_13,2025-09-08T00:00:00Z,28.7,0.036,51.92,160.04,5.8,safe
SNS-zone_14-01,zone_14,2025-09-08T00:00:00Z,38.69,0.047,50.31,171.72,5.8,safe
SNS-zone_15-01,zone_15,2025-09-08T00:00:00Z,29.87,0.036,51.77,157.13,5.8,safe
SNS-zone_16-01,zone_16,2025-09-08T00:00:00Z,38.18,0.051,39.98,176.97,5.8,safe
SNS-zone_01-01,zone_01,2025-09-09T00:00:00Z,43.67,0.042,47.99,194.52,1.6,safe
SNS-zone_02-01,zone_02,2025-09-09T00:00:00Z,47.25,0.052,36.13,189.24,1.6,safe
SNS-zone_03-01,zone_03,2025-09-09T00:00:00Z,40.94,0.051,40.99,176.61,1.6,safe
SNS-zone_04-01,zone_04,2025-09-09T00:00:00Z,47.63,0.056,48.09,205.84,1.6,safe
SNS-zone_05-01,zone_05,2025-09-09T00:00:00Z,47.48,0.056,51.35,205.13,1.6,safe
SNS-zone_06-01,zone_06,2025-09-09T00:00:00Z,88.56,0.189,81.43,523.49,1.6,warning
SNS-zone_07-01,zone_07,2025-09-09T00:00:00Z,81.97,0.177,91.96,533.12,1.6,warning
SNS-zone_08-01,zone_08,2025-09-09T00:00:00Z,82.67,0.182,85.77,512.06,1.6,warning
SNS-zone_09-01,zone_09,2025-09-09T00:00:00Z,29.77,0.042,36.4,153.02,1.6,safe
SNS-zone_10-01,zone_10,2025-09-09T00:00:00Z,85.08,0.19,84.61,519.13,1.6,warning
SNS-zone_11-01,zone_11,2025-09-09T00:00:00Z,130.85,0.379,137.38,1028.73,1.6,evacuation
SNS-zone_12-01,zone_12,2025-09-09T00:00:00Z,130.98,0.399,122.36,996.81,1.6,evacuation
SNS-zone_13-01,zone_13,2025-09-09T00:00:00Z,30.44,0.038,51.26,172.21,1.6,safe
SNS-zone_14-01,zone_14,2025-09-09T00:00:00Z,33.06,0.044,46.17,160.5,1.6,safe
SNS-zone_15-01,zone_15,2025-09-09T00:00:00Z,27.61,0.039,47.01,160.63,1.6,safe
SNS-zone_16-01,zone_16,2025-09-09T00:00:00Z,35.76,0.045,38.1,173.69,1.6,safe
SNS-zone_01-01,zone_01,2025-09-10T00:00:00Z,41.22,0.046,46.16,194.24,1.5,safe
SNS-zone_02-01,zone_02,2025-09-10T00:00:00Z,47.1,0.059,36.83,190.9,1.5,safe
SNS-zone_03-01,zone_03,2025-09-10T00:00:00Z,41.4,0.047,39.97,178.03,1.5,safe
SNS-zone_04-01,zone_04,2025-09-10T00:00:00Z,44.56,0.056,46.64,196.06,1.5,safe
SNS-zone_05-01,zone_05,2025-09-10T00:00:00Z,44.64,0.051,48.96,188.44,1.5,safe
SNS-zone_06-01,zone_06,2025-09-10T00:00:00Z,86.78,0.202,74.41,514.99,1.5,warning
SNS-zone_07-01,zone_07,2025-09-10T00:00:00Z,77.25,0.175,88.85,520.96,1.5,warning
SNS-zone_08-01,zone_08,2025-09-10T00:00:00Z,75.16,0.167,81.16,497.68,1.5,warning
SNS-zone_09-01,zone_09,2025-09-10T00:00:00Z,26.55,0.032,37.54,143.57,1.5,safe
SNS-zone_10-01,zone_10,2025-09-10T00:00:00Z,75.6,0.171,81.76,501.51,1.5,warning
SNS-zone_11-01,zone_11,2025-09-10T00:00:00Z,125.62,0.396,135.95,1027.96,1.5,evacuation
SNS-zone_12-01,zone_12,2025-09-10T00:00:00Z,129.47,0.382,114.43,1008.08,1.5,evacuation
SNS-zone_13-01,zone_13,2025-09-10T00:00:00Z,24.89,0.033,48.91,148.53,1.5,safe
SNS-zone_14-01,zone_14,2025-09-10T00:00:00Z,33.2,0.038,43.79,166.66,1.5,safe
SNS-zone_15-01,zone_15,2025-09-10T00:00:00Z,30.43,0.029,48.0,171.14,1.5,safe
SNS-zone_16-01,zone_16,2025-09-10T00:00:00Z,32.89,0.039,38.76,159.23,1.5,safe
SNS-zone_01-01,zone_01,2025-09-11T00:00:00Z,41.61,0.049,46.27,192.38,12.3,safe
SNS-zone_02-01,zone_02,2025-09-11T00:00:00Z,45.96,0.045,35.25,182.78,12.3,safe
SNS-zone_03-01,zone_03,2025-09-11T00:00:00Z,39.57,0.044,37.53,179.56,12.3,safe
SNS-zone_04-01,zone_04,2025-09-11T00:00:00Z,51.56,0.057,46.42,207.23,12.3,safe
SNS-zone_05-01,zone_05,2025-09-11T00:00:00Z,37.16,0.045,48.1,181.33,12.3,safe
SNS-zone_06-01,zone_06,2025-09-11T00:00:00Z,83.33,0.166,73.93,518.3,12.3,warning
SNS-zone_07-01,zone_07,2025-09-11T00:00:00Z,77.4,0.172,88.47,494.1,12.3,warning
SNS-zone_08-01,zone_08,2025-09-11T00:00:00Z,73.6,0.171,82.27,500.93,12.3,warning
SNS-zone_09-01,zone_09,2025-09-11T00:00:00Z,27.33,0.037,36.49,149.38,12.3,safe
SNS-zone_10-01,zone_10,2025-09-11T00:00:00Z,86.19,0.171,87.02,522.63,12.3,warning
SNS-zone_11-01,zone_11,2025-09-11T00:00:00Z,131.72,0.426,138.67,1035.25,12.3,evacuation
SNS-zone_12-01,zone_12,2025-09-11T00:00:00Z,129.5,0.406,124.15,997.35,12.3,evacuation
SNS-zone_13-01,zone_13,2025-09-11T00:00:00Z,25.94,0.037,47.7,162.94,12.3,safe
SNS-zone_14-01,zone_14,2025-09-11T00:00:00Z,35.56,0.041,45.76,168.0,12.3,safe
SNS-zone_15-01,zone_15,2025-09-11T00:00:00Z,28.39,0.038,48.54,157.27,12.3,safe
SNS-zone_16-01,zone_16,2025-09-11T00:00:00Z,32.57,0.045,37.73,156.84,12.3,safe
SNS-zone_01-01,zone_01,2025-09-12T00:00:00Z,52.23,0.062,49.93,215.32,26.6,safe
SNS-zone_02-01,zone_02,2025-09-12T00:00:00Z,50.83,0.059,39.08,208.46,26.6,safe
SNS-zone_03-01,zone_03,2025-09-12T00:00:00Z,47.73,0.049,42.61,199.24,26.6,warning
SNS-zone_04-01,zone_04,2025-09-12T00:00:00Z,52.54,0.056,49.88,206.75,26.6,warning
SNS-zone_05-01,zone_05,2025-09-12T00:00:00Z,47.73,0.053,53.62,224.12,26.6,safe
SNS-zone_06-01,zone_06,2025-09-12T00:00:00Z,104.9,0.211,81.93,580.13,26.6,warning
SNS-zone_07-01,zone_07,2025-09-12T00:00:00Z,92.35,0.203,96.98,555.95,26.6,warning
SNS-zone_08-01,zone_08,2025-09-12T00:00:00Z,85.07,0.178,90.47,530.54,26.6,warning
SNS-zone_09-01,zone_09,2025-09-12T00:00:00Z,36.98,0.044,40.56,181.24,26.6,safe
SNS-zone_10-01,zone_10,2025-09-12T00:00:00Z,96.83,0.206,91.09,577.07,26.6,warning
SNS-zone_11-01,zone_11,2025-09-12T00:00:00Z,139.66,0.415,153.63,1092.01,26.6,evacuation
SNS-zone_12-01,zone_12,2025-09-12T00:00:00Z,138.5,0.413,132.77,1054.88,26.6,evacuation
SNS-zone_13-01,zone_13,2025-09-12T00:00:00Z,31.44,0.039,51.12,166.11,26.6,safe
SNS-zone_14-01,zone_14,2025-09-12T00:00:00Z,39.94,0.054,50.13,187.58,26.6,safe
SNS-zone_15-01,zone_15,2025-09-12T00:00:00Z,31.02,0.04,49.8,171.22,26.6,safe
SNS-zone_16-01,zone_16,2025-09-12T00:00:00Z,42.46,0.046,42.12,186.43,26.6,safe
SNS-zone_01-01,zone_01,2025-09-13T00:00:00Z,46.16,0.046,48.02,197.62,2.8,safe
SNS-zone_02-01,zone_02,2025-09-13T00:00:00Z,52.37,0.06,36.65,207.96,2.8,safe
SNS-zone_03-01,zone_03,2025-09-13T00:00:00Z,38.17,0.038,40.75,173.78,2.8,safe
SNS-zone_04-01,zone_04,2025-09-13T00:00:00Z,49.95,0.058,47.56,212.43,2.8,safe
SNS-zone_05-01,zone_05,2025-09-13T00:00:00Z,43.7,0.049,52.58,200.19,2.8,safe
SNS-zone_06-01,zone_06,2025-09-13T00:00:00Z,92.17,0.204,78.95,541.99,2.8,warning
SNS-zone_07-01,zone_07,2025-09-13T00:00:00Z,88.27,0.183,93.2,554.55,2.8,warning
SNS-zone_08-01,zone_08,2025-09-13T00:00:00Z,78.42,0.165,86.53,526.84,2.8,warning
SNS-zone_09-01,zone_09,2025-09-13T00:00:00Z,30.56,0.042,39.6,162.76,2.8,safe
SNS-zone_10-01,zone_10,2025-09-13T00:00:00Z,88.37,0.198,90.45,552.75,2.8,warning
SNS-zone_11-01,zone_11,2025-09-13T00:00:00Z,134.88,0.395,146.43,1058.99,2.8,evacuation
SNS-zone_12-01,zone_12,2025-09-13T00:00:00Z,133.37,0.415,128.54,1014.77,2.8,evacuation
SNS-zone_13-01,zone_13,2025-09-13T00:00:00Z,30.13,0.042,51.98,180.7,2.8,safe
SNS-zone_14-01,zone_14,2025-09-13T00:00:00Z,39.57,0.047,48.46,184.69,2.8,safe
SNS-zone_15-01,zone_15,2025-09-13T00:00:00Z,30.18,0.04,50.06,170.17,2.8,safe
SNS-zone_16-01,zone_16,2025-09-13T00:00:00Z,38.2,0.041,41.9,180.76,2.8,safe
SNS-zone_01-01,zone_01,2025-09-14T00:00:00Z,51.0,0.056,50.64,212.85,17.9,safe
SNS-zone_02-01,zone_02,2025-09-14T00:00:00Z,48.75,0.059,38.69,194.08,17.9,safe
SNS-zone_03-01,zone_03,2025-09-14T00:00:00Z,49.01,0.061,43.09,203.24,17.9,warning
SNS-zone_04-01,zone_04,2025-09-14T00:00:00Z,55.78,0.058,47.54,221.72,17.9,warning
SNS-zone_05-01,zone_05,2025-09-14T00:00:00Z,51.09,0.057,53.13,221.43,17.9,safe
SNS-zone_06-01,zone_06,2025-09-14T00:00:00Z,100.52,0.218,79.89,567.28,17.9,warning
SNS-zone_07-01,zone_07,2025-09-14T00:00:00Z,98.2,0.21,95.17,579.22,17.9,warning
SNS-zone_08-01,zone_08,2025-09-14T00:00:00Z,88.96,0.195,88.82,549.34,17.9,warning
SNS-zone_09-01,zone_09,2025-09-14T00:00:00Z,34.12,0.036,40.8,162.52,17.9,safe
SNS-zone_10-01,zone_10,2025-09-14T00:00:00Z,100.58,0.216,88.09,576.89,17.9,warning
SNS-zone_11-01,zone_11,2025-09-14T00:00:00Z,141.6,0.428,148.97,1092.27,17.9,evacuation
SNS-zone_12-01,zone_12,2025-09-14T00:00:00Z,134.55,0.397,129.68,1052.96,17.9,evacuation
SNS-zone_13-01,zone_13,2025-09-14T00:00:00Z,32.48,0.035,52.22,172.67,17.9,safe
SNS-zone_14-01,zone_14,2025-09-14T00:00:00Z,41.08,0.049,48.75,188.57,17.9,safe
SNS-zone_15-01,zone_15,2025-09-14T00:00:00Z,31.74,0.042,51.65,169.35,17.9,safe
SNS-zone_16-01,zone_16,2025-09-14T00:00:00Z,41.53,0.045,43.02,185.83,17.9,safe
SNS-zone_01-01,zone_01,2025-09-15T00:00:00Z,49.94,0.053,48.7,206.86,12.3,safe
SNS-zone_02-01,zone_02,2025-09-15T00:00:00Z,53.92,0.055,41.32,207.51,12.3,safe
SNS-zone_03-01,zone_03,2025-09-15T00:00:00Z,51.23,0.056,40.59,207.95,12.3,warning
SNS-zone_04-01,zone_04,2025-09-15T00:00:00Z,52.22,0.059,50.7,212.24,12.3,warning
SNS-zone_05-01,zone_05,2025-09-15T00:00:00Z,46.94,0.052,51.0,217.79,12.3,safe
SNS-zone_06-01,zone_06,2025-09-15T00:00:00Z,99.86,0.214,80.85,562.66,12.3,warning
SNS-zone_07-01,zone_07,2025-09-15T00:00:00Z,91.04,0.21,100.27,571.63,12.3,warning
SNS-zone_08-01,zone_08,2025-09-15T00:00:00Z,81.92,0.194,86.79,528.38,12.3,warning
SNS-zone_09-01,zone_09,2025-09-15T00:00:00Z,37.22,0.047,39.66,170.0,12.3,safe
SNS-zone_10-01,zone_10,2025-09-15T00:00:00Z,100.93,0.22,90.45,570.71,12.3,warning
SNS-zone_11-01,zone_11,2025-09-15T00:00:00Z,134.96,0.403,156.35,1076.93,12.3,evacuation
SNS-zone_12-01,zone_12,2025-09-15T00:00:00Z,140.2,0.425,127.41,1053.74,12.3,evacuation
SNS-zone_13-01,zone_13,2025-09-15T00:00:00Z,33.34,0.042,53.65,175.79,12.3,safe
SNS-zone_14-01,zone_14,2025-09-15T00:00:00Z,39.63,0.044,49.6,201.47,12.3,safe
SNS-zone_15-01,zone_15,2025-09-15T00:00:00Z,33.62,0.04,53.28,176.0,12.3,safe
SNS-zone_16-01,zone_16,2025-09-15T00:00:00Z,40.75,0.05,41.83,182.65,12.3,safe
SNS-zone_01-01,zone_01,2025-09-16T00:00:00Z,55.3,0.061,51.64,232.74,19.5,safe
SNS-zone_02-01,zone_02,2025-09-16T00:00:00Z,49.34,0.055,40.33,200.49,19.5,safe
SNS-zone_03-01,zone_03,2025-09-16T00:00:00Z,48.87,0.052,44.1,197.49,19.5,warning
SNS-zone_04-01,zone_04,2025-09-16T00:00:00Z,53.1,0.053,51.31,214.69,19.5,warning
SNS-zone_05-01,zone_05,2025-09-16T00:00:00Z,53.04,0.055,56.78,224.57,19.5,safe
SNS-zone_06-01,zone_06,2025-09-16T00:00:00Z,98.22,0.205,83.05,568.5,19.5,warning
SNS-zone_07-01,zone_07,2025-09-16T00:00:00Z,102.24,0.21,99.21,587.37,19.5,warning
SNS-zone_08-01,zone_08,2025-09-16T00:00:00Z,86.61,0.182,90.23,520.16,19.5,warning
SNS-zone_09-01,zone_09,2025-09-16T00:00:00Z,36.3,0.032,42.05,178.48,19.5,safe
SNS-zone_10-01,zone_10,2025-09-16T00:00:00Z,100.98,0.215,96.84,604.51,19.5,warning
SNS-zone_11-01,zone_11,2025-09-16T00:00:00Z,148.14,0.46,163.79,1160.03,19.5,evacuation
SNS-zone_12-01,zone_12,2025-09-16T00:00:00Z,142.86,0.453,138.47,1077.79,19.5,evacuation
SNS-zone_13-01,zone_13,2025-09-16T00:00:00Z,35.34,0.043,54.84,175.28,19.5,safe
SNS-zone_14-01,zone_14,2025-09-16T00:00:00Z,42.73,0.048,50.3,191.33,19.5,safe
SNS-zone_15-01,zone_15,2025-09-16T00:00:00Z,35.31,0.047,53.69,166.9,19.5,safe
SNS-zone_16-01,zone_16,2025-09-16T00:00:00Z,39.87,0.046,44.52,176.45,19.5,safe
SNS-zone_01-01,zone_01,2025-09-17T00:00:00Z,48.6,0.054,49.92,197.24,1.2,safe
SNS-zone_02-01,zone_02,2025-09-17T00:00:00Z,46.53,0.051,37.89,192.82,1.2,safe
SNS-zone_03-01,zone_03,2025-09-17T00:00:00Z,43.78,0.049,40.54,192.97,1.2,safe
SNS-zone_04-01,zone_04,2025-09-17T00:00:00Z,51.91,0.061,49.84,216.63,1.2,warning
SNS-zone_05-01,zone_05,2025-09-17T00:00:00Z,47.66,0.054,49.92,200.71,1.2,safe
SNS-zone_06-01,zone_06,2025-09-17T00:00:00Z,92.8,0.195,78.94,548.07,1.2,warning
SNS-zone_07-01,zone_07,2025-09-17T00:00:00Z,93.49,0.213,94.79,573.98,1.2,warning
SNS-zone_08-01,zone_08,2025-09-17T00:00:00Z,87.14,0.193,86.97,542.43,1.2,warning
SNS-zone_09-01,zone_09,2025-09-17T00:00:00Z,30.84,0.04,37.51,151.26,1.2,safe
SNS-zone_10-01,zone_10,2025-09-17T00:00:00Z,90.82,0.187,91.34,569.97,1.2,warning
SNS-zone_11-01,zone_11,2025-09-17T00:00:00Z,142.08,0.443,147.43,1102.17,1.2,evacuation
SNS-zone_12-01,zone_12,2025-09-17T00:00:00Z,137.58,0.411,126.19,1052.53,1.2,evacuation
SNS-zone_13-01,zone_13,2025-09-17T00:00:00Z,32.27,0.045,51.19,177.33,1.2,safe
SNS-zone_14-01,zone_14,2025-09-17T00:00:00Z,39.72,0.045,47.16,187.08,1.2,safe
SNS-zone_15-01,zone_15,2025-09-17T00:00:00Z,31.85,0.039,52.92,167.66,1.2,safe
SNS-zone_16-01,zone_16,2025-09-17T00:00:00Z,40.2,0.051,40.71,173.78,1.2,safe
SNS-zone_01-01,zone_01,2025-09-18T00:00:00Z,49.06,0.056,47.9,204.86,1.4,safe
SNS-zone_02-01,zone_02,2025-09-18T00:00:00Z,41.44,0.055,35.67,176.7,1.4,safe
SNS-zone_03-01,zone_03,2025-09-18T00:00:00Z,40.58,0.048,40.33,170.52,1.4,safe
SNS-zone_04-01,zone_04,2025-09-18T00:00:00Z,47.14,0.048,48.15,206.06,1.4,safe
SNS-zone_05-01,zone_05,2025-09-18T00:00:00Z,42.66,0.05,49.24,193.27,1.4,safe
SNS-zone_06-01,zone_06,2025-09-18T00:00:00Z,89.39,0.182,76.85,514.85,1.4,warning
SNS-zone_07-01,zone_07,2025-09-18T00:00:00Z,87.58,0.198,89.4,538.71,1.4,warning
SNS-zone_08-01,zone_08,2025-09-18T00:00:00Z,76.6,0.174,83.37,514.11,1.4,warning
SNS-zone_09-01,zone_09,2025-09-18T00:00:00Z,30.09,0.034,37.67,156.86,1.4,safe
SNS-zone_10-01,zone_10,2025-09-18T00:00:00Z,85.09,0.193,87.82,527.48,1.4,warning
SNS-zone_11-01,zone_11,2025-09-18T00:00:00Z,130.68,0.407,139.89,1060.49,1.4,evacuation
SNS-zone_12-01,zone_12,2025-09-18T00:00:00Z,134.54,0.404,119.79,1009.9,1.4,evacuation
SNS-zone_13-01,zone_13,2025-09-18T00:00:00Z,25.57,0.031,48.48,160.3,1.4,safe
SNS-zone_14-01,zone_14,2025-09-18T00:00:00Z,32.94,0.04,47.2,166.13,1.4,safe
SNS-zone_15-01,zone_15,2025-09-18T00:00:00Z,32.34,0.036,48.46,169.88,1.4,safe
SNS-zone_16-01,zone_16,2025-09-18T00:00:00Z,36.59,0.04,40.97,171.78,1.4,safe
SNS-zone_01-01,zone_01,2025-09-19T00:00:00Z,37.91,0.048,46.29,185.4,1.2,safe
SNS-zone_02-01,zone_02,2025-09-19T00:00:00Z,44.14,0.052,37.91,182.0,1.2,safe
SNS-zone_03-01,zone_03,2025-09-19T00:00:00Z,38.08,0.053,36.55,163.5,1.2,safe
SNS-zone_04-01,zone_04,2025-09-19T00:00:00Z,44.14,0.054,45.08,197.59,1.2,safe
SNS-zone_05-01,zone_05,2025-09-19T00:00:00Z,42.98,0.043,47.64,189.2,1.2,safe
SNS-zone_06-01,zone_06,2025-09-19T00:00:00Z,83.25,0.191,74.8,518.78,1.2,warning
SNS-zone_07-01,zone_07,2025-09-19T00:00:00Z,79.91,0.165,86.05,519.0,1.2,warning
SNS-zone_08-01,zone_08,2025-09-19T00:00:00Z,72.11,0.161,77.7,476.05,1.2,warning
SNS-zone_09-01,zone_09,2025-09-19T00:00:00Z,27.27,0.029,34.47,141.31,1.2,safe
SNS-zone_10-01,zone_10,2025-09-19T00:00:00Z,78.47,0.184,84.31,518.04,1.2,warning
SNS-zone_11-01,zone_11,2025-09-19T00:00:00Z,128.25,0.386,136.45,1014.79,1.2,evacuation
SNS-zone_12-01,zone_12,2025-09-19T00:00:00Z,127.59,0.412,118.24,969.8,1.2,evacuation
SNS-zone_13-01,zone_13,2025-09-19T00:00:00Z,25.77,0.041,46.67,150.62,1.2,safe
SNS-zone_14-01,zone_14,2025-09-19T00:00:00Z,31.4,0.042,43.15,160.69,1.2,safe
SNS-zone_15-01,zone_15,2025-09-19T00:00:00Z,29.79,0.042,45.35,163.89,1.2,safe
SNS-zone_16-01,zone_16,2025-09-19T00:00:00Z,34.07,0.041,37.21,169.37,1.2,safe
SNS-zone_01-01,zone_01,2025-09-20T00:00:00Z,35.34,0.037,46.08,180.85,1.4,safe
SNS-zone_02-01,zone_02,2025-09-20T00:00:00Z,43.96,0.055,33.8,184.34,1.4,safe
SNS-zone_03-01,zone_03,2025-09-20T00:00:00Z,35.65,0.039,39.1,173.84,1.4,safe
SNS-zone_04-01,zone_04,2025-09-20T00:00:00Z,46.52,0.054,45.47,193.41,1.4,safe
SNS-zone_05-01,zone_05,2025-09-20T00:00:00Z,38.58,0.051,47.44,183.11,1.4,safe
SNS-zone_06-01,zone_06,2025-09-20T00:00:00Z,86.25,0.194,73.2,516.01,1.4,warning
SNS-zone_07-01,zone_07,2025-09-20T00:00:00Z,74.44,0.176,80.6,479.7,1.4,warning
SNS-zone_08-01,zone_08,2025-09-20T00:00:00Z,70.13,0.172,80.44,480.3,1.4,warning
SNS-zone_09-01,zone_09,2025-09-20T00:00:00Z,27.01,0.036,36.0,153.21,1.4,safe
SNS-zone_10-01,zone_10,2025-09-20T00:00:00Z,80.92,0.175,77.98,496.31,1.4,warning
SNS-zone_11-01,zone_11,2025-09-20T00:00:00Z,122.43,0.391,127.24,972.73,1.4,evacuation
SNS-zone_12-01,zone_12,2025-09-20T00:00:00Z,123.1,0.386,109.66,961.89,1.4,evacuation
SNS-zone_13-01,zone_13,2025-09-20T00:00:00Z,23.08,0.038,47.8,146.73,1.4,safe
SNS-zone_14-01,zone_14,2025-09-20T00:00:00Z,32.41,0.042,44.67,169.64,1.4,safe
SNS-zone_15-01,zone_15,2025-09-20T00:00:00Z,29.91,0.04,44.38,151.47,1.4,safe
SNS-zone_16-01,zone_16,2025-09-20T00:00:00Z,34.03,0.041,35.09,164.09,1.4,safe
SNS-zone_01-01,zone_01,2025-09-21T00:00:00Z,38.63,0.043,44.71,174.74,0.6,safe
SNS-zone_02-01,zone_02,2025-09-21T00:00:00Z,41.35,0.045,34.01,170.58,0.6,safe
SNS-zone_03-01,zone_03,2025-09-21T00:00:00Z,33.2,0.046,37.86,162.22,0.6,safe
SNS-zone_04-01,zone_04,2025-09-21T00:00:00Z,44.46,0.049,43.53,190.77,0.6,safe
SNS-zone_05-01,zone_05,2025-09-21T00:00:00Z,36.31,0.047,45.96,170.33,0.6,safe
SNS-zone_06-01,zone_06,2025-09-21T00:00:00Z,84.64,0.186,68.7,522.16,0.6,warning
SNS-zone_07-01,zone_07,2025-09-21T00:00:00Z,70.64,0.174,81.3,474.51,0.6,warning
SNS-zone_08-01,zone_08,2025-09-21T00:00:00Z,71.85,0.165,76.22,474.88,0.6,warning
SNS-zone_09-01,zone_09,2025-09-21T00:00:00Z,24.84,0.037,34.54,135.97,0.6,safe
SNS-zone_10-01,zone_10,2025-09-21T00:00:00Z,70.34,0.164,77.89,480.31,0.6,warning
SNS-zone_11-01,zone_11,2025-09-21T00:00:00Z,104.64,0.318,120.11,906.29,0.6,evacuation
SNS-zone_12-01,zone_12,2025-09-21T00:00:00Z,99.24,0.318,111.13,875.81,0.6,warning
SNS-zone_13-01,zone_13,2025-09-21T00:00:00Z,20.11,0.028,46.88,137.16,0.6,safe
SNS-zone_14-01,zone_14,2025-09-21T00:00:00Z,31.48,0.039,43.25,153.52,0.6,safe
SNS-zone_15-01,zone_15,2025-09-21T00:00:00Z,22.93,0.034,41.93,150.19,0.6,safe
SNS-zone_16-01,zone_16,2025-09-21T00:00:00Z,33.79,0.039,37.32,156.42,0.6,safe
SNS-zone_01-01,zone_01,2025-09-22T00:00:00Z,30.56,0.038,43.09,152.57,0.0,safe
SNS-zone_02-01,zone_02,2025-09-22T00:00:00Z,41.02,0.044,33.06,177.87,0.0,safe
SNS-zone_03-01,zone_03,2025-09-22T00:00:00Z,30.96,0.035,37.36,147.19,0.0,safe
SNS-zone_04-01,zone_04,2025-09-22T00:00:00Z,43.05,0.049,43.23,184.59,0.0,safe
SNS-zone_05-01,zone_05,2025-09-22T00:00:00Z,33.91,0.047,45.25,160.32,0.0,safe
SNS-zone_06-01,zone_06,2025-09-22T00:00:00Z,78.97,0.171,68.47,488.94,0.0,warning
SNS-zone_07-01,zone_07,2025-09-22T00:00:00Z,66.19,0.157,80.74,474.37,0.0,warning
SNS-zone_08-01,zone_08,2025-09-22T00:00:00Z,64.55,0.156,75.17,462.02,0.0,warning
SNS-zone_09-01,zone_09,2025-09-22T00:00:00Z,21.97,0.035,33.16,132.43,0.0,safe
SNS-zone_10-01,zone_10,2025-09-22T00:00:00Z,70.46,0.164,74.26,472.0,0.0,warning
SNS-zone_11-01,zone_11,2025-09-22T00:00:00Z,99.39,0.313,120.03,884.75,0.0,warning
SNS-zone_12-01,zone_12,2025-09-22T00:00:00Z,105.1,0.31,101.52,884.2,0.0,evacuation
SNS-zone_13-01,zone_13,2025-09-22T00:00:00Z,21.31,0.029,44.36,132.19,0.0,safe
SNS-zone_14-01,zone_14,2025-09-22T00:00:00Z,29.53,0.036,39.34,152.79,0.0,safe
SNS-zone_15-01,zone_15,2025-09-22T00:00:00Z,21.9,0.032,42.36,141.03,0.0,safe
SNS-zone_16-01,zone_16,2025-09-22T00:00:00Z,27.72,0.028,34.81,147.48,0.0,safe
SNS-zone_01-01,zone_01,2025-09-23T00:00:00Z,33.01,0.046,41.88,159.9,5.6,safe
SNS-zone_02-01,zone_02,2025-09-23T00:00:00Z,40.01,0.044,35.27,173.19,5.6,safe
SNS-zone_03-01,zone_03,2025-09-23T00:00:00Z,31.01,0.048,36.46,149.05,5.6,safe
SNS-zone_04-01,zone_04,2025-09-23T00:00:00Z,36.57,0.046,41.51,172.97,5.6,safe
SNS-zone_05-01,zone_05,2025-09-23T00:00:00Z,33.9,0.036,43.78,170.14,5.6,safe
SNS-zone_06-01,zone_06,2025-09-23T00:00:00Z,76.31,0.166,69.71,485.74,5.6,warning
SNS-zone_07-01,zone_07,2025-09-23T00:00:00Z,66.26,0.163,78.52,467.32,5.6,warning
SNS-zone_08-01,zone_08,2025-09-23T00:00:00Z,61.97,0.144,74.65,470.6,5.6,warning
SNS-zone_09-01,zone_09,2025-09-23T00:00:00Z,17.54,0.022,33.27,129.11,5.6,safe
SNS-zone_10-01,zone_10,2025-09-23T00:00:00Z,71.11,0.154,77.11,485.63,5.6,warning
SNS-zone_11-01,zone_11,2025-09-23T00:00:00Z,99.13,0.318,117.2,886.21,5.6,warning
SNS-zone_12-01,zone_12,2025-09-23T00:00:00Z,98.34,0.304,107.04,841.71,5.6,warning
SNS-zone_13-01,zone_13,2025-09-23T00:00:00Z,20.24,0.031,46.43,137.38,5.6,safe
SNS-zone_14-01,zone_14,2025-09-23T00:00:00Z,32.6,0.041,40.95,160.84,5.6,safe
SNS-zone_15-01,zone_15,2025-09-23T00:00:00Z,22.31,0.031,44.74,135.77,5.6,safe
SNS-zone_16-01,zone_16,2025-09-23T00:00:00Z,33.09,0.038,35.95,161.27,5.6,safe
SNS-zone_01-01,zone_01,2025-09-24T00:00:00Z,44.79,0.046,47.39,200.0,32.6,safe
SNS-zone_02-01,zone_02,2025-09-24T00:00:00Z,49.67,0.054,34.55,197.51,32.6,safe
SNS-zone_03-01,zone_03,2025-09-24T00:00:00Z,44.11,0.05,42.09,189.48,32.6,safe
SNS-zone_04-01,zone_04,2025-09-24T00:00:00Z,45.02,0.042,48.62,195.91,32.6,safe
SNS-zone_05-01,zone_05,2025-09-24T00:00:00Z,39.82,0.044,49.54,190.76,32.6,safe
SNS-zone_06-01,zone_06,2025-09-24T00:00:00Z,91.37,0.195,74.94,540.49,32.6,warning
SNS-zone_07-01,zone_07,2025-09-24T00:00:00Z,83.05,0.174,95.04,535.25,32.6,warning
SNS-zone_08-01,zone_08,2025-09-24T00:00:00Z,75.48,0.17,86.22,501.18,32.6,warning
SNS-zone_09-01,zone_09,2025-09-24T00:00:00Z,30.08,0.042,39.29,161.34,32.6,safe
SNS-zone_10-01,zone_10,2025-09-24T00:00:00Z,87.38,0.19,88.1,528.94,32.6,warning
SNS-zone_11-01,zone_11,2025-09-24T00:00:00Z,134.98,0.397,140.93,1064.01,32.6,evacuation
SNS-zone_12-01,zone_12,2025-09-24T00:00:00Z,131.93,0.421,129.29,1027.15,32.6,evacuation
SNS-zone_13-01,zone_13,2025-09-24T00:00:00Z,27.91,0.037,49.2,163.87,32.6,safe
SNS-zone_14-01,zone_14,2025-09-24T00:00:00Z,39.12,0.046,46.96,182.07,32.6,safe
SNS-zone_15-01,zone_15,2025-09-24T00:00:00Z,28.52,0.035,48.72,162.96,32.6,safe
SNS-zone_16-01,zone_16,2025-09-24T00:00:00Z,36.14,0.042,40.04,164.41,32.6,safe
SNS-zone_01-01,zone_01,2025-09-25T00:00:00Z,43.6,0.051,46.88,184.76,0.5,safe
SNS-zone_02-01,zone_02,2025-09-25T00:00:00Z,46.49,0.05,36.22,180.67,0.5,safe
SNS-zone_03-01,zone_03,2025-09-25T00:00:00Z,39.04,0.041,37.91,175.08,0.5,safe
SNS-zone_04-01,zone_04,2025-09-25T00:00:00Z,44.3,0.054,48.11,201.85,0.5,safe
SNS-zone_05-01,zone_05,2025-09-25T00:00:00Z,39.09,0.044,52.82,184.21,0.5,safe
SNS-zone_06-01,zone_06,2025-09-25T00:00:00Z,84.14,0.185,77.32,507.66,0.5,warning
SNS-zone_07-01,zone_07,2025-09-25T00:00:00Z,78.42,0.181,89.27,504.09,0.5,warning
SNS-zone_08-01,zone_08,2025-09-25T00:00:00Z,67.79,0.149,82.83,478.82,0.5,warning
SNS-zone_09-01,zone_09,2025-09-25T00:00:00Z,28.03,0.028,36.71,150.48,0.5,safe
SNS-zone_10-01,zone_10,2025-09-25T00:00:00Z,84.74,0.171,81.5,529.75,0.5,warning
SNS-zone_11-01,zone_11,2025-09-25T00:00:00Z,131.69,0.396,132.07,1034.98,0.5,evacuation
SNS-zone_12-01,zone_12,2025-09-25T00:00:00Z,124.74,0.4,116.47,971.93,0.5,evacuation
SNS-zone_13-01,zone_13,2025-09-25T00:00:00Z,27.56,0.038,47.93,158.99,0.5,safe
SNS-zone_14-01,zone_14,2025-09-25T00:00:00Z,34.91,0.038,44.44,167.32,0.5,safe
SNS-zone_15-01,zone_15,2025-09-25T00:00:00Z,26.7,0.029,47.63,158.81,0.5,safe
SNS-zone_16-01,zone_16,2025-09-25T00:00:00Z,35.29,0.045,38.98,173.87,0.5,safe
SNS-zone_01-01,zone_01,2025-09-26T00:00:00Z,45.14,0.046,47.93,191.05,13.5,safe
SNS-zone_02-01,zone_02,2025-09-26T00:00:00Z,44.37,0.045,37.86,186.94,13.5,safe
SNS-zone_03-01,zone_03,2025-09-26T00:00:00Z,40.91,0.044,40.16,170.63,13.5,safe
SNS-zone_04-01,zone_04,2025-09-26T00:00:00Z,45.63,0.048,46.45,198.6,13.5,safe
SNS-zone_05-01,zone_05,2025-09-26T00:00:00Z,41.88,0.044,50.78,195.98,13.5,safe
SNS-zone_06-01,zone_06,2025-09-26T00:00:00Z,90.66,0.207,76.5,527.12,13.5,warning
SNS-zone_07-01,zone_07,2025-09-26T00:00:00Z,85.43,0.191,92.11,540.58,13.5,warning
SNS-zone_08-01,zone_08,2025-09-26T00:00:00Z,74.86,0.168,84.3,492.35,13.5,warning
SNS-zone_09-01,zone_09,2025-09-26T00:00:00Z,26.67,0.03,37.27,146.79,13.5,safe
SNS-zone_10-01,zone_10,2025-09-26T00:00:00Z,83.08,0.187,83.99,518.11,13.5,warning
SNS-zone_11-01,zone_11,2025-09-26T00:00:00Z,129.41,0.386,136.96,1025.12,13.5,evacuation
SNS-zone_12-01,zone_12,2025-09-26T00:00:00Z,136.74,0.41,121.62,1042.59,13.5,evacuation
SNS-zone_13-01,zone_13,2025-09-26T00:00:00Z,29.03,0.037,51.46,170.92,13.5,safe
SNS-zone_14-01,zone_14,2025-09-26T00:00:00Z,34.24,0.045,47.02,170.74,13.5,safe
SNS-zone_15-01,zone_15,2025-09-26T00:00:00Z,29.54,0.04,47.44,171.13,13.5,safe
SNS-zone_16-01,zone_16,2025-09-26T00:00:00Z,33.13,0.036,39.92,161.38,13.5,safe
SNS-zone_01-01,zone_01,2025-09-27T00:00:00Z,49.42,0.057,50.27,210.24,20.0,safe
SNS-zone_02-01,zone_02,2025-09-27T00:00:00Z,49.69,0.06,39.03,190.28,20.0,safe
SNS-zone_03-01,zone_03,2025-09-27T00:00:00Z,49.74,0.05,40.7,202.9,20.0,warning
SNS-zone_04-01,zone_04,2025-09-27T00:00:00Z,49.82,0.047,49.82,200.52,20.0,safe
SNS-zone_05-01,zone_05,2025-09-27T00:00:00Z,42.75,0.047,51.22,184.15,20.0,safe
SNS-zone_06-01,zone_06,2025-09-27T00:00:00Z,94.4,0.194,84.08,563.62,20.0,warning
SNS-zone_07-01,zone_07,2025-09-27T00:00:00Z,89.43,0.19,96.72,555.24,20.0,warning
SNS-zone_08-01,zone_08,2025-09-27T00:00:00Z,82.04,0.167,85.33,511.09,20.0,warning
SNS-zone_09-01,zone_09,2025-09-27T00:00:00Z,35.94,0.043,37.58,171.99,20.0,safe
SNS-zone_10-01,zone_10,2025-09-27T00:00:00Z,93.28,0.182,89.79,568.32,20.0,warning
SNS-zone_11-01,zone_11,2025-09-27T00:00:00Z,139.79,0.411,144.67,1096.75,20.0,evacuation
SNS-zone_12-01,zone_12,2025-09-27T00:00:00Z,133.81,0.463,130.14,1028.45,20.0,evacuation
SNS-zone_13-01,zone_13,2025-09-27T00:00:00Z,30.52,0.039,52.37,163.46,20.0,safe
SNS-zone_14-01,zone_14,2025-09-27T00:00:00Z,40.43,0.043,48.08,184.08,20.0,safe
SNS-zone_15-01,zone_15,2025-09-27T00:00:00Z,35.96,0.043,52.1,199.21,20.0,safe
SNS-zone_16-01,zone_16,2025-09-27T00:00:00Z,37.28,0.048,40.92,171.04,20.0,safe
SNS-zone_01-01,zone_01,2025-09-28T00:00:00Z,45.67,0.049,47.43,199.36,3.5,safe
SNS-zone_02-01,zone_02,2025-09-28T00:00:00Z,46.15,0.057,36.51,189.05,3.5,safe
SNS-zone_03-01,zone_03,2025-09-28T00:00:00Z,39.6,0.044,40.79,183.32,3.5,safe
SNS-zone_04-01,zone_04,2025-09-28T00:00:00Z,47.67,0.056,48.48,200.59,3.5,safe
SNS-zone_05-01,zone_05,2025-09-28T00:00:00Z,42.65,0.054,50.87,200.92,3.5,safe
SNS-zone_06-01,zone_06,2025-09-28T00:00:00Z,93.14,0.2,79.79,551.44,3.5,warning
SNS-zone_07-01,zone_07,2025-09-28T00:00:00Z,85.38,0.192,88.49,542.95,3.5,warning
SNS-zone_08-01,zone_08,2025-09-28T00:00:00Z,76.0,0.178,86.64,504.0,3.5,warning
SNS-zone_09-01,zone_09,2025-09-28T00:00:00Z,29.59,0.034,37.93,155.88,3.5,safe
SNS-zone_10-01,zone_10,2025-09-28T00:00:00Z,87.86,0.187,89.18,541.3,3.5,warning
SNS-zone_11-01,zone_11,2025-09-28T00:00:00Z,129.93,0.394,142.52,1038.88,3.5,evacuation
SNS-zone_12-01,zone_12,2025-09-28T00:00:00Z,135.22,0.432,126.65,1028.71,3.5,evacuation
SNS-zone_13-01,zone_13,2025-09-28T00:00:00Z,28.98,0.034,50.49,163.61,3.5,safe
SNS-zone_14-01,zone_14,2025-09-28T00:00:00Z,39.76,0.049,44.92,176.72,3.5,safe
SNS-zone_15-01,zone_15,2025-09-28T00:00:00Z,33.01,0.047,50.87,178.47,3.5,safe
SNS-zone_16-01,zone_16,2025-09-28T00:00:00Z,39.08,0.046,40.32,168.3,3.5,safe
SNS-zone_01-01,zone_01,2025-09-29T00:00:00Z,41.84,0.051,48.81,184.89,0.7,safe
SNS-zone_02-01,zone_02,2025-09-29T00:00:00Z,45.53,0.055,34.89,187.19,0.7,safe
SNS-zone_03-01,zone_03,2025-09-29T00:00:00Z,41.45,0.042,38.91,173.66,0.7,safe
SNS-zone_04-01,zone_04,2025-09-29T00:00:00Z,45.88,0.054,47.83,197.06,0.7,safe
SNS-zone_05-01,zone_05,2025-09-29T00:00:00Z,37.43,0.042,48.86,178.37,0.7,safe
SNS-zone_06-01,zone_06,2025-09-29T00:00:00Z,84.19,0.177,69.35,500.87,0.7,warning
SNS-zone_07-01,zone_07,2025-09-29T00:00:00Z,80.12,0.172,87.47,522.22,0.7,warning
SNS-zone_08-01,zone_08,2025-09-29T00:00:00Z,72.43,0.175,80.81,489.67,0.7,warning
SNS-zone_09-01,zone_09,2025-09-29T00:00:00Z,26.43,0.034,37.36,143.41,0.7,safe
SNS-zone_10-01,zone_10,2025-09-29T00:00:00Z,79.55,0.182,85.82,514.39,0.7,warning
SNS-zone_11-01,zone_11,2025-09-29T00:00:00Z,134.2,0.401,132.96,1037.55,0.7,evacuation
SNS-zone_12-01,zone_12,2025-09-29T00:00:00Z,133.84,0.392,119.81,1041.03,0.7,evacuation
SNS-zone_13-01,zone_13,2025-09-29T00:00:00Z,22.48,0.03,49.5,156.24,0.7,safe
SNS-zone_14-01,zone_14,2025-09-29T00:00:00Z,37.82,0.038,43.65,187.89,0.7,safe
SNS-zone_15-01,zone_15,2025-09-29T00:00:00Z,27.44,0.034,46.72,158.68,0.7,safe
SNS-zone_16-01,zone_16,2025-09-29T00:00:00Z,38.18,0.044,39.26,165.51,0.7,safe
SNS-zone_01-01,zone_01,2025-09-30T00:00:00Z,39.69,0.043,44.33,187.45,2.3,safe
SNS-zone_02-01,zone_02,2025-09-30T00:00:00Z,43.15,0.05,35.5,176.28,2.3,safe
SNS-zone_03-01,zone_03,2025-09-30T00:00:00Z,38.37,0.034,37.57,164.39,2.3,safe
SNS-zone_04-01,zone_04,2025-09-30T00:00:00Z,45.34,0.054,43.65,196.17,2.3,safe
SNS-zone_05-01,zone_05,2025-09-30T00:00:00Z,37.76,0.043,47.22,177.02,2.3,safe
SNS-zone_06-01,zone_06,2025-09-30T00:00:00Z,81.71,0.173,72.84,496.87,2.3,warning
SNS-zone_07-01,zone_07,2025-09-30T00:00:00Z,76.09,0.174,83.01,503.19,2.3,warning
SNS-zone_08-01,zone_08,2025-09-30T00:00:00Z,71.07,0.16,77.96,466.48,2.3,warning
SNS-zone_09-01,zone_09,2025-09-30T00:00:00Z,25.58,0.035,34.46,138.05,2.3,safe
SNS-zone_10-01,zone_10,2025-09-30T00:00:00Z,76.09,0.165,77.63,492.79,2.3,warning
SNS-zone_11-01,zone_11,2025-09-30T00:00:00Z,128.47,0.385,126.88,989.78,2.3,evacuation
SNS-zone_12-01,zone_12,2025-09-30T00:00:00Z,122.33,0.38,109.77,944.61,2.3,evacuation
SNS-zone_13-01,zone_13,2025-09-30T00:00:00Z,24.48,0.027,48.06,154.87,2.3,safe
SNS-zone_14-01,zone_14,2025-09-30T00:00:00Z,35.48,0.046,42.27,172.9,2.3,safe
SNS-zone_15-01,zone_15,2025-09-30T00:00:00Z,29.93,0.036,46.35,159.8,2.3,safe
SNS-zone_16-01,zone_16,2025-09-30T00:00:00Z,33.56,0.035,38.28,157.56,2.3,safe
SNS-zone_01-01,zone_01,2025-10-01T00:00:00Z,40.56,0.055,47.29,190.64,10.4,safe
SNS-zone_02-01,zone_02,2025-10-01T00:00:00Z,38.93,0.049,34.48,172.3,10.4,safe
SNS-zone_03-01,zone_03,2025-10-01T00:00:00Z,38.86,0.044,38.17,179.67,10.4,safe
SNS-zone_04-01,zone_04,2025-10-01T00:00:00Z,44.27,0.051,43.63,186.62,10.4,safe
SNS-zone_05-01,zone_05,2025-10-01T00:00:00Z,40.66,0.044,47.98,189.23,10.4,safe
SNS-zone_06-01,zone_06,2025-10-01T00:00:00Z,87.33,0.186,72.53,513.53,10.4,warning
SNS-zone_07-01,zone_07,2025-10-01T00:00:00Z,77.09,0.181,84.92,531.51,10.4,warning
SNS-zone_08-01,zone_08,2025-10-01T00:00:00Z,71.09,0.152,81.21,480.97,10.4,warning
SNS-zone_09-01,zone_09,2025-10-01T00:00:00Z,24.66,0.034,37.21,140.82,10.4,safe
SNS-zone_10-01,zone_10,2025-10-01T00:00:00Z,79.99,0.176,80.53,513.86,10.4,warning
SNS-zone_11-01,zone_11,2025-10-01T00:00:00Z,127.75,0.417,135.47,1023.6,10.4,evacuation
SNS-zone_12-01,zone_12,2025-10-01T00:00:00Z,133.24,0.408,113.77,1029.21,10.4,evacuation
SNS-zone_13-01,zone_13,2025-10-01T00:00:00Z,24.99,0.03,49.31,151.1,10.4,safe
SNS-zone_14-01,zone_14,2025-10-01T00:00:00Z,38.64,0.041,43.63,179.24,10.4,safe
SNS-zone_15-01,zone_15,2025-10-01T00:00:00Z,27.3,0.033,46.91,147.4,10.4,safe
SNS-zone_16-01,zone_16,2025-10-01T00:00:00Z,31.28,0.042,36.52,155.63,10.4,safe
SNS-zone_01-01,zone_01,2025-10-02T00:00:00Z,45.32,0.048,48.58,193.84,22.4,safe
SNS-zone_02-01,zone_02,2025-10-02T00:00:00Z,46.65,0.061,35.04,190.76,22.4,safe
SNS-zone_03-01,zone_03,2025-10-02T00:00:00Z,46.47,0.051,40.15,183.04,22.4,safe
SNS-zone_04-01,zone_04,2025-10-02T00:00:00Z,52.68,0.056,49.46,212.88,22.4,warning
SNS-zone_05-01,zone_05,2025-10-02T00:00:00Z,43.05,0.051,53.49,190.11,22.4,safe
SNS-zone_06-01,zone_06,2025-10-02T00:00:00Z,93.16,0.176,78.24,546.2,22.4,warning
SNS-zone_07-01,zone_07,2025-10-02T00:00:00Z,88.05,0.191,92.94,543.76,22.4,warning
SNS-zone_08-01,zone_08,2025-10-02T00:00:00Z,83.67,0.179,86.03,517.34,22.4,warning
SNS-zone_09-01,zone_09,2025-10-02T00:00:00Z,32.2,0.044,37.77,161.39,22.4,safe
SNS-zone_10-01,zone_10,2025-10-02T00:00:00Z,89.21,0.209,90.37,537.25,22.4,warning
SNS-zone_11-01,zone_11,2025-10-02T00:00:00Z,132.21,0.391,145.88,1053.46,22.4,evacuation
SNS-zone_12-01,zone_12,2025-10-02T00:00:00Z,138.8,0.4,131.64,1053.6,22.4,evacuation
SNS-zone_13-01,zone_13,2025-10-02T00:00:00Z,26.24,0.04,50.34,166.67,22.4,safe
SNS-zone_14-01,zone_14,2025-10-02T00:00:00Z,35.47,0.04,47.28,183.27,22.4,safe
SNS-zone_15-01,zone_15,2025-10-02T00:00:00Z,34.82,0.037,50.73,171.56,22.4,safe
SNS-zone_16-01,zone_16,2025-10-02T00:00:00Z,38.3,0.045,38.86,177.35,22.4,safe
SNS-zone_01-01,zone_01,2025-10-03T00:00:00Z,63.27,0.071,54.88,245.46,43.1,warning
SNS-zone_02-01,zone_02,2025-10-03T00:00:00Z,55.87,0.067,42.59,214.59,43.1,safe
SNS-zone_03-01,zone_03,2025-10-03T00:00:00Z,59.29,0.064,45.18,223.07,43.1,warning
SNS-zone_04-01,zone_04,2025-10-03T00:00:00Z,58.95,0.065,56.77,242.79,43.1,warning
SNS-zone_05-01,zone_05,2025-10-03T00:00:00Z,56.24,0.067,58.16,219.87,43.1,safe
SNS-zone_06-01,zone_06,2025-10-03T00:00:00Z,113.19,0.226,92.56,608.85,43.1,evacuation
SNS-zone_07-01,zone_07,2025-10-03T00:00:00Z,107.49,0.219,108.34,609.25,43.1,warning
SNS-zone_08-01,zone_08,2025-10-03T00:00:00Z,101.4,0.213,97.34,578.52,43.1,warning
SNS-zone_09-01,zone_09,2025-10-03T00:00:00Z,40.88,0.044,43.2,181.6,43.1,safe
SNS-zone_10-01,zone_10,2025-10-03T00:00:00Z,112.52,0.241,101.51,613.08,43.1,evacuation
SNS-zone_11-01,zone_11,2025-10-03T00:00:00Z,152.32,0.477,178.19,1205.69,43.1,evacuation
SNS-zone_12-01,zone_12,2025-10-03T00:00:00Z,148.66,0.453,151.91,1135.38,43.1,evacuation
SNS-zone_13-01,zone_13,2025-10-03T00:00:00Z,38.29,0.048,56.65,189.9,43.1,safe
SNS-zone_14-01,zone_14,2025-10-03T00:00:00Z,44.06,0.043,55.44,199.29,43.1,safe
SNS-zone_15-01,zone_15,2025-10-03T00:00:00Z,37.1,0.037,57.05,186.44,43.1,safe
SNS-zone_16-01,zone_16,2025-10-03T00:00:00Z,45.51,0.051,44.47,194.31,43.1,safe
SNS-zone_01-01,zone_01,2025-10-04T00:00:00Z,64.58,0.08,54.63,245.39,14.3,warning
SNS-zone_02-01,zone_02,2025-10-04T00:00:00Z,55.23,0.057,41.52,210.61,14.3,safe
SNS-zone_03-01,zone_03,2025-10-04T00:00:00Z,56.25,0.058,41.72,217.74,14.3,warning
SNS-zone_04-01,zone_04,2025-10-04T00:00:00Z,55.19,0.063,53.62,217.28,14.3,warning
SNS-zone_05-01,zone_05,2025-10-04T00:00:00Z,51.99,0.064,59.53,216.51,14.3,safe
SNS-zone_06-01,zone_06,2025-10-04T00:00:00Z,106.71,0.207,89.23,596.57,14.3,warning
SNS-zone_07-01,zone_07,2025-10-04T00:00:00Z,110.23,0.217,107.28,639.93,14.3,evacuation
SNS-zone_08-01,zone_08,2025-10-04T00:00:00Z,97.11,0.211,96.34,557.34,14.3,warning
SNS-zone_09-01,zone_09,2025-10-04T00:00:00Z,39.78,0.052,44.28,193.46,14.3,safe
SNS-zone_10-01,zone_10,2025-10-04T00:00:00Z,113.77,0.243,101.26,628.91,14.3,evacuation
SNS-zone_11-01,zone_11,2025-10-04T00:00:00Z,146.83,0.437,172.29,1159.58,14.3,evacuation
SNS-zone_12-01,zone_12,2025-10-04T00:00:00Z,151.23,0.465,151.13,1127.29,14.3,evacuation
SNS-zone_13-01,zone_13,2025-10-04T00:00:00Z,37.02,0.05,57.91,183.77,14.3,safe
SNS-zone_14-01,zone_14,2025-10-04T00:00:00Z,47.19,0.047,55.14,204.38,14.3,safe
SNS-zone_15-01,zone_15,2025-10-04T00:00:00Z,39.17,0.05,58.25,202.69,14.3,safe
SNS-zone_16-01,zone_16,2025-10-04T00:00:00Z,44.51,0.06,45.4,195.86,14.3,safe
SNS-zone_01-01,zone_01,2025-10-05T00:00:00Z,53.88,0.061,53.02,216.21,3.2,safe
SNS-zone_02-01,zone_02,2025-10-05T00:00:00Z,56.73,0.061,40.64,217.06,3.2,safe
SNS-zone_03-01,zone_03,2025-10-05T00:00:00Z,52.97,0.059,43.11,207.94,3.2,warning
SNS-zone_04-01,zone_04,2025-10-05T00:00:00Z,58.21,0.068,53.93,236.2,3.2,warning
SNS-zone_05-01,zone_05,2025-10-05T00:00:00Z,49.23,0.054,55.07,202.06,3.2,safe
SNS-zone_06-01,zone_06,2025-10-05T00:00:00Z,105.78,0.231,83.54,577.34,3.2,warning
SNS-zone_07-01,zone_07,2025-10-05T00:00:00Z,105.54,0.228,99.54,605.95,3.2,warning
SNS-zone_08-01,zone_08,2025-10-05T00:00:00Z,90.97,0.193,94.5,549.31,3.2,warning
SNS-zone_09-01,zone_09,2025-10-05T00:00:00Z,39.4,0.056,41.44,169.95,3.2,safe
SNS-zone_10-01,zone_10,2025-10-05T00:00:00Z,110.97,0.238,96.04,616.64,3.2,evacuation
SNS-zone_11-01,zone_11,2025-10-05T00:00:00Z,146.79,0.449,162.25,1140.97,3.2,evacuation
SNS-zone_12-01,zone_12,2025-10-05T00:00:00Z,144.0,0.424,139.96,1105.4,3.2,evacuation
SNS-zone_13-01,zone_13,2025-10-05T00:00:00Z,32.33,0.033,51.58,171.47,3.2,safe
SNS-zone_14-01,zone_14,2025-10-05T00:00:00Z,38.55,0.042,52.59,193.49,3.2,safe
SNS-zone_15-01,zone_15,2025-10-05T00:00:00Z,34.98,0.042,53.09,179.07,3.2,safe
SNS-zone_16-01,zone_16,2025-10-05T00:00:00Z,44.67,0.051,43.86,193.94,3.2,safe
SNS-zone_01-01,zone_01,2025-10-06T00:00:00Z,53.29,0.059,50.55,220.16,5.8,safe
SNS-zone_02-01,zone_02,2025-10-06T00:00:00Z,48.31,0.054,39.03,199.71,5.8,safe
SNS-zone_03-01,zone_03,2025-10-06T00:00:00Z,48.29,0.055,40.87,200.16,5.8,warning
SNS-zone_04-01,zone_04,2025-10-06T00:00:00Z,50.14,0.058,50.26,214.83,5.8,safe
SNS-zone_05-01,zone_05,2025-10-06T00:00:00Z,49.82,0.05,53.99,206.6,5.8,safe
SNS-zone_06-01,zone_06,2025-10-06T00:00:00Z,93.31,0.2,83.42,554.79,5.8,warning
SNS-zone_07-01,zone_07,2025-10-06T00:00:00Z,94.42,0.2,100.88,574.72,5.8,warning
SNS-zone_08-01,zone_08,2025-10-06T00:00:00Z,88.84,0.196,92.45,554.06,5.8,warning
SNS-zone_09-01,zone_09,2025-10-06T00:00:00Z,34.7,0.044,39.38,156.45,5.8,safe
SNS-zone_10-01,zone_10,2025-10-06T00:00:00Z,99.31,0.213,94.43,576.12,5.8,warning
SNS-zone_11-01,zone_11,2025-10-06T00:00:00Z,141.96,0.407,154.54,1102.52,5.8,evacuation
SNS-zone_12-01,zone_12,2025-10-06T00:00:00Z,139.19,0.436,134.26,1058.84,5.8,evacuation
SNS-zone_13-01,zone_13,2025-10-06T00:00:00Z,33.71,0.046,53.79,175.08,5.8,safe
SNS-zone_14-01,zone_14,2025-10-06T00:00:00Z,40.65,0.044,48.58,182.81,5.8,safe
SNS-zone_15-01,zone_15,2025-10-06T00:00:00Z,33.36,0.042,52.59,179.72,5.8,safe
SNS-zone_16-01,zone_16,2025-10-06T00:00:00Z,37.56,0.036,42.48,176.64,5.8,safe
SNS-zone_01-01,zone_01,2025-10-07T00:00:00Z,44.33,0.054,48.06,193.35,2.8,safe
SNS-zone_02-01,zone_02,2025-10-07T00:00:00Z,55.34,0.058,37.82,211.07,2.8,safe
SNS-zone_03-01,zone_03,2025-10-07T00:00:00Z,45.09,0.043,40.09,192.85,2.8,safe
SNS-zone_04-01,zone_04,2025-10-07T00:00:00Z,50.75,0.062,49.23,212.5,2.8,safe
SNS-zone_05-01,zone_05,2025-10-07T00:00:00Z,47.38,0.058,52.75,199.12,2.8,safe
SNS-zone_06-01,zone_06,2025-10-07T00:00:00Z,93.5,0.206,78.63,547.82,2.8,warning
SNS-zone_07-01,zone_07,2025-10-07T00:00:00Z,88.64,0.197,89.2,551.22,2.8,warning
SNS-zone_08-01,zone_08,2025-10-07T00:00:00Z,81.11,0.185,85.06,517.06,2.8,warning
SNS-zone_09-01,zone_09,2025-10-07T00:00:00Z,31.86,0.035,37.15,154.53,2.8,safe
SNS-zone_10-01,zone_10,2025-10-07T00:00:00Z,91.08,0.207,89.82,553.12,2.8,warning
SNS-zone_11-01,zone_11,2025-10-07T00:00:00Z,137.87,0.413,147.43,1087.47,2.8,evacuation
SNS-zone_12-01,zone_12,2025-10-07T00:00:00Z,133.24,0.421,125.81,1018.33,2.8,evacuation
SNS-zone_13-01,zone_13,2025-10-07T00:00:00Z,28.94,0.046,52.66,164.07,2.8,safe
SNS-zone_14-01,zone_14,2025-10-07T00:00:00Z,33.26,0.041,48.25,179.63,2.8,safe
SNS-zone_15-01,zone_15,2025-10-07T00:00:00Z,30.83,0.035,49.73,166.64,2.8,safe
SNS-zone_16-01,zone_16,2025-10-07T00:00:00Z,38.24,0.051,39.54,179.63,2.8,safe
SNS-zone_01-01,zone_01,2025-10-08T00:00:00Z,42.71,0.051,48.5,193.32,6.0,safe
SNS-zone_02-01,zone_02,2025-10-08T00:00:00Z,50.07,0.05,36.88,197.6,6.0,safe
SNS-zone_03-01,zone_03,2025-10-08T00:00:00Z,42.02,0.053,41.59,186.16,6.0,safe
SNS-zone_04-01,zone_04,2025-10-08T00:00:00Z,49.88,0.058,49.76,213.73,6.0,safe
SNS-zone_05-01,zone_05,2025-10-08T00:00:00Z,46.1,0.042,51.27,202.33,6.0,safe
SNS-zone_06-01,zone_06,2025-10-08T00:00:00Z,91.54,0.194,79.98,529.28,6.0,warning
SNS-zone_07-01,zone_07,2025-10-08T00:00:00Z,85.26,0.197,91.7,532.68,6.0,warning
SNS-zone_08-01,zone_08,2025-10-08T00:00:00Z,82.03,0.184,87.52,512.12,6.0,warning
SNS-zone_09-01,zone_09,2025-10-08T00:00:00Z,30.54,0.035,36.74,147.52,6.0,safe
SNS-zone_10-01,zone_10,2025-10-08T00:00:00Z,91.35,0.192,90.67,568.56,6.0,warning
SNS-zone_11-01,zone_11,2025-10-08T00:00:00Z,134.17,0.409,139.34,1055.26,6.0,evacuation
SNS-zone_12-01,zone_12,2025-10-08T00:00:00Z,134.07,0.409,122.87,1048.85,6.0,evacuation
SNS-zone_13-01,zone_13,2025-10-08T00:00:00Z,28.32,0.037,51.05,170.18,6.0,safe
SNS-zone_14-01,zone_14,2025-10-08T00:00:00Z,35.1,0.045,45.28,177.47,6.0,safe
SNS-zone_15-01,zone_15,2025-10-08T00:00:00Z,31.15,0.046,49.24,169.08,6.0,safe
SNS-zone_16-01,zone_16,2025-10-08T00:00:00Z,37.38,0.039,39.47,176.62,6.0,safe
SNS-zone_01-01,zone_01,2025-10-09T00:00:00Z,41.05,0.043,45.46,186.06,0.4,safe
SNS-zone_02-01,zone_02,2025-10-09T00:00:00Z,43.99,0.055,37.17,193.3,0.4,safe
SNS-zone_03-01,zone_03,2025-10-09T00:00:00Z,37.25,0.041,37.34,167.84,0.4,safe
SNS-zone_04-01,zone_04,2025-10-09T00:00:00Z,47.85,0.058,45.81,194.12,0.4,safe
SNS-zone_05-01,zone_05,2025-10-09T00:00:00Z,43.04,0.048,49.02,189.23,0.4,safe
SNS-zone_06-01,zone_06,2025-10-09T00:00:00Z,87.44,0.202,79.85,547.61,0.4,warning
SNS-zone_07-01,zone_07,2025-10-09T00:00:00Z,80.27,0.19,85.27,516.91,0.4,warning
SNS-zone_08-01,zone_08,2025-10-09T00:00:00Z,75.88,0.195,83.14,495.52,0.4,warning
SNS-zone_09-01,zone_09,2025-10-09T00:00:00Z,32.04,0.036,36.91,159.78,0.4,safe
SNS-zone_10-01,zone_10,2025-10-09T00:00:00Z,85.75,0.184,84.17,522.35,0.4,warning
SNS-zone_11-01,zone_11,2025-10-09T00:00:00Z,125.25,0.385,138.31,1037.44,0.4,evacuation
SNS-zone_12-01,zone_12,2025-10-09T00:00:00Z,133.11,0.407,119.61,1028.09,0.4,evacuation
SNS-zone_13-01,zone_13,2025-10-09T00:00:00Z,25.17,0.025,48.06,158.63,0.4,safe
SNS-zone_14-01,zone_14,2025-10-09T00:00:00Z,33.76,0.043,46.45,172.19,0.4,safe
SNS-zone_15-01,zone_15,2025-10-09T00:00:00Z,30.36,0.037,47.0,164.93,0.4,safe
SNS-zone_16-01,zone_16,2025-10-09T00:00:00Z,33.44,0.039,38.53,161.25,0.4,safe
SNS-zone_01-01,zone_01,2025-10-10T00:00:00Z,40.27,0.051,46.33,190.35,4.7,safe
SNS-zone_02-01,zone_02,2025-10-10T00:00:00Z,47.01,0.057,35.06,188.82,4.7,safe
SNS-zone_03-01,zone_03,2025-10-10T00:00:00Z,35.52,0.043,40.63,165.99,4.7,safe
SNS-zone_04-01,zone_04,2025-10-10T00:00:00Z,46.04,0.054,44.27,191.33,4.7,safe
SNS-zone_05-01,zone_05,2025-10-10T00:00:00Z,34.05,0.038,48.26,181.53,4.7,safe
SNS-zone_06-01,zone_06,2025-10-10T00:00:00Z,84.64,0.172,73.82,512.66,4.7,warning
SNS-zone_07-01,zone_07,2025-10-10T00:00:00Z,73.92,0.173,86.34,489.71,4.7,warning
SNS-zone_08-01,zone_08,2025-10-10T00:00:00Z,69.88,0.178,78.46,479.51,4.7,warning
SNS-zone_09-01,zone_09,2025-10-10T00:00:00Z,25.74,0.037,35.1,139.98,4.7,safe
SNS-zone_10-01,zone_10,2025-10-10T00:00:00Z,77.53,0.186,84.6,496.34,4.7,warning
SNS-zone_11-01,zone_11,2025-10-10T00:00:00Z,125.92,0.382,126.15,1009.67,4.7,evacuation
SNS-zone_12-01,zone_12,2025-10-10T00:00:00Z,122.6,0.37,115.84,957.95,4.7,evacuation
SNS-zone_13-01,zone_13,2025-10-10T00:00:00Z,26.78,0.041,47.77,154.13,4.7,safe
SNS-zone_14-01,zone_14,2025-10-10T00:00:00Z,36.66,0.043,44.88,171.94,4.7,safe
SNS-zone_15-01,zone_15,2025-10-10T00:00:00Z,27.29,0.031,46.29,157.74,4.7,safe
SNS-zone_16-01,zone_16,2025-10-10T00:00:00Z,35.5,0.044,37.96,170.51,4.7,safe
SNS-zone_01-01,zone_01,2025-10-11T00:00:00Z,35.11,0.044,43.41,173.22,2.9,safe
SNS-zone_02-01,zone_02,2025-10-11T00:00:00Z,41.56,0.052,35.53,173.75,2.9,safe
SNS-zone_03-01,zone_03,2025-10-11T00:00:00Z,34.48,0.04,36.51,163.96,2.9,safe
SNS-zone_04-01,zone_04,2025-10-11T00:00:00Z,41.08,0.045,44.77,187.26,2.9,safe
SNS-zone_05-01,zone_05,2025-10-11T00:00:00Z,38.22,0.047,48.1,188.46,2.9,safe
SNS-zone_06-01,zone_06,2025-10-11T00:00:00Z,84.54,0.189,71.81,505.25,2.9,warning
SNS-zone_07-01,zone_07,2025-10-11T00:00:00Z,72.77,0.168,82.33,498.92,2.9,warning
SNS-zone_08-01,zone_08,2025-10-11T00:00:00Z,69.53,0.161,77.8,484.45,2.9,warning
SNS-zone_09-01,zone_09,2025-10-11T00:00:00Z,25.91,0.039,35.03,140.45,2.9,safe
SNS-zone_10-01,zone_10,2025-10-11T00:00:00Z,77.74,0.171,81.66,503.45,2.9,warning
SNS-zone_11-01,zone_11,2025-10-11T00:00:00Z,123.73,0.386,122.96,973.68,2.9,evacuation
SNS-zone_12-01,zone_12,2025-10-11T00:00:00Z,121.79,0.362,116.3,954.94,2.9,evacuation
SNS-zone_13-01,zone_13,2025-10-11T00:00:00Z,22.52,0.029,49.08,145.78,2.9,safe
SNS-zone_14-01,zone_14,2025-10-11T00:00:00Z,33.32,0.034,42.32,169.11,2.9,safe
SNS-zone_15-01,zone_15,2025-10-11T00:00:00Z,27.44,0.038,43.7,158.56,2.9,safe
SNS-zone_16-01,zone_16,2025-10-11T00:00:00Z,37.15,0.051,36.81,160.92,2.9,safe
SNS-zone_01-01,zone_01,2025-10-12T00:00:00Z,41.56,0.053,44.47,188.77,0.1,safe
SNS-zone_02-01,zone_02,2025-10-12T00:00:00Z,40.73,0.049,33.61,168.45,0.1,safe
SNS-zone_03-01,zone_03,2025-10-12T00:00:00Z,31.39,0.04,36.99,148.48,0.1,safe
SNS-zone_04-01,zone_04,2025-10-12T00:00:00Z,42.56,0.045,44.58,190.19,0.1,safe
SNS-zone_05-01,zone_05,2025-10-12T00:00:00Z,34.5,0.034,45.79,175.68,0.1,safe
SNS-zone_06-01,zone_06,2025-10-12T00:00:00Z,75.81,0.163,71.0,480.95,0.1,warning
SNS-zone_07-01,zone_07,2025-10-12T00:00:00Z,71.19,0.176,79.44,479.62,0.1,warning
SNS-zone_08-01,zone_08,2025-10-12T00:00:00Z,68.18,0.167,76.61,472.66,0.1,warning
SNS-zone_09-01,zone_09,2025-10-12T00:00:00Z,19.87,0.021,33.45,138.06,0.1,safe
SNS-zone_10-01,zone_10,2025-10-12T00:00:00Z,75.83,0.189,77.18,494.57,0.1,warning
SNS-zone_11-01,zone_11,2025-10-12T00:00:00Z,100.94,0.323,122.67,883.85,0.1,warning
SNS-zone_12-01,zone_12,2025-10-12T00:00:00Z,104.54,0.333,107.0,893.1,0.1,evacuation
SNS-zone_13-01,zone_13,2025-10-12T00:00:00Z,24.44,0.03,49.51,153.9,0.1,safe
SNS-zone_14-01,zone_14,2025-10-12T00:00:00Z,29.73,0.042,42.94,156.81,0.1,safe
SNS-zone_15-01,zone_15,2025-10-12T00:00:00Z,25.82,0.037,44.23,154.61,0.1,safe
SNS-zone_16-01,zone_16,2025-10-12T00:00:00Z,33.21,0.038,35.06,156.49,0.1,safe
SNS-zone_01-01,zone_01,2025-10-13T00:00:00Z,33.03,0.043,44.18,165.27,1.0,safe
SNS-zone_02-01,zone_02,2025-10-13T00:00:00Z,38.24,0.051,35.86,170.1,1.0,safe
SNS-zone_03-01,zone_03,2025-10-13T00:00:00Z,30.57,0.041,38.63,157.0,1.0,safe
SNS-zone_04-01,zone_04,2025-10-13T00:00:00Z,40.47,0.054,41.94,185.25,1.0,safe
SNS-zone_05-01,zone_05,2025-10-13T00:00:00Z,32.66,0.041,45.87,173.99,1.0,safe
SNS-zone_06-01,zone_06,2025-10-13T00:00:00Z,72.53,0.177,66.41,462.21,1.0,warning
SNS-zone_07-01,zone_07,2025-10-13T00:00:00Z,67.7,0.147,75.82,479.61,1.0,warning
SNS-zone_08-01,zone_08,2025-10-13T00:00:00Z,65.19,0.155,78.11,466.4,1.0,warning
SNS-zone_09-01,zone_09,2025-10-13T00:00:00Z,19.01,0.035,32.0,136.36,1.0,safe
SNS-zone_10-01,zone_10,2025-10-13T00:00:00Z,68.58,0.151,73.13,464.1,1.0,warning
SNS-zone_11-01,zone_11,2025-10-13T00:00:00Z,99.69,0.315,114.57,859.38,1.0,warning
SNS-zone_12-01,zone_12,2025-10-13T00:00:00Z,100.51,0.311,98.68,866.19,1.0,warning
SNS-zone_13-01,zone_13,2025-10-13T00:00:00Z,19.84,0.029,45.73,133.16,1.0,safe
SNS-zone_14-01,zone_14,2025-10-13T00:00:00Z,31.73,0.035,41.02,154.92,1.0,safe
SNS-zone_15-01,zone_15,2025-10-13T00:00:00Z,20.84,0.029,42.06,135.95,1.0,safe
SNS-zone_16-01,zone_16,2025-10-13T00:00:00Z,33.21,0.038,35.18,160.61,1.0,safe
SNS-zone_01-01,zone_01,2025-10-14T00:00:00Z,29.03,0.037,41.24,152.68,0.0,safe
SNS-zone_02-01,zone_02,2025-10-14T00:00:00Z,40.05,0.048,32.62,165.43,0.0,safe
SNS-zone_03-01,zone_03,2025-10-14T00:00:00Z,31.93,0.046,34.39,155.64,0.0,safe
SNS-zone_04-01,zone_04,2025-10-14T00:00:00Z,42.31,0.044,40.76,173.0,0.0,safe
SNS-zone_05-01,zone_05,2025-10-14T00:00:00Z,33.53,0.037,44.86,159.86,0.0,safe
SNS-zone_06-01,zone_06,2025-10-14T00:00:00Z,73.62,0.177,64.6,466.09,0.0,warning
SNS-zone_07-01,zone_07,2025-10-14T00:00:00Z,65.59,0.153,74.42,469.65,0.0,warning
SNS-zone_08-01,zone_08,2025-10-14T00:00:00Z,62.11,0.158,75.18,451.63,0.0,warning
SNS-zone_09-01,zone_09,2025-10-14T00:00:00Z,17.98,0.028,33.88,135.56,0.0,safe
SNS-zone_10-01,zone_10,2025-10-14T00:00:00Z,66.27,0.173,72.46,463.94,0.0,warning
SNS-zone_11-01,zone_11,2025-10-14T00:00:00Z,99.65,0.329,113.28,871.25,0.0,warning
SNS-zone_12-01,zone_12,2025-10-14T00:00:00Z,101.26,0.311,101.47,845.9,0.0,evacuation
SNS-zone_13-01,zone_13,2025-10-14T00:00:00Z,14.35,0.029,46.42,132.13,0.0,safe
SNS-zone_14-01,zone_14,2025-10-14T00:00:00Z,28.86,0.04,40.73,151.76,0.0,safe
SNS-zone_15-01,zone_15,2025-10-14T00:00:00Z,17.96,0.025,41.79,139.92,0.0,safe
SNS-zone_16-01,zone_16,2025-10-14T00:00:00Z,32.54,0.038,38.08,164.34,0.0,safe
SNS-zone_01-01,zone_01,2025-10-15T00:00:00Z,23.94,0.025,44.24,150.35,0.0,safe
SNS-zone_02-01,zone_02,2025-10-15T00:00:00Z,40.12,0.057,31.95,176.15,0.0,safe
SNS-zone_03-01,zone_03,2025-10-15T00:00:00Z,30.51,0.04,34.54,155.53,0.0,safe
SNS-zone_04-01,zone_04,2025-10-15T00:00:00Z,36.45,0.045,39.82,162.1,0.0,safe
SNS-zone_05-01,zone_05,2025-10-15T00:00:00Z,32.47,0.041,44.06,171.4,0.0,safe
SNS-zone_06-01,zone_06,2025-10-15T00:00:00Z,73.46,0.166,67.25,475.58,0.0,warning
SNS-zone_07-01,zone_07,2025-10-15T00:00:00Z,62.4,0.14,71.9,457.65,0.0,warning
SNS-zone_08-01,zone_08,2025-10-15T00:00:00Z,56.19,0.133,75.81,435.97,0.0,warning
SNS-zone_09-01,zone_09,2025-10-15T00:00:00Z,17.67,0.025,32.61,121.23,0.0,safe
SNS-zone_10-01,zone_10,2025-10-15T00:00:00Z,65.31,0.167,71.91,456.88,0.0,warning
SNS-zone_11-01,zone_11,2025-10-15T00:00:00Z,94.84,0.295,106.62,846.08,0.0,warning
SNS-zone_12-01,zone_12,2025-10-15T00:00:00Z,99.0,0.315,93.1,836.68,0.0,warning
SNS-zone_13-01,zone_13,2025-10-15T00:00:00Z,20.19,0.03,43.54,134.51,0.0,safe
SNS-zone_14-01,zone_14,2025-10-15T00:00:00Z,29.75,0.037,37.5,153.18,0.0,safe
SNS-zone_15-01,zone_15,2025-10-15T00:00:00Z,23.13,0.029,41.47,130.62,0.0,safe
SNS-zone_16-01,zone_16,2025-10-15T00:00:00Z,28.78,0.032,32.3,151.02,0.0,safe
SNS-zone_01-01,zone_01,2025-10-16T00:00:00Z,28.36,0.032,40.32,153.03,0.0,safe
SNS-zone_02-01,zone_02,2025-10-16T00:00:00Z,37.97,0.043,32.43,166.94,0.0,safe
SNS-zone_03-01,zone_03,2025-10-16T00:00:00Z,25.02,0.033,35.29,146.34,0.0,safe
SNS-zone_04-01,zone_04,2025-10-16T00:00:00Z,39.09,0.047,40.1,179.55,0.0,safe
SNS-zone_05-01,zone_05,2025-10-16T00:00:00Z,29.54,0.028,41.41,156.91,0.0,safe
SNS-zone_06-01,zone_06,2025-10-16T00:00:00Z,74.52,0.175,61.64,462.71,0.0,warning
SNS-zone_07-01,zone_07,2025-10-16T00:00:00Z,58.33,0.14,69.58,438.81,0.0,warning
SNS-zone_08-01,zone_08,2025-10-16T00:00:00Z,59.32,0.143,71.52,444.42,0.0,warning
SNS-zone_09-01,zone_09,2025-10-16T00:00:00Z,17.43,0.026,30.65,120.84,0.0,safe
SNS-zone_10-01,zone_10,2025-10-16T00:00:00Z,61.47,0.143,74.04,440.44,0.0,warning
SNS-zone_11-01,zone_11,2025-10-16T00:00:00Z,101.83,0.29,104.45,874.95,0.0,warning
SNS-zone_12-01,zone_12,2025-10-16T00:00:00Z,99.82,0.303,89.1,823.71,0.0,warning
SNS-zone_13-01,zone_13,2025-10-16T00:00:00Z,15.25,0.027,43.33,123.8,0.0,safe
SNS-zone_14-01,zone_14,2025-10-16T00:00:00Z,27.38,0.037,37.45,142.29,0.0,safe
SNS-zone_15-01,zone_15,2025-10-16T00:00:00Z,19.08,0.033,40.12,131.23,0.0,safe
SNS-zone_16-01,zone_16,2025-10-16T00:00:00Z,29.76,0.034,31.19,148.26,0.0,safe
SNS-zone_01-01,zone_01,2025-10-17T00:00:00Z,26.31,0.035,39.55,143.79,0.0,safe
SNS-zone_02-01,zone_02,2025-10-17T00:00:00Z,36.06,0.048,31.77,161.94,0.0,safe
SNS-zone_03-01,zone_03,2025-10-17T00:00:00Z,22.18,0.032,32.31,130.17,0.0,safe
SNS-zone_04-01,zone_04,2025-10-17T00:00:00Z,37.52,0.049,40.64,167.24,0.0,safe
SNS-zone_05-01,zone_05,2025-10-17T00:00:00Z,31.19,0.032,44.02,168.78,0.0,safe
SNS-zone_06-01,zone_06,2025-10-17T00:00:00Z,66.93,0.163,64.79,459.92,0.0,warning
SNS-zone_07-01,zone_07,2025-10-17T00:00:00Z,54.16,0.132,71.75,408.0,0.0,warning
SNS-zone_08-01,zone_08,2025-10-17T00:00:00Z,54.55,0.114,67.81,428.07,0.0,warning
SNS-zone_09-01,zone_09,2025-10-17T00:00:00Z,9.39,0.021,32.27,105.48,0.0,safe
SNS-zone_10-01,zone_10,2025-10-17T00:00:00Z,59.41,0.148,69.12,441.79,0.0,warning
SNS-zone_11-01,zone_11,2025-10-17T00:00:00Z,106.15,0.337,102.27,885.46,0.0,evacuation
SNS-zone_12-01,zone_12,2025-10-17T00:00:00Z,97.54,0.319,91.41,842.15,0.0,warning
SNS-zone_13-01,zone_13,2025-10-17T00:00:00Z,14.96,0.025,44.3,120.42,0.0,safe
SNS-zone_14-01,zone_14,2025-10-17T00:00:00Z,29.92,0.033,36.71,151.41,0.0,safe
SNS-zone_15-01,zone_15,2025-10-17T00:00:00Z,20.95,0.024,40.84,137.15,0.0,safe
SNS-zone_16-01,zone_16,2025-10-17T00:00:00Z,31.01,0.033,30.7,150.71,0.0,safe
SNS-zone_01-01,zone_01,2025-10-18T00:00:00Z,22.65,0.033,40.08,150.62,0.0,safe
SNS-zone_02-01,zone_02,2025-10-18T00:00:00Z,38.38,0.045,29.86,170.87,0.0,safe
SNS-zone_03-01,zone_03,2025-10-18T00:00:00Z,25.94,0.034,34.33,131.64,0.0,safe
SNS-zone_04-01,zone_04,2025-10-18T00:00:00Z,35.23,0.039,38.72,165.35,0.0,safe
SNS-zone_05-01,zone_05,2025-10-18T00:00:00Z,34.09,0.044,43.05,161.45,0.0,safe
SNS-zone_06-01,zone_06,2025-10-18T00:00:00Z,66.04,0.151,65.24,439.44,0.0,warning
SNS-zone_07-01,zone_07,2025-10-18T00:00:00Z,53.74,0.12,69.64,411.74,0.0,warning
SNS-zone_08-01,zone_08,2025-10-18T00:00:00Z,57.16,0.139,72.72,445.11,0.0,warning
SNS-zone_09-01,zone_09,2025-10-18T00:00:00Z,14.46,0.027,31.48,114.32,0.0,safe
SNS-zone_10-01,zone_10,2025-10-18T00:00:00Z,55.14,0.152,67.71,425.63,0.0,warning
SNS-zone_11-01,zone_11,2025-10-18T00:00:00Z,98.69,0.316,104.94,862.72,0.0,warning
SNS-zone_12-01,zone_12,2025-10-18T00:00:00Z,97.16,0.304,92.39,814.14,0.0,warning
SNS-zone_13-01,zone_13,2025-10-18T00:00:00Z,14.03,0.017,43.44,133.64,0.0,safe
SNS-zone_14-01,zone_14,2025-10-18T00:00:00Z,26.71,0.033,36.76,150.56,0.0,safe
SNS-zone_15-01,zone_15,2025-10-18T00:00:00Z,15.38,0.024,37.08,122.71,0.0,safe
SNS-zone_16-01,zone_16,2025-10-18T00:00:00Z,26.97,0.037,30.07,143.07,0.0,safe
SNS-zone_01-01,zone_01,2025-10-19T00:00:00Z,23.54,0.035,37.29,135.78,0.1,safe
SNS-zone_02-01,zone_02,2025-10-19T00:00:00Z,34.45,0.041,28.29,160.57,0.1,safe
SNS-zone_03-01,zone_03,2025-10-19T00:00:00Z,24.32,0.034,32.0,135.04,0.1,safe
SNS-zone_04-01,zone_04,2025-10-19T00:00:00Z,37.37,0.041,38.61,172.56,0.1,safe
SNS-zone_05-01,zone_05,2025-10-19T00:00:00Z,26.02,0.037,41.21,150.91,0.1,safe
SNS-zone_06-01,zone_06,2025-10-19T00:00:00Z,66.5,0.141,61.93,443.58,0.1,warning
SNS-zone_07-01,zone_07,2025-10-19T00:00:00Z,55.51,0.147,67.83,433.67,0.1,warning
SNS-zone_08-01,zone_08,2025-10-19T00:00:00Z,56.08,0.146,66.35,433.47,0.1,warning
SNS-zone_09-01,zone_09,2025-10-19T00:00:00Z,13.42,0.029,31.61,112.47,0.1,safe
SNS-zone_10-01,zone_10,2025-10-19T00:00:00Z,56.88,0.137,68.83,436.98,0.1,warning
SNS-zone_11-01,zone_11,2025-10-19T00:00:00Z,97.25,0.296,101.88,844.26,0.1,warning
SNS-zone_12-01,zone_12,2025-10-19T00:00:00Z,96.39,0.301,87.79,800.69,0.1,warning
SNS-zone_13-01,zone_13,2025-10-19T00:00:00Z,12.51,0.017,40.01,121.09,0.1,safe
SNS-zone_14-01,zone_14,2025-10-19T00:00:00Z,30.0,0.044,36.36,154.9,0.1,safe
SNS-zone_15-01,zone_15,2025-10-19T00:00:00Z,17.24,0.023,38.97,136.96,0.1,safe
SNS-zone_16-01,zone_16,2025-10-19T00:00:00Z,24.37,0.038,32.68,137.42,0.1,safe
SNS-zone_01-01,zone_01,2025-10-20T00:00:00Z,22.69,0.034,38.67,141.11,0.9,safe
SNS-zone_02-01,zone_02,2025-10-20T00:00:00Z,34.52,0.044,29.56,159.71,0.9,safe
SNS-zone_03-01,zone_03,2025-10-20T00:00:00Z,25.13,0.035,33.08,143.58,0.9,safe
SNS-zone_04-01,zone_04,2025-10-20T00:00:00Z,38.69,0.054,38.42,176.01,0.9,safe
SNS-zone_05-01,zone_05,2025-10-20T00:00:00Z,31.27,0.033,40.37,150.82,0.9,safe
SNS-zone_06-01,zone_06,2025-10-20T00:00:00Z,71.01,0.168,62.22,463.43,0.9,warning
SNS-zone_07-01,zone_07,2025-10-20T00:00:00Z,50.01,0.133,67.04,411.14,0.9,warning
SNS-zone_08-01,zone_08,2025-10-20T00:00:00Z,54.94,0.13,68.7,418.88,0.9,warning
SNS-zone_09-01,zone_09,2025-10-20T00:00:00Z,12.46,0.026,27.18,111.92,0.9,safe
SNS-zone_10-01,zone_10,2025-10-20T00:00:00Z,53.29,0.13,65.85,413.81,0.9,warning
SNS-zone_11-01,zone_11,2025-10-20T00:00:00Z,94.57,0.292,100.09,818.96,0.9,warning
SNS-zone_12-01,zone_12,2025-10-20T00:00:00Z,100.15,0.325,86.74,836.03,0.9,warning
SNS-zone_13-01,zone_13,2025-10-20T00:00:00Z,15.72,0.026,41.41,128.3,0.9,safe
SNS-zone_14-01,zone_14,2025-10-20T00:00:00Z,25.29,0.039,38.08,148.66,0.9,safe
SNS-zone_15-01,zone_15,2025-10-20T00:00:00Z,17.83,0.031,40.22,129.15,0.9,safe
SNS-zone_16-01,zone_16,2025-10-20T00:00:00Z,27.96,0.038,32.83,156.07,0.9,safe
SNS-zone_01-01,zone_01,2025-10-21T00:00:00Z,21.61,0.027,37.94,133.1,0.0,safe
SNS-zone_02-01,zone_02,2025-10-21T00:00:00Z,34.44,0.038,30.28,154.1,0.0,safe
SNS-zone_03-01,zone_03,2025-10-21T00:00:00Z,23.16,0.035,33.78,131.19,0.0,safe
SNS-zone_04-01,zone_04,2025-10-21T00:00:00Z,38.48,0.048,40.16,167.86,0.0,safe
SNS-zone_05-01,zone_05,2025-10-21T00:00:00Z,28.56,0.039,40.96,150.21,0.0,safe
SNS-zone_06-01,zone_06,2025-10-21T00:00:00Z,66.37,0.159,61.93,453.8,0.0,warning
SNS-zone_07-01,zone_07,2025-10-21T00:00:00Z,46.9,0.123,68.59,393.55,0.0,warning
SNS-zone_08-01,zone_08,2025-10-21T00:00:00Z,51.03,0.121,71.18,408.26,0.0,warning
SNS-zone_09-01,zone_09,2025-10-21T00:00:00Z,12.47,0.019,30.13,103.16,0.0,safe
SNS-zone_10-01,zone_10,2025-10-21T00:00:00Z,52.99,0.149,68.36,410.82,0.0,warning
SNS-zone_11-01,zone_11,2025-10-21T00:00:00Z,96.22,0.305,96.49,826.92,0.0,warning
SNS-zone_12-01,zone_12,2025-10-21T00:00:00Z,98.93,0.294,83.56,809.06,0.0,warning
SNS-zone_13-01,zone_13,2025-10-21T00:00:00Z,12.56,0.025,43.31,119.05,0.0,safe
SNS-zone_14-01,zone_14,2025-10-21T00:00:00Z,28.75,0.035,38.12,156.2,0.0,safe
SNS-zone_15-01,zone_15,2025-10-21T00:00:00Z,16.97,0.027,40.58,131.91,0.0,safe
SNS-zone_16-01,zone_16,2025-10-21T00:00:00Z,27.05,0.031,32.23,137.83,0.0,safe
SNS-zone_01-01,zone_01,2025-10-22T00:00:00Z,22.56,0.034,41.29,134.63,0.0,safe
SNS-zone_02-01,zone_02,2025-10-22T00:00:00Z,34.25,0.047,32.35,163.78,0.0,safe
SNS-zone_03-01,zone_03,2025-10-22T00:00:00Z,23.66,0.033,35.78,134.19,0.0,safe
SNS-zone_04-01,zone_04,2025-10-22T00:00:00Z,34.8,0.046,38.46,165.85,0.0,safe
SNS-zone_05-01,zone_05,2025-10-22T00:00:00Z,29.87,0.04,41.2,156.3,0.0,safe
SNS-zone_06-01,zone_06,2025-10-22T00:00:00Z,62.81,0.152,59.95,431.82,0.0,warning
SNS-zone_07-01,zone_07,2025-10-22T00:00:00Z,53.07,0.136,68.23,418.44,0.0,warning
SNS-zone_08-01,zone_08,2025-10-22T00:00:00Z,53.81,0.133,66.43,426.31,0.0,warning
SNS-zone_09-01,zone_09,2025-10-22T00:00:00Z,11.73,0.018,31.17,107.49,0.0,safe
SNS-zone_10-01,zone_10,2025-10-22T00:00:00Z,53.76,0.126,64.9,418.51,0.0,warning
SNS-zone_11-01,zone_11,2025-10-22T00:00:00Z,96.05,0.311,100.23,850.62,0.0,warning
SNS-zone_12-01,zone_12,2025-10-22T00:00:00Z,100.65,0.332,84.78,822.27,0.0,warning
SNS-zone_13-01,zone_13,2025-10-22T00:00:00Z,8.8,0.022,40.58,107.76,0.0,safe
SNS-zone_14-01,zone_14,2025-10-22T00:00:00Z,25.83,0.039,35.03,133.53,0.0,safe
SNS-zone_15-01,zone_15,2025-10-22T00:00:00Z,17.55,0.025,38.59,123.76,0.0,safe
SNS-zone_16-01,zone_16,2025-10-22T00:00:00Z,26.3,0.03,31.0,130.02,0.0,safe
SNS-zone_01-01,zone_01,2025-10-23T00:00:00Z,23.39,0.03,41.55,135.41,0.0,safe
SNS-zone_02-01,zone_02,2025-10-23T00:00:00Z,33.79,0.041,31.48,157.84,0.0,safe
SNS-zone_03-01,zone_03,2025-10-23T00:00:00Z,22.28,0.023,32.13,133.39,0.0,safe
SNS-zone_04-01,zone_04,2025-10-23T00:00:00Z,33.9,0.039,38.95,167.25,0.0,safe
SNS-zone_05-01,zone_05,2025-10-23T00:00:00Z,31.97,0.048,39.83,156.11,0.0,safe
SNS-zone_06-01,zone_06,2025-10-23T00:00:00Z,65.12,0.16,59.62,443.35,0.0,warning
SNS-zone_07-01,zone_07,2025-10-23T00:00:00Z,52.22,0.133,67.08,415.92,0.0,warning
SNS-zone_08-01,zone_08,2025-10-23T00:00:00Z,55.07,0.132,66.11,433.63,0.0,warning
SNS-zone_09-01,zone_09,2025-10-23T00:00:00Z,11.6,0.014,30.17,105.2,0.0,safe
SNS-zone_10-01,zone_10,2025-10-23T00:00:00Z,54.31,0.13,67.54,432.35,0.0,warning
SNS-zone_11-01,zone_11,2025-10-23T00:00:00Z,108.6,0.351,98.3,885.36,0.0,evacuation
SNS-zone_12-01,zone_12,2025-10-23T00:00:00Z,106.96,0.337,86.53,868.86,0.0,evacuation
SNS-zone_13-01,zone_13,2025-10-23T00:00:00Z,14.53,0.025,42.35,114.23,0.0,safe
SNS-zone_14-01,zone_14,2025-10-23T00:00:00Z,28.92,0.041,35.5,142.97,0.0,safe
SNS-zone_15-01,zone_15,2025-10-23T00:00:00Z,18.69,0.022,37.69,128.33,0.0,safe
SNS-zone_16-01,zone_16,2025-10-23T00:00:00Z,27.99,0.035,30.23,141.74,0.0,safe
SNS-zone_01-01,zone_01,2025-10-24T00:00:00Z,19.56,0.031,40.39,135.63,0.0,safe
SNS-zone_02-01,zone_02,2025-10-24T00:00:00Z,35.11,0.047,29.1,150.44,0.0,safe
SNS-zone_03-01,zone_03,2025-10-24T00:00:00Z,20.25,0.024,32.19,125.23,0.0,safe
SNS-zone_04-01,zone_04,2025-10-24T00:00:00Z,34.86,0.045,38.46,164.06,0.0,safe
SNS-zone_05-01,zone_05,2025-10-24T00:00:00Z,24.88,0.033,40.25,151.81,0.0,safe
SNS-zone_06-01,zone_06,2025-10-24T00:00:00Z,64.14,0.149,62.24,430.04,0.0,warning
SNS-zone_07-01,zone_07,2025-10-24T00:00:00Z,50.18,0.131,66.1,410.31,0.0,warning
SNS-zone_08-01,zone_08,2025-10-24T00:00:00Z,53.87,0.131,67.73,431.86,0.0,warning
SNS-zone_09-01,zone_09,2025-10-24T00:00:00Z,12.43,0.03,27.1,97.82,0.0,safe
SNS-zone_10-01,zone_10,2025-10-24T00:00:00Z,52.28,0.12,65.18,413.23,0.0,warning
SNS-zone_11-01,zone_11,2025-10-24T00:00:00Z,111.79,0.352,99.43,896.69,0.0,evacuation
SNS-zone_12-01,zone_12,2025-10-24T00:00:00Z,113.36,0.35,82.25,876.38,0.0,evacuation
SNS-zone_13-01,zone_13,2025-10-24T00:00:00Z,9.89,0.019,42.71,118.77,0.0,safe
SNS-zone_14-01,zone_14,2025-10-24T00:00:00Z,23.61,0.036,35.08,145.16,0.0,safe
SNS-zone_15-01,zone_15,2025-10-24T00:00:00Z,10.28,0.02,37.36,107.5,0.0,safe
SNS-zone_16-01,zone_16,2025-10-24T00:00:00Z,26.43,0.035,29.3,144.03,0.0,safe
SNS-zone_01-01,zone_01,2025-10-25T00:00:00Z,27.82,0.031,40.45,135.44,15.1,safe
SNS-zone_02-01,zone_02,2025-10-25T00:00:00Z,38.69,0.044,31.7,168.23,15.1,safe
SNS-zone_03-01,zone_03,2025-10-25T00:00:00Z,27.61,0.032,35.95,145.71,15.1,safe
SNS-zone_04-01,zone_04,2025-10-25T00:00:00Z,43.19,0.047,39.83,175.74,15.1,safe
SNS-zone_05-01,zone_05,2025-10-25T00:00:00Z,34.76,0.039,44.39,172.55,15.1,safe
SNS-zone_06-01,zone_06,2025-10-25T00:00:00Z,66.99,0.158,65.16,463.4,15.1,warning
SNS-zone_07-01,zone_07,2025-10-25T00:00:00Z,63.74,0.146,74.16,457.02,15.1,warning
SNS-zone_08-01,zone_08,2025-10-25T00:00:00Z,61.82,0.148,70.85,451.6,15.1,warning
SNS-zone_09-01,zone_09,2025-10-25T00:00:00Z,15.89,0.023,29.05,114.1,15.1,safe
SNS-zone_10-01,zone_10,2025-10-25T00:00:00Z,59.26,0.127,71.51,441.75,15.1,warning
SNS-zone_11-01,zone_11,2025-10-25T00:00:00Z,113.1,0.35,112.9,920.51,15.1,evacuation
SNS-zone_12-01,zone_12,2025-10-25T00:00:00Z,118.51,0.373,93.8,919.71,15.1,evacuation
SNS-zone_13-01,zone_13,2025-10-25T00:00:00Z,12.61,0.02,47.98,132.57,15.1,safe
SNS-zone_14-01,zone_14,2025-10-25T00:00:00Z,29.4,0.038,39.14,156.01,15.1,safe
SNS-zone_15-01,zone_15,2025-10-25T00:00:00Z,24.75,0.035,41.21,148.53,15.1,safe
SNS-zone_16-01,zone_16,2025-10-25T00:00:00Z,26.95,0.034,31.34,143.57,15.1,safe
SNS-zone_01-01,zone_01,2025-10-26T00:00:00Z,24.52,0.027,40.91,153.01,1.3,safe
SNS-zone_02-01,zone_02,2025-10-26T00:00:00Z,36.83,0.038,32.68,168.07,1.3,safe
SNS-zone_03-01,zone_03,2025-10-26T00:00:00Z,29.58,0.035,36.49,149.16,1.3,safe
SNS-zone_04-01,zone_04,2025-10-26T00:00:00Z,39.96,0.046,41.14,178.55,1.3,safe
SNS-zone_05-01,zone_05,2025-10-26T00:00:00Z,31.69,0.03,44.12,167.28,1.3,safe
SNS-zone_06-01,zone_06,2025-10-26T00:00:00Z,73.99,0.173,65.09,466.75,1.3,warning
SNS-zone_07-01,zone_07,2025-10-26T00:00:00Z,55.6,0.14,74.16,423.43,1.3,warning
SNS-zone_08-01,zone_08,2025-10-26T00:00:00Z,61.72,0.142,71.63,450.15,1.3,warning
SNS-zone_09-01,zone_09,2025-10-26T00:00:00Z,14.91,0.023,29.87,107.72,1.3,safe
SNS-zone_10-01,zone_10,2025-10-26T00:00:00Z,63.47,0.143,67.14,440.62,1.3,warning
SNS-zone_11-01,zone_11,2025-10-26T00:00:00Z,116.78,0.342,110.05,931.43,1.3,evacuation
SNS-zone_12-01,zone_12,2025-10-26T00:00:00Z,116.53,0.351,93.17,915.46,1.3,evacuation
SNS-zone_13-01,zone_13,2025-10-26T00:00:00Z,15.33,0.028,42.04,127.17,1.3,safe
SNS-zone_14-01,zone_14,2025-10-26T00:00:00Z,28.09,0.046,37.51,159.11,1.3,safe
SNS-zone_15-01,zone_15,2025-10-26T00:00:00Z,19.52,0.025,38.99,129.49,1.3,safe
SNS-zone_16-01,zone_16,2025-10-26T00:00:00Z,27.82,0.034,32.7,146.43,1.3,safe
SNS-zone_01-01,zone_01,2025-10-27T00:00:00Z,26.28,0.028,40.3,155.33,0.8,safe
SNS-zone_02-01,zone_02,2025-10-27T00:00:00Z,41.11,0.045,31.84,167.28,0.8,safe
SNS-zone_03-01,zone_03,2025-10-27T00:00:00Z,24.66,0.036,35.55,139.11,0.8,safe
SNS-zone_04-01,zone_04,2025-10-27T00:00:00Z,37.78,0.048,40.78,180.87,0.8,safe
SNS-zone_05-01,zone_05,2025-10-27T00:00:00Z,29.75,0.04,43.04,166.75,0.8,safe
SNS-zone_06-01,zone_06,2025-10-27T00:00:00Z,69.03,0.173,63.47,449.61,0.8,warning
SNS-zone_07-01,zone_07,2025-10-27T00:00:00Z,54.42,0.131,72.51,423.58,0.8,warning
SNS-zone_08-01,zone_08,2025-10-27T00:00:00Z,54.76,0.134,72.06,432.49,0.8,warning
SNS-zone_09-01,zone_09,2025-10-27T00:00:00Z,16.26,0.027,33.19,124.86,0.8,safe
SNS-zone_10-01,zone_10,2025-10-27T00:00:00Z,60.72,0.145,71.86,450.42,0.8,warning
SNS-zone_11-01,zone_11,2025-10-27T00:00:00Z,110.26,0.326,106.54,884.27,0.8,evacuation
SNS-zone_12-01,zone_12,2025-10-27T00:00:00Z,114.76,0.356,89.28,871.92,0.8,evacuation
SNS-zone_13-01,zone_13,2025-10-27T00:00:00Z,18.61,0.032,45.71,131.82,0.8,safe
SNS-zone_14-01,zone_14,2025-10-27T00:00:00Z,29.42,0.034,39.88,152.92,0.8,safe
SNS-zone_15-01,zone_15,2025-10-27T00:00:00Z,16.04,0.028,39.55,118.47,0.8,safe
SNS-zone_16-01,zone_16,2025-10-27T00:00:00Z,26.91,0.034,32.19,145.99,0.8,safe
SNS-zone_01-01,zone_01,2025-10-28T00:00:00Z,25.08,0.035,41.85,142.13,0.5,safe
SNS-zone_02-01,zone_02,2025-10-28T00:00:00Z,37.07,0.046,32.01,165.32,0.5,safe
SNS-zone_03-01,zone_03,2025-10-28T00:00:00Z,27.15,0.033,32.41,142.5,0.5,safe
SNS-zone_04-01,zone_04,2025-10-28T00:00:00Z,35.79,0.042,40.94,169.27,0.5,safe
SNS-zone_05-01,zone_05,2025-10-28T00:00:00Z,31.35,0.045,42.35,156.34,0.5,safe
SNS-zone_06-01,zone_06,2025-10-28T00:00:00Z,70.18,0.171,62.28,442.49,0.5,warning
SNS-zone_07-01,zone_07,2025-10-28T00:00:00Z,58.46,0.142,69.76,440.02,0.5,warning
SNS-zone_08-01,zone_08,2025-10-28T00:00:00Z,57.0,0.147,70.54,431.64,0.5,warning
SNS-zone_09-01,zone_09,2025-10-28T00:00:00Z,9.8,0.024,31.84,101.88,0.5,safe
SNS-zone_10-01,zone_10,2025-10-28T00:00:00Z,56.93,0.139,73.53,448.94,0.5,warning
SNS-zone_11-01,zone_11,2025-10-28T00:00:00Z,116.11,0.361,104.93,923.3,0.5,evacuation
SNS-zone_12-01,zone_12,2025-10-28T00:00:00Z,115.69,0.37,90.14,891.26,0.5,evacuation
SNS-zone_13-01,zone_13,2025-10-28T00:00:00Z,13.85,0.02,43.79,123.21,0.5,safe
SNS-zone_14-01,zone_14,2025-10-28T00:00:00Z,26.93,0.042,36.68,156.67,0.5,safe
SNS-zone_15-01,zone_15,2025-10-28T00:00:00Z,18.08,0.031,39.91,129.66,0.5,safe
SNS-zone_16-01,zone_16,2025-10-28T00:00:00Z,25.8,0.039,32.78,148.21,0.5,safe
SNS-zone_01-01,zone_01,2025-10-29T00:00:00Z,28.65,0.035,42.54,155.92,12.1,safe
SNS-zone_02-01,zone_02,2025-10-29T00:00:00Z,41.56,0.047,33.58,177.06,12.1,safe
SNS-zone_03-01,zone_03,2025-10-29T00:00:00Z,28.76,0.042,35.9,140.51,12.1,safe
SNS-zone_04-01,zone_04,2025-10-29T00:00:00Z,41.07,0.05,40.66,178.33,12.1,safe
SNS-zone_05-01,zone_05,2025-10-29T00:00:00Z,34.38,0.039,46.63,180.23,12.1,safe
SNS-zone_06-01,zone_06,2025-10-29T00:00:00Z,73.93,0.171,68.39,474.1,12.1,warning
SNS-zone_07-01,zone_07,2025-10-29T00:00:00Z,59.88,0.15,74.39,455.73,12.1,warning
SNS-zone_08-01,zone_08,2025-10-29T00:00:00Z,61.96,0.151,75.59,457.87,12.1,warning
SNS-zone_09-01,zone_09,2025-10-29T00:00:00Z,22.42,0.029,31.53,138.26,12.1,safe
SNS-zone_10-01,zone_10,2025-10-29T00:00:00Z,66.96,0.148,70.07,461.09,12.1,warning
SNS-zone_11-01,zone_11,2025-10-29T00:00:00Z,112.34,0.347,116.12,932.99,12.1,evacuation
SNS-zone_12-01,zone_12,2025-10-29T00:00:00Z,119.97,0.356,97.78,950.83,12.1,evacuation
SNS-zone_13-01,zone_13,2025-10-29T00:00:00Z,16.71,0.027,44.99,126.62,12.1,safe
SNS-zone_14-01,zone_14,2025-10-29T00:00:00Z,28.28,0.035,40.66,157.33,12.1,safe
SNS-zone_15-01,zone_15,2025-10-29T00:00:00Z,23.0,0.029,42.24,138.61,12.1,safe
SNS-zone_16-01,zone_16,2025-10-29T00:00:00Z,28.69,0.031,31.59,147.1,12.1,safe
SNS-zone_01-01,zone_01,2025-10-30T00:00:00Z,43.75,0.045,47.3,201.47,30.1,safe
SNS-zone_02-01,zone_02,2025-10-30T00:00:00Z,50.04,0.052,37.37,196.81,30.1,safe
SNS-zone_03-01,zone_03,2025-10-30T00:00:00Z,41.07,0.044,39.49,184.6,30.1,safe
SNS-zone_04-01,zone_04,2025-10-30T00:00:00Z,50.7,0.057,45.77,202.84,30.1,safe
SNS-zone_05-01,zone_05,2025-10-30T00:00:00Z,42.13,0.047,49.01,193.86,30.1,safe
SNS-zone_06-01,zone_06,2025-10-30T00:00:00Z,83.07,0.176,79.92,522.74,30.1,warning
SNS-zone_07-01,zone_07,2025-10-30T00:00:00Z,83.84,0.182,86.56,526.72,30.1,warning
SNS-zone_08-01,zone_08,2025-10-30T00:00:00Z,75.87,0.175,82.17,498.08,30.1,warning
SNS-zone_09-01,zone_09,2025-10-30T00:00:00Z,26.03,0.029,36.11,140.23,30.1,safe
SNS-zone_10-01,zone_10,2025-10-30T00:00:00Z,84.91,0.167,82.77,528.14,30.1,warning
SNS-zone_11-01,zone_11,2025-10-30T00:00:00Z,128.49,0.396,138.34,1019.32,30.1,evacuation
SNS-zone_12-01,zone_12,2025-10-30T00:00:00Z,138.19,0.423,120.29,1038.05,30.1,evacuation
SNS-zone_13-01,zone_13,2025-10-30T00:00:00Z,25.69,0.033,49.99,163.35,30.1,safe
SNS-zone_14-01,zone_14,2025-10-30T00:00:00Z,36.46,0.04,42.97,168.96,30.1,safe
SNS-zone_15-01,zone_15,2025-10-30T00:00:00Z,33.13,0.043,48.34,178.37,30.1,safe
SNS-zone_16-01,zone_16,2025-10-30T00:00:00Z,36.69,0.046,38.53,168.33,30.1,safe
SNS-zone_01-01,zone_01,2025-10-31T00:00:00Z,37.59,0.047,49.37,181.29,6.7,safe
SNS-zone_02-01,zone_02,2025-10-31T00:00:00Z,45.49,0.055,37.62,176.84,6.7,safe
SNS-zone_03-01,zone_03,2025-10-31T00:00:00Z,38.81,0.037,39.76,179.36,6.7,safe
SNS-zone_04-01,zone_04,2025-10-31T00:00:00Z,45.61,0.047,47.62,202.23,6.7,safe
SNS-zone_05-01,zone_05,2025-10-31T00:00:00Z,42.03,0.051,50.18,187.66,6.7,safe
SNS-zone_06-01,zone_06,2025-10-31T00:00:00Z,85.83,0.188,75.07,514.5,6.7,warning
SNS-zone_07-01,zone_07,2025-10-31T00:00:00Z,78.8,0.177,87.69,511.88,6.7,warning
SNS-zone_08-01,zone_08,2025-10-31T00:00:00Z,74.18,0.176,81.66,509.61,6.7,warning
SNS-zone_09-01,zone_09,2025-10-31T00:00:00Z,24.47,0.035,36.89,143.74,6.7,safe
SNS-zone_10-01,zone_10,2025-10-31T00:00:00Z,82.31,0.19,85.48,510.93,6.7,warning
SNS-zone_11-01,zone_11,2025-10-31T00:00:00Z,131.57,0.387,139.29,1036.97,6.7,evacuation
SNS-zone_12-01,zone_12,2025-10-31T00:00:00Z,129.11,0.409,120.02,979.97,6.7,evacuation
SNS-zone_13-01,zone_13,2025-10-31T00:00:00Z,26.8,0.035,48.55,156.86,6.7,safe
SNS-zone_14-01,zone_14,2025-10-31T00:00:00Z,34.46,0.041,44.83,170.47,6.7,safe
SNS-zone_15-01,zone_15,2025-10-31T00:00:00Z,31.59,0.03,47.67,171.15,6.7,safe
SNS-zone_16-01,zone_16,2025-10-31T00:00:00Z,30.94,0.042,37.5,160.48,6.7,safe
SNS-zone_01-01,zone_01,2025-11-01T00:00:00Z,36.26,0.041,45.6,174.34,0.0,safe
SNS-zone_02-01,zone_02,2025-11-01T00:00:00Z,43.36,0.051,34.46,181.52,0.0,safe
SNS-zone_03-01,zone_03,2025-11-01T00:00:00Z,34.54,0.044,37.98,166.13,0.0,safe
SNS-zone_04-01,zone_04,2025-11-01T00:00:00Z,44.59,0.05,46.77,191.89,0.0,safe
SNS-zone_05-01,zone_05,2025-11-01T00:00:00Z,39.08,0.041,48.76,190.51,0.0,safe
SNS-zone_06-01,zone_06,2025-11-01T00:00:00Z,84.66,0.19,70.12,493.84,0.0,warning
SNS-zone_07-01,zone_07,2025-11-01T00:00:00Z,76.37,0.166,82.06,515.47,0.0,warning
SNS-zone_08-01,zone_08,2025-11-01T00:00:00Z,72.2,0.168,78.28,484.88,0.0,warning
SNS-zone_09-01,zone_09,2025-11-01T00:00:00Z,27.57,0.038,32.96,146.19,0.0,safe
SNS-zone_10-01,zone_10,2025-11-01T00:00:00Z,80.5,0.179,79.94,512.81,0.0,warning
SNS-zone_11-01,zone_11,2025-11-01T00:00:00Z,128.83,0.391,123.43,993.7,0.0,evacuation
SNS-zone_12-01,zone_12,2025-11-01T00:00:00Z,123.63,0.376,106.54,970.14,0.0,evacuation
SNS-zone_13-01,zone_13,2025-11-01T00:00:00Z,23.01,0.026,44.54,136.03,0.0,safe
SNS-zone_14-01,zone_14,2025-11-01T00:00:00Z,36.7,0.04,41.04,166.86,0.0,safe
SNS-zone_15-01,zone_15,2025-11-01T00:00:00Z,27.12,0.031,44.43,145.15,0.0,safe
SNS-zone_16-01,zone_16,2025-11-01T00:00:00Z,29.26,0.029,39.81,157.94,0.0,safe
SNS-zone_01-01,zone_01,2025-11-02T00:00:00Z,35.94,0.04,43.3,174.15,0.0,safe
SNS-zone_02-01,zone_02,2025-11-02T00:00:00Z,40.88,0.046,34.98,177.48,0.0,safe
SNS-zone_03-01,zone_03,2025-11-02T00:00:00Z,31.37,0.035,36.36,154.82,0.0,safe
SNS-zone_04-01,zone_04,2025-11-02T00:00:00Z,41.6,0.047,44.65,182.42,0.0,safe
SNS-zone_05-01,zone_05,2025-11-02T00:00:00Z,34.21,0.039,46.8,166.49,0.0,safe
SNS-zone_06-01,zone_06,2025-11-02T00:00:00Z,75.57,0.159,69.16,483.13,0.0,warning
SNS-zone_07-01,zone_07,2025-11-02T00:00:00Z,64.81,0.148,76.73,460.01,0.0,warning
SNS-zone_08-01,zone_08,2025-11-02T00:00:00Z,70.16,0.161,77.72,480.23,0.0,warning
SNS-zone_09-01,zone_09,2025-11-02T00:00:00Z,23.34,0.031,32.87,139.85,0.0,safe
SNS-zone_10-01,zone_10,2025-11-02T00:00:00Z,73.67,0.161,76.75,482.74,0.0,warning
SNS-zone_11-01,zone_11,2025-11-02T00:00:00Z,116.68,0.357,124.76,976.72,0.0,evacuation
SNS-zone_12-01,zone_12,2025-11-02T00:00:00Z,124.16,0.367,104.49,944.05,0.0,evacuation
SNS-zone_13-01,zone_13,2025-11-02T00:00:00Z,18.84,0.025,44.84,133.55,0.0,safe
SNS-zone_14-01,zone_14,2025-11-02T00:00:00Z,31.97,0.04,41.39,169.01,0.0,safe
SNS-zone_15-01,zone_15,2025-11-02T00:00:00Z,24.0,0.031,43.38,144.74,0.0,safe
SNS-zone_16-01,zone_16,2025-11-02T00:00:00Z,33.21,0.044,37.67,155.97,0.0,safe
SNS-zone_01-01,zone_01,2025-11-03T00:00:00Z,32.18,0.042,44.05,168.9,0.0,safe
SNS-zone_02-01,zone_02,2025-11-03T00:00:00Z,41.51,0.052,34.22,170.86,0.0,safe
SNS-zone_03-01,zone_03,2025-11-03T00:00:00Z,29.64,0.036,37.49,138.16,0.0,safe
SNS-zone_04-01,zone_04,2025-11-03T00:00:00Z,44.93,0.055,41.16,187.19,0.0,safe
SNS-zone_05-01,zone_05,2025-11-03T00:00:00Z,33.65,0.044,43.89,166.85,0.0,safe
SNS-zone_06-01,zone_06,2025-11-03T00:00:00Z,72.01,0.158,67.84,473.5,0.0,warning
SNS-zone_07-01,zone_07,2025-11-03T00:00:00Z,66.14,0.141,77.45,453.06,0.0,warning
SNS-zone_08-01,zone_08,2025-11-03T00:00:00Z,64.82,0.156,77.55,463.28,0.0,warning
SNS-zone_09-01,zone_09,2025-11-03T00:00:00Z,20.23,0.03,35.23,135.44,0.0,safe
SNS-zone_10-01,zone_10,2025-11-03T00:00:00Z,68.01,0.167,75.69,469.1,0.0,warning
SNS-zone_11-01,zone_11,2025-11-03T00:00:00Z,118.02,0.369,113.53,936.42,0.0,evacuation
SNS-zone_12-01,zone_12,2025-11-03T00:00:00Z,118.22,0.372,102.54,912.26,0.0,evacuation
SNS-zone_13-01,zone_13,2025-11-03T00:00:00Z,19.69,0.028,46.33,130.14,0.0,safe
SNS-zone_14-01,zone_14,2025-11-03T00:00:00Z,31.52,0.04,41.23,161.73,0.0,safe
SNS-zone_15-01,zone_15,2025-11-03T00:00:00Z,22.4,0.025,44.0,141.36,0.0,safe
SNS-zone_16-01,zone_16,2025-11-03T00:00:00Z,31.65,0.046,33.87,154.54,0.0,safe
SNS-zone_01-01,zone_01,2025-11-04T00:00:00Z,28.25,0.038,41.12,157.0,0.0,safe
SNS-zone_02-01,zone_02,2025-11-04T00:00:00Z,40.69,0.055,32.04,173.39,0.0,safe
SNS-zone_03-01,zone_03,2025-11-04T00:00:00Z,25.13,0.033,34.63,133.74,0.0,safe
SNS-zone_04-01,zone_04,2025-11-04T00:00:00Z,38.12,0.048,41.92,175.75,0.0,safe
SNS-zone_05-01,zone_05,2025-11-04T00:00:00Z,30.1,0.034,43.64,165.56,0.0,safe
SNS-zone_06-01,zone_06,2025-11-04T00:00:00Z,73.89,0.168,65.33,465.64,0.0,warning
SNS-zone_07-01,zone_07,2025-11-04T00:00:00Z,62.87,0.137,75.43,450.68,0.0,warning
SNS-zone_08-01,zone_08,2025-11-04T00:00:00Z,61.84,0.142,74.04,444.71,0.0,warning
SNS-zone_09-01,zone_09,2025-11-04T00:00:00Z,15.2,0.021,32.74,118.03,0.0,safe
SNS-zone_10-01,zone_10,2025-11-04T00:00:00Z,65.05,0.157,72.4,451.47,0.0,warning
SNS-zone_11-01,zone_11,2025-11-04T00:00:00Z,110.77,0.326,110.63,908.51,0.0,evacuation
SNS-zone_12-01,zone_12,2025-11-04T00:00:00Z,115.43,0.362,99.43,907.25,0.0,evacuation
SNS-zone_13-01,zone_13,2025-11-04T00:00:00Z,17.21,0.027,45.17,132.72,0.0,safe
SNS-zone_14-01,zone_14,2025-11-04T00:00:00Z,29.48,0.053,37.22,157.89,0.0,safe
SNS-zone_15-01,zone_15,2025-11-04T00:00:00Z,20.29,0.029,43.25,132.46,0.0,safe
SNS-zone_16-01,zone_16,2025-11-04T00:00:00Z,28.89,0.038,35.87,154.72,0.0,safe
SNS-zone_01-01,zone_01,2025-11-05T00:00:00Z,27.8,0.033,41.4,158.95,0.0,safe
SNS-zone_02-01,zone_02,2025-11-05T00:00:00Z,37.38,0.043,31.87,164.02,0.0,safe
SNS-zone_03-01,zone_03,2025-11-05T00:00:00Z,27.4,0.037,36.98,144.22,0.0,safe
SNS-zone_04-01,zone_04,2025-11-05T00:00:00Z,41.48,0.052,40.7,187.06,0.0,safe
SNS-zone_05-01,zone_05,2025-11-05T00:00:00Z,32.95,0.045,43.13,166.63,0.0,safe
SNS-zone_06-01,zone_06,2025-11-05T00:00:00Z,72.76,0.189,62.09,478.55,0.0,warning
SNS-zone_07-01,zone_07,2025-11-05T00:00:00Z,63.02,0.143,73.96,454.82,0.0,warning
SNS-zone_08-01,zone_08,2025-11-05T00:00:00Z,56.36,0.138,71.2,423.33,0.0,warning
SNS-zone_09-01,zone_09,2025-11-05T00:00:00Z,20.71,0.025,30.38,124.88,0.0,safe
SNS-zone_10-01,zone_10,2025-11-05T00:00:00Z,64.51,0.149,71.6,449.09,0.0,warning
SNS-zone_11-01,zone_11,2025-11-05T00:00:00Z,111.09,0.346,109.35,904.42,0.0,evacuation
SNS-zone_12-01,zone_12,2025-11-05T00:00:00Z,113.81,0.358,98.31,910.22,0.0,evacuation
SNS-zone_13-01,zone_13,2025-11-05T00:00:00Z,13.58,0.028,45.09,123.75,0.0,safe
SNS-zone_14-01,zone_14,2025-11-05T00:00:00Z,30.01,0.046,37.27,150.43,0.0,safe
SNS-zone_15-01,zone_15,2025-11-05T00:00:00Z,19.52,0.027,40.29,134.52,0.0,safe
SNS-zone_16-01,zone_16,2025-11-05T00:00:00Z,27.9,0.037,31.31,154.37,0.0,safe
SNS-zone_01-01,zone_01,2025-11-06T00:00:00Z,25.69,0.038,41.51,146.93,0.0,safe
SNS-zone_02-01,zone_02,2025-11-06T00:00:00Z,34.04,0.037,32.66,152.28,0.0,safe
SNS-zone_03-01,zone_03,2025-11-06T00:00:00Z,24.05,0.025,34.43,131.56,0.0,safe
SNS-zone_04-01,zone_04,2025-11-06T00:00:00Z,36.12,0.044,39.76,166.17,0.0,safe
SNS-zone_05-01,zone_05,2025-11-06T00:00:00Z,29.35,0.038,43.11,168.56,0.0,safe
SNS-zone_06-01,zone_06,2025-11-06T00:00:00Z,71.53,0.176,63.88,449.09,0.0,warning
SNS-zone_07-01,zone_07,2025-11-06T00:00:00Z,54.22,0.136,71.73,433.52,0.0,warning
SNS-zone_08-01,zone_08,2025-11-06T00:00:00Z,57.54,0.153,72.2,416.11,0.0,warning
SNS-zone_09-01,zone_09,2025-11-06T00:00:00Z,13.55,0.02,30.44,117.41,0.0,safe
SNS-zone_10-01,zone_10,2025-11-06T00:00:00Z,60.64,0.157,71.06,434.91,0.0,warning
SNS-zone_11-01,zone_11,2025-11-06T00:00:00Z,113.89,0.338,105.52,923.11,0.0,evacuation
SNS-zone_12-01,zone_12,2025-11-06T00:00:00Z,113.26,0.344,95.13,883.79,0.0,evacuation
SNS-zone_13-01,zone_13,2025-11-06T00:00:00Z,17.51,0.033,45.37,136.57,0.0,safe
SNS-zone_14-01,zone_14,2025-11-06T00:00:00Z,29.75,0.036,36.41,144.81,0.0,safe
SNS-zone_15-01,zone_15,2025-11-06T00:00:00Z,19.55,0.02,43.32,139.42,0.0,safe
SNS-zone_16-01,zone_16,2025-11-06T00:00:00Z,28.22,0.036,33.64,143.01,0.0,safe
SNS-zone_01-01,zone_01,2025-11-07T00:00:00Z,26.51,0.034,41.37,156.21,0.0,safe
SNS-zone_02-01,zone_02,2025-11-07T00:00:00Z,40.03,0.046,32.48,170.02,0.0,safe
SNS-zone_03-01,zone_03,2025-11-07T00:00:00Z,24.66,0.031,34.18,137.95,0.0,safe
SNS-zone_04-01,zone_04,2025-11-07T00:00:00Z,33.27,0.041,40.47,163.63,0.0,safe
SNS-zone_05-01,zone_05,2025-11-07T00:00:00Z,32.18,0.041,41.8,163.85,0.0,safe
SNS-zone_06-01,zone_06,2025-11-07T00:00:00Z,67.02,0.155,64.22,461.05,0.0,warning
SNS-zone_07-01,zone_07,2025-11-07T00:00:00Z,55.07,0.134,67.27,425.35,0.0,warning
SNS-zone_08-01,zone_08,2025-11-07T00:00:00Z,58.0,0.134,73.16,452.75,0.0,warning
SNS-zone_09-01,zone_09,2025-11-07T00:00:00Z,17.98,0.029,31.07,118.12,0.0,safe
SNS-zone_10-01,zone_10,2025-11-07T00:00:00Z,60.12,0.16,65.48,423.33,0.0,warning
SNS-zone_11-01,zone_11,2025-11-07T00:00:00Z,101.91,0.313,103.6,866.72,0.0,warning
SNS-zone_12-01,zone_12,2025-11-07T00:00:00Z,117.35,0.371,91.81,899.68,0.0,evacuation
SNS-zone_13-01,zone_13,2025-11-07T00:00:00Z,14.79,0.022,45.56,123.24,0.0,safe
SNS-zone_14-01,zone_14,2025-11-07T00:00:00Z,30.09,0.04,37.43,148.24,0.0,safe
SNS-zone_15-01,zone_15,2025-11-07T00:00:00Z,16.81,0.027,38.96,121.18,0.0,safe
SNS-zone_16-01,zone_16,2025-11-07T00:00:00Z,25.12,0.036,31.66,131.9,0.0,safe
SNS-zone_01-01,zone_01,2025-11-08T00:00:00Z,23.27,0.031,40.82,143.62,0.0,safe
SNS-zone_02-01,zone_02,2025-11-08T00:00:00Z,38.39,0.046,31.13,160.94,0.0,safe
SNS-zone_03-01,zone_03,2025-11-08T00:00:00Z,24.66,0.036,33.24,130.92,0.0,safe
SNS-zone_04-01,zone_04,2025-11-08T00:00:00Z,39.65,0.052,39.07,178.42,0.0,safe
SNS-zone_05-01,zone_05,2025-11-08T00:00:00Z,29.04,0.037,44.52,156.81,0.0,safe
SNS-zone_06-01,zone_06,2025-11-08T00:00:00Z,68.33,0.167,61.26,442.46,0.0,warning
SNS-zone_07-01,zone_07,2025-11-08T00:00:00Z,51.28,0.125,68.97,417.77,0.0,warning
SNS-zone_08-01,zone_08,2025-11-08T00:00:00Z,53.38,0.124,73.94,427.48,0.0,warning
SNS-zone_09-01,zone_09,2025-11-08T00:00:00Z,19.43,0.027,28.84,126.28,0.0,safe
SNS-zone_10-01,zone_10,2025-11-08T00:00:00Z,59.52,0.141,64.86,430.32,0.0,warning
SNS-zone_11-01,zone_11,2025-11-08T00:00:00Z,111.83,0.34,99.43,910.4,0.0,evacuation
SNS-zone_12-01,zone_12,2025-11-08T00:00:00Z,111.21,0.353,88.51,893.5,0.0,evacuation
SNS-zone_13-01,zone_13,2025-11-08T00:00:00Z,11.28,0.015,46.63,119.1,0.0,safe
SNS-zone_14-01,zone_14,2025-11-08T00:00:00Z,28.05,0.031,37.04,153.53,0.0,safe
SNS-zone_15-01,zone_15,2025-11-08T00:00:00Z,19.09,0.025,40.79,131.65,0.0,safe
SNS-zone_16-01,zone_16,2025-11-08T00:00:00Z,27.72,0.037,31.14,143.3,0.0,safe
SNS-zone_01-01,zone_01,2025-11-09T00:00:00Z,24.26,0.041,39.8,139.09,0.0,safe
SNS-zone_02-01,zone_02,2025-11-09T00:00:00Z,36.62,0.048,31.98,163.48,0.0,safe
SNS-zone_03-01,zone_03,2025-11-09T00:00:00Z,21.21,0.027,32.95,122.28,0.0,safe
SNS-zone_04-01,zone_04,2025-11-09T00:00:00Z,38.5,0.051,38.81,181.68,0.0,safe
SNS-zone_05-01,zone_05,2025-11-09T00:00:00Z,26.03,0.032,42.45,139.88,0.0,safe
SNS-zone_06-01,zone_06,2025-11-09T00:00:00Z,63.63,0.157,59.58,428.33,0.0,warning
SNS-zone_07-01,zone_07,2025-11-09T00:00:00Z,52.19,0.129,64.78,418.2,0.0,warning
SNS-zone_08-01,zone_08,2025-11-09T00:00:00Z,55.86,0.144,70.02,426.19,0.0,warning
SNS-zone_09-01,zone_09,2025-11-09T00:00:00Z,13.72,0.03,28.86,107.35,0.0,safe
SNS-zone_10-01,zone_10,2025-11-09T00:00:00Z,56.97,0.133,67.24,419.7,0.0,warning
SNS-zone_11-01,zone_11,2025-11-09T00:00:00Z,110.54,0.334,97.99,872.71,0.0,evacuation
SNS-zone_12-01,zone_12,2025-11-09T00:00:00Z,108.33,0.337,84.9,872.72,0.0,evacuation
SNS-zone_13-01,zone_13,2025-11-09T00:00:00Z,11.51,0.013,42.79,117.56,0.0,safe
SNS-zone_14-01,zone_14,2025-11-09T00:00:00Z,25.99,0.035,37.62,150.28,0.0,safe
SNS-zone_15-01,zone_15,2025-11-09T00:00:00Z,22.06,0.034,40.52,139.72,0.0,safe
SNS-zone_16-01,zone_16,2025-11-09T00:00:00Z,25.11,0.036,32.66,140.76,0.0,safe
SNS-zone_01-01,zone_01,2025-11-10T00:00:00Z,19.98,0.031,38.22,137.96,0.0,safe
SNS-zone_02-01,zone_02,2025-11-10T00:00:00Z,36.6,0.036,27.36,154.62,0.0,safe
SNS-zone_03-01,zone_03,2025-11-10T00:00:00Z,23.14,0.033,35.14,140.95,0.0,safe
SNS-zone_04-01,zone_04,2025-11-10T00:00:00Z,35.75,0.045,37.48,164.4,0.0,safe
SNS-zone_05-01,zone_05,2025-11-10T00:00:00Z,27.74,0.032,38.9,152.44,0.0,safe
SNS-zone_06-01,zone_06,2025-11-10T00:00:00Z,62.15,0.148,59.88,427.02,0.0,warning
SNS-zone_07-01,zone_07,2025-11-10T00:00:00Z,53.19,0.133,71.13,424.12,0.0,warning
SNS-zone_08-01,zone_08,2025-11-10T00:00:00Z,52.85,0.14,69.73,414.1,0.0,warning
SNS-zone_09-01,zone_09,2025-11-10T00:00:00Z,13.73,0.022,28.08,108.2,0.0,safe
SNS-zone_10-01,zone_10,2025-11-10T00:00:00Z,50.1,0.153,67.47,403.33,0.0,warning
SNS-zone_11-01,zone_11,2025-11-10T00:00:00Z,109.55,0.318,102.14,869.28,0.0,evacuation
SNS-zone_12-01,zone_12,2025-11-10T00:00:00Z,106.91,0.343,84.04,858.94,0.0,evacuation
SNS-zone_13-01,zone_13,2025-11-10T00:00:00Z,15.94,0.024,43.15,126.29,0.0,safe
SNS-zone_14-01,zone_14,2025-11-10T00:00:00Z,25.65,0.039,36.08,146.63,0.0,safe
SNS-zone_15-01,zone_15,2025-11-10T00:00:00Z,19.04,0.025,39.29,125.34,0.0,safe
SNS-zone_16-01,zone_16,2025-11-10T00:00:00Z,24.19,0.039,32.21,136.7,0.0,safe
SNS-zone_01-01,zone_01,2025-11-11T00:00:00Z,23.11,0.028,39.96,140.75,0.0,safe
SNS-zone_02-01,zone_02,2025-11-11T00:00:00Z,37.69,0.048,31.06,163.3,0.0,safe
SNS-zone_03-01,zone_03,2025-11-11T00:00:00Z,20.95,0.035,32.5,124.7,0.0,safe
SNS-zone_04-01,zone_04,2025-11-11T00:00:00Z,34.28,0.033,39.39,165.14,0.0,safe
SNS-zone_05-01,zone_05,2025-11-11T00:00:00Z,28.36,0.029,38.89,155.6,0.0,safe
SNS-zone_06-01,zone_06,2025-11-11T00:00:00Z,62.04,0.142,58.46,446.6,0.0,warning
SNS-zone_07-01,zone_07,2025-11-11T00:00:00Z,50.65,0.134,67.33,406.92,0.0,warning
SNS-zone_08-01,zone_08,2025-11-11T00:00:00Z,55.85,0.125,68.0,434.55,0.0,warning
SNS-zone_09-01,zone_09,2025-11-11T00:00:00Z,12.83,0.024,29.22,111.81,0.0,safe
SNS-zone_10-01,zone_10,2025-11-11T00:00:00Z,56.41,0.143,64.06,416.53,0.0,warning
SNS-zone_11-01,zone_11,2025-11-11T00:00:00Z,111.39,0.35,98.46,873.53,0.0,evacuation
SNS-zone_12-01,zone_12,2025-11-11T00:00:00Z,116.23,0.356,86.07,901.12,0.0,evacuation
SNS-zone_13-01,zone_13,2025-11-11T00:00:00Z,13.51,0.025,42.03,121.56,0.0,safe
SNS-zone_14-01,zone_14,2025-11-11T00:00:00Z,24.32,0.026,35.44,142.41,0.0,safe
SNS-zone_15-01,zone_15,2025-11-11T00:00:00Z,19.63,0.02,39.11,128.19,0.0,safe
SNS-zone_16-01,zone_16,2025-11-11T00:00:00Z,27.74,0.031,30.7,145.63,0.0,safe
SNS-zone_01-01,zone_01,2025-11-12T00:00:00Z,20.05,0.028,39.13,138.12,0.0,safe
SNS-zone_02-01,zone_02,2025-11-12T00:00:00Z,37.33,0.047,32.24,172.57,0.0,safe
SNS-zone_03-01,zone_03,2025-11-12T00:00:00Z,23.0,0.038,32.27,137.33,0.0,safe
SNS-zone_04-01,zone_04,2025-11-12T00:00:00Z,34.68,0.041,40.11,166.7,0.0,safe
SNS-zone_05-01,zone_05,2025-11-12T00:00:00Z,29.56,0.042,41.39,161.18,0.0,safe
SNS-zone_06-01,zone_06,2025-11-12T00:00:00Z,63.51,0.156,59.67,432.03,0.0,warning
SNS-zone_07-01,zone_07,2025-11-12T00:00:00Z,47.94,0.141,65.33,390.18,0.0,warning
SNS-zone_08-01,zone_08,2025-11-12T00:00:00Z,58.21,0.147,70.92,437.21,0.0,warning
SNS-zone_09-01,zone_09,2025-11-12T00:00:00Z,6.67,0.01,29.69,95.86,0.0,safe
SNS-zone_10-01,zone_10,2025-11-12T00:00:00Z,55.67,0.154,66.58,420.83,0.0,warning
SNS-zone_11-01,zone_11,2025-11-12T00:00:00Z,114.01,0.358,100.53,910.91,0.0,evacuation
SNS-zone_12-01,zone_12,2025-11-12T00:00:00Z,105.42,0.321,83.25,847.24,0.0,evacuation
SNS-zone_13-01,zone_13,2025-11-12T00:00:00Z,11.24,0.024,43.55,116.73,0.0,safe
SNS-zone_14-01,zone_14,2025-11-12T00:00:00Z,24.25,0.027,34.31,135.59,0.0,safe
SNS-zone_15-01,zone_15,2025-11-12T00:00:00Z,18.96,0.023,37.83,121.61,0.0,safe
SNS-zone_16-01,zone_16,2025-11-12T00:00:00Z,27.57,0.029,32.85,146.11,0.0,safe
SNS-zone_01-01,zone_01,2025-11-13T00:00:00Z,20.4,0.026,37.91,134.85,0.0,safe
SNS-zone_02-01,zone_02,2025-11-13T00:00:00Z,31.29,0.035,30.29,147.91,0.0,safe
SNS-zone_03-01,zone_03,2025-11-13T00:00:00Z,22.3,0.028,33.11,143.58,0.0,safe
SNS-zone_04-01,zone_04,2025-11-13T00:00:00Z,29.83,0.037,39.61,155.15,0.0,safe
SNS-zone_05-01,zone_05,2025-11-13T00:00:00Z,26.96,0.033,42.88,152.74,0.0,safe
SNS-zone_06-01,zone_06,2025-11-13T00:00:00Z,63.26,0.161,61.69,427.42,0.0,warning
SNS-zone_07-01,zone_07,2025-11-13T00:00:00Z,50.84,0.135,67.6,401.79,0.0,warning
SNS-zone_08-01,zone_08,2025-11-13T00:00:00Z,51.97,0.121,70.5,418.62,0.0,warning
SNS-zone_09-01,zone_09,2025-11-13T00:00:00Z,15.42,0.023,29.84,109.12,0.0,safe
SNS-zone_10-01,zone_10,2025-11-13T00:00:00Z,52.87,0.124,64.0,413.21,0.0,warning
SNS-zone_11-01,zone_11,2025-11-13T00:00:00Z,114.27,0.342,91.17,885.18,0.0,evacuation
SNS-zone_12-01,zone_12,2025-11-13T00:00:00Z,112.37,0.333,88.88,888.17,0.0,evacuation
SNS-zone_13-01,zone_13,2025-11-13T00:00:00Z,8.69,0.02,40.24,110.5,0.0,safe
SNS-zone_14-01,zone_14,2025-11-13T00:00:00Z,23.94,0.027,33.38,139.26,0.0,safe
SNS-zone_15-01,zone_15,2025-11-13T00:00:00Z,16.49,0.02,38.45,127.69,0.0,safe
SNS-zone_16-01,zone_16,2025-11-13T00:00:00Z,27.43,0.034,31.46,149.92,0.0,safe
SNS-zone_01-01,zone_01,2025-11-14T00:00:00Z,21.23,0.027,37.79,135.71,0.0,safe
SNS-zone_02-01,zone_02,2025-11-14T00:00:00Z,33.98,0.043,32.72,158.09,0.0,safe
SNS-zone_03-01,zone_03,2025-11-14T00:00:00Z,16.85,0.018,31.68,122.3,0.0,safe
SNS-zone_04-01,zone_04,2025-11-14T00:00:00Z,38.79,0.049,37.56,168.47,0.0,safe
SNS-zone_05-01,zone_05,2025-11-14T00:00:00Z,30.54,0.035,40.1,150.56,0.0,safe
SNS-zone_06-01,zone_06,2025-11-14T00:00:00Z,68.02,0.16,59.59,429.95,0.0,warning
SNS-zone_07-01,zone_07,2025-11-14T00:00:00Z,50.17,0.13,66.14,398.63,0.0,warning
SNS-zone_08-01,zone_08,2025-11-14T00:00:00Z,53.57,0.143,68.68,423.41,0.0,warning
SNS-zone_09-01,zone_09,2025-11-14T00:00:00Z,14.72,0.03,28.23,111.09,0.0,safe
SNS-zone_10-01,zone_10,2025-11-14T00:00:00Z,52.23,0.152,64.28,406.35,0.0,warning
SNS-zone_11-01,zone_11,2025-11-14T00:00:00Z,112.2,0.348,95.3,917.31,0.0,evacuation
SNS-zone_12-01,zone_12,2025-11-14T00:00:00Z,111.44,0.358,82.52,859.27,0.0,evacuation
SNS-zone_13-01,zone_13,2025-11-14T00:00:00Z,11.29,0.017,40.98,112.01,0.0,safe
SNS-zone_14-01,zone_14,2025-11-14T00:00:00Z,29.97,0.039,35.16,150.85,0.0,safe
SNS-zone_15-01,zone_15,2025-11-14T00:00:00Z,18.93,0.033,37.74,123.42,0.0,safe
SNS-zone_16-01,zone_16,2025-11-14T00:00:00Z,24.92,0.028,29.21,131.49,0.0,safe
SNS-zone_01-01,zone_01,2025-11-15T00:00:00Z,20.96,0.024,38.12,126.98,0.0,safe
SNS-zone_02-01,zone_02,2025-11-15T00:00:00Z,37.59,0.045,30.09,159.67,0.0,safe
SNS-zone_03-01,zone_03,2025-11-15T00:00:00Z,21.26,0.031,33.0,130.69,0.0,safe
SNS-zone_04-01,zone_04,2025-11-15T00:00:00Z,37.73,0.042,38.43,168.09,0.0,safe
SNS-zone_05-01,zone_05,2025-11-15T00:00:00Z,29.35,0.04,41.64,154.38,0.0,safe
SNS-zone_06-01,zone_06,2025-11-15T00:00:00Z,62.54,0.152,63.03,435.24,0.0,warning
SNS-zone_07-01,zone_07,2025-11-15T00:00:00Z,47.35,0.112,65.34,403.39,0.0,warning
SNS-zone_08-01,zone_08,2025-11-15T00:00:00Z,50.72,0.128,66.87,424.12,0.0,warning
SNS-zone_09-01,zone_09,2025-11-15T00:00:00Z,12.55,0.025,29.36,107.31,0.0,safe
SNS-zone_10-01,zone_10,2025-11-15T00:00:00Z,54.4,0.136,63.06,421.14,0.0,warning
SNS-zone_11-01,zone_11,2025-11-15T00:00:00Z,107.55,0.351,97.96,864.28,0.0,evacuation
SNS-zone_12-01,zone_12,2025-11-15T00:00:00Z,107.57,0.332,84.98,846.33,0.0,evacuation
SNS-zone_13-01,zone_13,2025-11-15T00:00:00Z,9.93,0.015,42.59,113.11,0.0,safe
SNS-zone_14-01,zone_14,2025-11-15T00:00:00Z,30.29,0.037,34.32,148.25,0.0,safe
SNS-zone_15-01,zone_15,2025-11-15T00:00:00Z,18.09,0.022,36.73,124.67,0.0,safe
SNS-zone_16-01,zone_16,2025-11-15T00:00:00Z,28.83,0.035,31.85,144.28,0.0,safe
SNS-zone_01-01,zone_01,2025-11-16T00:00:00Z,19.86,0.034,37.74,132.99,0.0,safe
SNS-zone_02-01,zone_02,2025-11-16T00:00:00Z,31.44,0.039,29.09,145.2,0.0,safe
SNS-zone_03-01,zone_03,2025-11-16T00:00:00Z,22.76,0.028,33.66,128.96,0.0,safe
SNS-zone_04-01,zone_04,2025-11-16T00:00:00Z,35.94,0.041,39.23,160.58,0.0,safe
SNS-zone_05-01,zone_05,2025-11-16T00:00:00Z,30.17,0.042,40.3,157.05,0.0,safe
SNS-zone_06-01,zone_06,2025-11-16T00:00:00Z,62.42,0.144,58.42,428.01,0.0,warning
SNS-zone_07-01,zone_07,2025-11-16T00:00:00Z,50.67,0.123,66.92,401.83,0.0,warning
SNS-zone_08-01,zone_08,2025-11-16T00:00:00Z,51.66,0.144,68.49,407.12,0.0,warning
SNS-zone_09-01,zone_09,2025-11-16T00:00:00Z,12.09,0.024,26.71,102.95,0.0,safe
SNS-zone_10-01,zone_10,2025-11-16T00:00:00Z,49.22,0.113,62.83,395.34,0.0,warning
SNS-zone_11-01,zone_11,2025-11-16T00:00:00Z,111.82,0.353,93.53,901.87,0.0,evacuation
SNS-zone_12-01,zone_12,2025-11-16T00:00:00Z,110.31,0.338,83.94,853.32,0.0,evacuation
SNS-zone_13-01,zone_13,2025-11-16T00:00:00Z,13.9,0.023,39.94,117.93,0.0,safe
SNS-zone_14-01,zone_14,2025-11-16T00:00:00Z,25.51,0.032,36.94,143.3,0.0,safe
SNS-zone_15-01,zone_15,2025-11-16T00:00:00Z,17.36,0.03,37.33,125.49,0.0,safe
SNS-zone_16-01,zone_16,2025-11-16T00:00:00Z,27.47,0.033,28.04,146.75,0.0,safe
SNS-zone_01-01,zone_01,2025-11-17T00:00:00Z,19.8,0.024,39.57,133.04,0.0,safe
SNS-zone_02-01,zone_02,2025-11-17T00:00:00Z,32.61,0.04,29.41,144.12,0.0,safe
SNS-zone_03-01,zone_03,2025-11-17T00:00:00Z,21.71,0.032,32.42,134.68,0.0,safe
SNS-zone_04-01,zone_04,2025-11-17T00:00:00Z,36.68,0.032,38.31,165.61,0.0,safe
SNS-zone_05-01,zone_05,2025-11-17T00:00:00Z,28.25,0.039,42.99,155.39,0.0,safe
SNS-zone_06-01,zone_06,2025-11-17T00:00:00Z,64.17,0.158,61.51,441.64,0.0,warning
SNS-zone_07-01,zone_07,2025-11-17T00:00:00Z,49.41,0.131,65.34,402.07,0.0,warning
SNS-zone_08-01,zone_08,2025-11-17T00:00:00Z,48.83,0.11,67.07,400.3,0.0,warning
SNS-zone_09-01,zone_09,2025-11-17T00:00:00Z,9.72,0.015,28.51,99.93,0.0,safe
SNS-zone_10-01,zone_10,2025-11-17T00:00:00Z,47.18,0.129,62.43,404.02,0.0,warning
SNS-zone_11-01,zone_11,2025-11-17T00:00:00Z,113.75,0.342,99.34,901.77,0.0,evacuation
SNS-zone_12-01,zone_12,2025-11-17T00:00:00Z,109.04,0.322,83.31,846.87,0.0,evacuation
SNS-zone_13-01,zone_13,2025-11-17T00:00:00Z,10.57,0.03,39.82,116.87,0.0,safe
SNS-zone_14-01,zone_14,2025-11-17T00:00:00Z,26.54,0.032,34.95,146.1,0.0,safe
SNS-zone_15-01,zone_15,2025-11-17T00:00:00Z,13.81,0.017,39.57,113.67,0.0,safe
SNS-zone_16-01,zone_16,2025-11-17T00:00:00Z,26.88,0.035,30.02,147.77,0.0,safe
SNS-zone_01-01,zone_01,2025-11-18T00:00:00Z,19.41,0.024,38.47,132.78,0.0,safe
SNS-zone_02-01,zone_02,2025-11-18T00:00:00Z,35.44,0.037,28.08,156.46,0.0,safe
SNS-zone_03-01,zone_03,2025-11-18T00:00:00Z,17.57,0.032,34.73,131.72,0.0,safe
SNS-zone_04-01,zone_04,2025-11-18T00:00:00Z,32.48,0.028,38.42,149.8,0.0,safe
SNS-zone_05-01,zone_05,2025-11-18T00:00:00Z,31.74,0.038,39.32,160.05,0.0,safe
SNS-zone_06-01,zone_06,2025-11-18T00:00:00Z,60.93,0.147,58.73,422.12,0.0,warning
SNS-zone_07-01,zone_07,2025-11-18T00:00:00Z,47.24,0.13,68.78,387.95,0.0,warning
SNS-zone_08-01,zone_08,2025-11-18T00:00:00Z,49.08,0.121,66.76,409.14,0.0,warning
SNS-zone_09-01,zone_09,2025-11-18T00:00:00Z,13.15,0.024,26.37,108.2,0.0,safe
SNS-zone_10-01,zone_10,2025-11-18T00:00:00Z,52.15,0.144,65.52,412.53,0.0,warning
SNS-zone_11-01,zone_11,2025-11-18T00:00:00Z,113.65,0.365,89.85,882.07,0.0,evacuation
SNS-zone_12-01,zone_12,2025-11-18T00:00:00Z,102.36,0.316,84.66,848.78,0.0,evacuation
SNS-zone_13-01,zone_13,2025-11-18T00:00:00Z,11.57,0.018,39.21,116.73,0.0,safe
SNS-zone_14-01,zone_14,2025-11-18T00:00:00Z,24.52,0.026,34.3,131.23,0.0,safe
SNS-zone_15-01,zone_15,2025-11-18T00:00:00Z,18.3,0.025,36.71,129.78,0.0,safe
SNS-zone_16-01,zone_16,2025-11-18T00:00:00Z,26.31,0.028,30.34,131.09,0.0,safe
SNS-zone_01-01,zone_01,2025-11-19T00:00:00Z,22.94,0.033,39.07,138.99,0.0,safe
SNS-zone_02-01,zone_02,2025-11-19T00:00:00Z,32.35,0.045,29.48,152.25,0.0,safe
SNS-zone_03-01,zone_03,2025-11-19T00:00:00Z,23.39,0.029,34.17,127.34,0.0,safe
SNS-zone_04-01,zone_04,2025-11-19T00:00:00Z,35.12,0.048,38.73,164.86,0.0,safe
SNS-zone_05-01,zone_05,2025-11-19T00:00:00Z,29.08,0.035,38.7,157.02,0.0,safe
SNS-zone_06-01,zone_06,2025-11-19T00:00:00Z,61.49,0.164,57.21,422.42,0.0,warning
SNS-zone_07-01,zone_07,2025-11-19T00:00:00Z,49.32,0.126,68.52,398.47,0.0,warning
SNS-zone_08-01,zone_08,2025-11-19T00:00:00Z,54.87,0.135,69.45,430.17,0.0,warning
SNS-zone_09-01,zone_09,2025-11-19T00:00:00Z,10.29,0.019,30.21,95.68,0.0,safe
SNS-zone_10-01,zone_10,2025-11-19T00:00:00Z,50.77,0.119,62.91,409.91,0.0,warning
SNS-zone_11-01,zone_11,2025-11-19T00:00:00Z,111.42,0.33,92.45,874.44,0.0,evacuation
SNS-zone_12-01,zone_12,2025-11-19T00:00:00Z,105.37,0.321,78.92,840.17,0.0,evacuation
SNS-zone_13-01,zone_13,2025-11-19T00:00:00Z,10.17,0.017,42.57,115.71,0.0,safe
SNS-zone_14-01,zone_14,2025-11-19T00:00:00Z,27.56,0.026,35.53,150.52,0.0,safe
SNS-zone_15-01,zone_15,2025-11-19T00:00:00Z,18.84,0.028,37.72,138.71,0.0,safe
SNS-zone_16-01,zone_16,2025-11-19T00:00:00Z,27.92,0.033,29.09,138.85,0.0,safe
SNS-zone_01-01,zone_01,2025-11-20T00:00:00Z,18.98,0.027,39.24,132.11,0.0,safe
SNS-zone_02-01,zone_02,2025-11-20T00:00:00Z,34.04,0.044,27.58,151.66,0.0,safe
SNS-zone_03-01,zone_03,2025-11-20T00:00:00Z,21.18,0.032,32.38,123.73,0.0,safe
SNS-zone_04-01,zone_04,2025-11-20T00:00:00Z,38.05,0.045,38.48,165.21,0.0,safe
SNS-zone_05-01,zone_05,2025-11-20T00:00:00Z,23.81,0.034,40.35,143.66,0.0,safe
SNS-zone_06-01,zone_06,2025-11-20T00:00:00Z,62.19,0.15,54.06,438.22,0.0,warning
SNS-zone_07-01,zone_07,2025-11-20T00:00:00Z,49.81,0.126,63.39,391.06,0.0,warning
SNS-zone_08-01,zone_08,2025-11-20T00:00:00Z,47.46,0.117,68.05,400.28,0.0,warning
SNS-zone_09-01,zone_09,2025-11-20T00:00:00Z,9.86,0.017,28.19,99.49,0.0,safe
SNS-zone_10-01,zone_10,2025-11-20T00:00:00Z,50.44,0.139,69.5,412.7,0.0,warning
SNS-zone_11-01,zone_11,2025-11-20T00:00:00Z,105.12,0.326,93.61,866.78,0.0,evacuation
SNS-zone_12-01,zone_12,2025-11-20T00:00:00Z,108.94,0.326,82.69,853.9,0.0,evacuation
SNS-zone_13-01,zone_13,2025-11-20T00:00:00Z,10.49,0.023,42.98,114.3,0.0,safe
SNS-zone_14-01,zone_14,2025-11-20T00:00:00Z,23.44,0.03,34.83,137.12,0.0,safe
SNS-zone_15-01,zone_15,2025-11-20T00:00:00Z,16.57,0.026,34.5,125.63,0.0,safe
SNS-zone_16-01,zone_16,2025-11-20T00:00:00Z,25.58,0.033,29.37,144.16,0.0,safe
SNS-zone_01-01,zone_01,2025-11-21T00:00:00Z,18.16,0.029,38.5,128.57,0.0,safe
SNS-zone_02-01,zone_02,2025-11-21T00:00:00Z,32.26,0.036,30.06,149.44,0.0,safe
SNS-zone_03-01,zone_03,2025-11-21T00:00:00Z,21.06,0.025,34.88,132.64,0.0,safe
SNS-zone_04-01,zone_04,2025-11-21T00:00:00Z,34.31,0.044,35.74,159.99,0.0,safe
SNS-zone_05-01,zone_05,2025-11-21T00:00:00Z,25.24,0.03,41.68,140.8,0.0,safe
SNS-zone_06-01,zone_06,2025-11-21T00:00:00Z,62.81,0.132,60.35,428.98,0.0,warning
SNS-zone_07-01,zone_07,2025-11-21T00:00:00Z,48.41,0.127,63.52,395.18,0.0,warning
SNS-zone_08-01,zone_08,2025-11-21T00:00:00Z,57.62,0.125,68.99,435.03,0.0,warning
SNS-zone_09-01,zone_09,2025-11-21T00:00:00Z,10.61,0.021,26.38,94.04,0.0,safe
SNS-zone_10-01,zone_10,2025-11-21T00:00:00Z,50.34,0.117,65.5,407.16,0.0,warning
SNS-zone_11-01,zone_11,2025-11-21T00:00:00Z,105.77,0.321,95.55,857.56,0.0,evacuation
SNS-zone_12-01,zone_12,2025-11-21T00:00:00Z,110.89,0.319,81.77,882.79,0.0,evacuation
SNS-zone_13-01,zone_13,2025-11-21T00:00:00Z,11.93,0.017,40.26,107.4,0.0,safe
SNS-zone_14-01,zone_14,2025-11-21T00:00:00Z,25.57,0.03,35.8,132.58,0.0,safe
SNS-zone_15-01,zone_15,2025-11-21T00:00:00Z,16.65,0.022,38.53,118.98,0.0,safe
SNS-zone_16-01,zone_16,2025-11-21T00:00:00Z,25.87,0.032,29.05,144.75,0.0,safe
SNS-zone_01-01,zone_01,2025-11-22T00:00:00Z,21.56,0.027,40.1,148.3,0.0,safe
SNS-zone_02-01,zone_02,2025-11-22T00:00:00Z,33.77,0.041,31.08,164.88,0.0,safe
SNS-zone_03-01,zone_03,2025-11-22T00:00:00Z,22.12,0.03,32.2,134.76,0.0,safe
SNS-zone_04-01,zone_04,2025-11-22T00:00:00Z,35.98,0.052,37.71,170.39,0.0,safe
SNS-zone_05-01,zone_05,2025-11-22T00:00:00Z,29.41,0.038,38.0,160.44,0.0,safe
SNS-zone_06-01,zone_06,2025-11-22T00:00:00Z,60.55,0.142,59.32,420.26,0.0,warning
SNS-zone_07-01,zone_07,2025-11-22T00:00:00Z,45.53,0.12,65.3,397.39,0.0,safe
SNS-zone_08-01,zone_08,2025-11-22T00:00:00Z,51.43,0.125,67.05,411.86,0.0,warning
SNS-zone_09-01,zone_09,2025-11-22T00:00:00Z,13.67,0.025,27.77,115.87,0.0,safe
SNS-zone_10-01,zone_10,2025-11-22T00:00:00Z,51.45,0.141,62.8,409.24,0.0,warning
SNS-zone_11-01,zone_11,2025-11-22T00:00:00Z,107.27,0.326,98.98,853.52,0.0,evacuation
SNS-zone_12-01,zone_12,2025-11-22T00:00:00Z,107.34,0.326,85.14,865.19,0.0,evacuation
SNS-zone_13-01,zone_13,2025-11-22T00:00:00Z,9.78,0.021,41.93,110.71,0.0,safe
SNS-zone_14-01,zone_14,2025-11-22T00:00:00Z,25.76,0.027,35.07,134.72,0.0,safe
SNS-zone_15-01,zone_15,2025-11-22T00:00:00Z,18.03,0.028,37.25,123.07,0.0,safe
SNS-zone_16-01,zone_16,2025-11-22T00:00:00Z,24.8,0.035,28.56,133.75,0.0,safe
SNS-zone_01-01,zone_01,2025-11-23T00:00:00Z,19.96,0.025,39.38,144.25,0.0,safe
SNS-zone_02-01,zone_02,2025-11-23T00:00:00Z,30.68,0.032,28.92,137.39,0.0,safe
SNS-zone_03-01,zone_03,2025-11-23T00:00:00Z,15.52,0.032,32.7,111.5,0.0,safe
SNS-zone_04-01,zone_04,2025-11-23T00:00:00Z,32.83,0.037,37.25,160.71,0.0,safe
SNS-zone_05-01,zone_05,2025-11-23T00:00:00Z,26.97,0.033,41.04,149.9,0.0,safe
SNS-zone_06-01,zone_06,2025-11-23T00:00:00Z,68.45,0.155,62.05,454.06,0.0,warning
SNS-zone_07-01,zone_07,2025-11-23T00:00:00Z,53.52,0.133,63.44,416.14,0.0,warning
SNS-zone_08-01,zone_08,2025-11-23T00:00:00Z,47.96,0.13,68.11,395.27,0.0,warning
SNS-zone_09-01,zone_09,2025-11-23T00:00:00Z,14.42,0.023,26.68,116.29,0.0,safe
SNS-zone_10-01,zone_10,2025-11-23T00:00:00Z,46.61,0.134,63.54,401.56,0.0,warning
SNS-zone_11-01,zone_11,2025-11-23T00:00:00Z,112.08,0.335,94.01,900.49,0.0,evacuation
SNS-zone_12-01,zone_12,2025-11-23T00:00:00Z,108.3,0.319,77.91,834.35,0.0,evacuation
SNS-zone_13-01,zone_13,2025-11-23T00:00:00Z,13.37,0.024,40.76,121.25,0.0,safe
SNS-zone_14-01,zone_14,2025-11-23T00:00:00Z,22.75,0.029,35.11,126.82,0.0,safe
SNS-zone_15-01,zone_15,2025-11-23T00:00:00Z,19.04,0.02,37.97,129.65,0.0,safe
SNS-zone_16-01,zone_16,2025-11-23T00:00:00Z,23.68,0.03,31.16,128.51,0.0,safe
SNS-zone_01-01,zone_01,2025-11-24T00:00:00Z,18.35,0.025,37.31,117.07,0.0,safe
SNS-zone_02-01,zone_02,2025-11-24T00:00:00Z,34.7,0.045,30.08,148.51,0.0,safe
SNS-zone_03-01,zone_03,2025-11-24T00:00:00Z,19.91,0.023,31.66,130.51,0.0,safe
SNS-zone_04-01,zone_04,2025-11-24T00:00:00Z,34.12,0.039,39.39,161.63,0.0,safe
SNS-zone_05-01,zone_05,2025-11-24T00:00:00Z,23.58,0.031,39.19,142.38,0.0,safe
SNS-zone_06-01,zone_06,2025-11-24T00:00:00Z,63.56,0.149,56.76,446.03,0.0,warning
SNS-zone_07-01,zone_07,2025-11-24T00:00:00Z,52.46,0.135,67.72,413.77,0.0,warning
SNS-zone_08-01,zone_08,2025-11-24T00:00:00Z,52.37,0.146,65.81,401.22,0.0,warning
SNS-zone_09-01,zone_09,2025-11-24T00:00:00Z,10.28,0.016,30.11,93.4,0.0,safe
SNS-zone_10-01,zone_10,2025-11-24T00:00:00Z,49.6,0.155,65.33,412.18,0.0,warning
SNS-zone_11-01,zone_11,2025-11-24T00:00:00Z,106.41,0.316,99.74,890.17,0.0,evacuation
SNS-zone_12-01,zone_12,2025-11-24T00:00:00Z,108.31,0.345,78.97,849.16,0.0,evacuation
SNS-zone_13-01,zone_13,2025-11-24T00:00:00Z,12.34,0.025,42.93,127.77,0.0,safe
SNS-zone_14-01,zone_14,2025-11-24T00:00:00Z,23.78,0.032,34.44,133.24,0.0,safe
SNS-zone_15-01,zone_15,2025-11-24T00:00:00Z,20.12,0.025,38.37,136.18,0.0,safe
SNS-zone_16-01,zone_16,2025-11-24T00:00:00Z,23.24,0.029,30.76,128.84,0.0,safe
SNS-zone_01-01,zone_01,2025-11-25T00:00:00Z,19.82,0.036,37.4,132.71,0.0,safe
SNS-zone_02-01,zone_02,2025-11-25T00:00:00Z,33.96,0.045,29.17,161.93,0.0,safe
SNS-zone_03-01,zone_03,2025-11-25T00:00:00Z,21.38,0.041,33.41,130.5,0.0,safe
SNS-zone_04-01,zone_04,2025-11-25T00:00:00Z,34.35,0.048,38.46,160.83,0.0,safe
SNS-zone_05-01,zone_05,2025-11-25T00:00:00Z,26.84,0.031,40.44,148.67,0.0,safe
SNS-zone_06-01,zone_06,2025-11-25T00:00:00Z,64.03,0.139,54.57,438.11,0.0,warning
SNS-zone_07-01,zone_07,2025-11-25T00:00:00Z,47.44,0.126,63.36,393.61,0.0,warning
SNS-zone_08-01,zone_08,2025-11-25T00:00:00Z,50.42,0.125,66.22,409.92,0.0,warning
SNS-zone_09-01,zone_09,2025-11-25T00:00:00Z,8.38,0.018,30.59,99.01,0.0,safe
SNS-zone_10-01,zone_10,2025-11-25T00:00:00Z,46.68,0.128,63.89,389.08,0.0,warning
SNS-zone_11-01,zone_11,2025-11-25T00:00:00Z,102.25,0.343,87.63,798.99,0.0,warning
SNS-zone_12-01,zone_12,2025-11-25T00:00:00Z,105.22,0.32,83.88,842.62,0.0,evacuation
SNS-zone_13-01,zone_13,2025-11-25T00:00:00Z,14.26,0.021,40.8,123.5,0.0,safe
SNS-zone_14-01,zone_14,2025-11-25T00:00:00Z,25.67,0.034,34.14,138.7,0.0,safe
SNS-zone_15-01,zone_15,2025-11-25T00:00:00Z,13.91,0.021,36.28,126.9,0.0,safe
SNS-zone_16-01,zone_16,2025-11-25T00:00:00Z,26.8,0.04,31.06,144.53,0.0,safe
SNS-zone_01-01,zone_01,2025-11-26T00:00:00Z,18.34,0.029,39.44,125.29,0.0,safe
SNS-zone_02-01,zone_02,2025-11-26T00:00:00Z,31.86,0.036,29.42,138.76,0.0,safe
SNS-zone_03-01,zone_03,2025-11-26T00:00:00Z,21.6,0.033,31.18,127.82,0.0,safe
SNS-zone_04-01,zone_04,2025-11-26T00:00:00Z,34.72,0.035,36.56,166.22,0.0,safe
SNS-zone_05-01,zone_05,2025-11-26T00:00:00Z,28.11,0.036,39.62,145.74,0.0,safe
SNS-zone_06-01,zone_06,2025-11-26T00:00:00Z,63.45,0.144,59.15,433.97,0.0,warning
SNS-zone_07-01,zone_07,2025-11-26T00:00:00Z,49.17,0.117,65.71,404.99,0.0,warning
SNS-zone_08-01,zone_08,2025-11-26T00:00:00Z,52.39,0.139,67.85,422.59,0.0,warning
SNS-zone_09-01,zone_09,2025-11-26T00:00:00Z,10.45,0.017,27.89,101.24,0.0,safe
SNS-zone_10-01,zone_10,2025-11-26T00:00:00Z,50.34,0.141,60.77,403.01,0.0,warning
SNS-zone_11-01,zone_11,2025-11-26T00:00:00Z,103.68,0.324,94.11,860.15,0.0,evacuation
SNS-zone_12-01,zone_12,2025-11-26T00:00:00Z,103.55,0.335,81.64,837.69,0.0,evacuation
SNS-zone_13-01,zone_13,2025-11-26T00:00:00Z,13.89,0.03,41.75,124.58,0.0,safe
SNS-zone_14-01,zone_14,2025-11-26T00:00:00Z,27.19,0.038,36.05,152.31,0.0,safe
SNS-zone_15-01,zone_15,2025-11-26T00:00:00Z,15.49,0.03,36.77,119.25,0.0,safe
SNS-zone_16-01,zone_16,2025-11-26T00:00:00Z,23.35,0.024,29.55,125.02,0.0,safe
SNS-zone_01-01,zone_01,2025-11-27T00:00:00Z,23.13,0.029,36.7,143.49,0.0,safe
SNS-zone_02-01,zone_02,2025-11-27T00:00:00Z,31.66,0.039,29.48,148.47,0.0,safe
SNS-zone_03-01,zone_03,2025-11-27T00:00:00Z,17.99,0.019,33.7,124.43,0.0,safe
SNS-zone_04-01,zone_04,2025-11-27T00:00:00Z,32.53,0.036,38.16,163.84,0.0,safe
SNS-zone_05-01,zone_05,2025-11-27T00:00:00Z,25.18,0.034,39.8,142.26,0.0,safe
SNS-zone_06-01,zone_06,2025-11-27T00:00:00Z,61.29,0.131,60.65,418.57,0.0,warning
SNS-zone_07-01,zone_07,2025-11-27T00:00:00Z,46.37,0.131,63.4,389.99,0.0,warning
SNS-zone_08-01,zone_08,2025-11-27T00:00:00Z,50.56,0.137,67.27,427.82,0.0,warning
SNS-zone_09-01,zone_09,2025-11-27T00:00:00Z,11.75,0.024,26.79,108.01,0.0,safe
SNS-zone_10-01,zone_10,2025-11-27T00:00:00Z,52.05,0.139,66.0,394.22,0.0,warning
SNS-zone_11-01,zone_11,2025-11-27T00:00:00Z,110.07,0.33,95.09,878.44,0.0,evacuation
SNS-zone_12-01,zone_12,2025-11-27T00:00:00Z,110.28,0.344,80.09,858.64,0.0,evacuation
SNS-zone_13-01,zone_13,2025-11-27T00:00:00Z,12.69,0.021,42.71,115.51,0.0,safe
SNS-zone_14-01,zone_14,2025-11-27T00:00:00Z,24.63,0.029,35.27,137.53,0.0,safe
SNS-zone_15-01,zone_15,2025-11-27T00:00:00Z,18.15,0.031,36.33,126.88,0.0,safe
SNS-zone_16-01,zone_16,2025-11-27T00:00:00Z,24.95,0.033,29.36,138.18,0.0,safe
SNS-zone_01-01,zone_01,2025-11-28T00:00:00Z,22.16,0.035,36.23,134.4,0.0,safe
SNS-zone_02-01,zone_02,2025-11-28T00:00:00Z,32.32,0.041,29.46,151.41,0.0,safe
SNS-zone_03-01,zone_03,2025-11-28T00:00:00Z,20.04,0.033,33.89,131.17,0.0,safe
SNS-zone_04-01,zone_04,2025-11-28T00:00:00Z,36.84,0.045,38.4,173.76,0.0,safe
SNS-zone_05-01,zone_05,2025-11-28T00:00:00Z,27.3,0.039,38.15,143.74,0.0,safe
SNS-zone_06-01,zone_06,2025-11-28T00:00:00Z,63.82,0.148,61.07,438.79,0.0,warning
SNS-zone_07-01,zone_07,2025-11-28T00:00:00Z,46.81,0.121,62.98,400.56,0.0,warning
SNS-zone_08-01,zone_08,2025-11-28T00:00:00Z,51.16,0.129,65.91,406.24,0.0,warning
SNS-zone_09-01,zone_09,2025-11-28T00:00:00Z,8.8,0.024,27.52,95.47,0.0,safe
SNS-zone_10-01,zone_10,2025-11-28T00:00:00Z,50.5,0.123,64.89,391.91,0.0,warning
SNS-zone_11-01,zone_11,2025-11-28T00:00:00Z,108.83,0.363,95.57,879.01,0.0,evacuation
SNS-zone_12-01,zone_12,2025-11-28T00:00:00Z,101.0,0.324,77.85,818.09,0.0,evacuation
SNS-zone_13-01,zone_13,2025-11-28T00:00:00Z,13.03,0.023,41.49,123.34,0.0,safe
SNS-zone_14-01,zone_14,2025-11-28T00:00:00Z,26.89,0.034,34.98,140.5,0.0,safe
SNS-zone_15-01,zone_15,2025-11-28T00:00:00Z,15.95,0.025,39.44,122.95,0.0,safe
SNS-zone_16-01,zone_16,2025-11-28T00:00:00Z,25.48,0.037,29.31,130.17,0.0,safe
SNS-zone_01-01,zone_01,2025-11-29T00:00:00Z,18.23,0.027,36.36,126.5,0.0,safe
SNS-zone_02-01,zone_02,2025-11-29T00:00:00Z,36.44,0.043,28.41,158.08,0.0,safe
SNS-zone_03-01,zone_03,2025-11-29T00:00:00Z,19.72,0.025,33.6,122.59,0.0,safe
SNS-zone_04-01,zone_04,2025-11-29T00:00:00Z,33.47,0.038,37.29,168.28,0.0,safe
SNS-zone_05-01,zone_05,2025-11-29T00:00:00Z,24.87,0.03,42.31,149.7,0.0,safe
SNS-zone_06-01,zone_06,2025-11-29T00:00:00Z,59.57,0.127,57.84,418.54,0.0,warning
SNS-zone_07-01,zone_07,2025-11-29T00:00:00Z,47.33,0.122,65.88,400.23,0.0,warning
SNS-zone_08-01,zone_08,2025-11-29T00:00:00Z,49.86,0.133,65.35,419.05,0.0,warning
SNS-zone_09-01,zone_09,2025-11-29T00:00:00Z,12.7,0.023,29.26,111.66,0.0,safe
SNS-zone_10-01,zone_10,2025-11-29T00:00:00Z,44.79,0.113,61.51,385.36,0.0,warning
SNS-zone_11-01,zone_11,2025-11-29T00:00:00Z,103.72,0.314,92.37,856.92,0.0,evacuation
SNS-zone_12-01,zone_12,2025-11-29T00:00:00Z,111.43,0.334,80.39,871.2,0.0,evacuation
SNS-zone_13-01,zone_13,2025-11-29T00:00:00Z,13.07,0.029,41.54,116.0,0.0,safe
SNS-zone_14-01,zone_14,2025-11-29T00:00:00Z,25.9,0.031,34.15,138.4,0.0,safe
SNS-zone_15-01,zone_15,2025-11-29T00:00:00Z,12.46,0.022,37.42,122.59,0.0,safe
SNS-zone_16-01,zone_16,2025-11-29T00:00:00Z,23.42,0.034,28.95,134.57,0.0,safe
SNS-zone_01-01,zone_01,2025-11-30T00:00:00Z,20.67,0.028,37.73,127.86,0.0,safe
SNS-zone_02-01,zone_02,2025-11-30T00:00:00Z,34.07,0.042,30.57,160.3,0.0,safe
SNS-zone_03-01,zone_03,2025-11-30T00:00:00Z,22.29,0.031,34.58,132.43,0.0,safe
SNS-zone_04-01,zone_04,2025-11-30T00:00:00Z,35.95,0.039,36.32,161.42,0.0,safe
SNS-zone_05-01,zone_05,2025-11-30T00:00:00Z,24.06,0.029,40.75,146.07,0.0,safe
SNS-zone_06-01,zone_06,2025-11-30T00:00:00Z,61.47,0.147,57.46,431.69,0.0,warning
SNS-zone_07-01,zone_07,2025-11-30T00:00:00Z,43.8,0.12,66.24,385.85,0.0,safe
SNS-zone_08-01,zone_08,2025-11-30T00:00:00Z,53.92,0.132,63.07,421.67,0.0,warning
SNS-zone_09-01,zone_09,2025-11-30T00:00:00Z,12.61,0.016,28.62,103.64,0.0,safe
SNS-zone_10-01,zone_10,2025-11-30T00:00:00Z,49.39,0.115,68.32,417.46,0.0,warning
SNS-zone_11-01,zone_11,2025-11-30T00:00:00Z,103.91,0.345,94.68,851.81,0.0,evacuation
SNS-zone_12-01,zone_12,2025-11-30T00:00:00Z,113.84,0.358,82.13,860.07,0.0,evacuation
SNS-zone_13-01,zone_13,2025-11-30T00:00:00Z,14.53,0.027,38.94,120.67,0.0,safe
SNS-zone_14-01,zone_14,2025-11-30T00:00:00Z,26.49,0.033,34.14,141.93,0.0,safe
SNS-zone_15-01,zone_15,2025-11-30T00:00:00Z,11.63,0.024,36.14,100.08,0.0,safe
SNS-zone_16-01,zone_16,2025-11-30T00:00:00Z,27.41,0.034,27.82,134.41,0.0,safe
SNS-zone_01-01,zone_01,2025-12-01T00:00:00Z,20.44,0.024,38.41,136.94,0.0,safe
SNS-zone_02-01,zone_02,2025-12-01T00:00:00Z,34.33,0.042,28.98,148.78,0.0,safe
SNS-zone_03-01,zone_03,2025-12-01T00:00:00Z,21.75,0.038,32.07,133.25,0.0,safe
SNS-zone_04-01,zone_04,2025-12-01T00:00:00Z,33.64,0.042,35.83,159.43,0.0,safe
SNS-zone_05-01,zone_05,2025-12-01T00:00:00Z,24.52,0.029,39.25,147.29,0.0,safe
SNS-zone_06-01,zone_06,2025-12-01T00:00:00Z,65.61,0.158,60.21,450.44,0.0,warning
SNS-zone_07-01,zone_07,2025-12-01T00:00:00Z,51.38,0.142,65.99,406.52,0.0,warning
SNS-zone_08-01,zone_08,2025-12-01T00:00:00Z,48.72,0.138,68.83,402.13,0.0,warning
SNS-zone_09-01,zone_09,2025-12-01T00:00:00Z,13.75,0.026,29.34,104.01,0.0,safe
SNS-zone_10-01,zone_10,2025-12-01T00:00:00Z,50.04,0.125,62.63,394.27,0.0,warning
SNS-zone_11-01,zone_11,2025-12-01T00:00:00Z,104.01,0.31,92.41,867.19,0.0,evacuation
SNS-zone_12-01,zone_12,2025-12-01T00:00:00Z,108.53,0.332,81.23,867.4,0.0,evacuation
SNS-zone_13-01,zone_13,2025-12-01T00:00:00Z,12.3,0.025,41.83,121.66,0.0,safe
SNS-zone_14-01,zone_14,2025-12-01T00:00:00Z,24.65,0.029,35.27,145.12,0.0,safe
SNS-zone_15-01,zone_15,2025-12-01T00:00:00Z,14.85,0.022,36.78,121.89,0.0,safe
SNS-zone_16-01,zone_16,2025-12-01T00:00:00Z,26.87,0.034,30.11,141.44,0.0,safe
SNS-zone_01-01,zone_01,2025-12-02T00:00:00Z,21.96,0.027,36.42,136.39,0.0,safe
SNS-zone_02-01,zone_02,2025-12-02T00:00:00Z,33.18,0.033,29.67,152.03,0.0,safe
SNS-zone_03-01,zone_03,2025-12-02T00:00:00Z,18.64,0.03,32.1,124.27,0.0,safe
SNS-zone_04-01,zone_04,2025-12-02T00:00:00Z,35.66,0.042,38.7,166.19,0.0,safe
SNS-zone_05-01,zone_05,2025-12-02T00:00:00Z,25.89,0.034,40.15,146.53,0.0,safe
SNS-zone_06-01,zone_06,2025-12-02T00:00:00Z,59.77,0.158,58.79,429.71,0.0,warning
SNS-zone_07-01,zone_07,2025-12-02T00:00:00Z,50.96,0.123,63.84,412.2,0.0,warning
SNS-zone_08-01,zone_08,2025-12-02T00:00:00Z,46.18,0.121,67.05,395.96,0.0,warning
SNS-zone_09-01,zone_09,2025-12-02T00:00:00Z,11.27,0.021,30.49,101.19,0.0,safe
SNS-zone_10-01,zone_10,2025-12-02T00:00:00Z,49.2,0.13,63.19,414.74,0.0,warning
SNS-zone_11-01,zone_11,2025-12-02T00:00:00Z,108.13,0.35,91.68,879.65,0.0,evacuation
SNS-zone_12-01,zone_12,2025-12-02T00:00:00Z,113.07,0.359,84.82,877.26,0.0,evacuation
SNS-zone_13-01,zone_13,2025-12-02T00:00:00Z,13.68,0.023,40.99,115.66,0.0,safe
SNS-zone_14-01,zone_14,2025-12-02T00:00:00Z,22.66,0.024,34.73,132.85,0.0,safe
SNS-zone_15-01,zone_15,2025-12-02T00:00:00Z,15.94,0.018,38.18,122.83,0.0,safe
SNS-zone_16-01,zone_16,2025-12-02T00:00:00Z,26.51,0.042,29.37,137.11,0.0,safe
SNS-zone_01-01,zone_01,2025-12-03T00:00:00Z,19.63,0.028,40.12,139.2,0.0,safe
SNS-zone_02-01,zone_02,2025-12-03T00:00:00Z,33.78,0.037,29.05,154.17,0.0,safe
SNS-zone_03-01,zone_03,2025-12-03T00:00:00Z,17.65,0.029,32.89,126.12,0.0,safe
SNS-zone_04-01,zone_04,2025-12-03T00:00:00Z,37.15,0.042,38.16,170.52,0.0,safe
SNS-zone_05-01,zone_05,2025-12-03T00:00:00Z,26.99,0.032,38.57,155.6,0.0,safe
SNS-zone_06-01,zone_06,2025-12-03T00:00:00Z,67.01,0.147,59.38,432.62,0.0,warning
SNS-zone_07-01,zone_07,2025-12-03T00:00:00Z,47.5,0.122,65.57,403.23,0.0,warning
SNS-zone_08-01,zone_08,2025-12-03T00:00:00Z,50.88,0.138,69.69,409.7,0.0,warning
SNS-zone_09-01,zone_09,2025-12-03T00:00:00Z,10.03,0.013,27.81,102.05,0.0,safe
SNS-zone_10-01,zone_10,2025-12-03T00:00:00Z,51.12,0.13,64.44,411.81,0.0,warning
SNS-zone_11-01,zone_11,2025-12-03T00:00:00Z,108.19,0.328,91.53,862.77,0.0,evacuation
SNS-zone_12-01,zone_12,2025-12-03T00:00:00Z,106.46,0.34,80.53,840.63,0.0,evacuation
SNS-zone_13-01,zone_13,2025-12-03T00:00:00Z,13.59,0.021,42.39,124.59,0.0,safe
SNS-zone_14-01,zone_14,2025-12-03T00:00:00Z,27.0,0.035,35.84,149.17,0.0,safe
SNS-zone_15-01,zone_15,2025-12-03T00:00:00Z,16.95,0.03,36.54,120.42,0.0,safe
SNS-zone_16-01,zone_16,2025-12-03T00:00:00Z,23.84,0.032,30.58,130.64,0.0,safe
SNS-zone_01-01,zone_01,2025-12-04T00:00:00Z,22.9,0.035,40.73,139.87,0.0,safe
SNS-zone_02-01,zone_02,2025-12-04T00:00:00Z,31.86,0.041,31.23,156.16,0.0,safe
SNS-zone_03-01,zone_03,2025-12-04T00:00:00Z,22.1,0.031,32.05,136.52,0.0,safe
SNS-zone_04-01,zone_04,2025-12-04T00:00:00Z,31.71,0.041,36.36,159.44,0.0,safe
SNS-zone_05-01,zone_05,2025-12-04T00:00:00Z,29.56,0.031,40.89,151.84,0.0,safe
SNS-zone_06-01,zone_06,2025-12-04T00:00:00Z,62.87,0.15,60.3,444.94,0.0,warning
SNS-zone_07-01,zone_07,2025-12-04T00:00:00Z,51.04,0.137,64.46,405.91,0.0,warning
SNS-zone_08-01,zone_08,2025-12-04T00:00:00Z,48.97,0.128,67.75,414.42,0.0,warning
SNS-zone_09-01,zone_09,2025-12-04T00:00:00Z,11.3,0.022,26.74,101.49,0.0,safe
SNS-zone_10-01,zone_10,2025-12-04T00:00:00Z,50.18,0.138,62.99,411.65,0.0,warning
SNS-zone_11-01,zone_11,2025-12-04T00:00:00Z,104.76,0.327,96.39,866.23,0.0,evacuation
SNS-zone_12-01,zone_12,2025-12-04T00:00:00Z,106.08,0.347,85.01,867.23,0.0,evacuation
SNS-zone_13-01,zone_13,2025-12-04T00:00:00Z,10.26,0.019,42.46,123.79,0.0,safe
SNS-zone_14-01,zone_14,2025-12-04T00:00:00Z,23.87,0.038,33.89,144.04,0.0,safe
SNS-zone_15-01,zone_15,2025-12-04T00:00:00Z,17.06,0.029,40.33,135.32,0.0,safe
SNS-zone_16-01,zone_16,2025-12-04T00:00:00Z,28.51,0.032,31.43,142.17,0.0,safe
SNS-zone_01-01,zone_01,2025-12-05T00:00:00Z,22.12,0.033,39.03,132.87,0.0,safe
SNS-zone_02-01,zone_02,2025-12-05T00:00:00Z,37.14,0.048,28.93,154.67,0.0,safe
SNS-zone_03-01,zone_03,2025-12-05T00:00:00Z,20.49,0.029,33.24,124.02,0.0,safe
SNS-zone_04-01,zone_04,2025-12-05T00:00:00Z,34.34,0.04,38.24,170.82,0.0,safe
SNS-zone_05-01,zone_05,2025-12-05T00:00:00Z,25.47,0.033,39.84,155.21,0.0,safe
SNS-zone_06-01,zone_06,2025-12-05T00:00:00Z,61.67,0.139,57.2,414.77,0.0,warning
SNS-zone_07-01,zone_07,2025-12-05T00:00:00Z,51.77,0.126,64.6,403.52,0.0,warning
SNS-zone_08-01,zone_08,2025-12-05T00:00:00Z,51.28,0.126,67.53,402.81,0.0,warning
SNS-zone_09-01,zone_09,2025-12-05T00:00:00Z,11.47,0.017,30.72,108.94,0.0,safe
SNS-zone_10-01,zone_10,2025-12-05T00:00:00Z,51.68,0.131,63.13,405.21,0.0,warning
SNS-zone_11-01,zone_11,2025-12-05T00:00:00Z,109.31,0.315,90.7,878.13,0.0,evacuation
SNS-zone_12-01,zone_12,2025-12-05T00:00:00Z,104.86,0.316,84.11,835.08,0.0,evacuation
SNS-zone_13-01,zone_13,2025-12-05T00:00:00Z,9.21,0.019,39.53,110.0,0.0,safe
SNS-zone_14-01,zone_14,2025-12-05T00:00:00Z,24.43,0.03,35.09,145.69,0.0,safe
SNS-zone_15-01,zone_15,2025-12-05T00:00:00Z,16.14,0.023,36.87,132.45,0.0,safe
SNS-zone_16-01,zone_16,2025-12-05T00:00:00Z,26.19,0.036,28.6,147.73,0.0,safe
SNS-zone_01-01,zone_01,2025-12-06T00:00:00Z,15.86,0.016,39.52,118.51,0.0,safe
SNS-zone_02-01,zone_02,2025-12-06T00:00:00Z,32.25,0.039,30.91,158.81,0.0,safe
SNS-zone_03-01,zone_03,2025-12-06T00:00:00Z,21.13,0.035,30.57,119.25,0.0,safe
SNS-zone_04-01,zone_04,2025-12-06T00:00:00Z,34.52,0.044,38.69,161.58,0.0,safe
SNS-zone_05-01,zone_05,2025-12-06T00:00:00Z,24.26,0.03,38.52,147.35,0.0,safe
SNS-zone_06-01,zone_06,2025-12-06T00:00:00Z,64.38,0.139,60.51,441.84,0.0,warning
SNS-zone_07-01,zone_07,2025-12-06T00:00:00Z,46.49,0.13,67.75,411.05,0.0,warning
SNS-zone_08-01,zone_08,2025-12-06T00:00:00Z,50.35,0.131,67.53,418.94,0.0,warning
SNS-zone_09-01,zone_09,2025-12-06T00:00:00Z,10.2,0.019,29.39,102.19,0.0,safe
SNS-zone_10-01,zone_10,2025-12-06T00:00:00Z,49.3,0.128,62.71,410.28,0.0,warning
SNS-zone_11-01,zone_11,2025-12-06T00:00:00Z,104.09,0.306,94.06,869.44,0.0,evacuation
SNS-zone_12-01,zone_12,2025-12-06T00:00:00Z,102.77,0.307,84.36,842.63,0.0,evacuation
SNS-zone_13-01,zone_13,2025-12-06T00:00:00Z,9.52,0.014,43.74,114.87,0.0,safe
SNS-zone_14-01,zone_14,2025-12-06T00:00:00Z,28.17,0.039,35.22,143.0,0.0,safe
SNS-zone_15-01,zone_15,2025-12-06T00:00:00Z,13.47,0.018,36.27,114.81,0.0,safe
SNS-zone_16-01,zone_16,2025-12-06T00:00:00Z,24.23,0.029,27.96,128.14,0.0,safe
SNS-zone_01-01,zone_01,2025-12-07T00:00:00Z,20.81,0.029,37.93,141.23,0.0,safe
SNS-zone_02-01,zone_02,2025-12-07T00:00:00Z,34.11,0.045,30.05,154.41,0.0,safe
SNS-zone_03-01,zone_03,2025-12-07T00:00:00Z,18.95,0.026,32.75,121.31,0.0,safe
SNS-zone_04-01,zone_04,2025-12-07T00:00:00Z,35.31,0.042,38.04,166.11,0.0,safe
SNS-zone_05-01,zone_05,2025-12-07T00:00:00Z,28.47,0.036,39.53,149.74,0.0,safe
SNS-zone_06-01,zone_06,2025-12-07T00:00:00Z,59.14,0.139,58.11,430.53,0.0,warning
SNS-zone_07-01,zone_07,2025-12-07T00:00:00Z,43.06,0.118,64.72,384.56,0.0,safe
SNS-zone_08-01,zone_08,2025-12-07T00:00:00Z,50.85,0.133,69.06,420.61,0.0,warning
SNS-zone_09-01,zone_09,2025-12-07T00:00:00Z,8.63,0.017,29.7,87.28,0.0,safe
SNS-zone_10-01,zone_10,2025-12-07T00:00:00Z,46.13,0.12,63.8,389.63,0.0,warning
SNS-zone_11-01,zone_11,2025-12-07T00:00:00Z,107.5,0.342,92.47,867.85,0.0,evacuation
SNS-zone_12-01,zone_12,2025-12-07T00:00:00Z,106.47,0.344,84.04,864.73,0.0,evacuation
SNS-zone_13-01,zone_13,2025-12-07T00:00:00Z,14.96,0.026,40.79,118.01,0.0,safe
SNS-zone_14-01,zone_14,2025-12-07T00:00:00Z,25.38,0.03,35.57,136.44,0.0,safe
SNS-zone_15-01,zone_15,2025-12-07T00:00:00Z,16.17,0.024,39.52,129.95,0.0,safe
SNS-zone_16-01,zone_16,2025-12-07T00:00:00Z,26.42,0.039,29.41,140.94,0.0,safe
SNS-zone_01-01,zone_01,2025-12-08T00:00:00Z,16.62,0.025,40.21,118.24,0.0,safe
SNS-zone_02-01,zone_02,2025-12-08T00:00:00Z,30.09,0.031,30.66,153.37,0.0,safe
SNS-zone_03-01,zone_03,2025-12-08T00:00:00Z,14.4,0.025,34.85,122.91,0.0,safe
SNS-zone_04-01,zone_04,2025-12-08T00:00:00Z,36.96,0.044,40.41,175.33,0.0,safe
SNS-zone_05-01,zone_05,2025-12-08T00:00:00Z,27.92,0.035,39.46,153.84,0.0,safe
SNS-zone_06-01,zone_06,2025-12-08T00:00:00Z,62.27,0.161,56.8,423.07,0.0,warning
SNS-zone_07-01,zone_07,2025-12-08T00:00:00Z,51.56,0.137,67.1,406.13,0.0,warning
SNS-zone_08-01,zone_08,2025-12-08T00:00:00Z,50.79,0.134,67.54,402.39,0.0,warning
SNS-zone_09-01,zone_09,2025-12-08T00:00:00Z,11.56,0.022,29.03,110.61,0.0,safe
SNS-zone_10-01,zone_10,2025-12-08T00:00:00Z,49.8,0.129,62.06,396.68,0.0,warning
SNS-zone_11-01,zone_11,2025-12-08T00:00:00Z,111.37,0.361,89.56,884.05,0.0,evacuation
SNS-zone_12-01,zone_12,2025-12-08T00:00:00Z,110.8,0.329,85.56,870.38,0.0,evacuation
SNS-zone_13-01,zone_13,2025-12-08T00:00:00Z,11.54,0.016,41.85,119.84,0.0,safe
SNS-zone_14-01,zone_14,2025-12-08T00:00:00Z,22.61,0.033,35.29,135.69,0.0,safe
SNS-zone_15-01,zone_15,2025-12-08T00:00:00Z,13.12,0.023,36.14,110.46,0.0,safe
SNS-zone_16-01,zone_16,2025-12-08T00:00:00Z,21.77,0.029,30.5,123.11,0.0,safe
SNS-zone_01-01,zone_01,2025-12-09T00:00:00Z,19.31,0.027,38.71,120.85,0.0,safe
SNS-zone_02-01,zone_02,2025-12-09T00:00:00Z,35.84,0.041,30.94,154.33,0.0,safe
SNS-zone_03-01,zone_03,2025-12-09T00:00:00Z,17.22,0.022,31.7,127.97,0.0,safe
SNS-zone_04-01,zone_04,2025-12-09T00:00:00Z,35.62,0.041,38.75,167.26,0.0,safe
SNS-zone_05-01,zone_05,2025-12-09T00:00:00Z,25.81,0.035,39.55,138.95,0.0,safe
SNS-zone_06-01,zone_06,2025-12-09T00:00:00Z,58.7,0.143,57.43,401.78,0.0,warning
SNS-zone_07-01,zone_07,2025-12-09T00:00:00Z,50.27,0.113,66.37,411.04,0.0,warning
SNS-zone_08-01,zone_08,2025-12-09T00:00:00Z,49.57,0.118,67.45,415.32,0.0,warning
SNS-zone_09-01,zone_09,2025-12-09T00:00:00Z,6.6,0.02,27.79,91.12,0.0,safe
SNS-zone_10-01,zone_10,2025-12-09T00:00:00Z,47.35,0.125,63.77,392.3,0.0,warning
SNS-zone_11-01,zone_11,2025-12-09T00:00:00Z,106.39,0.323,95.54,852.56,0.0,evacuation
SNS-zone_12-01,zone_12,2025-12-09T00:00:00Z,100.16,0.313,79.34,802.52,0.0,warning
SNS-zone_13-01,zone_13,2025-12-09T00:00:00Z,15.44,0.034,43.36,127.56,0.0,safe
SNS-zone_14-01,zone_14,2025-12-09T00:00:00Z,22.66,0.038,36.12,142.56,0.0,safe
SNS-zone_15-01,zone_15,2025-12-09T00:00:00Z,16.94,0.026,38.13,117.96,0.0,safe
SNS-zone_16-01,zone_16,2025-12-09T00:00:00Z,27.4,0.035,30.05,140.54,0.0,safe
SNS-zone_01-01,zone_01,2025-12-10T00:00:00Z,20.71,0.025,36.69,134.08,0.0,safe
SNS-zone_02-01,zone_02,2025-12-10T00:00:00Z,33.15,0.044,28.38,149.77,0.0,safe
SNS-zone_03-01,zone_03,2025-12-10T00:00:00Z,21.65,0.026,31.76,131.07,0.0,safe
SNS-zone_04-01,zone_04,2025-12-10T00:00:00Z,28.25,0.034,37.44,150.64,0.0,safe
SNS-zone_05-01,zone_05,2025-12-10T00:00:00Z,24.79,0.029,41.75,142.41,0.0,safe
SNS-zone_06-01,zone_06,2025-12-10T00:00:00Z,58.62,0.148,57.74,428.7,0.0,warning
SNS-zone_07-01,zone_07,2025-12-10T00:00:00Z,44.7,0.127,64.71,387.66,0.0,safe
SNS-zone_08-01,zone_08,2025-12-10T00:00:00Z,53.39,0.134,66.76,418.8,0.0,warning
SNS-zone_09-01,zone_09,2025-12-10T00:00:00Z,11.31,0.016,27.99,104.97,0.0,safe
SNS-zone_10-01,zone_10,2025-12-10T00:00:00Z,50.38,0.132,65.68,401.15,0.0,warning
SNS-zone_11-01,zone_11,2025-12-10T00:00:00Z,110.58,0.308,97.33,880.35,0.0,evacuation
SNS-zone_12-01,zone_12,2025-12-10T00:00:00Z,105.89,0.325,80.57,846.43,0.0,evacuation
SNS-zone_13-01,zone_13,2025-12-10T00:00:00Z,12.39,0.02,40.9,125.31,0.0,safe
SNS-zone_14-01,zone_14,2025-12-10T00:00:00Z,23.38,0.031,35.43,135.23,0.0,safe
SNS-zone_15-01,zone_15,2025-12-10T00:00:00Z,16.54,0.02,36.28,125.05,0.0,safe
SNS-zone_16-01,zone_16,2025-12-10T00:00:00Z,25.17,0.038,30.15,135.96,0.0,safe
SNS-zone_01-01,zone_01,2025-12-11T00:00:00Z,17.25,0.03,37.63,125.27,0.0,safe
SNS-zone_02-01,zone_02,2025-12-11T00:00:00Z,36.37,0.043,31.28,158.48,0.0,safe
SNS-zone_03-01,zone_03,2025-12-11T00:00:00Z,17.32,0.03,33.41,127.01,0.0,safe
SNS-zone_04-01,zone_04,2025-12-11T00:00:00Z,34.63,0.042,39.45,159.68,0.0,safe
SNS-zone_05-01,zone_05,2025-12-11T00:00:00Z,27.45,0.031,40.34,149.94,0.0,safe
SNS-zone_06-01,zone_06,2025-12-11T00:00:00Z,65.6,0.148,58.7,445.29,0.0,warning
SNS-zone_07-01,zone_07,2025-12-11T00:00:00Z,50.46,0.119,65.54,409.22,0.0,warning
SNS-zone_08-01,zone_08,2025-12-11T00:00:00Z,51.27,0.128,67.97,399.78,0.0,warning
SNS-zone_09-01,zone_09,2025-12-11T00:00:00Z,14.52,0.019,29.21,110.3,0.0,safe
SNS-zone_10-01,zone_10,2025-12-11T00:00:00Z,52.03,0.138,66.62,416.67,0.0,warning
SNS-zone_11-01,zone_11,2025-12-11T00:00:00Z,105.57,0.334,92.82,857.07,0.0,evacuation
SNS-zone_12-01,zone_12,2025-12-11T00:00:00Z,106.27,0.326,79.16,828.89,0.0,evacuation
SNS-zone_13-01,zone_13,2025-12-11T00:00:00Z,8.36,0.016,39.72,118.42,0.0,safe
SNS-zone_14-01,zone_14,2025-12-11T00:00:00Z,25.5,0.033,35.26,142.77,0.0,safe
SNS-zone_15-01,zone_15,2025-12-11T00:00:00Z,20.41,0.028,38.67,137.75,0.0,safe
SNS-zone_16-01,zone_16,2025-12-11T00:00:00Z,25.62,0.039,29.77,135.95,0.0,safe
SNS-zone_01-01,zone_01,2025-12-12T00:00:00Z,20.38,0.026,37.07,129.25,0.0,safe
SNS-zone_02-01,zone_02,2025-12-12T00:00:00Z,31.97,0.046,27.68,152.84,0.0,safe
SNS-zone_03-01,zone_03,2025-12-12T00:00:00Z,20.09,0.028,33.78,136.79,0.0,safe
SNS-zone_04-01,zone_04,2025-12-12T00:00:00Z,35.53,0.046,36.28,165.91,0.0,safe
SNS-zone_05-01,zone_05,2025-12-12T00:00:00Z,23.42,0.035,39.59,141.83,0.0,safe
SNS-zone_06-01,zone_06,2025-12-12T00:00:00Z,64.23,0.153,56.88,436.96,0.0,warning
SNS-zone_07-01,zone_07,2025-12-12T00:00:00Z,47.96,0.117,60.45,391.16,0.0,warning
SNS-zone_08-01,zone_08,2025-12-12T00:00:00Z,49.17,0.123,70.43,406.68,0.0,warning
SNS-zone_09-01,zone_09,2025-12-12T00:00:00Z,6.8,0.018,28.38,95.02,0.0,safe
SNS-zone_10-01,zone_10,2025-12-12T00:00:00Z,52.42,0.141,66.14,417.3,0.0,warning
SNS-zone_11-01,zone_11,2025-12-12T00:00:00Z,109.41,0.317,95.54,885.4,0.0,evacuation
SNS-zone_12-01,zone_12,2025-12-12T00:00:00Z,105.63,0.345,85.32,868.81,0.0,evacuation
SNS-zone_13-01,zone_13,2025-12-12T00:00:00Z,9.36,0.015,41.15,116.48,0.0,safe
SNS-zone_14-01,zone_14,2025-12-12T00:00:00Z,24.54,0.03,35.25,137.54,0.0,safe
SNS-zone_15-01,zone_15,2025-12-12T00:00:00Z,15.31,0.025,37.13,117.01,0.0,safe
SNS-zone_16-01,zone_16,2025-12-12T00:00:00Z,29.23,0.034,28.54,136.96,0.0,safe
SNS-zone_01-01,zone_01,2025-12-13T00:00:00Z,17.3,0.021,38.12,123.41,0.0,safe
SNS-zone_02-01,zone_02,2025-12-13T00:00:00Z,32.39,0.041,28.22,149.36,0.0,safe
SNS-zone_03-01,zone_03,2025-12-13T00:00:00Z,20.27,0.025,31.73,136.74,0.0,safe
SNS-zone_04-01,zone_04,2025-12-13T00:00:00Z,34.65,0.045,36.59,156.0,0.0,safe
SNS-zone_05-01,zone_05,2025-12-13T00:00:00Z,23.49,0.029,37.97,147.54,0.0,safe
SNS-zone_06-01,zone_06,2025-12-13T00:00:00Z,63.71,0.15,57.22,426.72,0.0,warning
SNS-zone_07-01,zone_07,2025-12-13T00:00:00Z,45.75,0.127,61.93,387.04,0.0,warning
SNS-zone_08-01,zone_08,2025-12-13T00:00:00Z,49.36,0.129,67.36,409.67,0.0,warning
SNS-zone_09-01,zone_09,2025-12-13T00:00:00Z,10.86,0.017,30.47,106.41,0.0,safe
SNS-zone_10-01,zone_10,2025-12-13T00:00:00Z,45.98,0.122,61.6,390.07,0.0,warning
SNS-zone_11-01,zone_11,2025-12-13T00:00:00Z,113.36,0.355,92.49,895.16,0.0,evacuation
SNS-zone_12-01,zone_12,2025-12-13T00:00:00Z,103.11,0.334,80.52,828.69,0.0,evacuation
SNS-zone_13-01,zone_13,2025-12-13T00:00:00Z,12.18,0.02,40.79,112.27,0.0,safe
SNS-zone_14-01,zone_14,2025-12-13T00:00:00Z,28.38,0.041,37.24,152.46,0.0,safe
SNS-zone_15-01,zone_15,2025-12-13T00:00:00Z,11.95,0.021,36.14,113.53,0.0,safe
SNS-zone_16-01,zone_16,2025-12-13T00:00:00Z,27.74,0.031,30.76,134.76,0.0,safe
SNS-zone_01-01,zone_01,2025-12-14T00:00:00Z,19.44,0.029,40.61,129.87,0.0,safe
SNS-zone_02-01,zone_02,2025-12-14T00:00:00Z,34.43,0.042,28.73,152.1,0.0,safe
SNS-zone_03-01,zone_03,2025-12-14T00:00:00Z,20.2,0.025,32.71,126.88,0.0,safe
SNS-zone_04-01,zone_04,2025-12-14T00:00:00Z,35.58,0.044,38.16,166.44,0.0,safe
SNS-zone_05-01,zone_05,2025-12-14T00:00:00Z,26.24,0.036,40.84,147.76,0.0,safe
SNS-zone_06-01,zone_06,2025-12-14T00:00:00Z,60.53,0.137,61.35,416.67,0.0,warning
SNS-zone_07-01,zone_07,2025-12-14T00:00:00Z,51.6,0.138,65.33,401.13,0.0,warning
SNS-zone_08-01,zone_08,2025-12-14T00:00:00Z,48.19,0.124,68.91,401.79,0.0,warning
SNS-zone_09-01,zone_09,2025-12-14T00:00:00Z,8.2,0.016,28.03,95.09,0.0,safe
SNS-zone_10-01,zone_10,2025-12-14T00:00:00Z,51.8,0.127,62.57,391.46,0.0,warning
SNS-zone_11-01,zone_11,2025-12-14T00:00:00Z,107.7,0.331,94.24,842.4,0.0,evacuation
SNS-zone_12-01,zone_12,2025-12-14T00:00:00Z,109.18,0.329,80.74,868.46,0.0,evacuation
SNS-zone_13-01,zone_13,2025-12-14T00:00:00Z,12.44,0.022,43.06,121.08,0.0,safe
SNS-zone_14-01,zone_14,2025-12-14T00:00:00Z,25.82,0.033,35.89,135.17,0.0,safe
SNS-zone_15-01,zone_15,2025-12-14T00:00:00Z,13.17,0.018,36.82,117.23,0.0,safe
SNS-zone_16-01,zone_16,2025-12-14T00:00:00Z,30.36,0.037,30.2,153.23,0.0,safe
SNS-zone_01-01,zone_01,2025-12-15T00:00:00Z,18.92,0.03,38.11,132.82,0.0,safe
SNS-zone_02-01,zone_02,2025-12-15T00:00:00Z,33.59,0.04,30.36,152.08,0.0,safe
SNS-zone_03-01,zone_03,2025-12-15T00:00:00Z,24.01,0.028,34.49,138.29,0.0,safe
SNS-zone_04-01,zone_04,2025-12-15T00:00:00Z,34.01,0.037,39.46,164.99,0.0,safe
SNS-zone_05-01,zone_05,2025-12-15T00:00:00Z,26.81,0.029,38.41,145.5,0.0,safe
SNS-zone_06-01,zone_06,2025-12-15T00:00:00Z,62.82,0.146,60.53,433.57,0.0,warning
SNS-zone_07-01,zone_07,2025-12-15T00:00:00Z,49.32,0.136,65.07,399.19,0.0,warning
SNS-zone_08-01,zone_08,2025-12-15T00:00:00Z,48.83,0.136,68.33,412.89,0.0,warning
SNS-zone_09-01,zone_09,2025-12-15T00:00:00Z,10.0,0.018,28.82,101.23,0.0,safe
SNS-zone_10-01,zone_10,2025-12-15T00:00:00Z,45.64,0.11,62.67,401.22,0.0,warning
SNS-zone_11-01,zone_11,2025-12-15T00:00:00Z,110.3,0.322,93.25,880.3,0.0,evacuation
SNS-zone_12-01,zone_12,2025-12-15T00:00:00Z,108.6,0.328,80.27,852.67,0.0,evacuation
SNS-zone_13-01,zone_13,2025-12-15T00:00:00Z,15.58,0.025,40.91,121.11,0.0,safe
SNS-zone_14-01,zone_14,2025-12-15T00:00:00Z,23.19,0.033,34.53,128.12,0.0,safe
SNS-zone_15-01,zone_15,2025-12-15T00:00:00Z,19.26,0.022,37.34,132.97,0.0,safe
SNS-zone_16-01,zone_16,2025-12-15T00:00:00Z,25.84,0.032,26.96,135.62,0.0,safe
SNS-zone_01-01,zone_01,2025-12-16T00:00:00Z,18.21,0.017,37.61,126.31,0.0,safe
SNS-zone_02-01,zone_02,2025-12-16T00:00:00Z,32.84,0.046,29.6,150.55,0.0,safe
SNS-zone_03-01,zone_03,2025-12-16T00:00:00Z,19.88,0.03,31.29,130.54,0.0,safe
SNS-zone_04-01,zone_04,2025-12-16T00:00:00Z,34.78,0.041,36.5,168.53,0.0,safe
SNS-zone_05-01,zone_05,2025-12-16T00:00:00Z,26.02,0.029,39.88,146.34,0.0,safe
SNS-zone_06-01,zone_06,2025-12-16T00:00:00Z,60.06,0.139,59.62,428.12,0.0,warning
SNS-zone_07-01,zone_07,2025-12-16T00:00:00Z,45.88,0.12,65.52,393.55,0.0,warning
SNS-zone_08-01,zone_08,2025-12-16T00:00:00Z,49.59,0.149,65.73,400.05,0.0,warning
SNS-zone_09-01,zone_09,2025-12-16T00:00:00Z,11.41,0.024,28.06,103.36,0.0,safe
SNS-zone_10-01,zone_10,2025-12-16T00:00:00Z,52.0,0.123,62.49,412.0,0.0,warning
SNS-zone_11-01,zone_11,2025-12-16T00:00:00Z,104.05,0.313,94.42,842.12,0.0,evacuation
SNS-zone_12-01,zone_12,2025-12-16T00:00:00Z,106.25,0.339,81.08,824.07,0.0,evacuation
SNS-zone_13-01,zone_13,2025-12-16T00:00:00Z,13.6,0.022,41.51,126.95,0.0,safe
SNS-zone_14-01,zone_14,2025-12-16T00:00:00Z,23.12,0.036,35.32,132.46,0.0,safe
SNS-zone_15-01,zone_15,2025-12-16T00:00:00Z,16.03,0.017,35.98,114.37,0.0,safe
SNS-zone_16-01,zone_16,2025-12-16T00:00:00Z,25.99,0.041,28.85,131.32,0.0,safe
SNS-zone_01-01,zone_01,2025-12-17T00:00:00Z,22.1,0.029,36.43,143.27,0.0,safe
SNS-zone_02-01,zone_02,2025-12-17T00:00:00Z,32.99,0.039,30.37,156.43,0.0,safe
SNS-zone_03-01,zone_03,2025-12-17T00:00:00Z,18.19,0.03,33.14,117.69,0.0,safe
SNS-zone_04-01,zone_04,2025-12-17T00:00:00Z,33.77,0.042,37.26,158.88,0.0,safe
SNS-zone_05-01,zone_05,2025-12-17T00:00:00Z,28.3,0.035,41.38,158.47,0.0,safe
SNS-zone_06-01,zone_06,2025-12-17T00:00:00Z,60.59,0.146,57.13,420.92,0.0,warning
SNS-zone_07-01,zone_07,2025-12-17T00:00:00Z,44.63,0.123,65.87,390.36,0.0,safe
SNS-zone_08-01,zone_08,2025-12-17T00:00:00Z,55.01,0.129,66.74,410.65,0.0,warning
SNS-zone_09-01,zone_09,2025-12-17T00:00:00Z,10.55,0.017,28.32,100.61,0.0,safe
SNS-zone_10-01,zone_10,2025-12-17T00:00:00Z,50.45,0.132,64.78,424.14,0.0,warning
SNS-zone_11-01,zone_11,2025-12-17T00:00:00Z,110.25,0.349,94.7,887.77,0.0,evacuation
SNS-zone_12-01,zone_12,2025-12-17T00:00:00Z,98.12,0.297,80.76,809.49,0.0,warning
SNS-zone_13-01,zone_13,2025-12-17T00:00:00Z,12.24,0.015,41.72,107.29,0.0,safe
SNS-zone_14-01,zone_14,2025-12-17T00:00:00Z,25.8,0.036,33.88,139.69,0.0,safe
SNS-zone_15-01,zone_15,2025-12-17T00:00:00Z,16.37,0.026,38.14,126.42,0.0,safe
SNS-zone_16-01,zone_16,2025-12-17T00:00:00Z,26.99,0.032,31.69,141.51,0.0,safe
SNS-zone_01-01,zone_01,2025-12-18T00:00:00Z,19.99,0.033,38.94,148.31,0.0,safe
SNS-zone_02-01,zone_02,2025-12-18T00:00:00Z,34.32,0.043,31.11,156.07,0.0,safe
SNS-zone_03-01,zone_03,2025-12-18T00:00:00Z,16.27,0.027,34.24,127.99,0.0,safe
SNS-zone_04-01,zone_04,2025-12-18T00:00:00Z,37.15,0.047,35.74,164.14,0.0,safe
SNS-zone_05-01,zone_05,2025-12-18T00:00:00Z,30.45,0.035,37.4,154.09,0.0,safe
SNS-zone_06-01,zone_06,2025-12-18T00:00:00Z,52.96,0.13,59.17,398.75,0.0,warning
SNS-zone_07-01,zone_07,2025-12-18T00:00:00Z,50.95,0.13,65.05,413.4,0.0,warning
SNS-zone_08-01,zone_08,2025-12-18T00:00:00Z,48.7,0.12,66.28,400.38,0.0,warning
SNS-zone_09-01,zone_09,2025-12-18T00:00:00Z,15.31,0.023,28.03,107.14,0.0,safe
SNS-zone_10-01,zone_10,2025-12-18T00:00:00Z,47.59,0.118,63.29,389.57,0.0,warning
SNS-zone_11-01,zone_11,2025-12-18T00:00:00Z,106.78,0.302,94.52,876.18,0.0,evacuation
SNS-zone_12-01,zone_12,2025-12-18T00:00:00Z,104.72,0.331,86.18,832.23,0.0,evacuation
SNS-zone_13-01,zone_13,2025-12-18T00:00:00Z,10.46,0.023,40.65,107.66,0.0,safe
SNS-zone_14-01,zone_14,2025-12-18T00:00:00Z,25.64,0.034,33.91,141.15,0.0,safe
SNS-zone_15-01,zone_15,2025-12-18T00:00:00Z,14.41,0.029,37.43,121.7,0.0,safe
SNS-zone_16-01,zone_16,2025-12-18T00:00:00Z,28.95,0.037,29.84,147.88,0.0,safe
SNS-zone_01-01,zone_01,2025-12-19T00:00:00Z,17.45,0.027,38.09,118.46,0.0,safe
SNS-zone_02-01,zone_02,2025-12-19T00:00:00Z,31.32,0.039,27.82,140.76,0.0,safe
SNS-zone_03-01,zone_03,2025-12-19T00:00:00Z,16.68,0.025,34.82,114.69,0.0,safe
SNS-zone_04-01,zone_04,2025-12-19T00:00:00Z,35.92,0.044,36.01,168.4,0.0,safe
SNS-zone_05-01,zone_05,2025-12-19T00:00:00Z,28.88,0.042,39.97,153.4,0.0,safe
SNS-zone_06-01,zone_06,2025-12-19T00:00:00Z,59.48,0.156,61.45,427.75,0.0,warning
SNS-zone_07-01,zone_07,2025-12-19T00:00:00Z,48.32,0.111,65.38,403.51,0.0,warning
SNS-zone_08-01,zone_08,2025-12-19T00:00:00Z,53.71,0.142,66.04,426.03,0.0,warning
SNS-zone_09-01,zone_09,2025-12-19T00:00:00Z,10.75,0.021,28.0,99.99,0.0,safe
SNS-zone_10-01,zone_10,2025-12-19T00:00:00Z,49.77,0.14,66.01,409.7,0.0,warning
SNS-zone_11-01,zone_11,2025-12-19T00:00:00Z,103.35,0.319,93.62,866.51,0.0,evacuation
SNS-zone_12-01,zone_12,2025-12-19T00:00:00Z,104.15,0.311,80.31,839.23,0.0,evacuation
SNS-zone_13-01,zone_13,2025-12-19T00:00:00Z,11.15,0.02,41.38,109.63,0.0,safe
SNS-zone_14-01,zone_14,2025-12-19T00:00:00Z,26.14,0.044,35.03,153.51,0.0,safe
SNS-zone_15-01,zone_15,2025-12-19T00:00:00Z,13.69,0.019,36.9,111.34,0.0,safe
SNS-zone_16-01,zone_16,2025-12-19T00:00:00Z,26.77,0.038,30.97,141.84,0.0,safe
SNS-zone_01-01,zone_01,2025-12-20T00:00:00Z,16.52,0.021,37.34,120.45,0.0,safe
SNS-zone_02-01,zone_02,2025-12-20T00:00:00Z,38.04,0.047,31.78,168.66,0.0,safe
SNS-zone_03-01,zone_03,2025-12-20T00:00:00Z,22.96,0.03,33.75,137.78,0.0,safe
SNS-zone_04-01,zone_04,2025-12-20T00:00:00Z,35.08,0.041,36.35,157.61,0.0,safe
SNS-zone_05-01,zone_05,2025-12-20T00:00:00Z,24.4,0.036,40.77,141.07,0.0,safe
SNS-zone_06-01,zone_06,2025-12-20T00:00:00Z,63.17,0.146,56.38,423.75,0.0,warning
SNS-zone_07-01,zone_07,2025-12-20T00:00:00Z,43.87,0.118,64.44,396.83,0.0,safe
SNS-zone_08-01,zone_08,2025-12-20T00:00:00Z,51.05,0.122,68.46,407.95,0.0,warning
SNS-zone_09-01,zone_09,2025-12-20T00:00:00Z,13.32,0.017,26.41,108.87,0.0,safe
SNS-zone_10-01,zone_10,2025-12-20T00:00:00Z,52.92,0.137,59.3,405.72,0.0,warning
SNS-zone_11-01,zone_11,2025-12-20T00:00:00Z,101.98,0.325,93.42,858.92,0.0,warning
SNS-zone_12-01,zone_12,2025-12-20T00:00:00Z,111.67,0.342,78.32,866.77,0.0,evacuation
SNS-zone_13-01,zone_13,2025-12-20T00:00:00Z,11.26,0.021,38.22,113.3,0.0,safe
SNS-zone_14-01,zone_14,2025-12-20T00:00:00Z,20.82,0.03,34.17,132.95,0.0,safe
SNS-zone_15-01,zone_15,2025-12-20T00:00:00Z,11.45,0.023,37.75,115.13,0.0,safe
SNS-zone_16-01,zone_16,2025-12-20T00:00:00Z,27.39,0.034,30.49,141.55,0.0,safe
SNS-zone_01-01,zone_01,2025-12-21T00:00:00Z,21.13,0.035,40.27,136.71,0.0,safe
SNS-zone_02-01,zone_02,2025-12-21T00:00:00Z,32.49,0.037,27.54,145.08,0.0,safe
SNS-zone_03-01,zone_03,2025-12-21T00:00:00Z,21.82,0.037,31.91,125.1,0.0,safe
SNS-zone_04-01,zone_04,2025-12-21T00:00:00Z,36.18,0.039,38.77,168.44,0.0,safe
SNS-zone_05-01,zone_05,2025-12-21T00:00:00Z,26.25,0.032,36.22,136.81,0.0,safe
SNS-zone_06-01,zone_06,2025-12-21T00:00:00Z,60.35,0.152,57.3,445.25,0.0,warning
SNS-zone_07-01,zone_07,2025-12-21T00:00:00Z,49.82,0.119,64.64,406.9,0.0,warning
SNS-zone_08-01,zone_08,2025-12-21T00:00:00Z,47.88,0.134,68.17,394.73,0.0,warning
SNS-zone_09-01,zone_09,2025-12-21T00:00:00Z,9.29,0.029,25.74,94.96,0.0,safe
SNS-zone_10-01,zone_10,2025-12-21T00:00:00Z,47.84,0.144,62.05,398.53,0.0,warning
SNS-zone_11-01,zone_11,2025-12-21T00:00:00Z,104.06,0.326,94.73,848.0,0.0,evacuation
SNS-zone_12-01,zone_12,2025-12-21T00:00:00Z,108.02,0.326,81.95,863.06,0.0,evacuation
SNS-zone_13-01,zone_13,2025-12-21T00:00:00Z,12.03,0.018,39.5,110.76,0.0,safe
SNS-zone_14-01,zone_14,2025-12-21T00:00:00Z,26.02,0.038,36.21,143.75,0.0,safe
SNS-zone_15-01,zone_15,2025-12-21T00:00:00Z,13.77,0.022,35.35,116.04,0.0,safe
SNS-zone_16-01,zone_16,2025-12-21T00:00:00Z,24.34,0.029,29.21,124.73,0.0,safe
SNS-zone_01-01,zone_01,2025-12-22T00:00:00Z,17.64,0.028,38.34,134.77,0.0,safe
SNS-zone_02-01,zone_02,2025-12-22T00:00:00Z,32.63,0.043,29.5,141.4,0.0,safe
SNS-zone_03-01,zone_03,2025-12-22T00:00:00Z,22.55,0.03,32.8,135.8,0.0,safe
SNS-zone_04-01,zone_04,2025-12-22T00:00:00Z,34.62,0.045,38.31,152.88,0.0,safe
SNS-zone_05-01,zone_05,2025-12-22T00:00:00Z,25.83,0.029,39.11,143.18,0.0,safe
SNS-zone_06-01,zone_06,2025-12-22T00:00:00Z,63.41,0.154,60.73,423.65,0.0,warning
SNS-zone_07-01,zone_07,2025-12-22T00:00:00Z,46.74,0.117,64.86,381.23,0.0,warning
SNS-zone_08-01,zone_08,2025-12-22T00:00:00Z,51.8,0.129,70.93,426.1,0.0,warning
SNS-zone_09-01,zone_09,2025-12-22T00:00:00Z,7.63,0.017,29.11,92.45,0.0,safe
SNS-zone_10-01,zone_10,2025-12-22T00:00:00Z,52.89,0.128,65.35,411.51,0.0,warning
SNS-zone_11-01,zone_11,2025-12-22T00:00:00Z,107.81,0.328,91.6,841.04,0.0,evacuation
SNS-zone_12-01,zone_12,2025-12-22T00:00:00Z,104.99,0.328,82.87,838.56,0.0,evacuation
SNS-zone_13-01,zone_13,2025-12-22T00:00:00Z,15.61,0.021,42.24,126.83,0.0,safe
SNS-zone_14-01,zone_14,2025-12-22T00:00:00Z,22.68,0.03,36.46,132.27,0.0,safe
SNS-zone_15-01,zone_15,2025-12-22T00:00:00Z,15.45,0.023,38.13,128.44,0.0,safe
SNS-zone_16-01,zone_16,2025-12-22T00:00:00Z,24.66,0.032,28.74,140.8,0.0,safe
SNS-zone_01-01,zone_01,2025-12-23T00:00:00Z,18.98,0.022,37.0,124.39,0.0,safe
SNS-zone_02-01,zone_02,2025-12-23T00:00:00Z,34.06,0.038,28.41,163.71,0.0,safe
SNS-zone_03-01,zone_03,2025-12-23T00:00:00Z,18.68,0.027,32.52,125.76,0.0,safe
SNS-zone_04-01,zone_04,2025-12-23T00:00:00Z,36.99,0.031,37.51,163.41,0.0,safe
SNS-zone_05-01,zone_05,2025-12-23T00:00:00Z,30.28,0.044,42.22,153.03,0.0,safe
SNS-zone_06-01,zone_06,2025-12-23T00:00:00Z,60.05,0.151,60.67,434.74,0.0,warning
SNS-zone_07-01,zone_07,2025-12-23T00:00:00Z,47.29,0.133,64.66,384.61,0.0,warning
SNS-zone_08-01,zone_08,2025-12-23T00:00:00Z,52.34,0.133,65.1,415.75,0.0,warning
SNS-zone_09-01,zone_09,2025-12-23T00:00:00Z,8.62,0.015,28.76,97.04,0.0,safe
SNS-zone_10-01,zone_10,2025-12-23T00:00:00Z,48.51,0.12,62.14,380.17,0.0,warning
SNS-zone_11-01,zone_11,2025-12-23T00:00:00Z,107.83,0.358,97.83,879.64,0.0,evacuation
SNS-zone_12-01,zone_12,2025-12-23T00:00:00Z,108.72,0.319,81.94,860.03,0.0,evacuation
SNS-zone_13-01,zone_13,2025-12-23T00:00:00Z,13.46,0.033,41.6,124.32,0.0,safe
SNS-zone_14-01,zone_14,2025-12-23T00:00:00Z,25.0,0.037,35.05,142.23,0.0,safe
SNS-zone_15-01,zone_15,2025-12-23T00:00:00Z,13.6,0.023,36.33,119.93,0.0,safe
SNS-zone_16-01,zone_16,2025-12-23T00:00:00Z,26.22,0.032,30.16,145.78,0.0,safe
SNS-zone_01-01,zone_01,2025-12-24T00:00:00Z,23.18,0.034,39.36,133.37,0.0,safe
SNS-zone_02-01,zone_02,2025-12-24T00:00:00Z,33.01,0.048,26.66,154.78,0.0,safe
SNS-zone_03-01,zone_03,2025-12-24T00:00:00Z,19.03,0.019,32.43,124.7,0.0,safe
SNS-zone_04-01,zone_04,2025-12-24T00:00:00Z,35.17,0.038,37.87,156.79,0.0,safe
SNS-zone_05-01,zone_05,2025-12-24T00:00:00Z,26.81,0.032,38.99,147.65,0.0,safe
SNS-zone_06-01,zone_06,2025-12-24T00:00:00Z,61.14,0.144,62.08,423.11,0.0,warning
SNS-zone_07-01,zone_07,2025-12-24T00:00:00Z,47.67,0.118,64.8,400.93,0.0,warning
SNS-zone_08-01,zone_08,2025-12-24T00:00:00Z,53.22,0.128,67.08,408.33,0.0,warning
SNS-zone_09-01,zone_09,2025-12-24T00:00:00Z,11.76,0.024,27.14,106.88,0.0,safe
SNS-zone_10-01,zone_10,2025-12-24T00:00:00Z,49.29,0.13,62.54,400.36,0.0,warning
SNS-zone_11-01,zone_11,2025-12-24T00:00:00Z,104.08,0.334,87.5,840.23,0.0,evacuation
SNS-zone_12-01,zone_12,2025-12-24T00:00:00Z,105.41,0.317,78.56,857.15,0.0,evacuation
SNS-zone_13-01,zone_13,2025-12-24T00:00:00Z,12.09,0.027,40.52,124.85,0.0,safe
SNS-zone_14-01,zone_14,2025-12-24T00:00:00Z,26.61,0.034,37.0,141.29,0.0,safe
SNS-zone_15-01,zone_15,2025-12-24T00:00:00Z,16.96,0.021,38.27,115.47,0.0,safe
SNS-zone_16-01,zone_16,2025-12-24T00:00:00Z,25.46,0.039,29.6,141.3,0.0,safe
SNS-zone_01-01,zone_01,2025-12-25T00:00:00Z,18.39,0.023,37.47,124.96,0.0,safe
SNS-zone_02-01,zone_02,2025-12-25T00:00:00Z,34.57,0.041,28.23,151.95,0.0,safe
SNS-zone_03-01,zone_03,2025-12-25T00:00:00Z,17.4,0.019,33.69,116.22,0.0,safe
SNS-zone_04-01,zone_04,2025-12-25T00:00:00Z,33.97,0.039,40.84,169.24,0.0,safe
SNS-zone_05-01,zone_05,2025-12-25T00:00:00Z,26.8,0.029,40.65,147.23,0.0,safe
SNS-zone_06-01,zone_06,2025-12-25T00:00:00Z,57.61,0.142,61.33,404.49,0.0,warning
SNS-zone_07-01,zone_07,2025-12-25T00:00:00Z,46.66,0.127,65.81,389.02,0.0,warning
SNS-zone_08-01,zone_08,2025-12-25T00:00:00Z,51.03,0.125,65.7,399.58,0.0,warning
SNS-zone_09-01,zone_09,2025-12-25T00:00:00Z,10.25,0.021,29.15,105.27,0.0,safe
SNS-zone_10-01,zone_10,2025-12-25T00:00:00Z,48.27,0.121,63.52,382.03,0.0,warning
SNS-zone_11-01,zone_11,2025-12-25T00:00:00Z,103.93,0.318,95.53,870.09,0.0,evacuation
SNS-zone_12-01,zone_12,2025-12-25T00:00:00Z,104.92,0.328,81.44,831.47,0.0,evacuation
SNS-zone_13-01,zone_13,2025-12-25T00:00:00Z,11.57,0.032,39.03,121.92,0.0,safe
SNS-zone_14-01,zone_14,2025-12-25T00:00:00Z,26.48,0.042,34.84,145.05,0.0,safe
SNS-zone_15-01,zone_15,2025-12-25T00:00:00Z,14.1,0.027,36.28,115.19,0.0,safe
SNS-zone_16-01,zone_16,2025-12-25T00:00:00Z,28.14,0.035,30.44,143.23,0.0,safe
SNS-zone_01-01,zone_01,2025-12-26T00:00:00Z,17.7,0.026,38.31,128.6,0.0,safe
SNS-zone_02-01,zone_02,2025-12-26T00:00:00Z,30.57,0.04,32.87,151.4,0.0,safe
SNS-zone_03-01,zone_03,2025-12-26T00:00:00Z,16.65,0.033,30.99,114.08,0.0,safe
SNS-zone_04-01,zone_04,2025-12-26T00:00:00Z,34.24,0.04,35.03,159.04,0.0,safe
SNS-zone_05-01,zone_05,2025-12-26T00:00:00Z,23.27,0.027,38.4,139.64,0.0,safe
SNS-zone_06-01,zone_06,2025-12-26T00:00:00Z,62.2,0.144,57.95,437.06,0.0,warning
SNS-zone_07-01,zone_07,2025-12-26T00:00:00Z,49.39,0.123,67.67,413.65,0.0,warning
SNS-zone_08-01,zone_08,2025-12-26T00:00:00Z,50.16,0.129,66.24,394.67,0.0,warning
SNS-zone_09-01,zone_09,2025-12-26T00:00:00Z,10.02,0.019,28.62,98.18,0.0,safe
SNS-zone_10-01,zone_10,2025-12-26T00:00:00Z,50.89,0.137,61.79,410.1,0.0,warning
SNS-zone_11-01,zone_11,2025-12-26T00:00:00Z,103.44,0.316,96.37,856.1,0.0,evacuation
SNS-zone_12-01,zone_12,2025-12-26T00:00:00Z,107.9,0.367,85.46,847.26,0.0,evacuation
SNS-zone_13-01,zone_13,2025-12-26T00:00:00Z,10.85,0.029,42.22,111.03,0.0,safe
SNS-zone_14-01,zone_14,2025-12-26T00:00:00Z,26.22,0.032,34.38,153.85,0.0,safe
SNS-zone_15-01,zone_15,2025-12-26T00:00:00Z,15.14,0.021,38.94,121.0,0.0,safe
SNS-zone_16-01,zone_16,2025-12-26T00:00:00Z,26.65,0.038,31.28,136.23,0.0,safe
SNS-zone_01-01,zone_01,2025-12-27T00:00:00Z,17.55,0.029,37.96,123.68,0.0,safe
SNS-zone_02-01,zone_02,2025-12-27T00:00:00Z,33.77,0.039,31.0,156.84,0.0,safe
SNS-zone_03-01,zone_03,2025-12-27T00:00:00Z,19.72,0.029,32.51,127.9,0.0,safe
SNS-zone_04-01,zone_04,2025-12-27T00:00:00Z,35.11,0.037,37.4,163.9,0.0,safe
SNS-zone_05-01,zone_05,2025-12-27T00:00:00Z,29.29,0.037,39.15,159.58,0.0,safe
SNS-zone_06-01,zone_06,2025-12-27T00:00:00Z,67.29,0.149,55.37,432.43,0.0,warning
SNS-zone_07-01,zone_07,2025-12-27T00:00:00Z,51.3,0.143,62.11,420.83,0.0,warning
SNS-zone_08-01,zone_08,2025-12-27T00:00:00Z,51.15,0.141,69.76,426.24,0.0,warning
SNS-zone_09-01,zone_09,2025-12-27T00:00:00Z,11.85,0.018,31.39,104.39,0.0,safe
SNS-zone_10-01,zone_10,2025-12-27T00:00:00Z,49.39,0.121,64.91,398.5,0.0,warning
SNS-zone_11-01,zone_11,2025-12-27T00:00:00Z,104.98,0.332,95.98,862.56,0.0,evacuation
SNS-zone_12-01,zone_12,2025-12-27T00:00:00Z,104.81,0.32,82.15,855.86,0.0,evacuation
SNS-zone_13-01,zone_13,2025-12-27T00:00:00Z,9.89,0.02,42.25,112.98,0.0,safe
SNS-zone_14-01,zone_14,2025-12-27T00:00:00Z,23.56,0.028,35.11,137.36,0.0,safe
SNS-zone_15-01,zone_15,2025-12-27T00:00:00Z,16.13,0.028,37.61,127.14,0.0,safe
SNS-zone_16-01,zone_16,2025-12-27T00:00:00Z,25.01,0.033,29.62,139.11,0.0,safe
SNS-zone_01-01,zone_01,2025-12-28T00:00:00Z,17.41,0.029,38.85,127.64,0.0,safe
SNS-zone_02-01,zone_02,2025-12-28T00:00:00Z,32.89,0.039,30.02,155.49,0.0,safe
SNS-zone_03-01,zone_03,2025-12-28T00:00:00Z,16.97,0.033,33.05,127.65,0.0,safe
SNS-zone_04-01,zone_04,2025-12-28T00:00:00Z,30.68,0.041,38.12,145.38,0.0,safe
SNS-zone_05-01,zone_05,2025-12-28T00:00:00Z,30.31,0.036,39.37,158.65,0.0,safe
SNS-zone_06-01,zone_06,2025-12-28T00:00:00Z,61.22,0.151,60.73,429.86,0.0,warning
SNS-zone_07-01,zone_07,2025-12-28T00:00:00Z,44.69,0.106,64.38,380.3,0.0,safe
SNS-zone_08-01,zone_08,2025-12-28T00:00:00Z,51.0,0.136,68.91,412.57,0.0,warning
SNS-zone_09-01,zone_09,2025-12-28T00:00:00Z,15.6,0.028,27.87,110.19,0.0,safe
SNS-zone_10-01,zone_10,2025-12-28T00:00:00Z,52.2,0.122,60.83,403.86,0.0,warning
SNS-zone_11-01,zone_11,2025-12-28T00:00:00Z,109.21,0.333,94.7,880.37,0.0,evacuation
SNS-zone_12-01,zone_12,2025-12-28T00:00:00Z,103.94,0.325,86.11,859.32,0.0,evacuation
SNS-zone_13-01,zone_13,2025-12-28T00:00:00Z,9.78,0.012,42.03,110.48,0.0,safe
SNS-zone_14-01,zone_14,2025-12-28T00:00:00Z,25.75,0.037,36.19,138.16,0.0,safe
SNS-zone_15-01,zone_15,2025-12-28T00:00:00Z,15.42,0.022,34.74,125.6,0.0,safe
SNS-zone_16-01,zone_16,2025-12-28T00:00:00Z,27.0,0.036,30.33,135.81,0.0,safe
SNS-zone_01-01,zone_01,2025-12-29T00:00:00Z,20.45,0.031,36.24,127.92,0.0,safe
SNS-zone_02-01,zone_02,2025-12-29T00:00:00Z,33.52,0.041,30.15,159.52,0.0,safe
SNS-zone_03-01,zone_03,2025-12-29T00:00:00Z,17.32,0.022,31.12,117.82,0.0,safe
SNS-zone_04-01,zone_04,2025-12-29T00:00:00Z,34.47,0.039,38.15,157.0,0.0,safe
SNS-zone_05-01,zone_05,2025-12-29T00:00:00Z,27.34,0.033,37.76,152.05,0.0,safe
SNS-zone_06-01,zone_06,2025-12-29T00:00:00Z,61.35,0.13,60.69,442.84,0.0,warning
SNS-zone_07-01,zone_07,2025-12-29T00:00:00Z,51.59,0.133,64.79,407.55,0.0,warning
SNS-zone_08-01,zone_08,2025-12-29T00:00:00Z,46.11,0.113,66.81,399.88,0.0,warning
SNS-zone_09-01,zone_09,2025-12-29T00:00:00Z,11.77,0.018,28.01,107.85,0.0,safe
SNS-zone_10-01,zone_10,2025-12-29T00:00:00Z,47.56,0.133,62.06,394.18,0.0,warning
SNS-zone_11-01,zone_11,2025-12-29T00:00:00Z,106.64,0.329,92.46,866.73,0.0,evacuation
SNS-zone_12-01,zone_12,2025-12-29T00:00:00Z,112.26,0.362,85.18,860.28,0.0,evacuation
SNS-zone_13-01,zone_13,2025-12-29T00:00:00Z,10.9,0.026,42.62,118.93,0.0,safe
SNS-zone_14-01,zone_14,2025-12-29T00:00:00Z,27.36,0.037,35.15,139.6,0.0,safe
SNS-zone_15-01,zone_15,2025-12-29T00:00:00Z,15.12,0.019,38.87,123.0,0.0,safe
SNS-zone_16-01,zone_16,2025-12-29T00:00:00Z,23.76,0.028,31.49,136.01,0.0,safe
SNS-zone_01-01,zone_01,2025-12-30T00:00:00Z,15.75,0.025,37.33,113.85,0.0,safe
SNS-zone_02-01,zone_02,2025-12-30T00:00:00Z,36.1,0.04,27.57,152.47,0.0,safe
SNS-zone_03-01,zone_03,2025-12-30T00:00:00Z,17.91,0.031,33.75,133.97,0.0,safe
SNS-zone_04-01,zone_04,2025-12-30T00:00:00Z,31.39,0.041,37.22,152.59,0.0,safe
SNS-zone_05-01,zone_05,2025-12-30T00:00:00Z,25.82,0.024,39.82,145.71,0.0,safe
SNS-zone_06-01,zone_06,2025-12-30T00:00:00Z,60.08,0.146,60.11,437.36,0.0,warning
SNS-zone_07-01,zone_07,2025-12-30T00:00:00Z,46.57,0.139,67.46,414.37,0.0,warning
SNS-zone_08-01,zone_08,2025-12-30T00:00:00Z,50.81,0.118,65.78,407.03,0.0,warning
SNS-zone_09-01,zone_09,2025-12-30T00:00:00Z,14.56,0.027,27.69,114.65,0.0,safe
SNS-zone_10-01,zone_10,2025-12-30T00:00:00Z,44.09,0.117,62.92,383.74,0.0,safe
SNS-zone_11-01,zone_11,2025-12-30T00:00:00Z,102.02,0.319,93.38,854.82,0.0,warning
SNS-zone_12-01,zone_12,2025-12-30T00:00:00Z,103.43,0.327,78.43,817.4,0.0,evacuation
SNS-zone_13-01,zone_13,2025-12-30T00:00:00Z,11.36,0.021,41.64,117.59,0.0,safe
SNS-zone_14-01,zone_14,2025-12-30T00:00:00Z,24.61,0.032,35.86,133.7,0.0,safe
SNS-zone_15-01,zone_15,2025-12-30T00:00:00Z,17.18,0.026,36.19,128.39,0.0,safe
SNS-zone_16-01,zone_16,2025-12-30T00:00:00Z,27.7,0.044,31.09,140.25,0.0,safe
SNS-zone_01-01,zone_01,2025-12-31T00:00:00Z,17.55,0.019,38.56,130.37,0.0,safe
SNS-zone_02-01,zone_02,2025-12-31T00:00:00Z,36.33,0.056,28.99,148.22,0.0,safe
SNS-zone_03-01,zone_03,2025-12-31T00:00:00Z,21.42,0.027,33.4,136.05,0.0,safe
SNS-zone_04-01,zone_04,2025-12-31T00:00:00Z,33.74,0.033,39.25,167.27,0.0,safe
SNS-zone_05-01,zone_05,2025-12-31T00:00:00Z,28.49,0.036,39.21,148.72,0.0,safe
SNS-zone_06-01,zone_06,2025-12-31T00:00:00Z,63.84,0.157,57.53,440.69,0.0,warning
SNS-zone_07-01,zone_07,2025-12-31T00:00:00Z,46.13,0.119,64.75,398.92,0.0,warning
SNS-zone_08-01,zone_08,2025-12-31T00:00:00Z,53.23,0.144,67.81,408.17,0.0,warning
SNS-zone_09-01,zone_09,2025-12-31T00:00:00Z,12.16,0.021,29.4,116.25,0.0,safe
SNS-zone_10-01,zone_10,2025-12-31T00:00:00Z,48.16,0.126,63.14,398.66,0.0,warning
SNS-zone_11-01,zone_11,2025-12-31T00:00:00Z,106.58,0.326,95.84,848.37,0.0,evacuation
SNS-zone_12-01,zone_12,2025-12-31T00:00:00Z,106.07,0.336,82.04,845.52,0.0,evacuation
SNS-zone_13-01,zone_13,2025-12-31T00:00:00Z,12.2,0.025,42.87,116.99,0.0,safe
SNS-zone_14-01,zone_14,2025-12-31T00:00:00Z,27.71,0.03,36.41,145.22,0.0,safe
SNS-zone_15-01,zone_15,2025-12-31T00:00:00Z,15.82,0.031,36.03,127.11,0.0,safe
SNS-zone_16-01,zone_16,2025-12-31T00:00:00Z,27.09,0.039,31.19,144.04,0.0,safe
SNS-zone_01-01,zone_01,2026-01-01T00:00:00Z,16.94,0.026,38.17,122.18,0.0,safe
SNS-zone_02-01,zone_02,2026-01-01T00:00:00Z,34.02,0.042,30.97,155.55,0.0,safe
SNS-zone_03-01,zone_03,2026-01-01T00:00:00Z,19.52,0.028,32.16,129.42,0.0,safe
SNS-zone_04-01,zone_04,2026-01-01T00:00:00Z,32.98,0.039,38.33,162.41,0.0,safe
SNS-zone_05-01,zone_05,2026-01-01T00:00:00Z,27.27,0.031,38.56,147.47,0.0,safe
SNS-zone_06-01,zone_06,2026-01-01T00:00:00Z,60.97,0.146,56.89,424.65,0.0,warning
SNS-zone_07-01,zone_07,2026-01-01T00:00:00Z,50.78,0.131,62.9,413.69,0.0,warning
SNS-zone_08-01,zone_08,2026-01-01T00:00:00Z,56.11,0.14,64.7,417.92,0.0,warning
SNS-zone_09-01,zone_09,2026-01-01T00:00:00Z,8.34,0.013,29.15,93.38,0.0,safe
SNS-zone_10-01,zone_10,2026-01-01T00:00:00Z,50.76,0.126,63.5,401.23,0.0,warning
SNS-zone_11-01,zone_11,2026-01-01T00:00:00Z,108.81,0.337,92.84,848.23,0.0,evacuation
SNS-zone_12-01,zone_12,2026-01-01T00:00:00Z,109.87,0.34,83.63,883.47,0.0,evacuation
SNS-zone_13-01,zone_13,2026-01-01T00:00:00Z,8.9,0.02,42.85,120.11,0.0,safe
SNS-zone_14-01,zone_14,2026-01-01T00:00:00Z,24.52,0.032,34.42,140.59,0.0,safe
SNS-zone_15-01,zone_15,2026-01-01T00:00:00Z,12.41,0.02,37.12,118.63,0.0,safe
SNS-zone_16-01,zone_16,2026-01-01T00:00:00Z,26.06,0.032,28.67,137.92,0.0,safe
SNS-zone_01-01,zone_01,2026-01-02T00:00:00Z,18.59,0.025,37.22,133.15,0.0,safe
SNS-zone_02-01,zone_02,2026-01-02T00:00:00Z,34.87,0.042,30.33,159.81,0.0,safe
SNS-zone_03-01,zone_03,2026-01-02T00:00:00Z,17.76,0.026,31.25,119.95,0.0,safe
SNS-zone_04-01,zone_04,2026-01-02T00:00:00Z,32.83,0.039,39.12,164.5,0.0,safe
SNS-zone_05-01,zone_05,2026-01-02T00:00:00Z,28.41,0.038,41.07,150.54,0.0,safe
SNS-zone_06-01,zone_06,2026-01-02T00:00:00Z,57.15,0.138,60.09,420.8,0.0,warning
SNS-zone_07-01,zone_07,2026-01-02T00:00:00Z,44.5,0.115,62.71,386.99,0.0,safe
SNS-zone_08-01,zone_08,2026-01-02T00:00:00Z,50.66,0.129,64.11,407.01,0.0,warning
SNS-zone_09-01,zone_09,2026-01-02T00:00:00Z,6.14,0.01,29.99,91.48,0.0,safe
SNS-zone_10-01,zone_10,2026-01-02T00:00:00Z,51.12,0.14,66.03,415.6,0.0,warning
SNS-zone_11-01,zone_11,2026-01-02T00:00:00Z,104.61,0.317,94.62,860.18,0.0,evacuation
SNS-zone_12-01,zone_12,2026-01-02T00:00:00Z,108.43,0.328,80.65,837.11,0.0,evacuation
SNS-zone_13-01,zone_13,2026-01-02T00:00:00Z,13.59,0.026,41.71,118.79,0.0,safe
SNS-zone_14-01,zone_14,2026-01-02T00:00:00Z,27.66,0.037,34.03,145.59,0.0,safe
SNS-zone_15-01,zone_15,2026-01-02T00:00:00Z,16.29,0.025,38.64,120.06,0.0,safe
SNS-zone_16-01,zone_16,2026-01-02T00:00:00Z,28.14,0.036,30.42,140.22,0.0,safe
SNS-zone_01-01,zone_01,2026-01-03T00:00:00Z,17.1,0.031,39.25,129.53,0.0,safe
SNS-zone_02-01,zone_02,2026-01-03T00:00:00Z,33.27,0.045,29.46,151.69,0.0,safe
SNS-zone_03-01,zone_03,2026-01-03T00:00:00Z,16.59,0.031,35.51,124.54,0.0,safe
SNS-zone_04-01,zone_04,2026-01-03T00:00:00Z,34.22,0.041,37.35,158.39,0.0,safe
SNS-zone_05-01,zone_05,2026-01-03T00:00:00Z,27.83,0.04,40.12,142.88,0.0,safe
SNS-zone_06-01,zone_06,2026-01-03T00:00:00Z,60.33,0.117,57.23,421.6,0.0,warning
SNS-zone_07-01,zone_07,2026-01-03T00:00:00Z,50.13,0.14,64.37,409.92,0.0,warning
SNS-zone_08-01,zone_08,2026-01-03T00:00:00Z,48.45,0.126,66.5,411.14,0.0,warning
SNS-zone_09-01,zone_09,2026-01-03T00:00:00Z,10.26,0.021,27.46,106.96,0.0,safe
SNS-zone_10-01,zone_10,2026-01-03T00:00:00Z,52.05,0.133,64.49,396.93,0.0,warning
SNS-zone_11-01,zone_11,2026-01-03T00:00:00Z,105.37,0.335,91.51,848.54,0.0,evacuation
SNS-zone_12-01,zone_12,2026-01-03T00:00:00Z,106.23,0.312,84.46,833.98,0.0,evacuation
SNS-zone_13-01,zone_13,2026-01-03T00:00:00Z,8.63,0.02,40.92,104.92,0.0,safe
SNS-zone_14-01,zone_14,2026-01-03T00:00:00Z,20.61,0.027,32.86,121.01,0.0,safe
SNS-zone_15-01,zone_15,2026-01-03T00:00:00Z,15.43,0.018,39.08,117.85,0.0,safe
SNS-zone_16-01,zone_16,2026-01-03T00:00:00Z,22.1,0.03,28.88,131.39,0.0,safe
SNS-zone_01-01,zone_01,2026-01-04T00:00:00Z,17.77,0.025,35.28,127.26,0.0,safe
SNS-zone_02-01,zone_02,2026-01-04T00:00:00Z,27.7,0.036,30.41,144.62,0.0,safe
SNS-zone_03-01,zone_03,2026-01-04T00:00:00Z,18.55,0.029,35.87,129.15,0.0,safe
SNS-zone_04-01,zone_04,2026-01-04T00:00:00Z,35.07,0.045,37.46,165.03,0.0,safe
SNS-zone_05-01,zone_05,2026-01-04T00:00:00Z,25.83,0.035,38.79,158.81,0.0,safe
SNS-zone_06-01,zone_06,2026-01-04T00:00:00Z,59.99,0.139,57.48,426.97,0.0,warning
SNS-zone_07-01,zone_07,2026-01-04T00:00:00Z,46.72,0.126,63.2,399.05,0.0,warning
SNS-zone_08-01,zone_08,2026-01-04T00:00:00Z,49.5,0.134,70.29,406.48,0.0,warning
SNS-zone_09-01,zone_09,2026-01-04T00:00:00Z,13.38,0.022,27.46,106.98,0.0,safe
SNS-zone_10-01,zone_10,2026-01-04T00:00:00Z,53.92,0.13,63.22,420.58,0.0,warning
SNS-zone_11-01,zone_11,2026-01-04T00:00:00Z,103.9,0.334,91.5,872.36,0.0,evacuation
SNS-zone_12-01,zone_12,2026-01-04T00:00:00Z,110.03,0.342,82.08,873.21,0.0,evacuation
SNS-zone_13-01,zone_13,2026-01-04T00:00:00Z,14.8,0.029,40.24,128.75,0.0,safe
SNS-zone_14-01,zone_14,2026-01-04T00:00:00Z,20.77,0.03,35.63,139.28,0.0,safe
SNS-zone_15-01,zone_15,2026-01-04T00:00:00Z,14.91,0.019,36.58,123.48,0.0,safe
SNS-zone_16-01,zone_16,2026-01-04T00:00:00Z,23.7,0.036,29.92,131.13,0.0,safe
SNS-zone_01-01,zone_01,2026-01-05T00:00:00Z,18.16,0.026,38.69,129.07,0.0,safe
SNS-zone_02-01,zone_02,2026-01-05T00:00:00Z,32.8,0.044,29.68,157.46,0.0,safe
SNS-zone_03-01,zone_03,2026-01-05T00:00:00Z,19.17,0.017,33.38,127.72,0.0,safe
SNS-zone_04-01,zone_04,2026-01-05T00:00:00Z,32.48,0.035,38.65,164.45,0.0,safe
SNS-zone_05-01,zone_05,2026-01-05T00:00:00Z,22.14,0.025,39.01,144.66,0.0,safe
SNS-zone_06-01,zone_06,2026-01-05T00:00:00Z,66.04,0.162,58.35,448.72,0.0,warning
SNS-zone_07-01,zone_07,2026-01-05T00:00:00Z,48.63,0.13,67.74,419.01,0.0,warning
SNS-zone_08-01,zone_08,2026-01-05T00:00:00Z,47.78,0.115,64.59,406.53,0.0,warning
SNS-zone_09-01,zone_09,2026-01-05T00:00:00Z,9.26,0.019,27.02,93.27,0.0,safe
SNS-zone_10-01,zone_10,2026-01-05T00:00:00Z,50.14,0.12,64.22,407.52,0.0,warning
SNS-zone_11-01,zone_11,2026-01-05T00:00:00Z,104.32,0.328,88.68,850.95,0.0,evacuation
SNS-zone_12-01,zone_12,2026-01-05T00:00:00Z,106.3,0.299,86.98,851.4,0.0,evacuation
SNS-zone_13-01,zone_13,2026-01-05T00:00:00Z,12.1,0.025,41.52,112.17,0.0,safe
SNS-zone_14-01,zone_14,2026-01-05T00:00:00Z,23.68,0.032,36.57,141.19,0.0,safe
SNS-zone_15-01,zone_15,2026-01-05T00:00:00Z,13.05,0.029,39.37,129.75,0.0,safe
SNS-zone_16-01,zone_16,2026-01-05T00:00:00Z,25.73,0.029,29.87,137.51,0.0,safe
SNS-zone_01-01,zone_01,2026-01-06T00:00:00Z,19.87,0.027,39.65,135.06,0.0,safe
SNS-zone_02-01,zone_02,2026-01-06T00:00:00Z,34.39,0.036,28.77,149.58,0.0,safe
SNS-zone_03-01,zone_03,2026-01-06T00:00:00Z,19.62,0.036,33.96,126.0,0.0,safe
SNS-zone_04-01,zone_04,2026-01-06T00:00:00Z,35.82,0.043,38.24,157.5,0.0,safe
SNS-zone_05-01,zone_05,2026-01-06T00:00:00Z,25.88,0.037,38.27,152.3,0.0,safe
SNS-zone_06-01,zone_06,2026-01-06T00:00:00Z,63.54,0.149,57.84,431.24,0.0,warning
SNS-zone_07-01,zone_07,2026-01-06T00:00:00Z,46.77,0.13,66.9,398.03,0.0,warning
SNS-zone_08-01,zone_08,2026-01-06T00:00:00Z,55.48,0.139,64.24,407.71,0.0,warning
SNS-zone_09-01,zone_09,2026-01-06T00:00:00Z,14.33,0.012,28.55,112.01,0.0,safe
SNS-zone_10-01,zone_10,2026-01-06T00:00:00Z,49.15,0.121,64.19,403.34,0.0,warning
SNS-zone_11-01,zone_11,2026-01-06T00:00:00Z,110.1,0.346,89.61,882.64,0.0,evacuation
SNS-zone_12-01,zone_12,2026-01-06T00:00:00Z,109.18,0.328,80.84,872.91,0.0,evacuation
SNS-zone_13-01,zone_13,2026-01-06T00:00:00Z,12.72,0.019,41.83,128.25,0.0,safe
SNS-zone_14-01,zone_14,2026-01-06T00:00:00Z,24.99,0.037,35.92,143.25,0.0,safe
SNS-zone_15-01,zone_15,2026-01-06T00:00:00Z,12.43,0.02,37.67,114.75,0.0,safe
SNS-zone_16-01,zone_16,2026-01-06T00:00:00Z,23.16,0.027,30.62,126.88,0.0,safe
SNS-zone_01-01,zone_01,2026-01-07T00:00:00Z,18.5,0.025,37.66,130.33,0.0,safe
SNS-zone_02-01,zone_02,2026-01-07T00:00:00Z,35.3,0.044,28.95,161.38,0.0,safe
SNS-zone_03-01,zone_03,2026-01-07T00:00:00Z,18.56,0.024,32.33,133.12,0.0,safe
SNS-zone_04-01,zone_04,2026-01-07T00:00:00Z,33.07,0.038,36.98,166.48,0.0,safe
SNS-zone_05-01,zone_05,2026-01-07T00:00:00Z,27.16,0.035,39.28,146.04,0.0,safe
SNS-zone_06-01,zone_06,2026-01-07T00:00:00Z,60.69,0.145,59.48,439.2,0.0,warning
SNS-zone_07-01,zone_07,2026-01-07T00:00:00Z,49.4,0.138,67.89,405.91,0.0,warning
SNS-zone_08-01,zone_08,2026-01-07T00:00:00Z,43.79,0.122,67.64,388.39,0.0,safe
SNS-zone_09-01,zone_09,2026-01-07T00:00:00Z,8.34,0.014,28.77,92.3,0.0,safe
SNS-zone_10-01,zone_10,2026-01-07T00:00:00Z,52.66,0.125,62.49,400.27,0.0,warning
SNS-zone_11-01,zone_11,2026-01-07T00:00:00Z,107.99,0.353,96.73,881.77,0.0,evacuation
SNS-zone_12-01,zone_12,2026-01-07T00:00:00Z,109.77,0.312,83.11,860.51,0.0,evacuation
SNS-zone_13-01,zone_13,2026-01-07T00:00:00Z,12.23,0.02,41.22,113.46,0.0,safe
SNS-zone_14-01,zone_14,2026-01-07T00:00:00Z,25.94,0.037,34.15,131.78,0.0,safe
SNS-zone_15-01,zone_15,2026-01-07T00:00:00Z,16.31,0.022,35.98,117.74,0.0,safe
SNS-zone_16-01,zone_16,2026-01-07T00:00:00Z,24.97,0.029,29.66,134.58,0.0,safe
SNS-zone_01-01,zone_01,2026-01-08T00:00:00Z,23.51,0.03,38.6,144.68,0.0,safe
SNS-zone_02-01,zone_02,2026-01-08T00:00:00Z,34.61,0.043,30.57,153.5,0.0,safe
SNS-zone_03-01,zone_03,2026-01-08T00:00:00Z,19.07,0.028,32.48,128.64,0.0,safe
SNS-zone_04-01,zone_04,2026-01-08T00:00:00Z,34.73,0.041,36.57,166.42,0.0,safe
SNS-zone_05-01,zone_05,2026-01-08T00:00:00Z,28.49,0.038,39.56,157.06,0.0,safe
SNS-zone_06-01,zone_06,2026-01-08T00:00:00Z,65.82,0.143,59.85,450.37,0.0,warning
SNS-zone_07-01,zone_07,2026-01-08T00:00:00Z,44.02,0.118,61.04,388.06,0.0,safe
SNS-zone_08-01,zone_08,2026-01-08T00:00:00Z,53.07,0.139,68.15,414.1,0.0,warning
SNS-zone_09-01,zone_09,2026-01-08T00:00:00Z,8.49,0.012,27.66,97.37,0.0,safe
SNS-zone_10-01,zone_10,2026-01-08T00:00:00Z,47.8,0.125,63.45,389.23,0.0,warning
SNS-zone_11-01,zone_11,2026-01-08T00:00:00Z,104.12,0.315,96.09,867.41,0.0,evacuation
SNS-zone_12-01,zone_12,2026-01-08T00:00:00Z,108.92,0.334,82.58,844.7,0.0,evacuation
SNS-zone_13-01,zone_13,2026-01-08T00:00:00Z,10.93,0.014,41.97,122.56,0.0,safe
SNS-zone_14-01,zone_14,2026-01-08T00:00:00Z,22.97,0.035,37.28,137.35,0.0,safe
SNS-zone_15-01,zone_15,2026-01-08T00:00:00Z,14.58,0.021,37.26,129.73,0.0,safe
SNS-zone_16-01,zone_16,2026-01-08T00:00:00Z,27.34,0.033,31.07,140.35,0.0,safe
SNS-zone_01-01,zone_01,2026-01-09T00:00:00Z,18.55,0.023,39.69,120.3,0.0,safe
SNS-zone_02-01,zone_02,2026-01-09T00:00:00Z,35.09,0.045,30.66,163.79,0.0,safe
SNS-zone_03-01,zone_03,2026-01-09T00:00:00Z,18.3,0.026,31.59,118.81,0.0,safe
SNS-zone_04-01,zone_04,2026-01-09T00:00:00Z,35.65,0.041,38.94,156.47,0.0,safe
SNS-zone_05-01,zone_05,2026-01-09T00:00:00Z,28.03,0.031,39.04,150.25,0.0,safe
SNS-zone_06-01,zone_06,2026-01-09T00:00:00Z,64.31,0.143,59.54,444.61,0.0,warning
SNS-zone_07-01,zone_07,2026-01-09T00:00:00Z,47.74,0.118,66.08,404.13,0.0,warning
SNS-zone_08-01,zone_08,2026-01-09T00:00:00Z,47.29,0.112,66.27,388.17,0.0,warning
SNS-zone_09-01,zone_09,2026-01-09T00:00:00Z,15.72,0.023,28.89,106.82,0.0,safe
SNS-zone_10-01,zone_10,2026-01-09T00:00:00Z,47.21,0.127,60.84,407.69,0.0,warning
SNS-zone_11-01,zone_11,2026-01-09T00:00:00Z,108.08,0.333,94.6,856.52,0.0,evacuation
SNS-zone_12-01,zone_12,2026-01-09T00:00:00Z,98.94,0.308,79.07,822.49,0.0,warning
SNS-zone_13-01,zone_13,2026-01-09T00:00:00Z,12.9,0.018,42.72,118.27,0.0,safe
SNS-zone_14-01,zone_14,2026-01-09T00:00:00Z,25.78,0.032,34.97,139.74,0.0,safe
SNS-zone_15-01,zone_15,2026-01-09T00:00:00Z,16.02,0.026,38.03,125.04,0.0,safe
SNS-zone_16-01,zone_16,2026-01-09T00:00:00Z,25.05,0.029,29.17,127.29,0.0,safe
SNS-zone_01-01,zone_01,2026-01-10T00:00:00Z,18.66,0.034,36.0,127.15,0.0,safe
SNS-zone_02-01,zone_02,2026-01-10T00:00:00Z,35.72,0.039,30.12,158.57,0.0,safe
SNS-zone_03-01,zone_03,2026-01-10T00:00:00Z,20.2,0.033,33.65,119.21,0.0,safe
SNS-zone_04-01,zone_04,2026-01-10T00:00:00Z,35.54,0.053,36.86,151.93,0.0,safe
SNS-zone_05-01,zone_05,2026-01-10T00:00:00Z,26.72,0.034,38.99,152.32,0.0,safe
SNS-zone_06-01,zone_06,2026-01-10T00:00:00Z,64.67,0.15,57.56,429.81,0.0,warning
SNS-zone_07-01,zone_07,2026-01-10T00:00:00Z,50.06,0.145,66.01,415.76,0.0,warning
SNS-zone_08-01,zone_08,2026-01-10T00:00:00Z,47.03,0.121,69.33,403.99,0.0,warning
SNS-zone_09-01,zone_09,2026-01-10T00:00:00Z,10.64,0.023,25.43,102.06,0.0,safe
SNS-zone_10-01,zone_10,2026-01-10T00:00:00Z,50.77,0.138,62.2,407.56,0.0,warning
SNS-zone_11-01,zone_11,2026-01-10T00:00:00Z,105.35,0.337,94.0,864.97,0.0,evacuation
SNS-zone_12-01,zone_12,2026-01-10T00:00:00Z,109.23,0.337,85.95,858.78,0.0,evacuation
SNS-zone_13-01,zone_13,2026-01-10T00:00:00Z,9.99,0.019,38.88,116.09,0.0,safe
SNS-zone_14-01,zone_14,2026-01-10T00:00:00Z,25.54,0.033,34.83,135.11,0.0,safe
SNS-zone_15-01,zone_15,2026-01-10T00:00:00Z,16.26,0.025,38.56,125.46,0.0,safe
SNS-zone_16-01,zone_16,2026-01-10T00:00:00Z,26.28,0.033,30.9,146.88,0.0,safe
SNS-zone_01-01,zone_01,2026-01-11T00:00:00Z,18.93,0.019,38.64,134.42,0.0,safe
SNS-zone_02-01,zone_02,2026-01-11T00:00:00Z,32.09,0.039,29.51,146.72,0.0,safe
SNS-zone_03-01,zone_03,2026-01-11T00:00:00Z,22.13,0.035,33.45,134.36,0.0,safe
SNS-zone_04-01,zone_04,2026-01-11T00:00:00Z,34.88,0.051,38.18,170.82,0.0,safe
SNS-zone_05-01,zone_05,2026-01-11T00:00:00Z,26.66,0.035,38.02,147.24,0.0,safe
SNS-zone_06-01,zone_06,2026-01-11T00:00:00Z,62.06,0.141,61.58,428.01,0.0,warning
SNS-zone_07-01,zone_07,2026-01-11T00:00:00Z,48.26,0.121,65.43,388.0,0.0,warning
SNS-zone_08-01,zone_08,2026-01-11T00:00:00Z,54.22,0.14,67.33,415.84,0.0,warning
SNS-zone_09-01,zone_09,2026-01-11T00:00:00Z,13.02,0.029,28.55,119.93,0.0,safe
SNS-zone_10-01,zone_10,2026-01-11T00:00:00Z,52.17,0.123,63.32,392.07,0.0,warning
SNS-zone_11-01,zone_11,2026-01-11T00:00:00Z,107.34,0.338,93.26,884.5,0.0,evacuation
SNS-zone_12-01,zone_12,2026-01-11T00:00:00Z,109.57,0.352,83.37,863.87,0.0,evacuation
SNS-zone_13-01,zone_13,2026-01-11T00:00:00Z,10.34,0.017,42.77,119.06,0.0,safe
SNS-zone_14-01,zone_14,2026-01-11T00:00:00Z,24.62,0.032,36.82,134.79,0.0,safe
SNS-zone_15-01,zone_15,2026-01-11T00:00:00Z,13.91,0.024,37.34,117.63,0.0,safe
SNS-zone_16-01,zone_16,2026-01-11T00:00:00Z,24.86,0.03,29.43,132.52,0.0,safe
SNS-zone_01-01,zone_01,2026-01-12T00:00:00Z,20.91,0.034,38.53,127.13,0.0,safe
SNS-zone_02-01,zone_02,2026-01-12T00:00:00Z,32.96,0.041,28.75,141.8,0.0,safe
SNS-zone_03-01,zone_03,2026-01-12T00:00:00Z,22.06,0.03,33.7,134.84,0.0,safe
SNS-zone_04-01,zone_04,2026-01-12T00:00:00Z,36.48,0.043,38.58,169.49,0.0,safe
SNS-zone_05-01,zone_05,2026-01-12T00:00:00Z,28.59,0.034,40.58,150.49,0.0,safe
SNS-zone_06-01,zone_06,2026-01-12T00:00:00Z,58.85,0.146,59.34,419.94,0.0,warning
SNS-zone_07-01,zone_07,2026-01-12T00:00:00Z,50.2,0.135,64.64,399.71,0.0,warning
SNS-zone_08-01,zone_08,2026-01-12T00:00:00Z,50.43,0.118,67.58,427.47,0.0,warning
SNS-zone_09-01,zone_09,2026-01-12T00:00:00Z,8.34,0.014,27.83,94.15,0.0,safe
SNS-zone_10-01,zone_10,2026-01-12T00:00:00Z,50.55,0.131,63.84,397.24,0.0,warning
SNS-zone_11-01,zone_11,2026-01-12T00:00:00Z,103.8,0.326,93.84,862.77,0.0,evacuation
SNS-zone_12-01,zone_12,2026-01-12T00:00:00Z,103.68,0.325,81.22,832.01,0.0,evacuation
SNS-zone_13-01,zone_13,2026-01-12T00:00:00Z,11.37,0.014,40.22,111.9,0.0,safe
SNS-zone_14-01,zone_14,2026-01-12T00:00:00Z,22.78,0.028,34.08,134.88,0.0,safe
SNS-zone_15-01,zone_15,2026-01-12T00:00:00Z,16.09,0.025,37.99,122.22,0.0,safe
SNS-zone_16-01,zone_16,2026-01-12T00:00:00Z,25.73,0.039,30.19,134.25,0.0,safe
SNS-zone_01-01,zone_01,2026-01-13T00:00:00Z,18.53,0.036,38.65,132.59,0.0,safe
SNS-zone_02-01,zone_02,2026-01-13T00:00:00Z,31.94,0.043,29.7,153.27,0.0,safe
SNS-zone_03-01,zone_03,2026-01-13T00:00:00Z,21.14,0.024,35.87,135.25,0.0,safe
SNS-zone_04-01,zone_04,2026-01-13T00:00:00Z,32.93,0.035,36.97,155.98,0.0,safe
SNS-zone_05-01,zone_05,2026-01-13T00:00:00Z,27.95,0.034,38.22,156.95,0.0,safe
SNS-zone_06-01,zone_06,2026-01-13T00:00:00Z,63.85,0.161,61.08,432.48,0.0,warning
SNS-zone_07-01,zone_07,2026-01-13T00:00:00Z,47.13,0.12,64.98,398.44,0.0,warning
SNS-zone_08-01,zone_08,2026-01-13T00:00:00Z,52.45,0.145,69.83,413.82,0.0,warning
SNS-zone_09-01,zone_09,2026-01-13T00:00:00Z,8.88,0.021,29.0,98.18,0.0,safe
SNS-zone_10-01,zone_10,2026-01-13T00:00:00Z,49.03,0.134,62.42,406.64,0.0,warning
SNS-zone_11-01,zone_11,2026-01-13T00:00:00Z,106.82,0.311,96.55,849.62,0.0,evacuation
SNS-zone_12-01,zone_12,2026-01-13T00:00:00Z,102.67,0.314,78.95,830.27,0.0,evacuation
SNS-zone_13-01,zone_13,2026-01-13T00:00:00Z,11.79,0.025,41.16,123.44,0.0,safe
SNS-zone_14-01,zone_14,2026-01-13T00:00:00Z,25.76,0.027,34.18,133.19,0.0,safe
SNS-zone_15-01,zone_15,2026-01-13T00:00:00Z,16.36,0.026,36.84,121.72,0.0,safe
SNS-zone_16-01,zone_16,2026-01-13T00:00:00Z,28.01,0.039,32.14,146.55,0.0,safe
SNS-zone_01-01,zone_01,2026-01-14T00:00:00Z,19.86,0.025,38.47,129.86,0.0,safe
SNS-zone_02-01,zone_02,2026-01-14T00:00:00Z,32.05,0.036,27.77,144.44,0.0,safe
SNS-zone_03-01,zone_03,2026-01-14T00:00:00Z,19.95,0.026,31.6,126.21,0.0,safe
SNS-zone_04-01,zone_04,2026-01-14T00:00:00Z,31.21,0.038,37.45,157.07,0.0,safe
SNS-zone_05-01,zone_05,2026-01-14T00:00:00Z,29.48,0.039,39.18,156.57,0.0,safe
SNS-zone_06-01,zone_06,2026-01-14T00:00:00Z,59.09,0.155,58.2,419.75,0.0,warning
SNS-zone_07-01,zone_07,2026-01-14T00:00:00Z,43.31,0.113,64.21,382.77,0.0,safe
SNS-zone_08-01,zone_08,2026-01-14T00:00:00Z,49.51,0.131,64.19,392.4,0.0,warning
SNS-zone_09-01,zone_09,2026-01-14T00:00:00Z,9.35,0.011,28.34,104.79,0.0,safe
SNS-zone_10-01,zone_10,2026-01-14T00:00:00Z,47.08,0.123,61.75,388.82,0.0,warning
SNS-zone_11-01,zone_11,2026-01-14T00:00:00Z,104.98,0.327,95.18,866.96,0.0,evacuation
SNS-zone_12-01,zone_12,2026-01-14T00:00:00Z,105.61,0.343,81.54,859.31,0.0,evacuation
SNS-zone_13-01,zone_13,2026-01-14T00:00:00Z,13.02,0.017,42.84,123.15,0.0,safe
SNS-zone_14-01,zone_14,2026-01-14T00:00:00Z,21.59,0.023,35.74,128.36,0.0,safe
SNS-zone_15-01,zone_15,2026-01-14T00:00:00Z,14.31,0.023,38.71,123.17,0.0,safe
SNS-zone_16-01,zone_16,2026-01-14T00:00:00Z,27.19,0.036,32.09,138.99,0.0,safe
SNS-zone_01-01,zone_01,2026-01-15T00:00:00Z,17.65,0.024,39.24,128.44,0.0,safe
SNS-zone_02-01,zone_02,2026-01-15T00:00:00Z,33.19,0.032,30.7,152.39,0.0,safe
SNS-zone_03-01,zone_03,2026-01-15T00:00:00Z,22.54,0.026,33.31,136.38,0.0,safe
SNS-zone_04-01,zone_04,2026-01-15T00:00:00Z,33.54,0.046,37.71,176.88,0.0,safe
SNS-zone_05-01,zone_05,2026-01-15T00:00:00Z,27.9,0.031,38.04,144.79,0.0,safe
SNS-zone_06-01,zone_06,2026-01-15T00:00:00Z,62.21,0.137,59.04,444.05,0.0,warning
SNS-zone_07-01,zone_07,2026-01-15T00:00:00Z,48.62,0.128,64.06,404.68,0.0,warning
SNS-zone_08-01,zone_08,2026-01-15T00:00:00Z,51.9,0.128,65.51,408.98,0.0,warning
SNS-zone_09-01,zone_09,2026-01-15T00:00:00Z,11.16,0.021,28.07,102.7,0.0,safe
SNS-zone_10-01,zone_10,2026-01-15T00:00:00Z,52.33,0.135,62.36,410.36,0.0,warning
SNS-zone_11-01,zone_11,2026-01-15T00:00:00Z,106.41,0.33,92.92,853.22,0.0,evacuation
SNS-zone_12-01,zone_12,2026-01-15T00:00:00Z,105.1,0.333,78.86,844.67,0.0,evacuation
SNS-zone_13-01,zone_13,2026-01-15T00:00:00Z,12.77,0.024,41.55,126.95,0.0,safe
SNS-zone_14-01,zone_14,2026-01-15T00:00:00Z,26.31,0.044,34.35,142.8,0.0,safe
SNS-zone_15-01,zone_15,2026-01-15T00:00:00Z,15.3,0.024,39.93,127.06,0.0,safe
SNS-zone_16-01,zone_16,2026-01-15T00:00:00Z,23.68,0.036,30.62,131.3,0.0,safe
SNS-zone_01-01,zone_01,2026-01-16T00:00:00Z,20.03,0.026,38.82,138.08,0.0,safe
SNS-zone_02-01,zone_02,2026-01-16T00:00:00Z,31.1,0.04,30.46,149.18,0.0,safe
SNS-zone_03-01,zone_03,2026-01-16T00:00:00Z,17.75,0.025,33.01,120.13,0.0,safe
SNS-zone_04-01,zone_04,2026-01-16T00:00:00Z,35.05,0.038,36.04,160.11,0.0,safe
SNS-zone_05-01,zone_05,2026-01-16T00:00:00Z,25.38,0.027,39.06,143.77,0.0,safe
SNS-zone_06-01,zone_06,2026-01-16T00:00:00Z,58.14,0.143,56.43,419.14,0.0,warning
SNS-zone_07-01,zone_07,2026-01-16T00:00:00Z,49.02,0.123,66.78,401.69,0.0,warning
SNS-zone_08-01,zone_08,2026-01-16T00:00:00Z,50.14,0.151,68.21,400.36,0.0,warning
SNS-zone_09-01,zone_09,2026-01-16T00:00:00Z,11.17,0.019,29.19,101.93,0.0,safe
SNS-zone_10-01,zone_10,2026-01-16T00:00:00Z,52.64,0.139,61.27,384.48,0.0,warning
SNS-zone_11-01,zone_11,2026-01-16T00:00:00Z,105.59,0.325,91.88,854.67,0.0,evacuation
SNS-zone_12-01,zone_12,2026-01-16T00:00:00Z,103.29,0.315,81.85,824.14,0.0,evacuation
SNS-zone_13-01,zone_13,2026-01-16T00:00:00Z,9.52,0.02,42.86,112.17,0.0,safe
SNS-zone_14-01,zone_14,2026-01-16T00:00:00Z,23.59,0.042,36.24,132.16,0.0,safe
SNS-zone_15-01,zone_15,2026-01-16T00:00:00Z,14.69,0.022,35.84,122.55,0.0,safe
SNS-zone_16-01,zone_16,2026-01-16T00:00:00Z,23.17,0.033,27.68,127.77,0.0,safe
SNS-zone_01-01,zone_01,2026-01-17T00:00:00Z,17.41,0.027,37.92,124.0,0.0,safe
SNS-zone_02-01,zone_02,2026-01-17T00:00:00Z,30.96,0.039,31.33,134.35,0.0,safe
SNS-zone_03-01,zone_03,2026-01-17T00:00:00Z,16.85,0.023,32.57,119.01,0.0,safe
SNS-zone_04-01,zone_04,2026-01-17T00:00:00Z,35.45,0.046,35.93,160.51,0.0,safe
SNS-zone_05-01,zone_05,2026-01-17T00:00:00Z,28.8,0.04,40.62,144.25,0.0,safe
SNS-zone_06-01,zone_06,2026-01-17T00:00:00Z,62.79,0.15,61.52,432.56,0.0,warning
SNS-zone_07-01,zone_07,2026-01-17T00:00:00Z,49.01,0.136,65.55,413.63,0.0,warning
SNS-zone_08-01,zone_08,2026-01-17T00:00:00Z,45.27,0.11,66.63,386.64,0.0,warning
SNS-zone_09-01,zone_09,2026-01-17T00:00:00Z,12.82,0.025,27.73,102.7,0.0,safe
SNS-zone_10-01,zone_10,2026-01-17T00:00:00Z,48.64,0.126,65.23,411.18,0.0,warning
SNS-zone_11-01,zone_11,2026-01-17T00:00:00Z,106.33,0.348,95.64,880.18,0.0,evacuation
SNS-zone_12-01,zone_12,2026-01-17T00:00:00Z,111.83,0.333,82.65,859.57,0.0,evacuation
SNS-zone_13-01,zone_13,2026-01-17T00:00:00Z,11.29,0.023,42.77,117.19,0.0,safe
SNS-zone_14-01,zone_14,2026-01-17T00:00:00Z,26.63,0.036,36.21,145.18,0.0,safe
SNS-zone_15-01,zone_15,2026-01-17T00:00:00Z,15.67,0.025,34.84,113.84,0.0,safe
SNS-zone_16-01,zone_16,2026-01-17T00:00:00Z,25.42,0.034,28.24,139.93,0.0,safe
SNS-zone_01-01,zone_01,2026-01-18T00:00:00Z,17.52,0.031,39.16,132.05,0.0,safe
SNS-zone_02-01,zone_02,2026-01-18T00:00:00Z,36.05,0.041,31.86,162.23,0.0,safe
SNS-zone_03-01,zone_03,2026-01-18T00:00:00Z,23.47,0.03,29.63,136.71,0.0,safe
SNS-zone_04-01,zone_04,2026-01-18T00:00:00Z,37.33,0.046,38.73,166.6,0.0,safe
SNS-zone_05-01,zone_05,2026-01-18T00:00:00Z,28.26,0.036,38.5,150.33,0.0,safe
SNS-zone_06-01,zone_06,2026-01-18T00:00:00Z,58.0,0.146,58.95,440.73,0.0,warning
SNS-zone_07-01,zone_07,2026-01-18T00:00:00Z,47.32,0.132,64.01,401.08,0.0,warning
SNS-zone_08-01,zone_08,2026-01-18T00:00:00Z,51.62,0.128,69.0,417.42,0.0,warning
SNS-zone_09-01,zone_09,2026-01-18T00:00:00Z,10.2,0.016,28.48,104.02,0.0,safe
SNS-zone_10-01,zone_10,2026-01-18T00:00:00Z,50.57,0.14,63.66,429.85,0.0,warning
SNS-zone_11-01,zone_11,2026-01-18T00:00:00Z,108.33,0.346,95.47,879.54,0.0,evacuation
SNS-zone_12-01,zone_12,2026-01-18T00:00:00Z,109.82,0.357,81.69,840.78,0.0,evacuation
SNS-zone_13-01,zone_13,2026-01-18T00:00:00Z,14.8,0.016,40.02,118.18,0.0,safe
SNS-zone_14-01,zone_14,2026-01-18T00:00:00Z,25.77,0.03,33.16,140.2,0.0,safe
SNS-zone_15-01,zone_15,2026-01-18T00:00:00Z,17.27,0.024,39.37,135.04,0.0,safe
SNS-zone_16-01,zone_16,2026-01-18T00:00:00Z,24.49,0.036,30.99,130.82,0.0,safe
SNS-zone_01-01,zone_01,2026-01-19T00:00:00Z,23.12,0.026,38.74,135.73,0.0,safe
SNS-zone_02-01,zone_02,2026-01-19T00:00:00Z,31.63,0.041,30.67,152.64,0.0,safe
SNS-zone_03-01,zone_03,2026-01-19T00:00:00Z,17.02,0.033,33.17,129.09,0.0,safe
SNS-zone_04-01,zone_04,2026-01-19T00:00:00Z,33.64,0.047,38.3,158.44,0.0,safe
SNS-zone_05-01,zone_05,2026-01-19T00:00:00Z,28.97,0.039,39.25,146.79,0.0,safe
SNS-zone_06-01,zone_06,2026-01-19T00:00:00Z,63.72,0.15,59.12,440.95,0.0,warning
SNS-zone_07-01,zone_07,2026-01-19T00:00:00Z,47.42,0.116,66.68,389.41,0.0,warning
SNS-zone_08-01,zone_08,2026-01-19T00:00:00Z,49.89,0.135,67.01,406.14,0.0,warning
SNS-zone_09-01,zone_09,2026-01-19T00:00:00Z,11.67,0.023,29.23,101.92,0.0,safe
SNS-zone_10-01,zone_10,2026-01-19T00:00:00Z,47.44,0.118,64.81,398.24,0.0,warning
SNS-zone_11-01,zone_11,2026-01-19T00:00:00Z,109.69,0.335,93.56,885.17,0.0,evacuation
SNS-zone_12-01,zone_12,2026-01-19T00:00:00Z,104.53,0.333,81.53,817.52,0.0,evacuation
SNS-zone_13-01,zone_13,2026-01-19T00:00:00Z,14.98,0.027,41.39,127.27,0.0,safe
SNS-zone_14-01,zone_14,2026-01-19T00:00:00Z,28.48,0.044,34.29,146.33,0.0,safe
SNS-zone_15-01,zone_15,2026-01-19T00:00:00Z,13.64,0.019,37.33,113.92,0.0,safe
SNS-zone_16-01,zone_16,2026-01-19T00:00:00Z,23.3,0.038,30.31,127.57,0.0,safe
SNS-zone_01-01,zone_01,2026-01-20T00:00:00Z,22.36,0.03,36.11,138.57,0.0,safe
SNS-zone_02-01,zone_02,2026-01-20T00:00:00Z,39.1,0.044,30.97,168.95,0.0,safe
SNS-zone_03-01,zone_03,2026-01-20T00:00:00Z,21.41,0.024,33.33,131.31,0.0,safe
SNS-zone_04-01,zone_04,2026-01-20T00:00:00Z,35.86,0.038,37.81,162.58,0.0,safe
SNS-zone_05-01,zone_05,2026-01-20T00:00:00Z,27.98,0.034,40.79,163.97,0.0,safe
SNS-zone_06-01,zone_06,2026-01-20T00:00:00Z,63.68,0.145,57.61,436.28,0.0,warning
SNS-zone_07-01,zone_07,2026-01-20T00:00:00Z,48.43,0.126,65.48,391.94,0.0,warning
SNS-zone_08-01,zone_08,2026-01-20T00:00:00Z,52.06,0.139,68.12,418.33,0.0,warning
SNS-zone_09-01,zone_09,2026-01-20T00:00:00Z,13.56,0.024,29.12,113.78,0.0,safe
SNS-zone_10-01,zone_10,2026-01-20T00:00:00Z,50.08,0.129,65.02,395.75,0.0,warning
SNS-zone_11-01,zone_11,2026-01-20T00:00:00Z,107.02,0.326,95.58,869.27,0.0,evacuation
SNS-zone_12-01,zone_12,2026-01-20T00:00:00Z,107.25,0.329,81.53,836.81,0.0,evacuation
SNS-zone_13-01,zone_13,2026-01-20T00:00:00Z,11.28,0.011,41.42,108.51,0.0,safe
SNS-zone_14-01,zone_14,2026-01-20T00:00:00Z,24.41,0.028,32.85,128.81,0.0,safe
SNS-zone_15-01,zone_15,2026-01-20T00:00:00Z,18.46,0.032,35.94,116.09,0.0,safe
SNS-zone_16-01,zone_16,2026-01-20T00:00:00Z,27.54,0.035,28.76,136.96,0.0,safe
SNS-zone_01-01,zone_01,2026-01-21T00:00:00Z,17.11,0.026,38.58,138.46,0.0,safe
SNS-zone_02-01,zone_02,2026-01-21T00:00:00Z,30.04,0.036,29.67,142.28,0.0,safe
SNS-zone_03-01,zone_03,2026-01-21T00:00:00Z,19.63,0.027,32.65,123.56,0.0,safe
SNS-zone_04-01,zone_04,2026-01-21T00:00:00Z,34.34,0.041,36.85,157.07,0.0,safe
SNS-zone_05-01,zone_05,2026-01-21T00:00:00Z,26.34,0.034,40.62,154.73,0.0,safe
SNS-zone_06-01,zone_06,2026-01-21T00:00:00Z,62.92,0.161,61.3,441.69,0.0,warning
SNS-zone_07-01,zone_07,2026-01-21T00:00:00Z,44.7,0.116,66.12,399.95,0.0,safe
SNS-zone_08-01,zone_08,2026-01-21T00:00:00Z,51.71,0.126,68.03,422.74,0.0,warning
SNS-zone_09-01,zone_09,2026-01-21T00:00:00Z,16.14,0.029,27.11,105.6,0.0,safe
SNS-zone_10-01,zone_10,2026-01-21T00:00:00Z,50.1,0.129,62.02,394.04,0.0,warning
SNS-zone_11-01,zone_11,2026-01-21T00:00:00Z,109.74,0.344,93.75,889.01,0.0,evacuation
SNS-zone_12-01,zone_12,2026-01-21T00:00:00Z,106.45,0.312,80.74,835.02,0.0,evacuation
SNS-zone_13-01,zone_13,2026-01-21T00:00:00Z,14.21,0.026,41.61,124.58,0.0,safe
SNS-zone_14-01,zone_14,2026-01-21T00:00:00Z,26.08,0.031,33.94,142.66,0.0,safe
SNS-zone_15-01,zone_15,2026-01-21T00:00:00Z,16.73,0.019,39.0,120.23,0.0,safe
SNS-zone_16-01,zone_16,2026-01-21T00:00:00Z,21.47,0.03,30.22,120.14,0.0,safe
SNS-zone_01-01,zone_01,2026-01-22T00:00:00Z,20.82,0.03,38.38,136.58,0.0,safe
SNS-zone_02-01,zone_02,2026-01-22T00:00:00Z,33.88,0.046,29.07,149.5,0.0,safe
SNS-zone_03-01,zone_03,2026-01-22T00:00:00Z,19.2,0.023,33.03,125.54,0.0,safe
SNS-zone_04-01,zone_04,2026-01-22T00:00:00Z,32.34,0.042,35.51,160.02,0.0,safe
SNS-zone_05-01,zone_05,2026-01-22T00:00:00Z,29.16,0.031,39.01,150.7,0.0,safe
SNS-zone_06-01,zone_06,2026-01-22T00:00:00Z,62.97,0.144,58.78,439.23,0.0,warning
SNS-zone_07-01,zone_07,2026-01-22T00:00:00Z,46.24,0.118,67.25,388.69,0.0,warning
SNS-zone_08-01,zone_08,2026-01-22T00:00:00Z,47.85,0.11,65.97,401.2,0.0,warning
SNS-zone_09-01,zone_09,2026-01-22T00:00:00Z,8.9,0.018,28.98,97.93,0.0,safe
SNS-zone_10-01,zone_10,2026-01-22T00:00:00Z,49.59,0.129,64.9,400.1,0.0,warning
SNS-zone_11-01,zone_11,2026-01-22T00:00:00Z,110.58,0.329,94.84,881.72,0.0,evacuation
SNS-zone_12-01,zone_12,2026-01-22T00:00:00Z,102.67,0.298,88.78,843.78,0.0,evacuation
SNS-zone_13-01,zone_13,2026-01-22T00:00:00Z,12.24,0.018,43.27,119.59,0.0,safe
SNS-zone_14-01,zone_14,2026-01-22T00:00:00Z,28.41,0.032,32.26,143.33,0.0,safe
SNS-zone_15-01,zone_15,2026-01-22T00:00:00Z,16.98,0.021,36.85,124.22,0.0,safe
SNS-zone_16-01,zone_16,2026-01-22T00:00:00Z,27.67,0.038,29.0,131.83,0.0,safe
SNS-zone_01-01,zone_01,2026-01-23T00:00:00Z,20.31,0.034,37.3,141.38,0.0,safe
SNS-zone_02-01,zone_02,2026-01-23T00:00:00Z,33.56,0.041,29.7,151.89,0.0,safe
SNS-zone_03-01,zone_03,2026-01-23T00:00:00Z,16.79,0.017,32.28,124.12,0.0,safe
SNS-zone_04-01,zone_04,2026-01-23T00:00:00Z,32.55,0.038,37.07,153.54,0.0,safe
SNS-zone_05-01,zone_05,2026-01-23T00:00:00Z,27.79,0.036,38.85,156.94,0.0,safe
SNS-zone_06-01,zone_06,2026-01-23T00:00:00Z,62.5,0.168,58.84,423.83,0.0,warning
SNS-zone_07-01,zone_07,2026-01-23T00:00:00Z,46.61,0.125,64.81,393.03,0.0,warning
SNS-zone_08-01,zone_08,2026-01-23T00:00:00Z,50.54,0.124,68.34,419.44,0.0,warning
SNS-zone_09-01,zone_09,2026-01-23T00:00:00Z,9.82,0.01,30.03,100.32,0.0,safe
SNS-zone_10-01,zone_10,2026-01-23T00:00:00Z,46.96,0.134,64.8,397.8,0.0,warning
SNS-zone_11-01,zone_11,2026-01-23T00:00:00Z,105.18,0.305,96.59,856.64,0.0,evacuation
SNS-zone_12-01,zone_12,2026-01-23T00:00:00Z,107.06,0.347,76.96,841.18,0.0,evacuation
SNS-zone_13-01,zone_13,2026-01-23T00:00:00Z,12.63,0.017,43.8,116.88,0.0,safe
SNS-zone_14-01,zone_14,2026-01-23T00:00:00Z,25.86,0.034,35.26,140.55,0.0,safe
SNS-zone_15-01,zone_15,2026-01-23T00:00:00Z,19.1,0.028,38.88,129.76,0.0,safe
SNS-zone_16-01,zone_16,2026-01-23T00:00:00Z,24.97,0.04,28.21,127.82,0.0,safe
SNS-zone_01-01,zone_01,2026-01-24T00:00:00Z,18.34,0.026,40.16,125.56,0.0,safe
SNS-zone_02-01,zone_02,2026-01-24T00:00:00Z,31.84,0.038,30.69,147.45,0.0,safe
SNS-zone_03-01,zone_03,2026-01-24T00:00:00Z,22.14,0.02,34.53,131.72,0.0,safe
SNS-zone_04-01,zone_04,2026-01-24T00:00:00Z,36.44,0.039,38.31,166.0,0.0,safe
SNS-zone_05-01,zone_05,2026-01-24T00:00:00Z,23.83,0.031,41.05,141.27,0.0,safe
SNS-zone_06-01,zone_06,2026-01-24T00:00:00Z,58.94,0.149,56.21,428.61,0.0,warning
SNS-zone_07-01,zone_07,2026-01-24T00:00:00Z,47.41,0.127,64.68,383.16,0.0,warning
SNS-zone_08-01,zone_08,2026-01-24T00:00:00Z,53.62,0.129,67.15,428.49,0.0,warning
SNS-zone_09-01,zone_09,2026-01-24T00:00:00Z,9.1,0.018,30.54,102.2,0.0,safe
SNS-zone_10-01,zone_10,2026-01-24T00:00:00Z,49.87,0.132,64.58,408.7,0.0,warning
SNS-zone_11-01,zone_11,2026-01-24T00:00:00Z,101.91,0.324,94.76,839.75,0.0,warning
SNS-zone_12-01,zone_12,2026-01-24T00:00:00Z,106.33,0.348,82.96,834.95,0.0,evacuation
SNS-zone_13-01,zone_13,2026-01-24T00:00:00Z,9.51,0.01,42.88,123.06,0.0,safe
SNS-zone_14-01,zone_14,2026-01-24T00:00:00Z,26.97,0.032,33.55,137.91,0.0,safe
SNS-zone_15-01,zone_15,2026-01-24T00:00:00Z,14.9,0.025,35.69,121.03,0.0,safe
SNS-zone_16-01,zone_16,2026-01-24T00:00:00Z,25.43,0.04,28.26,125.57,0.0,safe
SNS-zone_01-01,zone_01,2026-01-25T00:00:00Z,21.55,0.036,38.31,127.27,0.0,safe
SNS-zone_02-01,zone_02,2026-01-25T00:00:00Z,31.94,0.043,28.09,145.97,0.0,safe
SNS-zone_03-01,zone_03,2026-01-25T00:00:00Z,19.24,0.026,32.71,119.97,0.0,safe
SNS-zone_04-01,zone_04,2026-01-25T00:00:00Z,32.94,0.045,37.86,157.73,0.0,safe
SNS-zone_05-01,zone_05,2026-01-25T00:00:00Z,26.72,0.033,39.33,151.56,0.0,safe
SNS-zone_06-01,zone_06,2026-01-25T00:00:00Z,63.7,0.151,56.9,444.07,0.0,warning
SNS-zone_07-01,zone_07,2026-01-25T00:00:00Z,51.6,0.117,64.83,401.24,0.0,warning
SNS-zone_08-01,zone_08,2026-01-25T00:00:00Z,51.55,0.129,67.84,415.52,0.0,warning
SNS-zone_09-01,zone_09,2026-01-25T00:00:00Z,12.86,0.023,28.34,115.0,0.0,safe
SNS-zone_10-01,zone_10,2026-01-25T00:00:00Z,44.67,0.127,64.9,377.01,0.0,warning
SNS-zone_11-01,zone_11,2026-01-25T00:00:00Z,104.83,0.315,95.14,859.46,0.0,evacuation
SNS-zone_12-01,zone_12,2026-01-25T00:00:00Z,103.05,0.322,84.28,835.93,0.0,evacuation
SNS-zone_13-01,zone_13,2026-01-25T00:00:00Z,12.56,0.021,43.08,121.3,0.0,safe
SNS-zone_14-01,zone_14,2026-01-25T00:00:00Z,27.86,0.04,35.71,154.94,0.0,safe
SNS-zone_15-01,zone_15,2026-01-25T00:00:00Z,15.18,0.023,36.9,118.06,0.0,safe
SNS-zone_16-01,zone_16,2026-01-25T00:00:00Z,25.95,0.034,30.35,144.8,0.0,safe
SNS-zone_01-01,zone_01,2026-01-26T00:00:00Z,18.51,0.02,38.06,123.72,0.0,safe
SNS-zone_02-01,zone_02,2026-01-26T00:00:00Z,33.96,0.041,30.02,158.99,0.0,safe
SNS-zone_03-01,zone_03,2026-01-26T00:00:00Z,20.69,0.023,34.98,125.88,0.0,safe
SNS-zone_04-01,zone_04,2026-01-26T00:00:00Z,34.9,0.043,38.53,158.95,0.0,safe
SNS-zone_05-01,zone_05,2026-01-26T00:00:00Z,26.46,0.034,39.64,143.22,0.0,safe
SNS-zone_06-01,zone_06,2026-01-26T00:00:00Z,57.87,0.151,63.42,430.04,0.0,warning
SNS-zone_07-01,zone_07,2026-01-26T00:00:00Z,48.44,0.113,66.1,393.5,0.0,warning
SNS-zone_08-01,zone_08,2026-01-26T00:00:00Z,46.09,0.125,69.82,396.44,0.0,warning
SNS-zone_09-01,zone_09,2026-01-26T00:00:00Z,11.9,0.019,29.25,110.52,0.0,safe
SNS-zone_10-01,zone_10,2026-01-26T00:00:00Z,50.73,0.122,60.84,398.31,0.0,warning
SNS-zone_11-01,zone_11,2026-01-26T00:00:00Z,107.6,0.331,91.97,860.7,0.0,evacuation
SNS-zone_12-01,zone_12,2026-01-26T00:00:00Z,109.11,0.336,81.09,864.29,0.0,evacuation
SNS-zone_13-01,zone_13,2026-01-26T00:00:00Z,13.0,0.015,43.64,117.72,0.0,safe
SNS-zone_14-01,zone_14,2026-01-26T00:00:00Z,22.37,0.036,34.55,140.79,0.0,safe
SNS-zone_15-01,zone_15,2026-01-26T00:00:00Z,11.79,0.022,38.01,113.59,0.0,safe
SNS-zone_16-01,zone_16,2026-01-26T00:00:00Z,25.94,0.032,30.13,140.01,0.0,safe
SNS-zone_01-01,zone_01,2026-01-27T00:00:00Z,19.51,0.023,39.24,125.71,0.0,safe
SNS-zone_02-01,zone_02,2026-01-27T00:00:00Z,33.37,0.038,30.17,154.91,0.0,safe
SNS-zone_03-01,zone_03,2026-01-27T00:00:00Z,18.94,0.025,32.75,126.89,0.0,safe
SNS-zone_04-01,zone_04,2026-01-27T00:00:00Z,33.83,0.046,38.81,170.0,0.0,safe
SNS-zone_05-01,zone_05,2026-01-27T00:00:00Z,26.22,0.034,39.3,147.14,0.0,safe
SNS-zone_06-01,zone_06,2026-01-27T00:00:00Z,61.67,0.151,60.35,428.81,0.0,warning
SNS-zone_07-01,zone_07,2026-01-27T00:00:00Z,51.11,0.127,67.75,391.29,0.0,warning
SNS-zone_08-01,zone_08,2026-01-27T00:00:00Z,54.19,0.133,68.33,430.17,0.0,warning
SNS-zone_09-01,zone_09,2026-01-27T00:00:00Z,13.47,0.02,29.75,114.79,0.0,safe
SNS-zone_10-01,zone_10,2026-01-27T00:00:00Z,50.23,0.124,64.17,420.95,0.0,warning
SNS-zone_11-01,zone_11,2026-01-27T00:00:00Z,110.21,0.351,89.67,879.39,0.0,evacuation
SNS-zone_12-01,zone_12,2026-01-27T00:00:00Z,111.3,0.345,81.25,874.54,0.0,evacuation
SNS-zone_13-01,zone_13,2026-01-27T00:00:00Z,11.58,0.02,41.59,109.46,0.0,safe
SNS-zone_14-01,zone_14,2026-01-27T00:00:00Z,27.3,0.041,34.13,142.52,0.0,safe
SNS-zone_15-01,zone_15,2026-01-27T00:00:00Z,14.77,0.022,36.82,117.06,0.0,safe
SNS-zone_16-01,zone_16,2026-01-27T00:00:00Z,27.29,0.035,29.61,141.04,0.0,safe
SNS-zone_01-01,zone_01,2026-01-28T00:00:00Z,22.7,0.025,37.84,136.49,0.0,safe
SNS-zone_02-01,zone_02,2026-01-28T00:00:00Z,33.31,0.044,26.77,157.17,0.0,safe
SNS-zone_03-01,zone_03,2026-01-28T00:00:00Z,23.23,0.031,33.76,138.95,0.0,safe
SNS-zone_04-01,zone_04,2026-01-28T00:00:00Z,35.19,0.048,39.53,169.9,0.0,safe
SNS-zone_05-01,zone_05,2026-01-28T00:00:00Z,29.09,0.034,38.95,147.11,0.0,safe
SNS-zone_06-01,zone_06,2026-01-28T00:00:00Z,63.69,0.143,60.21,444.92,0.0,warning
SNS-zone_07-01,zone_07,2026-01-28T00:00:00Z,46.39,0.12,67.98,394.33,0.0,warning
SNS-zone_08-01,zone_08,2026-01-28T00:00:00Z,49.03,0.141,69.85,415.53,0.0,warning
SNS-zone_09-01,zone_09,2026-01-28T00:00:00Z,11.72,0.027,28.26,97.19,0.0,safe
SNS-zone_10-01,zone_10,2026-01-28T00:00:00Z,50.61,0.136,66.14,402.39,0.0,warning
SNS-zone_11-01,zone_11,2026-01-28T00:00:00Z,104.34,0.301,96.56,857.22,0.0,evacuation
SNS-zone_12-01,zone_12,2026-01-28T00:00:00Z,107.85,0.301,77.88,852.17,0.0,evacuation
SNS-zone_13-01,zone_13,2026-01-28T00:00:00Z,11.6,0.027,40.69,119.83,0.0,safe
SNS-zone_14-01,zone_14,2026-01-28T00:00:00Z,29.41,0.044,34.32,152.95,0.0,safe
SNS-zone_15-01,zone_15,2026-01-28T00:00:00Z,15.99,0.027,37.51,112.18,0.0,safe
SNS-zone_16-01,zone_16,2026-01-28T00:00:00Z,28.67,0.04,28.19,137.95,0.0,safe
SNS-zone_01-01,zone_01,2026-01-29T00:00:00Z,18.82,0.027,37.95,115.87,0.0,safe
SNS-zone_02-01,zone_02,2026-01-29T00:00:00Z,36.05,0.044,30.86,160.61,0.0,safe
SNS-zone_03-01,zone_03,2026-01-29T00:00:00Z,18.65,0.025,32.92,129.86,0.0,safe
SNS-zone_04-01,zone_04,2026-01-29T00:00:00Z,33.58,0.042,38.07,159.71,0.0,safe
SNS-zone_05-01,zone_05,2026-01-29T00:00:00Z,24.47,0.035,42.81,139.88,0.0,safe
SNS-zone_06-01,zone_06,2026-01-29T00:00:00Z,59.83,0.153,58.33,420.27,0.0,warning
SNS-zone_07-01,zone_07,2026-01-29T00:00:00Z,43.31,0.102,62.97,391.56,0.0,safe
SNS-zone_08-01,zone_08,2026-01-29T00:00:00Z,51.08,0.118,69.7,410.97,0.0,warning
SNS-zone_09-01,zone_09,2026-01-29T00:00:00Z,11.81,0.016,28.44,101.55,0.0,safe
SNS-zone_10-01,zone_10,2026-01-29T00:00:00Z,49.81,0.123,64.56,405.54,0.0,warning
SNS-zone_11-01,zone_11,2026-01-29T00:00:00Z,106.38,0.315,101.19,889.99,0.0,evacuation
SNS-zone_12-01,zone_12,2026-01-29T00:00:00Z,105.58,0.317,82.59,840.05,0.0,evacuation
SNS-zone_13-01,zone_13,2026-01-29T00:00:00Z,10.14,0.02,42.46,116.61,0.0,safe
SNS-zone_14-01,zone_14,2026-01-29T00:00:00Z,26.26,0.037,34.38,137.31,0.0,safe
SNS-zone_15-01,zone_15,2026-01-29T00:00:00Z,19.59,0.024,37.16,124.31,0.0,safe
SNS-zone_16-01,zone_16,2026-01-29T00:00:00Z,23.09,0.032,30.08,137.13,0.0,safe
SNS-zone_01-01,zone_01,2026-01-30T00:00:00Z,20.76,0.034,37.97,142.88,0.0,safe
SNS-zone_02-01,zone_02,2026-01-30T00:00:00Z,32.94,0.045,28.96,154.52,0.0,safe
SNS-zone_03-01,zone_03,2026-01-30T00:00:00Z,19.47,0.022,33.2,123.51,0.0,safe
SNS-zone_04-01,zone_04,2026-01-30T00:00:00Z,34.3,0.033,35.99,166.93,0.0,safe
SNS-zone_05-01,zone_05,2026-01-30T00:00:00Z,26.08,0.028,36.98,155.08,0.0,safe
SNS-zone_06-01,zone_06,2026-01-30T00:00:00Z,68.7,0.16,58.94,450.52,0.0,warning
SNS-zone_07-01,zone_07,2026-01-30T00:00:00Z,49.79,0.121,65.43,392.87,0.0,warning
SNS-zone_08-01,zone_08,2026-01-30T00:00:00Z,48.02,0.116,68.07,396.62,0.0,warning
SNS-zone_09-01,zone_09,2026-01-30T00:00:00Z,11.68,0.021,27.73,106.8,0.0,safe
SNS-zone_10-01,zone_10,2026-01-30T00:00:00Z,51.62,0.13,62.06,403.43,0.0,warning
SNS-zone_11-01,zone_11,2026-01-30T00:00:00Z,112.41,0.335,95.83,891.81,0.0,evacuation
SNS-zone_12-01,zone_12,2026-01-30T00:00:00Z,111.01,0.355,81.59,857.38,0.0,evacuation
SNS-zone_13-01,zone_13,2026-01-30T00:00:00Z,12.38,0.021,39.78,126.29,0.0,safe
SNS-zone_14-01,zone_14,2026-01-30T00:00:00Z,30.25,0.041,36.01,154.97,0.0,safe
SNS-zone_15-01,zone_15,2026-01-30T00:00:00Z,16.56,0.022,37.26,113.93,0.0,safe
SNS-zone_16-01,zone_16,2026-01-30T00:00:00Z,25.31,0.026,31.47,140.67,0.0,safe
SNS-zone_01-01,zone_01,2026-01-31T00:00:00Z,17.15,0.026,37.93,138.52,0.0,safe
SNS-zone_02-01,zone_02,2026-01-31T00:00:00Z,32.68,0.042,29.53,151.42,0.0,safe
SNS-zone_03-01,zone_03,2026-01-31T00:00:00Z,19.24,0.026,33.53,128.36,0.0,safe
SNS-zone_04-01,zone_04,2026-01-31T00:00:00Z,36.83,0.046,39.38,168.1,0.0,safe
SNS-zone_05-01,zone_05,2026-01-31T00:00:00Z,23.55,0.036,37.09,143.39,0.0,safe
SNS-zone_06-01,zone_06,2026-01-31T00:00:00Z,60.59,0.155,58.93,425.8,0.0,warning
SNS-zone_07-01,zone_07,2026-01-31T00:00:00Z,48.91,0.136,67.17,399.33,0.0,warning
SNS-zone_08-01,zone_08,2026-01-31T00:00:00Z,50.74,0.125,66.68,410.96,0.0,warning
SNS-zone_09-01,zone_09,2026-01-31T00:00:00Z,10.57,0.026,28.88,104.61,0.0,safe
SNS-zone_10-01,zone_10,2026-01-31T00:00:00Z,50.39,0.139,64.05,392.92,0.0,warning
SNS-zone_11-01,zone_11,2026-01-31T00:00:00Z,100.16,0.322,92.99,838.28,0.0,warning
SNS-zone_12-01,zone_12,2026-01-31T00:00:00Z,109.12,0.342,79.94,852.4,0.0,evacuation
SNS-zone_13-01,zone_13,2026-01-31T00:00:00Z,11.64,0.024,39.46,109.0,0.0,safe
SNS-zone_14-01,zone_14,2026-01-31T00:00:00Z,26.54,0.035,34.37,140.85,0.0,safe
SNS-zone_15-01,zone_15,2026-01-31T00:00:00Z,13.83,0.021,38.21,125.5,0.0,safe
SNS-zone_16-01,zone_16,2026-01-31T00:00:00Z,23.13,0.033,29.27,128.27,0.0,safe
SNS-zone_01-01,zone_01,2026-02-01T00:00:00Z,19.32,0.027,38.26,131.75,0.0,safe
SNS-zone_02-01,zone_02,2026-02-01T00:00:00Z,28.98,0.032,27.97,138.98,0.0,safe
SNS-zone_03-01,zone_03,2026-02-01T00:00:00Z,17.61,0.019,34.61,131.91,0.0,safe
SNS-zone_04-01,zone_04,2026-02-01T00:00:00Z,37.04,0.038,37.54,173.95,0.0,safe
SNS-zone_05-01,zone_05,2026-02-01T00:00:00Z,27.91,0.043,38.86,157.22,0.0,safe
SNS-zone_06-01,zone_06,2026-02-01T00:00:00Z,60.2,0.142,58.95,417.79,0.0,warning
SNS-zone_07-01,zone_07,2026-02-01T00:00:00Z,48.25,0.122,67.16,395.2,0.0,warning
SNS-zone_08-01,zone_08,2026-02-01T00:00:00Z,50.29,0.131,69.44,404.78,0.0,warning
SNS-zone_09-01,zone_09,2026-02-01T00:00:00Z,12.86,0.016,29.31,109.07,0.0,safe
SNS-zone_10-01,zone_10,2026-02-01T00:00:00Z,49.22,0.129,63.76,404.15,0.0,warning
SNS-zone_11-01,zone_11,2026-02-01T00:00:00Z,106.0,0.336,93.25,868.86,0.0,evacuation
SNS-zone_12-01,zone_12,2026-02-01T00:00:00Z,108.78,0.32,81.97,823.66,0.0,evacuation
SNS-zone_13-01,zone_13,2026-02-01T00:00:00Z,11.24,0.019,42.0,115.07,0.0,safe
SNS-zone_14-01,zone_14,2026-02-01T00:00:00Z,24.75,0.031,35.14,139.91,0.0,safe
SNS-zone_15-01,zone_15,2026-02-01T00:00:00Z,16.95,0.027,36.43,131.75,0.0,safe
SNS-zone_16-01,zone_16,2026-02-01T00:00:00Z,27.4,0.039,29.14,135.14,0.0,safe
SNS-zone_01-01,zone_01,2026-02-02T00:00:00Z,18.27,0.025,37.56,127.59,0.0,safe
SNS-zone_02-01,zone_02,2026-02-02T00:00:00Z,33.28,0.046,29.09,150.04,0.0,safe
SNS-zone_03-01,zone_03,2026-02-02T00:00:00Z,20.31,0.03,33.67,124.38,0.0,safe
SNS-zone_04-01,zone_04,2026-02-02T00:00:00Z,34.17,0.038,38.24,163.84,0.0,safe
SNS-zone_05-01,zone_05,2026-02-02T00:00:00Z,21.94,0.028,39.18,133.35,0.0,safe
SNS-zone_06-01,zone_06,2026-02-02T00:00:00Z,65.17,0.151,58.87,428.28,0.0,warning
SNS-zone_07-01,zone_07,2026-02-02T00:00:00Z,47.1,0.111,65.5,404.56,0.0,warning
SNS-zone_08-01,zone_08,2026-02-02T00:00:00Z,51.65,0.119,71.05,414.08,0.0,warning
SNS-zone_09-01,zone_09,2026-02-02T00:00:00Z,12.15,0.023,27.21,103.89,0.0,safe
SNS-zone_10-01,zone_10,2026-02-02T00:00:00Z,51.07,0.141,64.93,413.14,0.0,warning
SNS-zone_11-01,zone_11,2026-02-02T00:00:00Z,107.13,0.316,89.19,889.37,0.0,evacuation
SNS-zone_12-01,zone_12,2026-02-02T00:00:00Z,100.73,0.313,83.0,817.66,0.0,warning
SNS-zone_13-01,zone_13,2026-02-02T00:00:00Z,10.04,0.024,41.38,106.53,0.0,safe
SNS-zone_14-01,zone_14,2026-02-02T00:00:00Z,27.61,0.037,34.48,146.09,0.0,safe
SNS-zone_15-01,zone_15,2026-02-02T00:00:00Z,19.08,0.031,39.02,126.39,0.0,safe
SNS-zone_16-01,zone_16,2026-02-02T00:00:00Z,27.7,0.027,31.44,140.66,0.0,safe
SNS-zone_01-01,zone_01,2026-02-03T00:00:00Z,19.58,0.034,37.39,129.19,0.0,safe
SNS-zone_02-01,zone_02,2026-02-03T00:00:00Z,34.18,0.037,30.09,158.4,0.0,safe
SNS-zone_03-01,zone_03,2026-02-03T00:00:00Z,14.93,0.014,34.68,120.04,0.0,safe
SNS-zone_04-01,zone_04,2026-02-03T00:00:00Z,36.66,0.038,39.64,166.6,0.0,safe
SNS-zone_05-01,zone_05,2026-02-03T00:00:00Z,26.17,0.039,39.16,152.33,0.0,safe
SNS-zone_06-01,zone_06,2026-02-03T00:00:00Z,57.6,0.136,59.0,411.31,0.0,warning
SNS-zone_07-01,zone_07,2026-02-03T00:00:00Z,48.03,0.12,62.3,391.53,0.0,warning
SNS-zone_08-01,zone_08,2026-02-03T00:00:00Z,51.4,0.117,67.12,408.07,0.0,warning
SNS-zone_09-01,zone_09,2026-02-03T00:00:00Z,12.7,0.022,30.47,114.7,0.0,safe
SNS-zone_10-01,zone_10,2026-02-03T00:00:00Z,49.32,0.141,65.14,393.8,0.0,warning
SNS-zone_11-01,zone_11,2026-02-03T00:00:00Z,112.7,0.342,93.12,902.35,0.0,evacuation
SNS-zone_12-01,zone_12,2026-02-03T00:00:00Z,104.8,0.337,79.89,838.26,0.0,evacuation
SNS-zone_13-01,zone_13,2026-02-03T00:00:00Z,11.92,0.022,40.91,118.55,0.0,safe
SNS-zone_14-01,zone_14,2026-02-03T00:00:00Z,26.3,0.033,33.19,143.7,0.0,safe
SNS-zone_15-01,zone_15,2026-02-03T00:00:00Z,16.58,0.03,35.68,121.79,0.0,safe
SNS-zone_16-01,zone_16,2026-02-03T00:00:00Z,25.42,0.031,30.56,131.6,0.0,safe
SNS-zone_01-01,zone_01,2026-02-04T00:00:00Z,21.55,0.021,35.07,138.7,0.0,safe
SNS-zone_02-01,zone_02,2026-02-04T00:00:00Z,33.43,0.036,30.95,157.84,0.0,safe
SNS-zone_03-01,zone_03,2026-02-04T00:00:00Z,22.62,0.026,31.98,128.84,0.0,safe
SNS-zone_04-01,zone_04,2026-02-04T00:00:00Z,35.45,0.048,37.08,166.27,0.0,safe
SNS-zone_05-01,zone_05,2026-02-04T00:00:00Z,28.74,0.037,39.27,154.29,0.0,safe
SNS-zone_06-01,zone_06,2026-02-04T00:00:00Z,62.66,0.145,57.31,428.67,0.0,warning
SNS-zone_07-01,zone_07,2026-02-04T00:00:00Z,47.63,0.13,61.8,393.27,0.0,warning
SNS-zone_08-01,zone_08,2026-02-04T00:00:00Z,54.45,0.129,65.98,429.71,0.0,warning
SNS-zone_09-01,zone_09,2026-02-04T00:00:00Z,11.13,0.026,27.49,97.95,0.0,safe
SNS-zone_10-01,zone_10,2026-02-04T00:00:00Z,48.54,0.129,63.12,384.08,0.0,warning
SNS-zone_11-01,zone_11,2026-02-04T00:00:00Z,106.88,0.33,93.85,858.08,0.0,evacuation
SNS-zone_12-01,zone_12,2026-02-04T00:00:00Z,105.16,0.297,79.56,827.11,0.0,evacuation
SNS-zone_13-01,zone_13,2026-02-04T00:00:00Z,8.23,0.019,39.97,105.13,0.0,safe
SNS-zone_14-01,zone_14,2026-02-04T00:00:00Z,20.88,0.032,37.44,137.28,0.0,safe
SNS-zone_15-01,zone_15,2026-02-04T00:00:00Z,16.87,0.027,38.91,127.51,0.0,safe
SNS-zone_16-01,zone_16,2026-02-04T00:00:00Z,23.4,0.032,31.59,135.41,0.0,safe
SNS-zone_01-01,zone_01,2026-02-05T00:00:00Z,18.62,0.024,37.84,121.76,0.0,safe
SNS-zone_02-01,zone_02,2026-02-05T00:00:00Z,35.21,0.039,27.84,157.19,0.0,safe
SNS-zone_03-01,zone_03,2026-02-05T00:00:00Z,23.5,0.027,32.91,125.45,0.0,safe
SNS-zone_04-01,zone_04,2026-02-05T00:00:00Z,36.52,0.038,38.49,170.47,0.0,safe
SNS-zone_05-01,zone_05,2026-02-05T00:00:00Z,26.69,0.029,40.56,159.57,0.0,safe
SNS-zone_06-01,zone_06,2026-02-05T00:00:00Z,66.49,0.14,59.51,456.65,0.0,warning
SNS-zone_07-01,zone_07,2026-02-05T00:00:00Z,47.24,0.113,65.11,406.34,0.0,warning
SNS-zone_08-01,zone_08,2026-02-05T00:00:00Z,47.87,0.127,68.72,414.6,0.0,warning
SNS-zone_09-01,zone_09,2026-02-05T00:00:00Z,12.29,0.013,29.41,112.62,0.0,safe
SNS-zone_10-01,zone_10,2026-02-05T00:00:00Z,45.94,0.118,63.81,395.21,0.0,warning
SNS-zone_11-01,zone_11,2026-02-05T00:00:00Z,107.23,0.317,92.64,857.43,0.0,evacuation
SNS-zone_12-01,zone_12,2026-02-05T00:00:00Z,109.7,0.329,82.31,870.92,0.0,evacuation
SNS-zone_13-01,zone_13,2026-02-05T00:00:00Z,10.87,0.013,40.5,125.05,0.0,safe
SNS-zone_14-01,zone_14,2026-02-05T00:00:00Z,25.81,0.037,35.58,145.11,0.0,safe
SNS-zone_15-01,zone_15,2026-02-05T00:00:00Z,15.61,0.031,37.58,129.13,0.0,safe
SNS-zone_16-01,zone_16,2026-02-05T00:00:00Z,26.96,0.034,29.44,146.92,0.0,safe
SNS-zone_01-01,zone_01,2026-02-06T00:00:00Z,22.87,0.036,36.92,141.9,0.0,safe
SNS-zone_02-01,zone_02,2026-02-06T00:00:00Z,35.83,0.049,28.66,151.53,0.0,safe
SNS-zone_03-01,zone_03,2026-02-06T00:00:00Z,23.08,0.026,34.94,135.2,0.0,safe
SNS-zone_04-01,zone_04,2026-02-06T00:00:00Z,36.7,0.046,37.3,167.79,0.0,safe
SNS-zone_05-01,zone_05,2026-02-06T00:00:00Z,26.29,0.039,38.85,148.9,0.0,safe
SNS-zone_06-01,zone_06,2026-02-06T00:00:00Z,61.74,0.145,59.78,431.82,0.0,warning
SNS-zone_07-01,zone_07,2026-02-06T00:00:00Z,43.4,0.108,65.95,380.55,0.0,safe
SNS-zone_08-01,zone_08,2026-02-06T00:00:00Z,46.53,0.122,69.22,405.68,0.0,warning
SNS-zone_09-01,zone_09,2026-02-06T00:00:00Z,8.62,0.017,29.17,98.1,0.0,safe
SNS-zone_10-01,zone_10,2026-02-06T00:00:00Z,48.3,0.119,68.39,400.67,0.0,warning
SNS-zone_11-01,zone_11,2026-02-06T00:00:00Z,112.05,0.342,93.23,887.68,0.0,evacuation
SNS-zone_12-01,zone_12,2026-02-06T00:00:00Z,106.97,0.334,78.83,851.83,0.0,evacuation
SNS-zone_13-01,zone_13,2026-02-06T00:00:00Z,15.37,0.021,40.47,124.07,0.0,safe
SNS-zone_14-01,zone_14,2026-02-06T00:00:00Z,26.05,0.03,34.06,140.46,0.0,safe
SNS-zone_15-01,zone_15,2026-02-06T00:00:00Z,16.2,0.018,37.34,123.39,0.0,safe
SNS-zone_16-01,zone_16,2026-02-06T00:00:00Z,26.92,0.034,29.57,143.38,0.0,safe
SNS-zone_01-01,zone_01,2026-02-07T00:00:00Z,17.11,0.028,39.11,124.12,0.0,safe
SNS-zone_02-01,zone_02,2026-02-07T00:00:00Z,34.85,0.044,28.62,153.66,0.0,safe
SNS-zone_03-01,zone_03,2026-02-07T00:00:00Z,22.55,0.027,35.66,138.67,0.0,safe
SNS-zone_04-01,zone_04,2026-02-07T00:00:00Z,32.52,0.041,37.16,158.09,0.0,safe
SNS-zone_05-01,zone_05,2026-02-07T00:00:00Z,23.7,0.035,39.44,145.8,0.0,safe
SNS-zone_06-01,zone_06,2026-02-07T00:00:00Z,62.56,0.142,58.95,427.18,0.0,warning
SNS-zone_07-01,zone_07,2026-02-07T00:00:00Z,47.41,0.115,66.39,398.96,0.0,warning
SNS-zone_08-01,zone_08,2026-02-07T00:00:00Z,53.1,0.129,69.05,418.97,0.0,warning
SNS-zone_09-01,zone_09,2026-02-07T00:00:00Z,11.7,0.018,29.25,111.72,0.0,safe
SNS-zone_10-01,zone_10,2026-02-07T00:00:00Z,48.79,0.132,65.85,396.42,0.0,warning
SNS-zone_11-01,zone_11,2026-02-07T00:00:00Z,106.44,0.33,95.22,890.05,0.0,evacuation
SNS-zone_12-01,zone_12,2026-02-07T00:00:00Z,110.34,0.339,82.68,853.04,0.0,evacuation
SNS-zone_13-01,zone_13,2026-02-07T00:00:00Z,11.69,0.021,42.78,116.76,0.0,safe
SNS-zone_14-01,zone_14,2026-02-07T00:00:00Z,24.33,0.03,35.79,131.82,0.0,safe
SNS-zone_15-01,zone_15,2026-02-07T00:00:00Z,18.93,0.036,37.1,124.99,0.0,safe
SNS-zone_16-01,zone_16,2026-02-07T00:00:00Z,21.24,0.025,29.5,122.33,0.0,safe
SNS-zone_01-01,zone_01,2026-02-08T00:00:00Z,20.79,0.028,36.78,131.32,0.0,safe
SNS-zone_02-01,zone_02,2026-02-08T00:00:00Z,33.25,0.036,29.05,152.41,0.0,safe
SNS-zone_03-01,zone_03,2026-02-08T00:00:00Z,19.04,0.033,33.08,126.63,0.0,safe
SNS-zone_04-01,zone_04,2026-02-08T00:00:00Z,34.11,0.046,36.75,157.1,0.0,safe
SNS-zone_05-01,zone_05,2026-02-08T00:00:00Z,26.54,0.032,37.14,137.58,0.0,safe
SNS-zone_06-01,zone_06,2026-02-08T00:00:00Z,62.77,0.156,57.93,435.86,0.0,warning
SNS-zone_07-01,zone_07,2026-02-08T00:00:00Z,45.67,0.113,64.45,394.72,0.0,warning
SNS-zone_08-01,zone_08,2026-02-08T00:00:00Z,50.66,0.122,68.92,404.46,0.0,warning
SNS-zone_09-01,zone_09,2026-02-08T00:00:00Z,11.57,0.017,29.31,96.59,0.0,safe
SNS-zone_10-01,zone_10,2026-02-08T00:00:00Z,51.29,0.135,61.06,417.24,0.0,warning
SNS-zone_11-01,zone_11,2026-02-08T00:00:00Z,104.66,0.328,95.09,866.32,0.0,evacuation
SNS-zone_12-01,zone_12,2026-02-08T00:00:00Z,106.33,0.322,86.04,836.4,0.0,evacuation
SNS-zone_13-01,zone_13,2026-02-08T00:00:00Z,9.55,0.015,40.58,111.02,0.0,safe
SNS-zone_14-01,zone_14,2026-02-08T00:00:00Z,27.51,0.041,33.98,145.27,0.0,safe
SNS-zone_15-01,zone_15,2026-02-08T00:00:00Z,16.53,0.021,38.91,128.09,0.0,safe
SNS-zone_16-01,zone_16,2026-02-08T00:00:00Z,25.19,0.033,30.69,134.68,0.0,safe
SNS-zone_01-01,zone_01,2026-02-09T00:00:00Z,20.25,0.033,39.1,131.85,0.0,safe
SNS-zone_02-01,zone_02,2026-02-09T00:00:00Z,32.55,0.036,30.59,151.06,0.0,safe
SNS-zone_03-01,zone_03,2026-02-09T00:00:00Z,17.21,0.027,34.2,128.94,0.0,safe
SNS-zone_04-01,zone_04,2026-02-09T00:00:00Z,37.49,0.044,37.18,177.3,0.0,safe
SNS-zone_05-01,zone_05,2026-02-09T00:00:00Z,28.17,0.031,38.39,150.94,0.0,safe
SNS-zone_06-01,zone_06,2026-02-09T00:00:00Z,62.89,0.159,57.85,439.01,0.0,warning
SNS-zone_07-01,zone_07,2026-02-09T00:00:00Z,43.39,0.131,67.38,382.63,0.0,safe
SNS-zone_08-01,zone_08,2026-02-09T00:00:00Z,49.54,0.129,64.85,411.83,0.0,warning
SNS-zone_09-01,zone_09,2026-02-09T00:00:00Z,13.47,0.018,28.28,110.23,0.0,safe
SNS-zone_10-01,zone_10,2026-02-09T00:00:00Z,51.9,0.141,64.69,423.1,0.0,warning
SNS-zone_11-01,zone_11,2026-02-09T00:00:00Z,105.43,0.331,93.2,852.49,0.0,evacuation
SNS-zone_12-01,zone_12,2026-02-09T00:00:00Z,108.01,0.338,79.61,836.61,0.0,evacuation
SNS-zone_13-01,zone_13,2026-02-09T00:00:00Z,12.29,0.026,41.39,122.69,0.0,safe
SNS-zone_14-01,zone_14,2026-02-09T00:00:00Z,27.2,0.036,34.13,158.18,0.0,safe
SNS-zone_15-01,zone_15,2026-02-09T00:00:00Z,18.61,0.031,37.19,125.06,0.0,safe
SNS-zone_16-01,zone_16,2026-02-09T00:00:00Z,28.78,0.043,28.82,148.63,0.0,safe
SNS-zone_01-01,zone_01,2026-02-10T00:00:00Z,20.6,0.028,36.95,135.23,0.0,safe
SNS-zone_02-01,zone_02,2026-02-10T00:00:00Z,33.19,0.044,26.63,161.72,0.0,safe
SNS-zone_03-01,zone_03,2026-02-10T00:00:00Z,22.3,0.03,33.97,127.46,0.0,safe
SNS-zone_04-01,zone_04,2026-02-10T00:00:00Z,30.41,0.032,36.33,145.87,0.0,safe
SNS-zone_05-01,zone_05,2026-02-10T00:00:00Z,23.68,0.028,40.53,144.27,0.0,safe
SNS-zone_06-01,zone_06,2026-02-10T00:00:00Z,61.63,0.139,58.64,430.32,0.0,warning
SNS-zone_07-01,zone_07,2026-02-10T00:00:00Z,44.29,0.115,64.2,389.23,0.0,safe
SNS-zone_08-01,zone_08,2026-02-10T00:00:00Z,52.83,0.134,66.56,407.78,0.0,warning
SNS-zone_09-01,zone_09,2026-02-10T00:00:00Z,15.28,0.023,28.29,112.46,0.0,safe
SNS-zone_10-01,zone_10,2026-02-10T00:00:00Z,51.98,0.138,64.34,402.11,0.0,warning
SNS-zone_11-01,zone_11,2026-02-10T00:00:00Z,106.56,0.33,94.91,871.04,0.0,evacuation
SNS-zone_12-01,zone_12,2026-02-10T00:00:00Z,100.57,0.315,80.12,822.17,0.0,warning
SNS-zone_13-01,zone_13,2026-02-10T00:00:00Z,12.58,0.023,40.89,121.03,0.0,safe
SNS-zone_14-01,zone_14,2026-02-10T00:00:00Z,26.84,0.037,35.97,137.91,0.0,safe
SNS-zone_15-01,zone_15,2026-02-10T00:00:00Z,13.33,0.022,35.85,124.69,0.0,safe
SNS-zone_16-01,zone_16,2026-02-10T00:00:00Z,25.61,0.031,30.69,145.11,0.0,safe
SNS-zone_01-01,zone_01,2026-02-11T00:00:00Z,16.86,0.025,38.64,130.35,0.0,safe
SNS-zone_02-01,zone_02,2026-02-11T00:00:00Z,33.05,0.042,29.68,152.5,0.0,safe
SNS-zone_03-01,zone_03,2026-02-11T00:00:00Z,16.23,0.035,32.51,119.94,0.0,safe
SNS-zone_04-01,zone_04,2026-02-11T00:00:00Z,34.82,0.033,39.19,167.73,0.0,safe
SNS-zone_05-01,zone_05,2026-02-11T00:00:00Z,27.56,0.041,39.03,152.26,0.0,safe
SNS-zone_06-01,zone_06,2026-02-11T00:00:00Z,64.04,0.15,58.39,440.37,0.0,warning
SNS-zone_07-01,zone_07,2026-02-11T00:00:00Z,44.84,0.118,63.48,410.22,0.0,safe
SNS-zone_08-01,zone_08,2026-02-11T00:00:00Z,52.76,0.126,67.19,402.46,0.0,warning
SNS-zone_09-01,zone_09,2026-02-11T00:00:00Z,12.77,0.024,29.05,104.87,0.0,safe
SNS-zone_10-01,zone_10,2026-02-11T00:00:00Z,48.81,0.13,61.74,372.26,0.0,warning
SNS-zone_11-01,zone_11,2026-02-11T00:00:00Z,106.35,0.362,93.58,864.72,0.0,evacuation
SNS-zone_12-01,zone_12,2026-02-11T00:00:00Z,104.94,0.331,83.25,831.91,0.0,evacuation
SNS-zone_13-01,zone_13,2026-02-11T00:00:00Z,9.53,0.012,40.8,114.26,0.0,safe
SNS-zone_14-01,zone_14,2026-02-11T00:00:00Z,24.93,0.036,35.3,135.74,0.0,safe
SNS-zone_15-01,zone_15,2026-02-11T00:00:00Z,18.45,0.031,36.86,133.69,0.0,safe
SNS-zone_16-01,zone_16,2026-02-11T00:00:00Z,24.47,0.029,28.82,135.27,0.0,safe
SNS-zone_01-01,zone_01,2026-02-12T00:00:00Z,21.46,0.024,37.62,131.31,0.0,safe
SNS-zone_02-01,zone_02,2026-02-12T00:00:00Z,35.81,0.046,28.28,160.63,0.0,safe
SNS-zone_03-01,zone_03,2026-02-12T00:00:00Z,19.3,0.028,30.94,126.6,0.0,safe
SNS-zone_04-01,zone_04,2026-02-12T00:00:00Z,36.36,0.043,36.1,167.52,0.0,safe
SNS-zone_05-01,zone_05,2026-02-12T00:00:00Z,27.16,0.036,39.37,146.94,0.0,safe
SNS-zone_06-01,zone_06,2026-02-12T00:00:00Z,60.12,0.145,59.13,430.84,0.0,warning
SNS-zone_07-01,zone_07,2026-02-12T00:00:00Z,51.31,0.124,61.52,408.53,0.0,warning
SNS-zone_08-01,zone_08,2026-02-12T00:00:00Z,50.16,0.125,64.56,414.08,0.0,warning
SNS-zone_09-01,zone_09,2026-02-12T00:00:00Z,12.68,0.024,28.07,106.82,0.0,safe
SNS-zone_10-01,zone_10,2026-02-12T00:00:00Z,52.5,0.141,62.39,411.23,0.0,warning
SNS-zone_11-01,zone_11,2026-02-12T00:00:00Z,108.9,0.334,94.12,880.86,0.0,evacuation
SNS-zone_12-01,zone_12,2026-02-12T00:00:00Z,107.0,0.328,85.75,858.87,0.0,evacuation
SNS-zone_13-01,zone_13,2026-02-12T00:00:00Z,6.47,0.012,41.05,98.61,0.0,safe
SNS-zone_14-01,zone_14,2026-02-12T00:00:00Z,29.72,0.032,33.77,149.73,0.0,safe
SNS-zone_15-01,zone_15,2026-02-12T00:00:00Z,15.16,0.027,36.82,121.72,0.0,safe
SNS-zone_16-01,zone_16,2026-02-12T00:00:00Z,22.47,0.025,29.68,131.52,0.0,safe
SNS-zone_01-01,zone_01,2026-02-13T00:00:00Z,20.58,0.036,36.38,125.24,0.0,safe
SNS-zone_02-01,zone_02,2026-02-13T00:00:00Z,33.62,0.043,30.23,157.55,0.0,safe
SNS-zone_03-01,zone_03,2026-02-13T00:00:00Z,16.77,0.022,33.01,121.06,0.0,safe
SNS-zone_04-01,zone_04,2026-02-13T00:00:00Z,37.86,0.045,38.22,170.39,0.0,safe
SNS-zone_05-01,zone_05,2026-02-13T00:00:00Z,26.35,0.035,40.0,138.95,0.0,safe
SNS-zone_06-01,zone_06,2026-02-13T00:00:00Z,61.28,0.144,58.25,426.79,0.0,warning
SNS-zone_07-01,zone_07,2026-02-13T00:00:00Z,49.26,0.112,63.31,398.25,0.0,warning
SNS-zone_08-01,zone_08,2026-02-13T00:00:00Z,52.99,0.133,66.59,423.5,0.0,warning
SNS-zone_09-01,zone_09,2026-02-13T00:00:00Z,9.6,0.018,27.55,103.4,0.0,safe
SNS-zone_10-01,zone_10,2026-02-13T00:00:00Z,52.32,0.138,61.59,423.42,0.0,warning
SNS-zone_11-01,zone_11,2026-02-13T00:00:00Z,106.1,0.325,96.57,881.24,0.0,evacuation
SNS-zone_12-01,zone_12,2026-02-13T00:00:00Z,109.88,0.349,78.1,863.18,0.0,evacuation
SNS-zone_13-01,zone_13,2026-02-13T00:00:00Z,12.96,0.025,42.69,118.43,0.0,safe
SNS-zone_14-01,zone_14,2026-02-13T00:00:00Z,24.9,0.029,34.32,151.15,0.0,safe
SNS-zone_15-01,zone_15,2026-02-13T00:00:00Z,16.07,0.03,36.89,123.59,0.0,safe
SNS-zone_16-01,zone_16,2026-02-13T00:00:00Z,28.11,0.037,28.75,146.49,0.0,safe
SNS-zone_01-01,zone_01,2026-02-14T00:00:00Z,22.76,0.03,35.75,136.87,0.0,safe
SNS-zone_02-01,zone_02,2026-02-14T00:00:00Z,32.43,0.046,29.28,151.13,0.0,safe
SNS-zone_03-01,zone_03,2026-02-14T00:00:00Z,21.75,0.03,30.52,133.16,0.0,safe
SNS-zone_04-01,zone_04,2026-02-14T00:00:00Z,39.37,0.049,37.77,163.88,0.0,safe
SNS-zone_05-01,zone_05,2026-02-14T00:00:00Z,25.19,0.039,39.91,138.9,0.0,safe
SNS-zone_06-01,zone_06,2026-02-14T00:00:00Z,61.19,0.159,59.93,441.99,0.0,warning
SNS-zone_07-01,zone_07,2026-02-14T00:00:00Z,46.49,0.133,68.2,410.8,0.0,warning
SNS-zone_08-01,zone_08,2026-02-14T00:00:00Z,48.12,0.142,68.74,415.13,0.0,warning
SNS-zone_09-01,zone_09,2026-02-14T00:00:00Z,10.63,0.017,28.8,106.68,0.0,safe
SNS-zone_10-01,zone_10,2026-02-14T00:00:00Z,50.15,0.135,64.97,400.68,0.0,warning
SNS-zone_11-01,zone_11,2026-02-14T00:00:00Z,108.08,0.341,90.94,853.66,0.0,evacuation
SNS-zone_12-01,zone_12,2026-02-14T00:00:00Z,108.78,0.356,81.5,864.39,0.0,evacuation
SNS-zone_13-01,zone_13,2026-02-14T00:00:00Z,11.26,0.019,42.44,110.29,0.0,safe
SNS-zone_14-01,zone_14,2026-02-14T00:00:00Z,24.38,0.03,34.79,140.92,0.0,safe
SNS-zone_15-01,zone_15,2026-02-14T00:00:00Z,12.72,0.018,38.41,115.32,0.0,safe
SNS-zone_16-01,zone_16,2026-02-14T00:00:00Z,24.61,0.031,30.2,130.48,0.0,safe
SNS-zone_01-01,zone_01,2026-02-15T00:00:00Z,20.16,0.033,37.59,131.76,0.0,safe
SNS-zone_02-01,zone_02,2026-02-15T00:00:00Z,30.64,0.038,28.21,146.45,0.0,safe
SNS-zone_03-01,zone_03,2026-02-15T00:00:00Z,21.51,0.033,33.42,131.87,0.0,safe
SNS-zone_04-01,zone_04,2026-02-15T00:00:00Z,35.72,0.043,37.4,162.69,0.0,safe
SNS-zone_05-01,zone_05,2026-02-15T00:00:00Z,26.09,0.031,40.06,141.77,0.0,safe
SNS-zone_06-01,zone_06,2026-02-15T00:00:00Z,62.36,0.146,57.14,423.67,0.0,warning
SNS-zone_07-01,zone_07,2026-02-15T00:00:00Z,50.16,0.114,63.18,397.37,0.0,warning
SNS-zone_08-01,zone_08,2026-02-15T00:00:00Z,45.6,0.126,68.45,392.21,0.0,warning
SNS-zone_09-01,zone_09,2026-02-15T00:00:00Z,12.82,0.02,28.3,112.36,0.0,safe
SNS-zone_10-01,zone_10,2026-02-15T00:00:00Z,48.68,0.121,60.83,381.22,0.0,warning
SNS-zone_11-01,zone_11,2026-02-15T00:00:00Z,106.04,0.363,90.35,840.57,0.0,evacuation
SNS-zone_12-01,zone_12,2026-02-15T00:00:00Z,107.19,0.334,84.43,836.58,0.0,evacuation
SNS-zone_13-01,zone_13,2026-02-15T00:00:00Z,9.12,0.019,41.26,113.15,0.0,safe
SNS-zone_14-01,zone_14,2026-02-15T00:00:00Z,25.06,0.031,33.57,137.21,0.0,safe
SNS-zone_15-01,zone_15,2026-02-15T00:00:00Z,17.58,0.025,38.19,127.36,0.0,safe
SNS-zone_16-01,zone_16,2026-02-15T00:00:00Z,26.18,0.03,28.05,135.89,0.0,safe
SNS-zone_01-01,zone_01,2026-02-16T00:00:00Z,19.66,0.028,38.38,129.83,0.0,safe
SNS-zone_02-01,zone_02,2026-02-16T00:00:00Z,34.06,0.047,29.91,153.74,0.0,safe
SNS-zone_03-01,zone_03,2026-02-16T00:00:00Z,21.99,0.031,32.79,132.76,0.0,safe
SNS-zone_04-01,zone_04,2026-02-16T00:00:00Z,40.81,0.044,38.39,182.21,0.0,safe
SNS-zone_05-01,zone_05,2026-02-16T00:00:00Z,26.82,0.037,41.04,147.29,0.0,safe
SNS-zone_06-01,zone_06,2026-02-16T00:00:00Z,61.41,0.152,62.35,435.89,0.0,warning
SNS-zone_07-01,zone_07,2026-02-16T00:00:00Z,48.57,0.123,64.22,395.78,0.0,warning
SNS-zone_08-01,zone_08,2026-02-16T00:00:00Z,53.99,0.129,66.75,422.67,0.0,warning
SNS-zone_09-01,zone_09,2026-02-16T00:00:00Z,11.87,0.022,30.81,101.71,0.0,safe
SNS-zone_10-01,zone_10,2026-02-16T00:00:00Z,50.99,0.131,64.7,407.29,0.0,warning
SNS-zone_11-01,zone_11,2026-02-16T00:00:00Z,107.04,0.344,89.2,873.51,0.0,evacuation
SNS-zone_12-01,zone_12,2026-02-16T00:00:00Z,109.13,0.337,82.6,873.2,0.0,evacuation
SNS-zone_13-01,zone_13,2026-02-16T00:00:00Z,12.14,0.02,41.91,122.26,0.0,safe
SNS-zone_14-01,zone_14,2026-02-16T00:00:00Z,27.82,0.031,34.29,143.9,0.0,safe
SNS-zone_15-01,zone_15,2026-02-16T00:00:00Z,16.15,0.02,37.59,119.91,0.0,safe
SNS-zone_16-01,zone_16,2026-02-16T00:00:00Z,26.89,0.033,31.75,144.36,0.0,safe
SNS-zone_01-01,zone_01,2026-02-17T00:00:00Z,15.94,0.028,38.62,116.95,0.0,safe
SNS-zone_02-01,zone_02,2026-02-17T00:00:00Z,31.92,0.033,27.78,147.49,0.0,safe
SNS-zone_03-01,zone_03,2026-02-17T00:00:00Z,19.94,0.026,31.62,121.32,0.0,safe
SNS-zone_04-01,zone_04,2026-02-17T00:00:00Z,33.68,0.04,37.03,152.14,0.0,safe
SNS-zone_05-01,zone_05,2026-02-17T00:00:00Z,29.55,0.035,38.49,160.27,0.0,safe
SNS-zone_06-01,zone_06,2026-02-17T00:00:00Z,60.04,0.138,56.94,412.5,0.0,warning
SNS-zone_07-01,zone_07,2026-02-17T00:00:00Z,47.84,0.13,67.04,394.37,0.0,warning
SNS-zone_08-01,zone_08,2026-02-17T00:00:00Z,48.58,0.122,67.57,402.4,0.0,warning
SNS-zone_09-01,zone_09,2026-02-17T00:00:00Z,12.11,0.021,28.0,104.43,0.0,safe
SNS-zone_10-01,zone_10,2026-02-17T00:00:00Z,48.79,0.121,60.15,389.37,0.0,warning
SNS-zone_11-01,zone_11,2026-02-17T00:00:00Z,106.07,0.34,95.46,882.77,0.0,evacuation
SNS-zone_12-01,zone_12,2026-02-17T00:00:00Z,101.74,0.307,87.21,840.25,0.0,evacuation
SNS-zone_13-01,zone_13,2026-02-17T00:00:00Z,10.79,0.025,41.62,112.42,0.0,safe
SNS-zone_14-01,zone_14,2026-02-17T00:00:00Z,25.56,0.04,34.38,133.94,0.0,safe
SNS-zone_15-01,zone_15,2026-02-17T00:00:00Z,18.26,0.028,35.04,127.71,0.0,safe
SNS-zone_16-01,zone_16,2026-02-17T00:00:00Z,26.93,0.041,29.86,139.87,0.0,safe
SNS-zone_01-01,zone_01,2026-02-18T00:00:00Z,19.0,0.029,38.45,130.34,0.0,safe
SNS-zone_02-01,zone_02,2026-02-18T00:00:00Z,36.9,0.045,29.49,160.77,0.0,safe
SNS-zone_03-01,zone_03,2026-02-18T00:00:00Z,17.23,0.031,32.17,130.7,0.0,safe
SNS-zone_04-01,zone_04,2026-02-18T00:00:00Z,32.04,0.041,38.42,164.14,0.0,safe
SNS-zone_05-01,zone_05,2026-02-18T00:00:00Z,21.31,0.024,38.72,128.19,0.0,safe
SNS-zone_06-01,zone_06,2026-02-18T00:00:00Z,63.54,0.152,53.61,444.05,0.0,warning
SNS-zone_07-01,zone_07,2026-02-18T00:00:00Z,41.27,0.117,65.34,383.93,0.0,safe
SNS-zone_08-01,zone_08,2026-02-18T00:00:00Z,56.1,0.123,69.63,416.15,0.0,warning
SNS-zone_09-01,zone_09,2026-02-18T00:00:00Z,13.22,0.018,27.37,100.68,0.0,safe
SNS-zone_10-01,zone_10,2026-02-18T00:00:00Z,47.57,0.108,64.62,392.38,0.0,warning
SNS-zone_11-01,zone_11,2026-02-18T00:00:00Z,107.75,0.323,93.87,866.93,0.0,evacuation
SNS-zone_12-01,zone_12,2026-02-18T00:00:00Z,106.42,0.328,77.19,819.43,0.0,evacuation
SNS-zone_13-01,zone_13,2026-02-18T00:00:00Z,13.33,0.019,38.92,115.16,0.0,safe
SNS-zone_14-01,zone_14,2026-02-18T00:00:00Z,28.31,0.028,35.98,150.23,0.0,safe
SNS-zone_15-01,zone_15,2026-02-18T00:00:00Z,13.22,0.024,39.02,109.42,0.0,safe
SNS-zone_16-01,zone_16,2026-02-18T00:00:00Z,24.66,0.028,29.62,137.05,0.0,safe
SNS-zone_01-01,zone_01,2026-02-19T00:00:00Z,17.81,0.022,37.6,127.75,0.0,safe
SNS-zone_02-01,zone_02,2026-02-19T00:00:00Z,32.34,0.038,28.19,147.47,0.0,safe
SNS-zone_03-01,zone_03,2026-02-19T00:00:00Z,16.92,0.02,35.45,123.02,0.0,safe
SNS-zone_04-01,zone_04,2026-02-19T00:00:00Z,34.3,0.044,36.66,170.11,0.0,safe
SNS-zone_05-01,zone_05,2026-02-19T00:00:00Z,25.9,0.033,39.63,139.88,0.0,safe
SNS-zone_06-01,zone_06,2026-02-19T00:00:00Z,60.58,0.138,56.19,418.99,0.0,warning
SNS-zone_07-01,zone_07,2026-02-19T00:00:00Z,49.81,0.131,65.02,398.61,0.0,warning
SNS-zone_08-01,zone_08,2026-02-19T00:00:00Z,47.02,0.129,67.07,399.21,0.0,warning
SNS-zone_09-01,zone_09,2026-02-19T00:00:00Z,14.45,0.026,28.9,108.93,0.0,safe
SNS-zone_10-01,zone_10,2026-02-19T00:00:00Z,47.01,0.116,63.02,394.17,0.0,warning
SNS-zone_11-01,zone_11,2026-02-19T00:00:00Z,110.98,0.341,96.43,877.23,0.0,evacuation
SNS-zone_12-01,zone_12,2026-02-19T00:00:00Z,110.4,0.352,82.04,842.97,0.0,evacuation
SNS-zone_13-01,zone_13,2026-02-19T00:00:00Z,8.6,0.014,41.69,106.53,0.0,safe
SNS-zone_14-01,zone_14,2026-02-19T00:00:00Z,23.73,0.032,36.78,135.07,0.0,safe
SNS-zone_15-01,zone_15,2026-02-19T00:00:00Z,12.27,0.02,37.86,116.64,0.0,safe
SNS-zone_16-01,zone_16,2026-02-19T00:00:00Z,23.07,0.029,30.97,134.93,0.0,safe
SNS-zone_01-01,zone_01,2026-02-20T00:00:00Z,15.96,0.027,38.74,128.99,0.0,safe
SNS-zone_02-01,zone_02,2026-02-20T00:00:00Z,34.69,0.043,31.24,152.0,0.0,safe
SNS-zone_03-01,zone_03,2026-02-20T00:00:00Z,17.53,0.024,32.31,127.07,0.0,safe
SNS-zone_04-01,zone_04,2026-02-20T00:00:00Z,34.11,0.039,37.55,162.97,0.0,safe
SNS-zone_05-01,zone_05,2026-02-20T00:00:00Z,27.6,0.035,40.08,141.31,0.0,safe
SNS-zone_06-01,zone_06,2026-02-20T00:00:00Z,64.21,0.158,60.29,428.92,0.0,warning
SNS-zone_07-01,zone_07,2026-02-20T00:00:00Z,48.59,0.118,62.17,412.5,0.0,warning
SNS-zone_08-01,zone_08,2026-02-20T00:00:00Z,51.32,0.115,70.2,413.4,0.0,warning
SNS-zone_09-01,zone_09,2026-02-20T00:00:00Z,12.87,0.017,29.75,106.51,0.0,safe
SNS-zone_10-01,zone_10,2026-02-20T00:00:00Z,49.36,0.131,63.73,414.45,0.0,warning
SNS-zone_11-01,zone_11,2026-02-20T00:00:00Z,106.95,0.343,92.98,866.65,0.0,evacuation
SNS-zone_12-01,zone_12,2026-02-20T00:00:00Z,110.14,0.325,82.2,855.11,0.0,evacuation
SNS-zone_13-01,zone_13,2026-02-20T00:00:00Z,9.97,0.026,41.11,121.05,0.0,safe
SNS-zone_14-01,zone_14,2026-02-20T00:00:00Z,27.56,0.034,36.59,151.75,0.0,safe
SNS-zone_15-01,zone_15,2026-02-20T00:00:00Z,15.06,0.021,36.54,107.47,0.0,safe
SNS-zone_16-01,zone_16,2026-02-20T00:00:00Z,27.49,0.03,30.44,141.68,0.0,safe
SNS-zone_01-01,zone_01,2026-02-21T00:00:00Z,21.33,0.034,38.56,143.81,0.0,safe
SNS-zone_02-01,zone_02,2026-02-21T00:00:00Z,35.86,0.039,30.3,167.09,0.0,safe
SNS-zone_03-01,zone_03,2026-02-21T00:00:00Z,20.57,0.023,34.43,141.2,0.0,safe
SNS-zone_04-01,zone_04,2026-02-21T00:00:00Z,38.67,0.047,35.01,170.86,0.0,safe
SNS-zone_05-01,zone_05,2026-02-21T00:00:00Z,28.35,0.032,37.81,154.1,0.0,safe
SNS-zone_06-01,zone_06,2026-02-21T00:00:00Z,66.94,0.149,61.49,470.29,0.0,warning
SNS-zone_07-01,zone_07,2026-02-21T00:00:00Z,45.8,0.113,63.62,391.99,0.0,warning
SNS-zone_08-01,zone_08,2026-02-21T00:00:00Z,50.99,0.124,67.56,415.71,0.0,warning
SNS-zone_09-01,zone_09,2026-02-21T00:00:00Z,10.72,0.015,25.81,105.28,0.0,safe
SNS-zone_10-01,zone_10,2026-02-21T00:00:00Z,46.56,0.115,60.23,389.12,0.0,warning
SNS-zone_11-01,zone_11,2026-02-21T00:00:00Z,104.52,0.319,91.47,868.43,0.0,evacuation
SNS-zone_12-01,zone_12,2026-02-21T00:00:00Z,103.19,0.338,78.91,832.63,0.0,evacuation
SNS-zone_13-01,zone_13,2026-02-21T00:00:00Z,12.67,0.024,38.95,121.11,0.0,safe
SNS-zone_14-01,zone_14,2026-02-21T00:00:00Z,26.15,0.038,34.54,141.41,0.0,safe
SNS-zone_15-01,zone_15,2026-02-21T00:00:00Z,16.84,0.028,36.66,122.92,0.0,safe
SNS-zone_16-01,zone_16,2026-02-21T00:00:00Z,24.22,0.037,28.79,122.59,0.0,safe
SNS-zone_01-01,zone_01,2026-02-22T00:00:00Z,16.8,0.026,36.04,119.88,0.0,safe
SNS-zone_02-01,zone_02,2026-02-22T00:00:00Z,31.06,0.04,28.73,145.89,0.0,safe
SNS-zone_03-01,zone_03,2026-02-22T00:00:00Z,21.66,0.034,34.65,127.43,0.0,safe
SNS-zone_04-01,zone_04,2026-02-22T00:00:00Z,33.11,0.034,37.47,159.39,0.0,safe
SNS-zone_05-01,zone_05,2026-02-22T00:00:00Z,25.63,0.035,38.55,133.66,0.0,safe
SNS-zone_06-01,zone_06,2026-02-22T00:00:00Z,61.3,0.15,63.83,429.87,0.0,warning
SNS-zone_07-01,zone_07,2026-02-22T00:00:00Z,49.69,0.114,65.74,408.88,0.0,warning
SNS-zone_08-01,zone_08,2026-02-22T00:00:00Z,47.12,0.115,66.73,380.35,0.0,warning
SNS-zone_09-01,zone_09,2026-02-22T00:00:00Z,9.34,0.021,29.3,100.39,0.0,safe
SNS-zone_10-01,zone_10,2026-02-22T00:00:00Z,53.1,0.138,58.2,410.1,0.0,warning
SNS-zone_11-01,zone_11,2026-02-22T00:00:00Z,105.62,0.346,90.18,851.82,0.0,evacuation
SNS-zone_12-01,zone_12,2026-02-22T00:00:00Z,108.96,0.34,80.54,834.49,0.0,evacuation
SNS-zone_13-01,zone_13,2026-02-22T00:00:00Z,11.09,0.018,40.58,111.25,0.0,safe
SNS-zone_14-01,zone_14,2026-02-22T00:00:00Z,26.64,0.035,35.93,131.9,0.0,safe
SNS-zone_15-01,zone_15,2026-02-22T00:00:00Z,14.05,0.022,34.45,118.14,0.0,safe
SNS-zone_16-01,zone_16,2026-02-22T00:00:00Z,23.4,0.029,30.0,138.76,0.0,safe
SNS-zone_01-01,zone_01,2026-02-23T00:00:00Z,17.96,0.023,38.89,129.33,0.1,safe
SNS-zone_02-01,zone_02,2026-02-23T00:00:00Z,33.45,0.041,30.9,152.89,0.1,safe
SNS-zone_03-01,zone_03,2026-02-23T00:00:00Z,18.95,0.024,33.56,121.13,0.1,safe
SNS-zone_04-01,zone_04,2026-02-23T00:00:00Z,32.14,0.038,40.29,155.84,0.1,safe
SNS-zone_05-01,zone_05,2026-02-23T00:00:00Z,28.52,0.034,39.17,146.42,0.1,safe
SNS-zone_06-01,zone_06,2026-02-23T00:00:00Z,63.23,0.148,57.73,421.54,0.1,warning
SNS-zone_07-01,zone_07,2026-02-23T00:00:00Z,49.99,0.131,66.82,413.49,0.1,warning
SNS-zone_08-01,zone_08,2026-02-23T00:00:00Z,51.71,0.127,64.72,404.77,0.1,warning
SNS-zone_09-01,zone_09,2026-02-23T00:00:00Z,11.62,0.023,27.69,101.17,0.1,safe
SNS-zone_10-01,zone_10,2026-02-23T00:00:00Z,50.87,0.131,62.5,398.04,0.1,warning
SNS-zone_11-01,zone_11,2026-02-23T00:00:00Z,110.58,0.353,95.74,894.91,0.1,evacuation
SNS-zone_12-01,zone_12,2026-02-23T00:00:00Z,102.79,0.328,83.71,831.02,0.1,evacuation
SNS-zone_13-01,zone_13,2026-02-23T00:00:00Z,11.38,0.02,39.94,107.46,0.1,safe
SNS-zone_14-01,zone_14,2026-02-23T00:00:00Z,25.81,0.028,34.83,137.84,0.1,safe
SNS-zone_15-01,zone_15,2026-02-23T00:00:00Z,12.15,0.019,38.54,118.92,0.1,safe
SNS-zone_16-01,zone_16,2026-02-23T00:00:00Z,24.04,0.027,30.18,122.99,0.1,safe
SNS-zone_01-01,zone_01,2026-02-24T00:00:00Z,16.59,0.02,37.53,119.41,0.0,safe
SNS-zone_02-01,zone_02,2026-02-24T00:00:00Z,37.78,0.045,28.71,153.78,0.0,safe
SNS-zone_03-01,zone_03,2026-02-24T00:00:00Z,19.4,0.025,35.61,132.21,0.0,safe
SNS-zone_04-01,zone_04,2026-02-24T00:00:00Z,34.63,0.047,39.1,159.11,0.0,safe
SNS-zone_05-01,zone_05,2026-02-24T00:00:00Z,24.57,0.037,37.68,135.82,0.0,safe
SNS-zone_06-01,zone_06,2026-02-24T00:00:00Z,62.08,0.152,61.09,434.38,0.0,warning
SNS-zone_07-01,zone_07,2026-02-24T00:00:00Z,50.22,0.121,65.42,421.04,0.0,warning
SNS-zone_08-01,zone_08,2026-02-24T00:00:00Z,42.77,0.108,65.77,397.33,0.0,safe
SNS-zone_09-01,zone_09,2026-02-24T00:00:00Z,11.39,0.023,28.76,111.6,0.0,safe
SNS-zone_10-01,zone_10,2026-02-24T00:00:00Z,53.58,0.144,61.92,397.95,0.0,warning
SNS-zone_11-01,zone_11,2026-02-24T00:00:00Z,106.54,0.328,91.69,850.16,0.0,evacuation
SNS-zone_12-01,zone_12,2026-02-24T00:00:00Z,111.14,0.352,74.69,855.79,0.0,evacuation
SNS-zone_13-01,zone_13,2026-02-24T00:00:00Z,12.02,0.022,39.89,112.94,0.0,safe
SNS-zone_14-01,zone_14,2026-02-24T00:00:00Z,24.76,0.03,35.51,142.85,0.0,safe
SNS-zone_15-01,zone_15,2026-02-24T00:00:00Z,17.73,0.03,36.64,131.46,0.0,safe
SNS-zone_16-01,zone_16,2026-02-24T00:00:00Z,27.49,0.036,29.34,141.55,0.0,safe
SNS-zone_01-01,zone_01,2026-02-25T00:00:00Z,21.5,0.04,37.09,129.65,0.0,safe
SNS-zone_02-01,zone_02,2026-02-25T00:00:00Z,33.61,0.039,32.14,155.13,0.0,safe
SNS-zone_03-01,zone_03,2026-02-25T00:00:00Z,21.56,0.028,32.22,122.89,0.0,safe
SNS-zone_04-01,zone_04,2026-02-25T00:00:00Z,35.68,0.052,38.43,170.5,0.0,safe
SNS-zone_05-01,zone_05,2026-02-25T00:00:00Z,26.82,0.03,38.65,145.74,0.0,safe
SNS-zone_06-01,zone_06,2026-02-25T00:00:00Z,58.08,0.14,60.87,426.43,0.0,warning
SNS-zone_07-01,zone_07,2026-02-25T00:00:00Z,47.41,0.112,66.96,398.75,0.0,warning
SNS-zone_08-01,zone_08,2026-02-25T00:00:00Z,47.21,0.125,66.79,406.8,0.0,warning
SNS-zone_09-01,zone_09,2026-02-25T00:00:00Z,11.1,0.02,27.64,101.67,0.0,safe
SNS-zone_10-01,zone_10,2026-02-25T00:00:00Z,48.55,0.132,63.64,400.02,0.0,warning
SNS-zone_11-01,zone_11,2026-02-25T00:00:00Z,107.55,0.32,95.11,887.6,0.0,evacuation
SNS-zone_12-01,zone_12,2026-02-25T00:00:00Z,101.97,0.316,80.98,831.96,0.0,evacuation
SNS-zone_13-01,zone_13,2026-02-25T00:00:00Z,14.78,0.02,42.68,112.56,0.0,safe
SNS-zone_14-01,zone_14,2026-02-25T00:00:00Z,27.47,0.034,36.65,148.57,0.0,safe
SNS-zone_15-01,zone_15,2026-02-25T00:00:00Z,18.28,0.027,39.97,126.21,0.0,safe
SNS-zone_16-01,zone_16,2026-02-25T00:00:00Z,28.23,0.035,27.47,140.69,0.0,safe
SNS-zone_01-01,zone_01,2026-02-26T00:00:00Z,19.76,0.031,38.85,128.03,0.0,safe
SNS-zone_02-01,zone_02,2026-02-26T00:00:00Z,36.34,0.049,29.49,148.37,0.0,safe
SNS-zone_03-01,zone_03,2026-02-26T00:00:00Z,19.61,0.03,33.19,125.44,0.0,safe
SNS-zone_04-01,zone_04,2026-02-26T00:00:00Z,33.22,0.042,40.17,171.38,0.0,safe
SNS-zone_05-01,zone_05,2026-02-26T00:00:00Z,27.76,0.039,39.28,144.32,0.0,safe
SNS-zone_06-01,zone_06,2026-02-26T00:00:00Z,64.86,0.145,59.06,428.84,0.0,warning
SNS-zone_07-01,zone_07,2026-02-26T00:00:00Z,45.12,0.111,64.5,386.48,0.0,safe
SNS-zone_08-01,zone_08,2026-02-26T00:00:00Z,49.86,0.128,66.04,418.89,0.0,warning
SNS-zone_09-01,zone_09,2026-02-26T00:00:00Z,12.01,0.019,31.5,97.73,0.0,safe
SNS-zone_10-01,zone_10,2026-02-26T00:00:00Z,50.55,0.13,66.03,400.25,0.0,warning
SNS-zone_11-01,zone_11,2026-02-26T00:00:00Z,103.4,0.33,94.64,855.62,0.0,evacuation
SNS-zone_12-01,zone_12,2026-02-26T00:00:00Z,110.41,0.365,82.08,870.32,0.0,evacuation
SNS-zone_13-01,zone_13,2026-02-26T00:00:00Z,12.52,0.018,41.02,110.31,0.0,safe
SNS-zone_14-01,zone_14,2026-02-26T00:00:00Z,26.25,0.038,35.97,144.92,0.0,safe
SNS-zone_15-01,zone_15,2026-02-26T00:00:00Z,19.8,0.027,37.08,136.17,0.0,safe
SNS-zone_16-01,zone_16,2026-02-26T00:00:00Z,28.18,0.035,31.23,149.0,0.0,safe
SNS-zone_01-01,zone_01,2026-02-27T00:00:00Z,19.63,0.028,37.57,143.55,0.0,safe
SNS-zone_02-01,zone_02,2026-02-27T00:00:00Z,33.06,0.043,28.0,148.57,0.0,safe
SNS-zone_03-01,zone_03,2026-02-27T00:00:00Z,20.85,0.028,33.98,124.93,0.0,safe
SNS-zone_04-01,zone_04,2026-02-27T00:00:00Z,31.21,0.035,38.15,155.96,0.0,safe
SNS-zone_05-01,zone_05,2026-02-27T00:00:00Z,25.6,0.031,38.46,147.43,0.0,safe
SNS-zone_06-01,zone_06,2026-02-27T00:00:00Z,60.83,0.145,55.27,432.83,0.0,warning
SNS-zone_07-01,zone_07,2026-02-27T00:00:00Z,46.59,0.11,64.2,394.7,0.0,warning
SNS-zone_08-01,zone_08,2026-02-27T00:00:00Z,48.48,0.125,67.2,387.96,0.0,warning
SNS-zone_09-01,zone_09,2026-02-27T00:00:00Z,10.6,0.016,26.15,89.53,0.0,safe
SNS-zone_10-01,zone_10,2026-02-27T00:00:00Z,53.13,0.14,66.83,422.91,0.0,warning
SNS-zone_11-01,zone_11,2026-02-27T00:00:00Z,108.81,0.317,92.84,861.54,0.0,evacuation
SNS-zone_12-01,zone_12,2026-02-27T00:00:00Z,105.08,0.331,82.38,838.1,0.0,evacuation
SNS-zone_13-01,zone_13,2026-02-27T00:00:00Z,11.76,0.023,41.54,119.31,0.0,safe
SNS-zone_14-01,zone_14,2026-02-27T00:00:00Z,22.96,0.028,36.66,131.91,0.0,safe
SNS-zone_15-01,zone_15,2026-02-27T00:00:00Z,13.28,0.018,38.57,119.03,0.0,safe
SNS-zone_16-01,zone_16,2026-02-27T00:00:00Z,27.66,0.043,28.67,132.7,0.0,safe
SNS-zone_01-01,zone_01,2026-02-28T00:00:00Z,17.97,0.034,39.63,129.0,0.0,safe
SNS-zone_02-01,zone_02,2026-02-28T00:00:00Z,34.51,0.036,27.79,163.83,0.0,safe
SNS-zone_03-01,zone_03,2026-02-28T00:00:00Z,21.17,0.031,34.58,124.29,0.0,safe
SNS-zone_04-01,zone_04,2026-02-28T00:00:00Z,36.74,0.044,38.54,158.98,0.0,safe
SNS-zone_05-01,zone_05,2026-02-28T00:00:00Z,25.93,0.024,39.53,147.22,0.0,safe
SNS-zone_06-01,zone_06,2026-02-28T00:00:00Z,60.99,0.138,56.34,412.11,0.0,warning
SNS-zone_07-01,zone_07,2026-02-28T00:00:00Z,48.51,0.134,62.4,390.56,0.0,warning
SNS-zone_08-01,zone_08,2026-02-28T00:00:00Z,53.58,0.125,68.11,400.58,0.0,warning
SNS-zone_09-01,zone_09,2026-02-28T00:00:00Z,12.03,0.022,26.64,103.1,0.0,safe
SNS-zone_10-01,zone_10,2026-02-28T00:00:00Z,52.65,0.122,64.82,408.03,0.0,warning
SNS-zone_11-01,zone_11,2026-02-28T00:00:00Z,112.39,0.362,94.76,878.72,0.0,evacuation
SNS-zone_12-01,zone_12,2026-02-28T00:00:00Z,102.76,0.339,84.53,834.84,0.0,evacuation
SNS-zone_13-01,zone_13,2026-02-28T00:00:00Z,11.98,0.024,41.79,118.42,0.0,safe
SNS-zone_14-01,zone_14,2026-02-28T00:00:00Z,25.34,0.033,33.14,141.88,0.0,safe
SNS-zone_15-01,zone_15,2026-02-28T00:00:00Z,17.31,0.028,35.49,128.11,0.0,safe
SNS-zone_16-01,zone_16,2026-02-28T00:00:00Z,23.56,0.026,29.91,125.58,0.0,safe
SNS-zone_01-01,zone_01,2026-03-01T00:00:00Z,23.0,0.029,37.5,141.65,0.0,safe
SNS-zone_02-01,zone_02,2026-03-01T00:00:00Z,32.26,0.04,29.93,153.04,0.0,safe
SNS-zone_03-01,zone_03,2026-03-01T00:00:00Z,19.47,0.024,30.77,133.1,0.0,safe
SNS-zone_04-01,zone_04,2026-03-01T00:00:00Z,34.22,0.043,38.89,167.82,0.0,safe
SNS-zone_05-01,zone_05,2026-03-01T00:00:00Z,27.79,0.032,37.28,153.61,0.0,safe
SNS-zone_06-01,zone_06,2026-03-01T00:00:00Z,59.26,0.143,59.45,432.13,0.0,warning
SNS-zone_07-01,zone_07,2026-03-01T00:00:00Z,49.11,0.124,65.41,413.84,0.0,warning
SNS-zone_08-01,zone_08,2026-03-01T00:00:00Z,50.82,0.129,66.48,407.56,0.0,warning
SNS-zone_09-01,zone_09,2026-03-01T00:00:00Z,8.47,0.025,28.34,99.53,0.0,safe
SNS-zone_10-01,zone_10,2026-03-01T00:00:00Z,47.7,0.119,63.68,387.92,0.0,warning
SNS-zone_11-01,zone_11,2026-03-01T00:00:00Z,103.16,0.321,93.47,837.98,0.0,evacuation
SNS-zone_12-01,zone_12,2026-03-01T00:00:00Z,109.96,0.352,81.38,864.12,0.0,evacuation
SNS-zone_13-01,zone_13,2026-03-01T00:00:00Z,14.68,0.019,38.69,109.96,0.0,safe
SNS-zone_14-01,zone_14,2026-03-01T00:00:00Z,27.71,0.037,34.3,145.97,0.0,safe
SNS-zone_15-01,zone_15,2026-03-01T00:00:00Z,13.2,0.018,37.29,110.54,0.0,safe
SNS-zone_16-01,zone_16,2026-03-01T00:00:00Z,25.67,0.032,30.04,130.33,0.0,safe
SNS-zone_01-01,zone_01,2026-03-02T00:00:00Z,21.32,0.023,39.01,139.03,0.0,safe
SNS-zone_02-01,zone_02,2026-03-02T00:00:00Z,34.56,0.041,28.93,163.99,0.0,safe
SNS-zone_03-01,zone_03,2026-03-02T00:00:00Z,20.9,0.027,32.15,120.42,0.0,safe
SNS-zone_04-01,zone_04,2026-03-02T00:00:00Z,34.05,0.037,37.95,156.77,0.0,safe
SNS-zone_05-01,zone_05,2026-03-02T00:00:00Z,27.15,0.027,39.18,152.37,0.0,safe
SNS-zone_06-01,zone_06,2026-03-02T00:00:00Z,61.5,0.154,58.9,434.96,0.0,warning
SNS-zone_07-01,zone_07,2026-03-02T00:00:00Z,49.77,0.126,63.96,406.59,0.0,warning
SNS-zone_08-01,zone_08,2026-03-02T00:00:00Z,48.57,0.129,68.25,412.19,0.0,warning
SNS-zone_09-01,zone_09,2026-03-02T00:00:00Z,10.4,0.016,28.96,94.7,0.0,safe
SNS-zone_10-01,zone_10,2026-03-02T00:00:00Z,50.08,0.119,68.03,411.57,0.0,warning
SNS-zone_11-01,zone_11,2026-03-02T00:00:00Z,103.24,0.311,92.35,829.63,0.0,evacuation
SNS-zone_12-01,zone_12,2026-03-02T00:00:00Z,104.76,0.307,79.95,835.22,0.0,evacuation
SNS-zone_13-01,zone_13,2026-03-02T00:00:00Z,12.93,0.022,41.11,104.58,0.0,safe
SNS-zone_14-01,zone_14,2026-03-02T00:00:00Z,25.21,0.031,36.32,152.09,0.0,safe
SNS-zone_15-01,zone_15,2026-03-02T00:00:00Z,17.89,0.02,37.23,131.89,0.0,safe
SNS-zone_16-01,zone_16,2026-03-02T00:00:00Z,26.86,0.033,28.23,137.04,0.0,safe
SNS-zone_01-01,zone_01,2026-03-03T00:00:00Z,18.88,0.03,37.38,128.54,0.0,safe
SNS-zone_02-01,zone_02,2026-03-03T00:00:00Z,31.0,0.04,30.57,143.98,0.0,safe
SNS-zone_03-01,zone_03,2026-03-03T00:00:00Z,18.1,0.03,33.86,122.51,0.0,safe
SNS-zone_04-01,zone_04,2026-03-03T00:00:00Z,34.63,0.04,38.39,163.88,0.0,safe
SNS-zone_05-01,zone_05,2026-03-03T00:00:00Z,25.89,0.044,38.41,148.88,0.0,safe
SNS-zone_06-01,zone_06,2026-03-03T00:00:00Z,63.61,0.155,59.35,433.56,0.0,warning
SNS-zone_07-01,zone_07,2026-03-03T00:00:00Z,47.06,0.124,67.5,399.78,0.0,warning
SNS-zone_08-01,zone_08,2026-03-03T00:00:00Z,54.83,0.144,66.94,432.99,0.0,warning
SNS-zone_09-01,zone_09,2026-03-03T00:00:00Z,13.4,0.025,29.01,109.79,0.0,safe
SNS-zone_10-01,zone_10,2026-03-03T00:00:00Z,47.69,0.127,60.24,403.35,0.0,warning
SNS-zone_11-01,zone_11,2026-03-03T00:00:00Z,107.17,0.335,93.84,862.19,0.0,evacuation
SNS-zone_12-01,zone_12,2026-03-03T00:00:00Z,107.95,0.339,81.3,871.42,0.0,evacuation
SNS-zone_13-01,zone_13,2026-03-03T00:00:00Z,13.58,0.021,42.33,118.71,0.0,safe
SNS-zone_14-01,zone_14,2026-03-03T00:00:00Z,23.51,0.029,37.34,141.64,0.0,safe
SNS-zone_15-01,zone_15,2026-03-03T00:00:00Z,14.29,0.025,36.68,105.47,0.0,safe
SNS-zone_16-01,zone_16,2026-03-03T00:00:00Z,25.08,0.034,28.32,131.42,0.0,safe
SNS-zone_01-01,zone_01,2026-03-04T00:00:00Z,16.7,0.028,38.46,127.11,0.0,safe
SNS-zone_02-01,zone_02,2026-03-04T00:00:00Z,34.29,0.041,31.48,155.36,0.0,safe
SNS-zone_03-01,zone_03,2026-03-04T00:00:00Z,19.9,0.03,33.65,125.75,0.0,safe
SNS-zone_04-01,zone_04,2026-03-04T00:00:00Z,36.68,0.038,37.18,166.2,0.0,safe
SNS-zone_05-01,zone_05,2026-03-04T00:00:00Z,23.74,0.037,39.2,143.44,0.0,safe
SNS-zone_06-01,zone_06,2026-03-04T00:00:00Z,62.2,0.145,58.14,427.54,0.0,warning
SNS-zone_07-01,zone_07,2026-03-04T00:00:00Z,47.78,0.128,63.31,407.27,0.0,warning
SNS-zone_08-01,zone_08,2026-03-04T00:00:00Z,54.77,0.152,62.08,420.42,0.0,warning
SNS-zone_09-01,zone_09,2026-03-04T00:00:00Z,12.26,0.022,29.31,103.0,0.0,safe
SNS-zone_10-01,zone_10,2026-03-04T00:00:00Z,51.58,0.142,64.63,403.72,0.0,warning
SNS-zone_11-01,zone_11,2026-03-04T00:00:00Z,108.38,0.347,95.95,875.19,0.0,evacuation
SNS-zone_12-01,zone_12,2026-03-04T00:00:00Z,110.69,0.34,83.53,853.21,0.0,evacuation
SNS-zone_13-01,zone_13,2026-03-04T00:00:00Z,10.8,0.016,40.64,109.24,0.0,safe
SNS-zone_14-01,zone_14,2026-03-04T00:00:00Z,24.5,0.03,36.28,141.64,0.0,safe
SNS-zone_15-01,zone_15,2026-03-04T00:00:00Z,15.51,0.025,37.21,128.06,0.0,safe
SNS-zone_16-01,zone_16,2026-03-04T00:00:00Z,27.26,0.028,30.07,137.62,0.0,safe
SNS-zone_01-01,zone_01,2026-03-05T00:00:00Z,21.53,0.032,38.92,140.46,0.0,safe
SNS-zone_02-01,zone_02,2026-03-05T00:00:00Z,34.79,0.04,28.2,159.15,0.0,safe
SNS-zone_03-01,zone_03,2026-03-05T00:00:00Z,20.29,0.028,33.0,125.14,0.0,safe
SNS-zone_04-01,zone_04,2026-03-05T00:00:00Z,34.18,0.048,38.43,163.78,0.0,safe
SNS-zone_05-01,zone_05,2026-03-05T00:00:00Z,24.74,0.035,39.6,148.82,0.0,safe
SNS-zone_06-01,zone_06,2026-03-05T00:00:00Z,63.36,0.16,57.51,442.65,0.0,warning
SNS-zone_07-01,zone_07,2026-03-05T00:00:00Z,47.18,0.13,65.05,399.32,0.0,warning
SNS-zone_08-01,zone_08,2026-03-05T00:00:00Z,54.77,0.147,69.74,431.04,0.0,warning
SNS-zone_09-01,zone_09,2026-03-05T00:00:00Z,11.28,0.027,27.44,103.92,0.0,safe
SNS-zone_10-01,zone_10,2026-03-05T00:00:00Z,53.25,0.119,62.41,413.78,0.0,warning
SNS-zone_11-01,zone_11,2026-03-05T00:00:00Z,106.54,0.316,90.95,858.35,0.0,evacuation
SNS-zone_12-01,zone_12,2026-03-05T00:00:00Z,106.97,0.343,88.03,870.95,0.0,evacuation
SNS-zone_13-01,zone_13,2026-03-05T00:00:00Z,11.85,0.022,41.9,120.42,0.0,safe
SNS-zone_14-01,zone_14,2026-03-05T00:00:00Z,24.15,0.028,36.06,147.6,0.0,safe
SNS-zone_15-01,zone_15,2026-03-05T00:00:00Z,16.88,0.027,36.99,129.41,0.0,safe
SNS-zone_16-01,zone_16,2026-03-05T00:00:00Z,23.8,0.032,31.06,127.89,0.0,safe
SNS-zone_01-01,zone_01,2026-03-06T00:00:00Z,16.05,0.026,38.17,125.62,0.0,safe
SNS-zone_02-01,zone_02,2026-03-06T00:00:00Z,34.11,0.041,29.14,152.0,0.0,safe
SNS-zone_03-01,zone_03,2026-03-06T00:00:00Z,19.3,0.023,31.96,120.36,0.0,safe
SNS-zone_04-01,zone_04,2026-03-06T00:00:00Z,35.16,0.041,37.52,158.98,0.0,safe
SNS-zone_05-01,zone_05,2026-03-06T00:00:00Z,27.31,0.04,38.24,153.32,0.0,safe
SNS-zone_06-01,zone_06,2026-03-06T00:00:00Z,65.41,0.159,56.48,434.04,0.0,warning
SNS-zone_07-01,zone_07,2026-03-06T00:00:00Z,46.75,0.127,66.09,399.43,0.0,warning
SNS-zone_08-01,zone_08,2026-03-06T00:00:00Z,51.36,0.128,71.1,403.67,0.0,warning
SNS-zone_09-01,zone_09,2026-03-06T00:00:00Z,12.21,0.024,26.89,111.16,0.0,safe
SNS-zone_10-01,zone_10,2026-03-06T00:00:00Z,45.27,0.12,62.2,396.93,0.0,warning
SNS-zone_11-01,zone_11,2026-03-06T00:00:00Z,101.0,0.303,92.3,863.84,0.0,warning
SNS-zone_12-01,zone_12,2026-03-06T00:00:00Z,108.15,0.339,78.27,847.44,0.0,evacuation
SNS-zone_13-01,zone_13,2026-03-06T00:00:00Z,13.34,0.019,42.22,112.86,0.0,safe
SNS-zone_14-01,zone_14,2026-03-06T00:00:00Z,27.36,0.035,33.32,140.56,0.0,safe
SNS-zone_15-01,zone_15,2026-03-06T00:00:00Z,15.44,0.025,38.33,121.9,0.0,safe
SNS-zone_16-01,zone_16,2026-03-06T00:00:00Z,24.61,0.031,30.23,131.69,0.0,safe
SNS-zone_01-01,zone_01,2026-03-07T00:00:00Z,16.81,0.03,38.58,120.16,0.0,safe
SNS-zone_02-01,zone_02,2026-03-07T00:00:00Z,33.09,0.038,32.22,153.22,0.0,safe
SNS-zone_03-01,zone_03,2026-03-07T00:00:00Z,19.79,0.026,33.46,130.91,0.0,safe
SNS-zone_04-01,zone_04,2026-03-07T00:00:00Z,31.48,0.039,38.27,158.52,0.0,safe
SNS-zone_05-01,zone_05,2026-03-07T00:00:00Z,25.83,0.029,39.39,152.37,0.0,safe
SNS-zone_06-01,zone_06,2026-03-07T00:00:00Z,62.54,0.137,57.11,431.88,0.0,warning
SNS-zone_07-01,zone_07,2026-03-07T00:00:00Z,48.0,0.129,63.18,379.25,0.0,warning
SNS-zone_08-01,zone_08,2026-03-07T00:00:00Z,51.01,0.117,68.22,401.52,0.0,warning
SNS-zone_09-01,zone_09,2026-03-07T00:00:00Z,12.42,0.017,29.46,113.28,0.0,safe
SNS-zone_10-01,zone_10,2026-03-07T00:00:00Z,50.67,0.118,59.54,394.98,0.0,warning
SNS-zone_11-01,zone_11,2026-03-07T00:00:00Z,107.35,0.327,97.31,881.6,0.0,evacuation
SNS-zone_12-01,zone_12,2026-03-07T00:00:00Z,103.88,0.322,80.08,825.96,0.0,evacuation
SNS-zone_13-01,zone_13,2026-03-07T00:00:00Z,11.54,0.024,41.1,113.13,0.0,safe
SNS-zone_14-01,zone_14,2026-03-07T00:00:00Z,22.83,0.036,34.55,134.39,0.0,safe
SNS-zone_15-01,zone_15,2026-03-07T00:00:00Z,14.6,0.031,36.6,125.6,0.0,safe
SNS-zone_16-01,zone_16,2026-03-07T00:00:00Z,25.67,0.03,31.57,133.2,0.0,safe
SNS-zone_01-01,zone_01,2026-03-08T00:00:00Z,20.73,0.029,38.2,133.95,0.0,safe
SNS-zone_02-01,zone_02,2026-03-08T00:00:00Z,33.22,0.046,30.6,150.42,0.0,safe
SNS-zone_03-01,zone_03,2026-03-08T00:00:00Z,20.47,0.025,33.63,130.89,0.0,safe
SNS-zone_04-01,zone_04,2026-03-08T00:00:00Z,36.66,0.05,37.59,169.91,0.0,safe
SNS-zone_05-01,zone_05,2026-03-08T00:00:00Z,23.81,0.031,40.0,147.71,0.0,safe
SNS-zone_06-01,zone_06,2026-03-08T00:00:00Z,65.55,0.165,59.84,439.94,0.0,warning
SNS-zone_07-01,zone_07,2026-03-08T00:00:00Z,49.45,0.13,66.18,401.33,0.0,warning
SNS-zone_08-01,zone_08,2026-03-08T00:00:00Z,52.84,0.14,66.18,426.62,0.0,warning
SNS-zone_09-01,zone_09,2026-03-08T00:00:00Z,11.23,0.025,26.8,90.71,0.0,safe
SNS-zone_10-01,zone_10,2026-03-08T00:00:00Z,50.0,0.125,66.57,404.19,0.0,warning
SNS-zone_11-01,zone_11,2026-03-08T00:00:00Z,109.2,0.347,93.86,884.33,0.0,evacuation
SNS-zone_12-01,zone_12,2026-03-08T00:00:00Z,112.7,0.359,84.93,891.92,0.0,evacuation
SNS-zone_13-01,zone_13,2026-03-08T00:00:00Z,11.96,0.024,43.75,120.48,0.0,safe
SNS-zone_14-01,zone_14,2026-03-08T00:00:00Z,25.92,0.03,36.14,148.72,0.0,safe
SNS-zone_15-01,zone_15,2026-03-08T00:00:00Z,13.08,0.017,39.42,111.1,0.0,safe
SNS-zone_16-01,zone_16,2026-03-08T00:00:00Z,26.15,0.034,29.57,139.52,0.0,safe
SNS-zone_01-01,zone_01,2026-03-09T00:00:00Z,18.33,0.025,39.38,130.19,0.0,safe
SNS-zone_02-01,zone_02,2026-03-09T00:00:00Z,32.38,0.044,31.41,143.3,0.0,safe
SNS-zone_03-01,zone_03,2026-03-09T00:00:00Z,20.09,0.02,33.32,127.57,0.0,safe
SNS-zone_04-01,zone_04,2026-03-09T00:00:00Z,34.86,0.038,36.35,163.45,0.0,safe
SNS-zone_05-01,zone_05,2026-03-09T00:00:00Z,27.53,0.041,41.0,145.45,0.0,safe
SNS-zone_06-01,zone_06,2026-03-09T00:00:00Z,64.31,0.172,58.4,418.24,0.0,warning
SNS-zone_07-01,zone_07,2026-03-09T00:00:00Z,51.12,0.131,67.55,410.71,0.0,warning
SNS-zone_08-01,zone_08,2026-03-09T00:00:00Z,50.61,0.126,69.42,398.03,0.0,warning
SNS-zone_09-01,zone_09,2026-03-09T00:00:00Z,10.38,0.019,29.93,100.91,0.0,safe
SNS-zone_10-01,zone_10,2026-03-09T00:00:00Z,46.47,0.119,60.82,399.46,0.0,warning
SNS-zone_11-01,zone_11,2026-03-09T00:00:00Z,105.82,0.335,92.42,841.25,0.0,evacuation
SNS-zone_12-01,zone_12,2026-03-09T00:00:00Z,106.03,0.321,79.45,841.71,0.0,evacuation
SNS-zone_13-01,zone_13,2026-03-09T00:00:00Z,11.64,0.018,39.14,119.64,0.0,safe
SNS-zone_14-01,zone_14,2026-03-09T00:00:00Z,26.25,0.033,34.55,141.64,0.0,safe
SNS-zone_15-01,zone_15,2026-03-09T00:00:00Z,10.11,0.025,37.67,106.97,0.0,safe
SNS-zone_16-01,zone_16,2026-03-09T00:00:00Z,24.83,0.028,28.86,137.14,0.0,safe
SNS-zone_01-01,zone_01,2026-03-10T00:00:00Z,18.75,0.025,37.73,130.08,0.0,safe
SNS-zone_02-01,zone_02,2026-03-10T00:00:00Z,35.16,0.046,28.88,146.38,0.0,safe
SNS-zone_03-01,zone_03,2026-03-10T00:00:00Z,23.79,0.029,33.34,133.88,0.0,safe
SNS-zone_04-01,zone_04,2026-03-10T00:00:00Z,39.23,0.048,38.69,174.92,0.0,safe
SNS-zone_05-01,zone_05,2026-03-10T00:00:00Z,28.31,0.035,41.33,149.82,0.0,safe
SNS-zone_06-01,zone_06,2026-03-10T00:00:00Z,61.47,0.15,61.44,416.22,0.0,warning
SNS-zone_07-01,zone_07,2026-03-10T00:00:00Z,43.83,0.129,66.99,387.22,0.0,safe
SNS-zone_08-01,zone_08,2026-03-10T00:00:00Z,49.57,0.131,67.05,406.4,0.0,warning
SNS-zone_09-01,zone_09,2026-03-10T00:00:00Z,11.5,0.02,28.52,106.61,0.0,safe
SNS-zone_10-01,zone_10,2026-03-10T00:00:00Z,44.62,0.124,63.59,377.05,0.0,warning
SNS-zone_11-01,zone_11,2026-03-10T00:00:00Z,112.12,0.337,96.05,895.42,0.0,evacuation
SNS-zone_12-01,zone_12,2026-03-10T00:00:00Z,109.43,0.351,83.4,865.95,0.0,evacuation
SNS-zone_13-01,zone_13,2026-03-10T00:00:00Z,11.21,0.017,39.9,114.26,0.0,safe
SNS-zone_14-01,zone_14,2026-03-10T00:00:00Z,21.29,0.03,33.49,134.43,0.0,safe
SNS-zone_15-01,zone_15,2026-03-10T00:00:00Z,14.71,0.026,38.69,118.88,0.0,safe
SNS-zone_16-01,zone_16,2026-03-10T00:00:00Z,26.87,0.034,29.31,142.8,0.0,safe
SNS-zone_01-01,zone_01,2026-03-11T00:00:00Z,17.58,0.024,39.76,127.49,0.0,safe
SNS-zone_02-01,zone_02,2026-03-11T00:00:00Z,35.04,0.038,28.25,155.41,0.0,safe
SNS-zone_03-01,zone_03,2026-03-11T00:00:00Z,19.99,0.023,33.59,133.53,0.0,safe
SNS-zone_04-01,zone_04,2026-03-11T00:00:00Z,33.16,0.038,37.64,151.48,0.0,safe
SNS-zone_05-01,zone_05,2026-03-11T00:00:00Z,25.14,0.034,39.65,153.42,0.0,safe
SNS-zone_06-01,zone_06,2026-03-11T00:00:00Z,63.3,0.143,56.14,433.51,0.0,warning
SNS-zone_07-01,zone_07,2026-03-11T00:00:00Z,48.5,0.125,66.74,390.53,0.0,warning
SNS-zone_08-01,zone_08,2026-03-11T00:00:00Z,50.12,0.125,69.05,394.87,0.0,warning
SNS-zone_09-01,zone_09,2026-03-11T00:00:00Z,12.14,0.026,29.59,103.26,0.0,safe
SNS-zone_10-01,zone_10,2026-03-11T00:00:00Z,54.11,0.133,64.23,425.75,0.0,warning
SNS-zone_11-01,zone_11,2026-03-11T00:00:00Z,110.41,0.338,89.1,851.54,0.0,evacuation
SNS-zone_12-01,zone_12,2026-03-11T00:00:00Z,110.08,0.329,79.7,847.47,0.0,evacuation
SNS-zone_13-01,zone_13,2026-03-11T00:00:00Z,10.63,0.019,43.89,111.5,0.0,safe
SNS-zone_14-01,zone_14,2026-03-11T00:00:00Z,24.58,0.033,36.02,136.53,0.0,safe
SNS-zone_15-01,zone_15,2026-03-11T00:00:00Z,14.66,0.021,38.63,119.72,0.0,safe
SNS-zone_16-01,zone_16,2026-03-11T00:00:00Z,23.03,0.036,29.37,132.67,0.0,safe
SNS-zone_01-01,zone_01,2026-03-12T00:00:00Z,19.76,0.022,39.98,138.61,0.0,safe
SNS-zone_02-01,zone_02,2026-03-12T00:00:00Z,34.95,0.044,29.21,156.63,0.0,safe
SNS-zone_03-01,zone_03,2026-03-12T00:00:00Z,20.55,0.03,34.02,128.51,0.0,safe
SNS-zone_04-01,zone_04,2026-03-12T00:00:00Z,37.99,0.043,35.87,168.88,0.0,safe
SNS-zone_05-01,zone_05,2026-03-12T00:00:00Z,27.23,0.035,36.23,144.39,0.0,safe
SNS-zone_06-01,zone_06,2026-03-12T00:00:00Z,64.2,0.152,60.76,446.55,0.0,warning
SNS-zone_07-01,zone_07,2026-03-12T00:00:00Z,48.41,0.117,63.93,392.17,0.0,warning
SNS-zone_08-01,zone_08,2026-03-12T00:00:00Z,53.87,0.139,67.59,414.17,0.0,warning
SNS-zone_09-01,zone_09,2026-03-12T00:00:00Z,11.06,0.017,26.83,106.0,0.0,safe
SNS-zone_10-01,zone_10,2026-03-12T00:00:00Z,48.94,0.136,64.4,417.18,0.0,warning
SNS-zone_11-01,zone_11,2026-03-12T00:00:00Z,107.09,0.334,92.78,866.5,0.0,evacuation
SNS-zone_12-01,zone_12,2026-03-12T00:00:00Z,110.94,0.343,83.29,871.22,0.0,evacuation
SNS-zone_13-01,zone_13,2026-03-12T00:00:00Z,11.62,0.017,42.46,120.45,0.0,safe
SNS-zone_14-01,zone_14,2026-03-12T00:00:00Z,24.99,0.029,35.96,144.95,0.0,safe
SNS-zone_15-01,zone_15,2026-03-12T00:00:00Z,15.29,0.019,35.91,118.07,0.0,safe
SNS-zone_16-01,zone_16,2026-03-12T00:00:00Z,26.45,0.031,32.94,140.87,0.0,safe
SNS-zone_01-01,zone_01,2026-03-13T00:00:00Z,21.14,0.034,38.57,135.5,0.0,safe
SNS-zone_02-01,zone_02,2026-03-13T00:00:00Z,30.45,0.038,32.07,157.15,0.0,safe
SNS-zone_03-01,zone_03,2026-03-13T00:00:00Z,21.11,0.033,34.38,125.11,0.0,safe
SNS-zone_04-01,zone_04,2026-03-13T00:00:00Z,32.34,0.04,38.61,155.92,0.0,safe
SNS-zone_05-01,zone_05,2026-03-13T00:00:00Z,28.16,0.037,39.03,156.59,0.0,safe
SNS-zone_06-01,zone_06,2026-03-13T00:00:00Z,64.63,0.142,56.19,431.85,0.0,warning
SNS-zone_07-01,zone_07,2026-03-13T00:00:00Z,50.63,0.131,61.27,398.23,0.0,warning
SNS-zone_08-01,zone_08,2026-03-13T00:00:00Z,50.92,0.125,68.03,418.48,0.0,warning
SNS-zone_09-01,zone_09,2026-03-13T00:00:00Z,12.33,0.021,28.83,101.66,0.0,safe
SNS-zone_10-01,zone_10,2026-03-13T00:00:00Z,50.23,0.133,63.85,415.2,0.0,warning
SNS-zone_11-01,zone_11,2026-03-13T00:00:00Z,107.35,0.342,87.3,831.07,0.0,evacuation
SNS-zone_12-01,zone_12,2026-03-13T00:00:00Z,107.72,0.319,82.73,838.01,0.0,evacuation
SNS-zone_13-01,zone_13,2026-03-13T00:00:00Z,12.71,0.023,43.16,126.35,0.0,safe
SNS-zone_14-01,zone_14,2026-03-13T00:00:00Z,25.31,0.034,34.74,146.57,0.0,safe
SNS-zone_15-01,zone_15,2026-03-13T00:00:00Z,16.7,0.022,38.28,128.49,0.0,safe
SNS-zone_16-01,zone_16,2026-03-13T00:00:00Z,26.03,0.039,27.61,146.62,0.0,safe
SNS-zone_01-01,zone_01,2026-03-14T00:00:00Z,22.18,0.029,37.63,147.93,0.0,safe
SNS-zone_02-01,zone_02,2026-03-14T00:00:00Z,30.92,0.042,28.62,145.69,0.0,safe
SNS-zone_03-01,zone_03,2026-03-14T00:00:00Z,19.51,0.027,33.07,126.36,0.0,safe
SNS-zone_04-01,zone_04,2026-03-14T00:00:00Z,35.59,0.043,38.77,168.31,0.0,safe
SNS-zone_05-01,zone_05,2026-03-14T00:00:00Z,26.47,0.031,39.07,147.39,0.0,safe
SNS-zone_06-01,zone_06,2026-03-14T00:00:00Z,67.43,0.175,61.18,448.01,0.0,warning
SNS-zone_07-01,zone_07,2026-03-14T00:00:00Z,44.91,0.112,64.98,380.15,0.0,safe
SNS-zone_08-01,zone_08,2026-03-14T00:00:00Z,50.78,0.134,66.48,403.5,0.0,warning
SNS-zone_09-01,zone_09,2026-03-14T00:00:00Z,10.14,0.016,28.27,112.09,0.0,safe
SNS-zone_10-01,zone_10,2026-03-14T00:00:00Z,44.24,0.115,66.35,393.83,0.0,safe
SNS-zone_11-01,zone_11,2026-03-14T00:00:00Z,100.85,0.307,91.95,829.95,0.0,warning
SNS-zone_12-01,zone_12,2026-03-14T00:00:00Z,107.56,0.341,81.76,849.38,0.0,evacuation
SNS-zone_13-01,zone_13,2026-03-14T00:00:00Z,9.84,0.024,42.36,111.55,0.0,safe
SNS-zone_14-01,zone_14,2026-03-14T00:00:00Z,22.76,0.032,37.03,137.75,0.0,safe
SNS-zone_15-01,zone_15,2026-03-14T00:00:00Z,16.66,0.022,35.13,118.47,0.0,safe
SNS-zone_16-01,zone_16,2026-03-14T00:00:00Z,26.16,0.024,31.21,140.57,0.0,safe
SNS-zone_01-01,zone_01,2026-03-15T00:00:00Z,22.27,0.028,37.71,144.61,0.0,safe
SNS-zone_02-01,zone_02,2026-03-15T00:00:00Z,36.6,0.044,29.55,152.81,0.0,safe
SNS-zone_03-01,zone_03,2026-03-15T00:00:00Z,19.2,0.026,34.57,121.21,0.0,safe
SNS-zone_04-01,zone_04,2026-03-15T00:00:00Z,34.99,0.042,38.02,159.84,0.0,safe
SNS-zone_05-01,zone_05,2026-03-15T00:00:00Z,27.47,0.04,40.17,158.3,0.0,safe
SNS-zone_06-01,zone_06,2026-03-15T00:00:00Z,61.23,0.16,58.91,422.99,0.0,warning
SNS-zone_07-01,zone_07,2026-03-15T00:00:00Z,48.49,0.14,63.69,392.21,0.0,warning
SNS-zone_08-01,zone_08,2026-03-15T00:00:00Z,51.38,0.132,66.23,409.16,0.0,warning
SNS-zone_09-01,zone_09,2026-03-15T00:00:00Z,10.46,0.02,29.67,97.24,0.0,safe
SNS-zone_10-01,zone_10,2026-03-15T00:00:00Z,53.59,0.147,66.71,417.04,0.0,warning
SNS-zone_11-01,zone_11,2026-03-15T00:00:00Z,107.93,0.349,96.31,879.57,0.0,evacuation
SNS-zone_12-01,zone_12,2026-03-15T00:00:00Z,109.02,0.359,81.42,852.78,0.0,evacuation
SNS-zone_13-01,zone_13,2026-03-15T00:00:00Z,9.29,0.017,43.25,114.93,0.0,safe
SNS-zone_14-01,zone_14,2026-03-15T00:00:00Z,23.83,0.032,35.68,146.52,0.0,safe
SNS-zone_15-01,zone_15,2026-03-15T00:00:00Z,15.18,0.022,36.0,127.28,0.0,safe
SNS-zone_16-01,zone_16,2026-03-15T00:00:00Z,24.51,0.031,30.78,131.21,0.0,safe
SNS-zone_01-01,zone_01,2026-03-16T00:00:00Z,18.8,0.024,37.74,122.38,0.0,safe
SNS-zone_02-01,zone_02,2026-03-16T00:00:00Z,34.3,0.04,28.2,158.1,0.0,safe
SNS-zone_03-01,zone_03,2026-03-16T00:00:00Z,21.82,0.027,33.36,134.38,0.0,safe
SNS-zone_04-01,zone_04,2026-03-16T00:00:00Z,34.75,0.052,36.25,160.29,0.0,safe
SNS-zone_05-01,zone_05,2026-03-16T00:00:00Z,28.19,0.039,38.65,145.91,0.0,safe
SNS-zone_06-01,zone_06,2026-03-16T00:00:00Z,64.02,0.148,57.34,429.33,0.0,warning
SNS-zone_07-01,zone_07,2026-03-16T00:00:00Z,49.6,0.14,66.84,404.8,0.0,warning
SNS-zone_08-01,zone_08,2026-03-16T00:00:00Z,49.97,0.13,66.68,407.36,0.0,warning
SNS-zone_09-01,zone_09,2026-03-16T00:00:00Z,13.09,0.034,29.24,115.84,0.0,safe
SNS-zone_10-01,zone_10,2026-03-16T00:00:00Z,49.91,0.128,66.76,426.31,0.0,warning
SNS-zone_11-01,zone_11,2026-03-16T00:00:00Z,109.61,0.324,93.1,884.92,0.0,evacuation
SNS-zone_12-01,zone_12,2026-03-16T00:00:00Z,114.37,0.351,82.16,881.38,0.0,evacuation
SNS-zone_13-01,zone_13,2026-03-16T00:00:00Z,12.15,0.023,40.54,122.98,0.0,safe
SNS-zone_14-01,zone_14,2026-03-16T00:00:00Z,25.42,0.044,33.63,137.99,0.0,safe
SNS-zone_15-01,zone_15,2026-03-16T00:00:00Z,17.03,0.017,36.2,124.53,0.0,safe
SNS-zone_16-01,zone_16,2026-03-16T00:00:00Z,24.24,0.03,29.44,132.83,0.0,safe
SNS-zone_01-01,zone_01,2026-03-17T00:00:00Z,17.83,0.027,37.04,126.09,0.0,safe
SNS-zone_02-01,zone_02,2026-03-17T00:00:00Z,33.98,0.043,26.58,153.51,0.0,safe
SNS-zone_03-01,zone_03,2026-03-17T00:00:00Z,19.89,0.028,36.13,136.27,0.0,safe
SNS-zone_04-01,zone_04,2026-03-17T00:00:00Z,31.78,0.041,37.49,156.73,0.0,safe
SNS-zone_05-01,zone_05,2026-03-17T00:00:00Z,24.5,0.022,38.85,144.16,0.0,safe
SNS-zone_06-01,zone_06,2026-03-17T00:00:00Z,61.23,0.156,60.6,426.99,0.0,warning
SNS-zone_07-01,zone_07,2026-03-17T00:00:00Z,47.5,0.13,64.59,398.33,0.0,warning
SNS-zone_08-01,zone_08,2026-03-17T00:00:00Z,55.08,0.136,67.5,414.05,0.0,warning
SNS-zone_09-01,zone_09,2026-03-17T00:00:00Z,9.92,0.018,28.76,102.85,0.0,safe
SNS-zone_10-01,zone_10,2026-03-17T00:00:00Z,51.89,0.132,63.16,404.57,0.0,warning
SNS-zone_11-01,zone_11,2026-03-17T00:00:00Z,103.1,0.302,97.02,868.35,0.0,evacuation
SNS-zone_12-01,zone_12,2026-03-17T00:00:00Z,103.03,0.31,79.71,815.74,0.0,evacuation
SNS-zone_13-01,zone_13,2026-03-17T00:00:00Z,12.61,0.023,40.99,116.94,0.0,safe
SNS-zone_14-01,zone_14,2026-03-17T00:00:00Z,25.55,0.037,36.19,141.85,0.0,safe
SNS-zone_15-01,zone_15,2026-03-17T00:00:00Z,19.99,0.023,38.3,119.27,0.0,safe
SNS-zone_16-01,zone_16,2026-03-17T00:00:00Z,22.7,0.026,29.99,128.85,0.0,safe
SNS-zone_01-01,zone_01,2026-03-18T00:00:00Z,17.37,0.025,40.11,133.24,0.0,safe
SNS-zone_02-01,zone_02,2026-03-18T00:00:00Z,31.44,0.044,31.18,153.74,0.0,safe
SNS-zone_03-01,zone_03,2026-03-18T00:00:00Z,21.04,0.034,33.78,136.17,0.0,safe
SNS-zone_04-01,zone_04,2026-03-18T00:00:00Z,33.4,0.044,39.55,155.12,0.0,safe
SNS-zone_05-01,zone_05,2026-03-18T00:00:00Z,26.19,0.033,37.37,145.41,0.0,safe
SNS-zone_06-01,zone_06,2026-03-18T00:00:00Z,63.79,0.147,61.62,433.49,0.0,warning
SNS-zone_07-01,zone_07,2026-03-18T00:00:00Z,46.39,0.127,66.13,391.6,0.0,warning
SNS-zone_08-01,zone_08,2026-03-18T00:00:00Z,51.74,0.129,64.68,400.04,0.0,warning
SNS-zone_09-01,zone_09,2026-03-18T00:00:00Z,8.65,0.021,29.57,110.44,0.0,safe
SNS-zone_10-01,zone_10,2026-03-18T00:00:00Z,49.77,0.131,66.08,391.71,0.0,warning
SNS-zone_11-01,zone_11,2026-03-18T00:00:00Z,112.96,0.346,94.84,890.52,0.0,evacuation
SNS-zone_12-01,zone_12,2026-03-18T00:00:00Z,105.8,0.344,82.94,846.44,0.0,evacuation
SNS-zone_13-01,zone_13,2026-03-18T00:00:00Z,7.43,0.011,43.05,113.38,0.0,safe
SNS-zone_14-01,zone_14,2026-03-18T00:00:00Z,19.63,0.028,36.13,132.54,0.0,safe
SNS-zone_15-01,zone_15,2026-03-18T00:00:00Z,15.58,0.025,34.09,123.31,0.0,safe
SNS-zone_16-01,zone_16,2026-03-18T00:00:00Z,25.96,0.031,29.1,128.19,0.0,safe
SNS-zone_01-01,zone_01,2026-03-19T00:00:00Z,20.71,0.031,38.19,128.14,0.0,safe
SNS-zone_02-01,zone_02,2026-03-19T00:00:00Z,34.22,0.041,27.57,150.32,0.0,safe
SNS-zone_03-01,zone_03,2026-03-19T00:00:00Z,18.73,0.029,34.19,122.55,0.0,safe
SNS-zone_04-01,zone_04,2026-03-19T00:00:00Z,33.71,0.041,35.88,158.76,0.0,safe
SNS-zone_05-01,zone_05,2026-03-19T00:00:00Z,24.91,0.035,37.58,144.34,0.0,safe
SNS-zone_06-01,zone_06,2026-03-19T00:00:00Z,62.99,0.156,58.89,425.01,0.0,warning
SNS-zone_07-01,zone_07,2026-03-19T00:00:00Z,46.59,0.121,66.27,383.92,0.0,warning
SNS-zone_08-01,zone_08,2026-03-19T00:00:00Z,51.52,0.126,66.84,406.72,0.0,warning
SNS-zone_09-01,zone_09,2026-03-19T00:00:00Z,9.83,0.024,26.44,102.14,0.0,safe
SNS-zone_10-01,zone_10,2026-03-19T00:00:00Z,51.89,0.143,62.29,411.84,0.0,warning
SNS-zone_11-01,zone_11,2026-03-19T00:00:00Z,106.4,0.332,94.86,888.69,0.0,evacuation
SNS-zone_12-01,zone_12,2026-03-19T00:00:00Z,113.63,0.349,81.74,859.36,0.0,evacuation
SNS-zone_13-01,zone_13,2026-03-19T00:00:00Z,10.31,0.022,42.85,109.44,0.0,safe
SNS-zone_14-01,zone_14,2026-03-19T00:00:00Z,27.21,0.037,33.36,154.46,0.0,safe
SNS-zone_15-01,zone_15,2026-03-19T00:00:00Z,17.39,0.031,39.18,135.94,0.0,safe
SNS-zone_16-01,zone_16,2026-03-19T00:00:00Z,22.85,0.036,30.55,139.7,0.0,safe
SNS-zone_01-01,zone_01,2026-03-20T00:00:00Z,26.55,0.044,40.84,150.69,12.9,safe
SNS-zone_02-01,zone_02,2026-03-20T00:00:00Z,36.01,0.043,31.96,157.8,12.9,safe
SNS-zone_03-01,zone_03,2026-03-20T00:00:00Z,24.51,0.038,35.96,145.21,12.9,safe
SNS-zone_04-01,zone_04,2026-03-20T00:00:00Z,36.62,0.044,40.92,170.13,12.9,safe
SNS-zone_05-01,zone_05,2026-03-20T00:00:00Z,33.03,0.037,42.27,166.92,12.9,safe
SNS-zone_06-01,zone_06,2026-03-20T00:00:00Z,64.69,0.149,63.48,436.23,12.9,warning
SNS-zone_07-01,zone_07,2026-03-20T00:00:00Z,61.35,0.144,72.25,436.13,12.9,warning
SNS-zone_08-01,zone_08,2026-03-20T00:00:00Z,58.34,0.14,74.24,435.39,12.9,warning
SNS-zone_09-01,zone_09,2026-03-20T00:00:00Z,17.19,0.025,29.15,107.23,12.9,safe
SNS-zone_10-01,zone_10,2026-03-20T00:00:00Z,61.92,0.155,70.79,440.06,12.9,warning
SNS-zone_11-01,zone_11,2026-03-20T00:00:00Z,112.17,0.339,104.25,894.72,12.9,evacuation
SNS-zone_12-01,zone_12,2026-03-20T00:00:00Z,116.6,0.342,90.72,873.76,12.9,evacuation
SNS-zone_13-01,zone_13,2026-03-20T00:00:00Z,13.48,0.022,43.92,117.31,12.9,safe
SNS-zone_14-01,zone_14,2026-03-20T00:00:00Z,31.86,0.032,39.11,155.06,12.9,safe
SNS-zone_15-01,zone_15,2026-03-20T00:00:00Z,19.52,0.027,39.82,128.42,12.9,safe
SNS-zone_16-01,zone_16,2026-03-20T00:00:00Z,26.83,0.029,31.64,141.68,12.9,safe
SNS-zone_01-01,zone_01,2026-03-21T00:00:00Z,23.48,0.029,39.49,138.02,0.2,safe
SNS-zone_02-01,zone_02,2026-03-21T00:00:00Z,34.25,0.037,29.94,158.68,0.2,safe
SNS-zone_03-01,zone_03,2026-03-21T00:00:00Z,22.36,0.032,33.46,131.96,0.2,safe
SNS-zone_04-01,zone_04,2026-03-21T00:00:00Z,37.63,0.048,39.86,174.81,0.2,safe
SNS-zone_05-01,zone_05,2026-03-21T00:00:00Z,27.22,0.039,41.49,150.84,0.2,safe
SNS-zone_06-01,zone_06,2026-03-21T00:00:00Z,72.58,0.159,62.44,466.32,0.2,warning
SNS-zone_07-01,zone_07,2026-03-21T00:00:00Z,58.7,0.136,69.42,434.33,0.2,warning
SNS-zone_08-01,zone_08,2026-03-21T00:00:00Z,55.92,0.133,73.94,427.19,0.2,warning
SNS-zone_09-01,zone_09,2026-03-21T00:00:00Z,13.92,0.023,31.65,104.73,0.2,safe
SNS-zone_10-01,zone_10,2026-03-21T00:00:00Z,55.92,0.134,71.78,444.28,0.2,warning
SNS-zone_11-01,zone_11,2026-03-21T00:00:00Z,111.29,0.369,102.25,891.1,0.2,evacuation
SNS-zone_12-01,zone_12,2026-03-21T00:00:00Z,117.41,0.346,90.13,905.58,0.2,evacuation
SNS-zone_13-01,zone_13,2026-03-21T00:00:00Z,12.71,0.018,41.69,120.24,0.2,safe
SNS-zone_14-01,zone_14,2026-03-21T00:00:00Z,27.3,0.035,38.11,141.3,0.2,safe
SNS-zone_15-01,zone_15,2026-03-21T00:00:00Z,18.62,0.026,39.92,137.58,0.2,safe
SNS-zone_16-01,zone_16,2026-03-21T00:00:00Z,27.04,0.035,29.44,138.26,0.2,safe
SNS-zone_01-01,zone_01,2026-03-22T00:00:00Z,25.99,0.032,39.13,153.4,0.0,safe
SNS-zone_02-01,zone_02,2026-03-22T00:00:00Z,36.83,0.041,31.76,154.17,0.0,safe
SNS-zone_03-01,zone_03,2026-03-22T00:00:00Z,25.9,0.034,33.67,142.78,0.0,safe
SNS-zone_04-01,zone_04,2026-03-22T00:00:00Z,37.83,0.045,39.76,165.07,0.0,safe
SNS-zone_05-01,zone_05,2026-03-22T00:00:00Z,32.21,0.045,42.23,161.56,0.0,safe
SNS-zone_06-01,zone_06,2026-03-22T00:00:00Z,65.96,0.16,62.28,448.25,0.0,warning
SNS-zone_07-01,zone_07,2026-03-22T00:00:00Z,52.91,0.126,70.2,409.61,0.0,warning
SNS-zone_08-01,zone_08,2026-03-22T00:00:00Z,54.0,0.126,69.36,411.13,0.0,warning
SNS-zone_09-01,zone_09,2026-03-22T00:00:00Z,15.6,0.021,29.25,109.15,0.0,safe
SNS-zone_10-01,zone_10,2026-03-22T00:00:00Z,56.95,0.147,65.86,430.81,0.0,warning
SNS-zone_11-01,zone_11,2026-03-22T00:00:00Z,112.25,0.354,98.79,904.05,0.0,evacuation
SNS-zone_12-01,zone_12,2026-03-22T00:00:00Z,116.83,0.349,85.89,885.88,0.0,evacuation
SNS-zone_13-01,zone_13,2026-03-22T00:00:00Z,17.23,0.026,43.33,130.49,0.0,safe
SNS-zone_14-01,zone_14,2026-03-22T00:00:00Z,27.08,0.034,37.76,143.4,0.0,safe
SNS-zone_15-01,zone_15,2026-03-22T00:00:00Z,16.5,0.02,38.3,127.87,0.0,safe
SNS-zone_16-01,zone_16,2026-03-22T00:00:00Z,30.09,0.033,30.75,139.48,0.0,safe
SNS-zone_01-01,zone_01,2026-03-23T00:00:00Z,23.79,0.034,38.6,138.17,0.0,safe
SNS-zone_02-01,zone_02,2026-03-23T00:00:00Z,33.53,0.043,32.17,153.61,0.0,safe
SNS-zone_03-01,zone_03,2026-03-23T00:00:00Z,19.88,0.02,32.37,127.5,0.0,safe
SNS-zone_04-01,zone_04,2026-03-23T00:00:00Z,37.96,0.042,39.55,169.59,0.0,safe
SNS-zone_05-01,zone_05,2026-03-23T00:00:00Z,31.83,0.042,40.82,160.74,0.0,safe
SNS-zone_06-01,zone_06,2026-03-23T00:00:00Z,65.94,0.162,63.49,460.29,0.0,warning
SNS-zone_07-01,zone_07,2026-03-23T00:00:00Z,53.74,0.133,71.56,424.36,0.0,warning
SNS-zone_08-01,zone_08,2026-03-23T00:00:00Z,56.12,0.137,68.35,422.95,0.0,warning
SNS-zone_09-01,zone_09,2026-03-23T00:00:00Z,14.12,0.018,27.28,107.55,0.0,safe
SNS-zone_10-01,zone_10,2026-03-23T00:00:00Z,56.13,0.127,64.97,416.14,0.0,warning
SNS-zone_11-01,zone_11,2026-03-23T00:00:00Z,110.32,0.345,99.77,896.29,0.0,evacuation
SNS-zone_12-01,zone_12,2026-03-23T00:00:00Z,114.07,0.341,91.33,906.83,0.0,evacuation
SNS-zone_13-01,zone_13,2026-03-23T00:00:00Z,11.39,0.025,44.98,126.0,0.0,safe
SNS-zone_14-01,zone_14,2026-03-23T00:00:00Z,23.17,0.026,36.51,136.77,0.0,safe
SNS-zone_15-01,zone_15,2026-03-23T00:00:00Z,20.44,0.028,38.84,135.26,0.0,safe
SNS-zone_16-01,zone_16,2026-03-23T00:00:00Z,24.89,0.033,31.78,130.53,0.0,safe
SNS-zone_01-01,zone_01,2026-03-24T00:00:00Z,19.19,0.035,39.6,139.54,0.0,safe
SNS-zone_02-01,zone_02,2026-03-24T00:00:00Z,34.64,0.047,31.49,154.72,0.0,safe
SNS-zone_03-01,zone_03,2026-03-24T00:00:00Z,21.62,0.039,35.14,148.93,0.0,safe
SNS-zone_04-01,zone_04,2026-03-24T00:00:00Z,37.23,0.042,38.03,175.1,0.0,safe
SNS-zone_05-01,zone_05,2026-03-24T00:00:00Z,28.08,0.041,42.54,155.41,0.0,safe
SNS-zone_06-01,zone_06,2026-03-24T00:00:00Z,70.84,0.156,59.58,458.42,0.0,warning
SNS-zone_07-01,zone_07,2026-03-24T00:00:00Z,52.54,0.133,68.34,418.3,0.0,warning
SNS-zone_08-01,zone_08,2026-03-24T00:00:00Z,57.19,0.135,71.71,431.1,0.0,warning
SNS-zone_09-01,zone_09,2026-03-24T00:00:00Z,15.38,0.025,29.71,112.47,0.0,safe
SNS-zone_10-01,zone_10,2026-03-24T00:00:00Z,52.21,0.141,64.46,414.16,0.0,warning
SNS-zone_11-01,zone_11,2026-03-24T00:00:00Z,105.72,0.314,98.09,864.01,0.0,evacuation
SNS-zone_12-01,zone_12,2026-03-24T00:00:00Z,110.81,0.347,82.8,868.0,0.0,evacuation
SNS-zone_13-01,zone_13,2026-03-24T00:00:00Z,15.96,0.022,43.37,129.88,0.0,safe
SNS-zone_14-01,zone_14,2026-03-24T00:00:00Z,23.62,0.03,37.04,144.07,0.0,safe
SNS-zone_15-01,zone_15,2026-03-24T00:00:00Z,15.36,0.023,38.75,118.25,0.0,safe
SNS-zone_16-01,zone_16,2026-03-24T00:00:00Z,26.67,0.031,29.69,134.86,0.0,safe
SNS-zone_01-01,zone_01,2026-03-25T00:00:00Z,20.93,0.031,38.42,135.89,0.0,safe
SNS-zone_02-01,zone_02,2026-03-25T00:00:00Z,36.82,0.041,32.48,163.92,0.0,safe
SNS-zone_03-01,zone_03,2026-03-25T00:00:00Z,21.26,0.036,33.57,135.33,0.0,safe
SNS-zone_04-01,zone_04,2026-03-25T00:00:00Z,36.12,0.042,39.59,168.43,0.0,safe
SNS-zone_05-01,zone_05,2026-03-25T00:00:00Z,25.48,0.031,40.38,157.15,0.0,safe
SNS-zone_06-01,zone_06,2026-03-25T00:00:00Z,69.94,0.158,63.45,458.06,0.0,warning
SNS-zone_07-01,zone_07,2026-03-25T00:00:00Z,51.13,0.125,68.87,404.88,0.0,warning
SNS-zone_08-01,zone_08,2026-03-25T00:00:00Z,55.12,0.134,67.52,420.48,0.0,warning
SNS-zone_09-01,zone_09,2026-03-25T00:00:00Z,10.54,0.018,29.63,113.1,0.0,safe
SNS-zone_10-01,zone_10,2026-03-25T00:00:00Z,54.18,0.14,63.01,404.22,0.0,warning
SNS-zone_11-01,zone_11,2026-03-25T00:00:00Z,109.99,0.362,96.09,887.63,0.0,evacuation
SNS-zone_12-01,zone_12,2026-03-25T00:00:00Z,104.69,0.312,89.47,861.17,0.0,evacuation
SNS-zone_13-01,zone_13,2026-03-25T00:00:00Z,15.32,0.024,43.49,132.71,0.0,safe
SNS-zone_14-01,zone_14,2026-03-25T00:00:00Z,27.1,0.036,35.36,140.65,0.0,safe
SNS-zone_15-01,zone_15,2026-03-25T00:00:00Z,19.01,0.033,38.89,131.17,0.0,safe
SNS-zone_16-01,zone_16,2026-03-25T00:00:00Z,26.98,0.034,28.24,131.37,0.0,safe
SNS-zone_01-01,zone_01,2026-03-26T00:00:00Z,25.3,0.03,39.78,144.56,0.0,safe
SNS-zone_02-01,zone_02,2026-03-26T00:00:00Z,35.68,0.048,29.28,159.86,0.0,safe
SNS-zone_03-01,zone_03,2026-03-26T00:00:00Z,17.52,0.028,31.7,117.15,0.0,safe
SNS-zone_04-01,zone_04,2026-03-26T00:00:00Z,36.29,0.04,39.23,180.44,0.0,safe
SNS-zone_05-01,zone_05,2026-03-26T00:00:00Z,30.15,0.034,40.54,153.82,0.0,safe
SNS-zone_06-01,zone_06,2026-03-26T00:00:00Z,66.07,0.16,59.85,453.04,0.0,warning
SNS-zone_07-01,zone_07,2026-03-26T00:00:00Z,55.51,0.131,63.33,424.66,0.0,warning
SNS-zone_08-01,zone_08,2026-03-26T00:00:00Z,51.0,0.119,67.33,412.89,0.0,warning
SNS-zone_09-01,zone_09,2026-03-26T00:00:00Z,14.18,0.025,29.93,110.44,0.0,safe
SNS-zone_10-01,zone_10,2026-03-26T00:00:00Z,50.03,0.124,64.16,409.89,0.0,warning
SNS-zone_11-01,zone_11,2026-03-26T00:00:00Z,111.8,0.361,95.62,893.41,0.0,evacuation
SNS-zone_12-01,zone_12,2026-03-26T00:00:00Z,108.05,0.327,87.23,850.7,0.0,evacuation
SNS-zone_13-01,zone_13,2026-03-26T00:00:00Z,13.17,0.026,41.17,124.85,0.0,safe
SNS-zone_14-01,zone_14,2026-03-26T00:00:00Z,25.21,0.029,34.94,142.43,0.0,safe
SNS-zone_15-01,zone_15,2026-03-26T00:00:00Z,18.45,0.023,40.3,137.02,0.0,safe
SNS-zone_16-01,zone_16,2026-03-26T00:00:00Z,26.11,0.035,29.99,136.67,0.0,safe
SNS-zone_01-01,zone_01,2026-03-27T00:00:00Z,20.39,0.036,37.55,132.24,1.9,safe
SNS-zone_02-01,zone_02,2026-03-27T00:00:00Z,31.94,0.035,31.22,156.74,1.9,safe
SNS-zone_03-01,zone_03,2026-03-27T00:00:00Z,23.75,0.023,34.42,130.67,1.9,safe
SNS-zone_04-01,zone_04,2026-03-27T00:00:00Z,34.89,0.042,39.19,161.6,1.9,safe
SNS-zone_05-01,zone_05,2026-03-27T00:00:00Z,24.63,0.034,40.91,143.66,1.9,safe
SNS-zone_06-01,zone_06,2026-03-27T00:00:00Z,68.66,0.168,60.76,448.73,1.9,warning
SNS-zone_07-01,zone_07,2026-03-27T00:00:00Z,49.7,0.116,66.94,418.53,1.9,warning
SNS-zone_08-01,zone_08,2026-03-27T00:00:00Z,52.21,0.121,70.97,417.26,1.9,warning
SNS-zone_09-01,zone_09,2026-03-27T00:00:00Z,10.22,0.017,29.64,100.47,1.9,safe
SNS-zone_10-01,zone_10,2026-03-27T00:00:00Z,47.98,0.132,65.23,406.7,1.9,warning
SNS-zone_11-01,zone_11,2026-03-27T00:00:00Z,107.05,0.336,99.48,856.62,1.9,evacuation
SNS-zone_12-01,zone_12,2026-03-27T00:00:00Z,110.19,0.35,82.4,851.58,1.9,evacuation
SNS-zone_13-01,zone_13,2026-03-27T00:00:00Z,13.77,0.027,41.71,115.47,1.9,safe
SNS-zone_14-01,zone_14,2026-03-27T00:00:00Z,27.08,0.035,34.56,143.99,1.9,safe
SNS-zone_15-01,zone_15,2026-03-27T00:00:00Z,18.23,0.026,37.25,120.65,1.9,safe
SNS-zone_16-01,zone_16,2026-03-27T00:00:00Z,29.26,0.036,29.94,135.07,1.9,safe
SNS-zone_01-01,zone_01,2026-03-28T00:00:00Z,21.85,0.035,38.42,136.4,0.0,safe
SNS-zone_02-01,zone_02,2026-03-28T00:00:00Z,35.2,0.055,29.85,167.26,0.0,safe
SNS-zone_03-01,zone_03,2026-03-28T00:00:00Z,19.55,0.028,34.73,117.64,0.0,safe
SNS-zone_04-01,zone_04,2026-03-28T00:00:00Z,41.54,0.044,38.54,179.01,0.0,safe
SNS-zone_05-01,zone_05,2026-03-28T00:00:00Z,24.83,0.033,40.08,152.68,0.0,safe
SNS-zone_06-01,zone_06,2026-03-28T00:00:00Z,65.5,0.154,59.73,440.13,0.0,warning
SNS-zone_07-01,zone_07,2026-03-28T00:00:00Z,50.35,0.128,67.21,414.98,0.0,warning
SNS-zone_08-01,zone_08,2026-03-28T00:00:00Z,52.24,0.144,68.85,415.37,0.0,warning
SNS-zone_09-01,zone_09,2026-03-28T00:00:00Z,10.12,0.026,28.64,106.54,0.0,safe
SNS-zone_10-01,zone_10,2026-03-28T00:00:00Z,49.02,0.121,65.4,411.96,0.0,warning
SNS-zone_11-01,zone_11,2026-03-28T00:00:00Z,106.68,0.333,95.87,854.5,0.0,evacuation
SNS-zone_12-01,zone_12,2026-03-28T00:00:00Z,114.69,0.36,86.88,890.86,0.0,evacuation
SNS-zone_13-01,zone_13,2026-03-28T00:00:00Z,14.43,0.027,41.13,117.13,0.0,safe
SNS-zone_14-01,zone_14,2026-03-28T00:00:00Z,26.49,0.035,36.27,147.59,0.0,safe
SNS-zone_15-01,zone_15,2026-03-28T00:00:00Z,19.76,0.026,39.35,131.55,0.0,safe
SNS-zone_16-01,zone_16,2026-03-28T00:00:00Z,27.53,0.032,31.65,137.33,0.0,safe
SNS-zone_01-01,zone_01,2026-03-29T00:00:00Z,19.97,0.032,41.93,133.42,0.0,safe
SNS-zone_02-01,zone_02,2026-03-29T00:00:00Z,34.13,0.045,30.93,158.68,0.0,safe
SNS-zone_03-01,zone_03,2026-03-29T00:00:00Z,20.63,0.028,34.55,127.65,0.0,safe
SNS-zone_04-01,zone_04,2026-03-29T00:00:00Z,31.35,0.039,38.56,157.07,0.0,safe
SNS-zone_05-01,zone_05,2026-03-29T00:00:00Z,27.15,0.036,41.95,147.28,0.0,safe
SNS-zone_06-01,zone_06,2026-03-29T00:00:00Z,67.38,0.151,59.3,439.89,0.0,warning
SNS-zone_07-01,zone_07,2026-03-29T00:00:00Z,49.45,0.128,63.48,393.2,0.0,warning
SNS-zone_08-01,zone_08,2026-03-29T00:00:00Z,50.67,0.134,68.95,405.81,0.0,warning
SNS-zone_09-01,zone_09,2026-03-29T00:00:00Z,15.0,0.021,30.23,111.52,0.0,safe
SNS-zone_10-01,zone_10,2026-03-29T00:00:00Z,58.06,0.148,64.24,420.46,0.0,warning
SNS-zone_11-01,zone_11,2026-03-29T00:00:00Z,108.04,0.334,100.27,889.68,0.0,evacuation
SNS-zone_12-01,zone_12,2026-03-29T00:00:00Z,107.38,0.335,88.18,841.57,0.0,evacuation
SNS-zone_13-01,zone_13,2026-03-29T00:00:00Z,11.07,0.018,42.33,120.14,0.0,safe
SNS-zone_14-01,zone_14,2026-03-29T00:00:00Z,22.71,0.031,33.3,142.91,0.0,safe
SNS-zone_15-01,zone_15,2026-03-29T00:00:00Z,14.57,0.023,38.64,119.83,0.0,safe
SNS-zone_16-01,zone_16,2026-03-29T00:00:00Z,27.61,0.036,29.3,136.34,0.0,safe
SNS-zone_01-01,zone_01,2026-03-30T00:00:00Z,24.43,0.031,39.6,146.26,0.0,safe
SNS-zone_02-01,zone_02,2026-03-30T00:00:00Z,37.92,0.047,29.72,164.3,0.0,safe
SNS-zone_03-01,zone_03,2026-03-30T00:00:00Z,17.91,0.028,33.07,118.89,0.0,safe
SNS-zone_04-01,zone_04,2026-03-30T00:00:00Z,37.28,0.044,39.06,168.57,0.0,safe
SNS-zone_05-01,zone_05,2026-03-30T00:00:00Z,25.11,0.031,39.84,152.44,0.0,safe
SNS-zone_06-01,zone_06,2026-03-30T00:00:00Z,66.13,0.151,63.57,428.73,0.0,warning
SNS-zone_07-01,zone_07,2026-03-30T00:00:00Z,45.28,0.116,68.93,389.98,0.0,safe
SNS-zone_08-01,zone_08,2026-03-30T00:00:00Z,53.03,0.138,70.77,425.98,0.0,warning
SNS-zone_09-01,zone_09,2026-03-30T00:00:00Z,13.53,0.022,28.02,108.92,0.0,safe
SNS-zone_10-01,zone_10,2026-03-30T00:00:00Z,52.8,0.136,65.8,415.62,0.0,warning
SNS-zone_11-01,zone_11,2026-03-30T00:00:00Z,111.17,0.344,92.7,869.15,0.0,evacuation
SNS-zone_12-01,zone_12,2026-03-30T00:00:00Z,116.33,0.385,80.64,899.86,0.0,evacuation
SNS-zone_13-01,zone_13,2026-03-30T00:00:00Z,11.89,0.017,42.74,110.3,0.0,safe
SNS-zone_14-01,zone_14,2026-03-30T00:00:00Z,25.38,0.031,36.71,142.26,0.0,safe
SNS-zone_15-01,zone_15,2026-03-30T00:00:00Z,16.72,0.022,38.09,120.69,0.0,safe
SNS-zone_16-01,zone_16,2026-03-30T00:00:00Z,31.01,0.035,30.71,150.51,0.0,safe
SNS-zone_01-01,zone_01,2026-03-31T00:00:00Z,22.71,0.033,39.39,143.45,0.0,safe
SNS-zone_02-01,zone_02,2026-03-31T00:00:00Z,35.04,0.04,30.83,162.11,0.0,safe
SNS-zone_03-01,zone_03,2026-03-31T00:00:00Z,20.71,0.028,33.84,124.43,0.0,safe
SNS-zone_04-01,zone_04,2026-03-31T00:00:00Z,32.95,0.035,37.08,161.11,0.0,safe
SNS-zone_05-01,zone_05,2026-03-31T00:00:00Z,29.96,0.035,37.78,151.16,0.0,safe
SNS-zone_06-01,zone_06,2026-03-31T00:00:00Z,61.04,0.146,56.31,399.01,0.0,warning
SNS-zone_07-01,zone_07,2026-03-31T00:00:00Z,51.11,0.134,65.41,406.75,0.0,warning
SNS-zone_08-01,zone_08,2026-03-31T00:00:00Z,47.18,0.131,70.82,409.49,0.0,warning
SNS-zone_09-01,zone_09,2026-03-31T00:00:00Z,12.87,0.019,30.42,104.55,0.0,safe
SNS-zone_10-01,zone_10,2026-03-31T00:00:00Z,51.31,0.12,65.05,420.34,0.0,warning
SNS-zone_11-01,zone_11,2026-03-31T00:00:00Z,111.41,0.349,94.61,873.77,0.0,evacuation
SNS-zone_12-01,zone_12,2026-03-31T00:00:00Z,110.38,0.352,83.95,858.72,0.0,evacuation
SNS-zone_13-01,zone_13,2026-03-31T00:00:00Z,15.02,0.03,41.24,128.8,0.0,safe
SNS-zone_14-01,zone_14,2026-03-31T00:00:00Z,26.47,0.028,38.41,143.97,0.0,safe
SNS-zone_15-01,zone_15,2026-03-31T00:00:00Z,13.15,0.026,37.12,117.76,0.0,safe
SNS-zone_16-01,zone_16,2026-03-31T00:00:00Z,25.62,0.025,28.54,134.31,0.0,safe
SNS-zone_01-01,zone_01,2026-04-01T00:00:00Z,22.62,0.033,39.88,146.57,0.0,safe
SNS-zone_02-01,zone_02,2026-04-01T00:00:00Z,31.88,0.042,29.31,151.65,0.0,safe
SNS-zone_03-01,zone_03,2026-04-01T00:00:00Z,20.55,0.023,30.78,133.14,0.0,safe
SNS-zone_04-01,zone_04,2026-04-01T00:00:00Z,33.1,0.048,37.42,162.99,0.0,safe
SNS-zone_05-01,zone_05,2026-04-01T00:00:00Z,30.65,0.038,37.77,148.75,0.0,safe
SNS-zone_06-01,zone_06,2026-04-01T00:00:00Z,63.34,0.151,57.37,418.94,0.0,warning
SNS-zone_07-01,zone_07,2026-04-01T00:00:00Z,49.53,0.122,64.77,409.11,0.0,warning
SNS-zone_08-01,zone_08,2026-04-01T00:00:00Z,49.61,0.122,65.72,397.55,0.0,warning
SNS-zone_09-01,zone_09,2026-04-01T00:00:00Z,14.0,0.03,29.61,113.17,0.0,safe
SNS-zone_10-01,zone_10,2026-04-01T00:00:00Z,53.19,0.143,66.22,420.6,0.0,warning
SNS-zone_11-01,zone_11,2026-04-01T00:00:00Z,107.0,0.357,92.98,822.45,0.0,evacuation
SNS-zone_12-01,zone_12,2026-04-01T00:00:00Z,100.91,0.297,80.42,810.86,0.0,evacuation
SNS-zone_13-01,zone_13,2026-04-01T00:00:00Z,11.09,0.019,43.67,117.13,0.0,safe
SNS-zone_14-01,zone_14,2026-04-01T00:00:00Z,25.54,0.037,37.73,147.65,0.0,safe
SNS-zone_15-01,zone_15,2026-04-01T00:00:00Z,15.75,0.027,38.88,119.47,0.0,safe
SNS-zone_16-01,zone_16,2026-04-01T00:00:00Z,26.67,0.038,29.36,135.38,0.0,safe
SNS-zone_01-01,zone_01,2026-04-02T00:00:00Z,20.41,0.025,38.34,139.28,0.0,safe
SNS-zone_02-01,zone_02,2026-04-02T00:00:00Z,37.34,0.047,30.48,162.6,0.0,safe
SNS-zone_03-01,zone_03,2026-04-02T00:00:00Z,20.7,0.027,32.65,134.46,0.0,safe
SNS-zone_04-01,zone_04,2026-04-02T00:00:00Z,31.29,0.039,36.29,154.51,0.0,safe
SNS-zone_05-01,zone_05,2026-04-02T00:00:00Z,27.9,0.029,40.91,151.99,0.0,safe
SNS-zone_06-01,zone_06,2026-04-02T00:00:00Z,66.77,0.163,58.55,454.36,0.0,warning
SNS-zone_07-01,zone_07,2026-04-02T00:00:00Z,48.84,0.125,67.14,412.39,0.0,warning
SNS-zone_08-01,zone_08,2026-04-02T00:00:00Z,52.25,0.141,67.15,420.52,0.0,warning
SNS-zone_09-01,zone_09,2026-04-02T00:00:00Z,12.68,0.016,30.69,104.39,0.0,safe
SNS-zone_10-01,zone_10,2026-04-02T00:00:00Z,46.21,0.114,64.06,392.09,0.0,warning
SNS-zone_11-01,zone_11,2026-04-02T00:00:00Z,106.08,0.323,96.14,854.26,0.0,evacuation
SNS-zone_12-01,zone_12,2026-04-02T00:00:00Z,113.83,0.367,86.88,866.18,0.0,evacuation
SNS-zone_13-01,zone_13,2026-04-02T00:00:00Z,8.37,0.013,40.83,109.17,0.0,safe
SNS-zone_14-01,zone_14,2026-04-02T00:00:00Z,27.14,0.031,34.73,141.42,0.0,safe
SNS-zone_15-01,zone_15,2026-04-02T00:00:00Z,16.61,0.025,38.61,133.88,0.0,safe
SNS-zone_16-01,zone_16,2026-04-02T00:00:00Z,27.36,0.039,28.28,143.05,0.0,safe
SNS-zone_01-01,zone_01,2026-04-03T00:00:00Z,20.45,0.034,39.41,134.54,2.6,safe
SNS-zone_02-01,zone_02,2026-04-03T00:00:00Z,33.83,0.044,28.95,156.85,2.6,safe
SNS-zone_03-01,zone_03,2026-04-03T00:00:00Z,17.11,0.034,32.82,120.99,2.6,safe
SNS-zone_04-01,zone_04,2026-04-03T00:00:00Z,34.72,0.043,38.57,163.95,2.6,safe
SNS-zone_05-01,zone_05,2026-04-03T00:00:00Z,28.18,0.037,39.35,147.41,2.6,safe
SNS-zone_06-01,zone_06,2026-04-03T00:00:00Z,69.2,0.149,59.54,438.72,2.6,warning
SNS-zone_07-01,zone_07,2026-04-03T00:00:00Z,50.27,0.131,67.52,407.76,2.6,warning
SNS-zone_08-01,zone_08,2026-04-03T00:00:00Z,50.76,0.135,67.25,420.08,2.6,warning
SNS-zone_09-01,zone_09,2026-04-03T00:00:00Z,14.11,0.025,28.66,118.85,2.6,safe
SNS-zone_10-01,zone_10,2026-04-03T00:00:00Z,49.48,0.123,63.92,397.81,2.6,warning
SNS-zone_11-01,zone_11,2026-04-03T00:00:00Z,103.87,0.344,98.66,861.5,2.6,evacuation
SNS-zone_12-01,zone_12,2026-04-03T00:00:00Z,104.84,0.319,87.38,843.21,2.6,evacuation
SNS-zone_13-01,zone_13,2026-04-03T00:00:00Z,16.99,0.026,41.97,126.79,2.6,safe
SNS-zone_14-01,zone_14,2026-04-03T00:00:00Z,25.98,0.035,37.19,146.95,2.6,safe
SNS-zone_15-01,zone_15,2026-04-03T00:00:00Z,16.03,0.027,38.04,115.51,2.6,safe
SNS-zone_16-01,zone_16,2026-04-03T00:00:00Z,27.13,0.029,28.7,135.04,2.6,safe
SNS-zone_01-01,zone_01,2026-04-04T00:00:00Z,21.66,0.033,39.33,130.19,1.4,safe
SNS-zone_02-01,zone_02,2026-04-04T00:00:00Z,34.65,0.04,30.0,148.63,1.4,safe
SNS-zone_03-01,zone_03,2026-04-04T00:00:00Z,21.31,0.029,34.08,132.57,1.4,safe
SNS-zone_04-01,zone_04,2026-04-04T00:00:00Z,31.89,0.04,39.7,158.0,1.4,safe
SNS-zone_05-01,zone_05,2026-04-04T00:00:00Z,29.95,0.046,41.29,151.06,1.4,safe
SNS-zone_06-01,zone_06,2026-04-04T00:00:00Z,70.24,0.161,60.22,453.33,1.4,warning
SNS-zone_07-01,zone_07,2026-04-04T00:00:00Z,47.75,0.11,68.14,413.74,1.4,warning
SNS-zone_08-01,zone_08,2026-04-04T00:00:00Z,54.42,0.14,69.14,422.02,1.4,warning
SNS-zone_09-01,zone_09,2026-04-04T00:00:00Z,12.36,0.025,30.65,110.96,1.4,safe
SNS-zone_10-01,zone_10,2026-04-04T00:00:00Z,54.85,0.141,61.26,430.97,1.4,warning
SNS-zone_11-01,zone_11,2026-04-04T00:00:00Z,110.15,0.348,94.67,907.97,1.4,evacuation
SNS-zone_12-01,zone_12,2026-04-04T00:00:00Z,106.22,0.321,87.42,852.32,1.4,evacuation
SNS-zone_13-01,zone_13,2026-04-04T00:00:00Z,13.53,0.021,43.21,124.44,1.4,safe
SNS-zone_14-01,zone_14,2026-04-04T00:00:00Z,23.34,0.03,36.72,135.13,1.4,safe
SNS-zone_15-01,zone_15,2026-04-04T00:00:00Z,18.05,0.025,38.37,137.29,1.4,safe
SNS-zone_16-01,zone_16,2026-04-04T00:00:00Z,24.84,0.035,30.21,139.45,1.4,safe
SNS-zone_01-01,zone_01,2026-04-05T00:00:00Z,25.64,0.034,39.78,144.65,0.3,safe
SNS-zone_02-01,zone_02,2026-04-05T00:00:00Z,35.8,0.043,31.35,162.61,0.3,safe
SNS-zone_03-01,zone_03,2026-04-05T00:00:00Z,22.77,0.031,32.7,133.93,0.3,safe
SNS-zone_04-01,zone_04,2026-04-05T00:00:00Z,39.12,0.046,37.24,170.13,0.3,safe
SNS-zone_05-01,zone_05,2026-04-05T00:00:00Z,27.86,0.045,41.28,158.01,0.3,safe
SNS-zone_06-01,zone_06,2026-04-05T00:00:00Z,66.69,0.162,57.59,449.22,0.3,warning
SNS-zone_07-01,zone_07,2026-04-05T00:00:00Z,50.26,0.141,65.69,409.42,0.3,warning
SNS-zone_08-01,zone_08,2026-04-05T00:00:00Z,53.63,0.129,68.21,406.76,0.3,warning
SNS-zone_09-01,zone_09,2026-04-05T00:00:00Z,11.84,0.022,26.78,107.58,0.3,safe
SNS-zone_10-01,zone_10,2026-04-05T00:00:00Z,52.57,0.133,64.95,408.27,0.3,warning
SNS-zone_11-01,zone_11,2026-04-05T00:00:00Z,111.18,0.359,97.34,885.41,0.3,evacuation
SNS-zone_12-01,zone_12,2026-04-05T00:00:00Z,109.01,0.335,86.32,856.38,0.3,evacuation
SNS-zone_13-01,zone_13,2026-04-05T00:00:00Z,10.89,0.013,41.76,119.94,0.3,safe
SNS-zone_14-01,zone_14,2026-04-05T00:00:00Z,27.2,0.04,34.84,150.6,0.3,safe
SNS-zone_15-01,zone_15,2026-04-05T00:00:00Z,17.84,0.023,35.58,125.67,0.3,safe
SNS-zone_16-01,zone_16,2026-04-05T00:00:00Z,25.09,0.033,29.23,132.51,0.3,safe
SNS-zone_01-01,zone_01,2026-04-06T00:00:00Z,24.22,0.033,39.2,142.0,0.2,safe
SNS-zone_02-01,zone_02,2026-04-06T00:00:00Z,33.19,0.042,30.21,156.72,0.2,safe
SNS-zone_03-01,zone_03,2026-04-06T00:00:00Z,23.5,0.029,32.44,137.47,0.2,safe
SNS-zone_04-01,zone_04,2026-04-06T00:00:00Z,34.33,0.04,38.91,155.21,0.2,safe
SNS-zone_05-01,zone_05,2026-04-06T00:00:00Z,27.24,0.036,38.52,136.55,0.2,safe
SNS-zone_06-01,zone_06,2026-04-06T00:00:00Z,62.28,0.149,58.86,420.55,0.2,warning
SNS-zone_07-01,zone_07,2026-04-06T00:00:00Z,48.84,0.127,63.32,382.07,0.2,warning
SNS-zone_08-01,zone_08,2026-04-06T00:00:00Z,51.74,0.127,67.43,405.13,0.2,warning
SNS-zone_09-01,zone_09,2026-04-06T00:00:00Z,7.62,0.017,27.63,92.57,0.2,safe
SNS-zone_10-01,zone_10,2026-04-06T00:00:00Z,50.22,0.117,65.02,418.59,0.2,warning
SNS-zone_11-01,zone_11,2026-04-06T00:00:00Z,103.54,0.31,95.55,851.89,0.2,evacuation
SNS-zone_12-01,zone_12,2026-04-06T00:00:00Z,108.17,0.342,89.81,852.86,0.2,evacuation
SNS-zone_13-01,zone_13,2026-04-06T00:00:00Z,9.84,0.018,43.12,119.58,0.2,safe
SNS-zone_14-01,zone_14,2026-04-06T00:00:00Z,26.81,0.037,35.31,146.51,0.2,safe
SNS-zone_15-01,zone_15,2026-04-06T00:00:00Z,18.3,0.026,38.75,124.28,0.2,safe
SNS-zone_16-01,zone_16,2026-04-06T00:00:00Z,27.8,0.034,31.72,143.15,0.2,safe
